# Resource object code (Python 3)
# Created by: object code
# Created by: The Resource Compiler for Qt version 6.6.3
# WARNING! All changes made in this file will be lost!

from PySide6 import QtCore

qt_resource_data = b"\
\x00\x03-H\
\x00\
\x00\x01\x00\x09\x00\x10\x10\x00\x00\x01\x00 \x00h\x04\x00\
\x00\x96\x00\x00\x00\x18\x18\x00\x00\x01\x00 \x00\x88\x09\x00\
\x00\xfe\x04\x00\x00  \x00\x00\x01\x00 \x00\xa8\x10\x00\
\x00\x86\x0e\x00\x0000\x00\x00\x01\x00 \x00\xa8%\x00\
\x00.\x1f\x00\x00@@\x00\x00\x01\x00 \x00(B\x00\
\x00\xd6D\x00\x00HH\x00\x00\x01\x00 \x00\x88T\x00\
\x00\xfe\x86\x00\x00``\x00\x00\x01\x00 \x00\xa8\x94\x00\
\x00\x86\xdb\x00\x00\x80\x80\x00\x00\x01\x00 \x00(\x08\x01\
\x00.p\x01\x00\x00\x00\x00\x00\x01\x00 \x00\xf2\xb4\x00\
\x00Vx\x02\x00(\x00\x00\x00\x10\x00\x00\x00 \x00\x00\
\x00\x01\x00 \x00\x00\x00\x00\x00\x00\x04\x00\x00\xc3\x0e\x00\
\x00\xc3\x0e\x00\x00\x00\x00\x00\x00\x00\x00\x00\x00\x816$\
\xff\x816$\xff\x817&\xff\x817%\xff\x816%\
\xff\x817&\xff\x816$\xff\x816$\xff\x826$\
\xff\x816$\xff\x816$\xff\x815#\xff\x816$\
\xff\x816$\xff\x827%\xff\x816$\xff\x826#\
\xffjMT\xffcUc\xffaWg\xffZ^w\
\xff[Zp\xff\x8dTI\xff\xa7qd\xff\xad|p\
\xff\xac{o\xff\xad|q\xff\xaczo\xff\xa6qd\
\xff\xa8tg\xff\x9a]N\xff\x815\x22\xff\x817%\
\xff][p\xffbWg\xffMh\x8d\xffW_{\
\xffUb\x7f\xff\x9dyw\xff\xbd\x94\x8a\xff\xb3\x86{\
\xff\xb2\x84y\xff\xbe\x96\x8d\xff\xd1\xb6\xb0\xff\xb5\x89\x7f\
\xff\xbd\x95\x8c\xff\xa5ob\xff\x803!\xff\x826#\
\xffwA:\xffoIK\xff\x85jn\xff\x80YY\
\xffqGG\xff\x93YM\xff\x94TD\xff\x93RB\
\xff\x9b^P\xff\x8fK;\xff\x93RC\xff\x91P@\
\xff\x92P@\xff\x88@/\xff\x816#\xff\x816$\
\xff\x825\x22\xff\x824!\xff\xcb\xa9\xa0\xff\xb8\x8b\x7f\
\xff\x812\x1e\xff\x814\x22\xff\x804!\xff\xc9\xa8\xa0\
\xff\xc5\xa3\x9b\xff\x84:)\xff\x804\x22\xff\x815\x22\
\xff\x805\x22\xff\x815#\xff\x816$\xff\x816$\
\xff\x816$\xff\x803!\xff\xb0\x80u\xff\xe9\xdc\xd9\
\xff\x9b_Q\xff\x804\x22\xff\x838&\xff\xd5\xbc\xb6\
\xff\xb0\x80u\xff\x7f2 \xff\x816$\xff\x816$\
\xff\x816$\xff\x816$\xff\x816$\xff\x816$\
\xff\x816$\xff\x815#\xff\x88@/\xff\xdf\xcb\xc7\
\xff\xd6\xbe\xb8\xff\x838'\xff\x90M=\xff\xea\xde\xdb\
\xff\xae~r\xff\x7f3 \xff\x816$\xff\x816$\
\xff\x816$\xff\x816$\xff\x816$\xff\x816$\
\xff\x816$\xff\x816$\xff\x7f3 \xff\xbc\x94\x8a\
\xff\xf8\xf4\xf3\xff\xae}q\xff\xd6\xbe\xb8\xff\xf0\xe8\xe6\
\xff\x96WH\xff\x804\x22\xff\x816$\xff\x816$\
\xff\x816$\xff\x816$\xff\x816$\xff\x816$\
\xff\x816$\xff\x816$\xff\x803!\xff\xa4m`\
\xff\xfa\xf8\xf7\xff\xf8\xf4\xf3\xff\xfc\xfa\xfa\xff\xbb\x92\x89\
\xff\x816$\xff\x816$\xff\x816$\xff\x816$\
\xff\x816$\xff\x816$\xff\x816$\xff\x816$\
\xff\x816$\xff\x816$\xff\x804\x22\xff\x95VF\
\xff\xf4\xed\xeb\xff\xff\xff\xff\xff\xef\xe5\xe3\xff\x94TD\
\xff~1\x1e\xff\x804\x22\xff\x816$\xff\x816$\
\xff\x816$\xff\x816$\xff\x816$\xff\x816$\
\xff\x816$\xff\x816$\xff\x815\x22\xff\x91N?\
\xff\xef\xe5\xe3\xff\xff\xff\xff\xff\xfe\xfe\xfd\xff\xbc\x94\x8b\
\xff\xb1\x82w\xff\x9dbT\xff\x815#\xff\x816$\
\xff\x816$\xff\x816$\xff\x816$\xff\x816$\
\xff\x816$\xff\x816$\xff\x816#\xff\x84;)\
\xff\xd9\xc2\xbc\xff\xff\xff\xff\xff\xff\xff\xff\xff\xf8\xf3\xf2\
\xff\xf0\xe7\xe5\xff\xd6\xbd\xb7\xff\x87?-\xff\x803 \
\xff\x804\x22\xff\x816$\xff\x816$\xff\x816$\
\xff\x816$\xff\x816$\xff\x826$\xff\x803!\
\xff\xb5\x89~\xff\xff\xfe\xfe\xff\xff\xff\xff\xff\xfd\xfc\xfc\
\xff\xed\xe2\xdf\xff\xe6\xd8\xd4\xff\xbb\x92\x88\xff\xacym\
\xff\x97XI\xff\x839'\xff\x816$\xff\x816$\
\xff\x816$\xff\x816$\xff\x826$\xff\x815#\
\xff\x89B1\xff\xbb\x91\x88\xff\xf8\xf4\xf3\xff\xf5\xef\xee\
\xff\xad|q\xff\x9b^P\xff\x9b^P\xff\x9c`Q\
\xff\x92QA\xff\x827%\xff\x816$\xff\x816$\
\xff\x816$\xff\x826$\xff\x826$\xff\x826$\
\xff\x815\x22\xff\x86>,\xff\xd3\xb8\xb2\xff\xdb\xc5\xc0\
\xff\x8fK;\xff\x7f2 \xff\x804!\xff\x804!\
\xff\x815\x22\xff\x816$\xff\x816$\xff\x816$\
\xff\x816$\xff\x816$\xff\x816$\xff\x816$\
\xff\x816$\xff\x816#\xff\x89B0\xff\x89B1\
\xff\x815#\xff\x816$\xff\x826$\xff\x826$\
\xff\x816$\xff\x816$\xff\x816$\xff\x00\x00\x00\
\x00\x00\x00\x00\x00\x00\x00\x00\x00\x00\x00\x00\x00\x00\x00\x00\
\x00\x00\x00\x00\x00\x00\x00\x00\x00\x00\x00\x00\x00\x00\x00\x00\
\x00\x00\x00\x00\x00\x00\x00\x00\x00\x00\x00\x00\x00\x00\x00\x00\
\x00\x00\x00\x00\x00\x00\x00\x00\x00\x00\x00\x00\x00(\x00\x00\
\x00\x18\x00\x00\x000\x00\x00\x00\x01\x00 \x00\x00\x00\x00\
\x00\x00\x09\x00\x00\xc3\x0e\x00\x00\xc3\x0e\x00\x00\x00\x00\x00\
\x00\x00\x00\x00\x00\x816$\xff\x816$\xff\x826#\
\xff\x825\x22\xff\x826$\xff\x825\x22\xff\x826#\
\xff\x825#\xff\x825\x22\xff\x816$\xff\x815#\
\xff\x816#\xff\x815#\xff\x816$\xff\x815#\
\xff\x815#\xff\x815#\xff\x816#\xff\x816#\
\xff\x815#\xff\x816#\xff\x815#\xff\x816$\
\xff\x816$\xff\x816$\xff\x826#\xff};-\
\xffwA;\xff\x7f9*\xffx@9\xff{=3\
\xffy?5\xffx@8\xff\x819)\xff\x87?-\
\xff\x86=+\xff\x8dH8\xff\x839'\xff\x8cG6\
\xff\x86>-\xff\x88@/\xff\x86=,\xff\x86=,\
\xff\x89B1\xff\x86=,\xff\x89C2\xff\x827%\
\xff\x816$\xff\x826#\xff~:+\xffSe\x85\
\xffRg\x88\xff^Zm\xffQg\x89\xffIo\x9a\
\xffHq\x9e\xffNj\x8f\xff\x84I=\xff\xb5\x87}\
\xff\xb4\x86|\xff\xbf\x99\x90\xff\xb9\x8e\x84\xff\xbe\x97\x8e\
\xff\xbd\x95\x8b\xff\xc0\x9a\x92\xff\xb8\x8d\x84\xff\xb7\x8c\x82\
\xff\xb5\x88~\xff\xb4\x86|\xff\xb4\x86|\xff\x827%\
\xff\x816$\xff\x825\x22\xffwA:\xffMl\x93\
\xffy?7\xffdTa\xffIo\x9a\xffTe\x85\
\xffjNU\xffOi\x8d\xff\x84OH\xff\xc0\x9a\x90\
\xff\xbc\x93\x89\xff\xc0\x9a\x91\xff\xc4\xa1\x99\xff\xbf\x99\x90\
\xff\xc6\xa4\x9c\xff\xcd\xae\xa8\xff\xe1\xcf\xcc\xff\xbd\x95\x8c\
\xff\xa9ui\xff\xc7\xa6\x9f\xff\xba\x91\x87\xff\x815#\
\xff\x816$\xff\x826$\xff\x7f9*\xffVb\x7f\
\xffPh\x8c\xffZ^v\xffJj\x92\xffZ[q\
\xff\x5c\x5cs\xffPj\x8e\xff\x9dyw\xff\xcb\xaa\xa3\
\xff\xa6qe\xff\x96WH\xff\x86=,\xff\x95UF\
\xff\x96VG\xff\xba\x91\x87\xff\xb5\x89\x7f\xff\xb0\x81v\
\xff\xa8tg\xff\xaf\x80u\xff\xa5pc\xff\x816$\
\xff\x816$\xff\x816$\xff\x826#\xff\x7f9)\
\xffz=2\xff\x85=,\xff\xa4{u\xff\x96aV\
\xff~8)\xff~:-\xff\x87?-\xff\x89B2\
\xff\x85;*\xff\x8cG6\xff\xa1j\x5c\xff\x9edV\
\xff\x86=,\xff\x85<*\xff\x84:(\xff\x84:(\
\xff\x88A0\xff\x84;)\xff\x815#\xff\x816$\
\xff\x816$\xff\x816$\xff\x816$\xff\x826$\
\xff\x814\x22\xff\x8eI9\xff\xee\xe3\xe1\xff\xc3\x9e\x95\
\xff\x802 \xff\x826#\xff\x816#\xff\x815#\
\xff\x7f2 \xff\xb5\x89~\xff\xf9\xf5\xf4\xff\xc3\xa0\x97\
\xff\x88@/\xff\x815#\xff\x816$\xff\x816$\
\xff\x815#\xff\x816#\xff\x816$\xff\x816$\
\xff\x816$\xff\x816$\xff\x816$\xff\x816$\
\xff\x816#\xff\x86=,\xff\xdf\xcc\xc8\xff\xe5\xd6\xd2\
\xff\x93SC\xff\x814\x22\xff\x826$\xff\x826$\
\xff\x803 \xff\xbb\x92\x89\xff\xf2\xea\xe9\xff\x91O?\
\xff\x804\x22\xff\x816$\xff\x816$\xff\x816$\
\xff\x816$\xff\x816$\xff\x816$\xff\x816$\
\xff\x816$\xff\x816$\xff\x816$\xff\x816$\
\xff\x826$\xff\x815\x22\xff\xb7\x8b\x81\xff\xfe\xfe\xfd\
\xff\xdd\xc8\xc3\xff\x8cG7\xff\x815#\xff\x826$\
\xff\x815#\xff\xcb\xab\xa4\xff\xf2\xea\xe8\xff\x91N>\
\xff\x805\x22\xff\x816$\xff\x816$\xff\x816$\
\xff\x816$\xff\x816$\xff\x816$\xff\x816$\
\xff\x816$\xff\x816$\xff\x816$\xff\x826$\
\xff\x826$\xff\x815#\xff\x88@/\xff\xdc\xc7\xc2\
\xff\xff\xff\xff\xff\xb9\x8f\x85\xff\x804!\xff\x815#\
\xff\x86=,\xff\xe1\xce\xca\xff\xf3\xeb\xe9\xff\x92P@\
\xff\x804\x22\xff\x816$\xff\x816$\xff\x816$\
\xff\x816$\xff\x816$\xff\x816$\xff\x816$\
\xff\x816$\xff\x816$\xff\x816$\xff\x826$\
\xff\x816$\xff\x816$\xff\x7f3 \xff\xb1\x81v\
\xff\xff\xff\xff\xff\xe7\xd8\xd5\xff\x8cG7\xff\x827%\
\xff\xb6\x89\x7f\xff\xfa\xf8\xf7\xff\xe7\xd8\xd5\xff\x8aD3\
\xff\x815#\xff\x816$\xff\x816$\xff\x816$\
\xff\x816$\xff\x816$\xff\x816$\xff\x816$\
\xff\x816$\xff\x816$\xff\x816$\xff\x816$\
\xff\x816$\xff\x826$\xff\x803!\xff\x9b_Q\
\xff\xf8\xf3\xf2\xff\xfe\xfe\xfe\xff\xb7\x8c\x82\xff\xba\x90\x86\
\xff\xfa\xf7\xf7\xff\xff\xff\xff\xff\xbc\x94\x8b\xff\x815#\
\xff\x816$\xff\x816$\xff\x816$\xff\x816$\
\xff\x816$\xff\x816$\xff\x816$\xff\x816$\
\xff\x816$\xff\x816$\xff\x816$\xff\x816$\
\xff\x816$\xff\x816$\xff\x815#\xff\x8cG7\
\xff\xe9\xdc\xd9\xff\xff\xff\xff\xff\xf6\xf0\xef\xff\xfa\xf7\xf7\
\xff\xff\xff\xff\xff\xe2\xd1\xcd\xff\x8dH7\xff\x815#\
\xff\x816$\xff\x816$\xff\x816$\xff\x816$\
\xff\x816$\xff\x816$\xff\x816$\xff\x816$\
\xff\x816$\xff\x816$\xff\x816$\xff\x816$\
\xff\x816$\xff\x816$\xff\x816$\xff\x827%\
\xff\xcf\xb2\xab\xff\xff\xff\xff\xff\xff\xff\xff\xff\xff\xff\xff\
\xff\xf0\xe7\xe4\xff\x9edW\xff\x804\x22\xff\x816$\
\xff\x816$\xff\x816$\xff\x816$\xff\x816$\
\xff\x816$\xff\x816$\xff\x816$\xff\x816$\
\xff\x816$\xff\x816$\xff\x816$\xff\x816$\
\xff\x816$\xff\x816$\xff\x816$\xff\x815#\
\xff\xca\xaa\xa3\xff\xff\xff\xff\xff\xff\xff\xff\xff\xff\xff\xff\
\xff\xea\xde\xdb\xff\x97YJ\xff\x804!\xff\x803!\
\xff\x815\x22\xff\x826$\xff\x816$\xff\x816$\
\xff\x816$\xff\x816$\xff\x816$\xff\x816$\
\xff\x816$\xff\x816$\xff\x816$\xff\x816$\
\xff\x816$\xff\x816$\xff\x816$\xff\x815#\
\xff\xc7\xa5\x9e\xff\xff\xff\xff\xff\xff\xff\xff\xff\xff\xff\xff\
\xff\xff\xff\xff\xff\xc4\xa0\x98\xff\x85<*\xff\xa0gY\
\xff\x91N?\xff\x814\x22\xff\x816$\xff\x816$\
\xff\x816$\xff\x816$\xff\x816$\xff\x816$\
\xff\x816$\xff\x816$\xff\x816$\xff\x816$\
\xff\x826$\xff\x816$\xff\x816$\xff\x803 \
\xff\xabxl\xff\xfd\xfc\xfc\xff\xff\xff\xff\xff\xff\xff\xff\
\xff\xff\xff\xff\xff\xe3\xd2\xcf\xff\xd6\xbd\xb8\xff\xfb\xf8\xf8\
\xff\xdb\xc6\xc1\xff\x8cF6\xff\x815#\xff\x816$\
\xff\x816$\xff\x816$\xff\x816$\xff\x816$\
\xff\x816$\xff\x816$\xff\x816$\xff\x816$\
\xff\x816$\xff\x816$\xff\x816$\xff\x804\x22\
\xff\x93RC\xff\xf1\xe8\xe6\xff\xff\xff\xff\xff\xff\xff\xff\
\xff\xff\xff\xff\xff\xff\xff\xff\xff\xff\xff\xff\xff\xdb\xc5\xc0\
\xff\xef\xe5\xe3\xff\xaczn\xff~0\x1e\xff\x804!\
\xff\x815\x22\xff\x816#\xff\x816$\xff\x816$\
\xff\x816$\xff\x816$\xff\x816$\xff\x816$\
\xff\x816$\xff\x816$\xff\x826$\xff\x816#\
\xff\x84:)\xff\xd7\xbf\xba\xff\xff\xff\xff\xff\xff\xff\xff\
\xff\xff\xff\xff\xff\xff\xff\xff\xff\xff\xff\xff\xff\xeb\xdf\xdd\
\xff\xed\xe2\xdf\xff\xd5\xbb\xb5\xff\x9dbT\xff\x9caS\
\xff\x92P@\xff\x88A0\xff\x828&\xff\x816$\
\xff\x826$\xff\x816$\xff\x816$\xff\x816$\
\xff\x816$\xff\x816$\xff\x826$\xff\x826$\
\xff\x804!\xff\xa5ob\xff\xf0\xe8\xe6\xff\xfd\xfb\xfb\
\xff\xff\xff\xff\xff\xfd\xfc\xfc\xff\xe0\xce\xc9\xff\xd8\xc0\xbb\
\xff\xd7\xbe\xb9\xff\xd4\xba\xb4\xff\xcc\xae\xa7\xff\xca\xab\xa4\
\xff\xc5\xa3\x9b\xff\xa1i\x5c\xff\x86<+\xff\x816#\
\xff\x826$\xff\x816$\xff\x816$\xff\x816$\
\xff\x816$\xff\x826$\xff\x826$\xff\x826$\
\xff\x816$\xff\x827%\xff\x95UF\xff\xcc\xae\xa7\
\xff\xff\xff\xff\xff\xff\xff\xff\xff\xd0\xb4\xae\xff\x87?.\
\xff\x838&\xff\x838&\xff\x838&\xff\x838&\
\xff\x89B1\xff\x838&\xff\x816$\xff\x816$\
\xff\x816$\xff\x816$\xff\x816$\xff\x816$\
\xff\x816$\xff\x826$\xff\x826$\xff\x826$\
\xff\x826$\xff\x816$\xff~1\x1e\xff\xae}q\
\xff\xfd\xfc\xfc\xff\xff\xff\xff\xff\xc7\xa5\x9d\xff\x838&\
\xff\x816#\xff\x826$\xff\x826$\xff\x826$\
\xff\x815#\xff\x816$\xff\x816$\xff\x816$\
\xff\x816$\xff\x816$\xff\x816$\xff\x816$\
\xff\x816$\xff\x816$\xff\x816$\xff\x816$\
\xff\x816$\xff\x816$\xff\x815#\xff\x88@/\
\xff\xad|q\xff\xaf\x7ft\xff\x8aC2\xff\x815#\
\xff\x826$\xff\x826$\xff\x826$\xff\x826$\
\xff\x826$\xff\x816$\xff\x816$\xff\x816$\
\xff\x816$\xff\x816$\xff\x816$\xff\x816$\
\xff\x816$\xff\x816$\xff\x816$\xff\x816$\
\xff\x816$\xff\x816$\xff\x816$\xff\x815#\
\xff\x7f3 \xff\x7f2 \xff\x815#\xff\x816$\
\xff\x816$\xff\x826$\xff\x816$\xff\x826$\
\xff\x816$\xff\x816$\xff\x816$\xff\x816$\
\xff\x816$\xff\x00\x00\x00\x00\x00\x00\x00\x00\x00\x00\x00\
\x00\x00\x00\x00\x00\x00\x00\x00\x00\x00\x00\x00\x00\x00\x00\x00\
\x00\x00\x00\x00\x00\x00\x00\x00\x00\x00\x00\x00\x00\x00\x00\x00\
\x00\x00\x00\x00\x00\x00\x00\x00\x00\x00\x00\x00\x00\x00\x00\x00\
\x00\x00\x00\x00\x00\x00\x00\x00\x00\x00\x00\x00\x00\x00\x00\x00\
\x00\x00\x00\x00\x00\x00\x00\x00\x00\x00\x00\x00\x00\x00\x00\x00\
\x00\x00\x00\x00\x00(\x00\x00\x00 \x00\x00\x00@\x00\x00\
\x00\x01\x00 \x00\x00\x00\x00\x00\x00\x10\x00\x00\xc3\x0e\x00\
\x00\xc3\x0e\x00\x00\x00\x00\x00\x00\x00\x00\x00\x00\x816$\
\xff\x816$\xff\x816$\xff\x816$\xff\x816$\
\xff\x826$\xff\x826$\xff\x826$\xff\x826$\
\xff\x826$\xff\x816$\xff\x816$\xff\x816$\
\xff\x816$\xff\x816$\xff\x816$\xff\x816$\
\xff\x816$\xff\x816$\xff\x816$\xff\x816$\
\xff\x816$\xff\x816$\xff\x816$\xff\x816$\
\xff\x816$\xff\x816$\xff\x816$\xff\x816$\
\xff\x816$\xff\x816$\xff\x816$\xff\x816$\
\xff\x816$\xff\x816$\xff\x825\x22\xff\x834 \
\xff\x835\x22\xff\x825#\xff\x834 \xff\x835!\
\xff\x835\x22\xff\x834 \xff\x834!\xff\x826#\
\xff\x805\x22\xff\x815#\xff\x805\x22\xff\x7f3 \
\xff\x815#\xff\x815#\xff\x7f3!\xff\x805\x22\
\xff\x804\x22\xff\x804\x22\xff\x805#\xff\x815#\
\xff\x804\x22\xff\x804\x22\xff\x815#\xff\x803!\
\xff\x816#\xff\x816$\xff\x816$\xff\x816$\
\xff\x816$\xff\x826$\xffoIK\xff_Ym\
\xffsEC\xffwA;\xffaXi\xffiOW\
\xffpHI\xffcVe\xfffS^\xff|;.\
\xff\x93RC\xff\x8dI9\xff\x92PA\xff\xa8tg\
\xff\x8eK:\xff\x8dH8\xff\xa6qe\xff\x92PA\
\xff\x94TE\xff\x97XI\xff\x90M=\xff\x8cH7\
\xff\x9a]O\xff\x97YK\xff\x8cG6\xff\x9ffX\
\xff\x88@/\xff\x815#\xff\x816$\xff\x816$\
\xff\x825\x22\xffqFF\xff?y\xaf\xffTd\x83\
\xffMl\x92\xffWa|\xffRf\x87\xff<}\xb6\
\xffLl\x95\xff1\x88\xce\xffTe\x83\xffz:-\
\xff\xbb\x91\x88\xff\xb0\x80u\xff\xc9\xa8\xa1\xff\xbd\x95\x8c\
\xff\xc9\xa8\xa1\xff\xc7\xa5\x9e\xff\xbd\x95\x8c\xff\xca\xab\xa3\
\xff\xca\xa9\xa2\xff\xc9\xa8\xa1\xff\xbb\x93\x8a\xff\xc6\xa4\x9c\
\xff\xb3\x85{\xff\xc9\xa9\xa2\xff\xb0\x81v\xff\xcd\xaf\xa8\
\xff\x87?.\xff\x815#\xff\x816$\xff\x816$\
\xff\x834 \xffaWi\xffKm\x96\xff\x853\x1e\
\xff{=2\xffbWg\xffEs\xa2\xffEt\xa3\
\xffsEC\xffcVe\xffKm\x96\xffz6)\
\xff\xbb\x92\x88\xff\xb2\x84y\xff\xcd\xaf\xa8\xff\xae}r\
\xff\xd1\xb5\xaf\xff\xd0\xb4\xae\xff\xae~r\xff\xd0\xb3\xad\
\xff\xce\xb0\xa9\xff\xc9\xa9\xa2\xff\xed\xe3\xe0\xff\xcd\xaf\xa8\
\xff\x8aD3\xff\xcc\xad\xa7\xff\xbb\x93\x8a\xff\xc6\xa4\x9d\
\xff\x838&\xff\x816$\xff\x816$\xff\x816$\
\xff\x835!\xfflLQ\xff?y\xaf\xffbVf\
\xffOi\x8e\xffAw\xaa\xffKn\x97\xffX`{\
\xff_Yk\xffZ_x\xff>z\xb1\xff\x83_`\
\xff\xce\xae\xa7\xff\xbf\x98\x8f\xff\xacyn\xff\xbb\x93\x89\
\xff\x9c`R\xff\x9a]O\xff\xbc\x93\x8a\xff\xa2j]\
\xff\xc5\xa2\x99\xff\xca\xab\xa4\xff\xcf\xb2\xab\xff\xca\xab\xa3\
\xff\x99[M\xff\xb8\x8e\x84\xff\xc0\x9a\x92\xff\xd1\xb6\xb0\
\xff\x88A0\xff\x815#\xff\x816$\xff\x816$\
\xff\x816$\xff\x807'\xffbVf\xffPh\x8b\
\xffiOX\xffpFF\xffSa\x80\xff]Xl\
\xfftC?\xffX`{\xffbVf\xff\x9eh]\
\xff\xb8\x8e\x84\xff\xb7\x8b\x82\xff\x95UF\xff\x7f2 \
\xff~1\x1f\xff~1\x1e\xff\x7f1\x1f\xff\x804!\
\xff\xa0fY\xff\xa3l_\xff\x98ZL\xff\x9a^P\
\xff\xa0h[\xff\xabxm\xff\x92QA\xff\x90M=\
\xff\x815#\xff\x816$\xff\x816$\xff\x816$\
\xff\x816$\xff\x816$\xff\x835!\xff\x835\x22\
\xff\x824 \xff\x92N=\xff\xbe\x94\x89\xff\xaasf\
\xff\x837$\xff\x835!\xff\x835!\xff\x814\x22\
\xff\x803!\xff\x803!\xff\x814\x22\xff\x89B2\
\xff\xa5ob\xff\xaawk\xff\xa6pd\xff\x87?.\
\xff\x804\x22\xff\x804\x22\xff\x815#\xff\x804\x22\
\xff\x815\x22\xff\x816$\xff\x815#\xff\x805\x22\
\xff\x816$\xff\x816$\xff\x816$\xff\x816$\
\xff\x816$\xff\x816$\xff\x816$\xff\x816$\
\xff\x803 \xff\xabxl\xff\xff\xff\xff\xff\xd4\xbb\xb5\
\xff\x837%\xff\x826$\xff\x826$\xff\x826$\
\xff\x826$\xff\x826$\xff\x803!\xff\xa3k^\
\xff\xf9\xf6\xf5\xff\xf8\xf4\xf4\xff\xcc\xad\xa6\xff\x8bF5\
\xff\x815#\xff\x826$\xff\x816$\xff\x826$\
\xff\x816$\xff\x816$\xff\x816$\xff\x816$\
\xff\x816$\xff\x816$\xff\x816$\xff\x816$\
\xff\x816$\xff\x816$\xff\x816$\xff\x816$\
\xff\x804!\xff\x9daS\xff\xf9\xf6\xf5\xff\xe0\xce\xc9\
\xff\x8bF5\xff\x815\x22\xff\x826$\xff\x826$\
\xff\x826$\xff\x816$\xff\x803 \xff\xa3l_\
\xff\xfd\xfc\xfc\xff\xdb\xc5\xc0\xff\x86=,\xff\x815#\
\xff\x826$\xff\x826$\xff\x816$\xff\x816$\
\xff\x816$\xff\x816$\xff\x816$\xff\x816$\
\xff\x816$\xff\x816$\xff\x816$\xff\x816$\
\xff\x816$\xff\x816$\xff\x816$\xff\x816$\
\xff\x815#\xff\x8dH8\xff\xeb\xde\xdc\xff\xff\xff\xff\
\xff\xd0\xb4\xae\xff\x8aC2\xff\x815#\xff\x826$\
\xff\x826$\xff\x816$\xff\x803 \xff\xabym\
\xff\xff\xff\xff\xff\xd1\xb5\xaf\xff\x826$\xff\x816$\
\xff\x816$\xff\x816$\xff\x816$\xff\x816$\
\xff\x816$\xff\x816$\xff\x816$\xff\x816$\
\xff\x816$\xff\x816$\xff\x816$\xff\x816$\
\xff\x816$\xff\x816$\xff\x816$\xff\x826$\
\xff\x826$\xff\x826$\xff\xbb\x92\x88\xff\xfd\xfc\xfc\
\xff\xff\xff\xff\xff\xc7\xa4\x9d\xff\x849'\xff\x826$\
\xff\x826$\xff\x826$\xff\x803!\xff\xbe\x97\x8e\
\xff\xff\xff\xff\xff\xd3\xb8\xb1\xff\x827%\xff\x816$\
\xff\x816$\xff\x816$\xff\x816$\xff\x826$\
\xff\x816$\xff\x816$\xff\x816$\xff\x816$\
\xff\x816$\xff\x816$\xff\x816$\xff\x816$\
\xff\x816$\xff\x816$\xff\x826$\xff\x826$\
\xff\x826$\xff\x815#\xff\x88@/\xff\xdc\xc7\xc2\
\xff\xff\xff\xff\xff\xf7\xf2\xf1\xff\x9feX\xff\x803!\
\xff\x826$\xff\x826$\xff\x838&\xff\xd5\xbc\xb6\
\xff\xff\xff\xff\xff\xd5\xbc\xb7\xff\x838&\xff\x816$\
\xff\x816$\xff\x816$\xff\x816$\xff\x816$\
\xff\x816$\xff\x816$\xff\x816$\xff\x816$\
\xff\x816$\xff\x816$\xff\x816$\xff\x816$\
\xff\x816$\xff\x816$\xff\x826$\xff\x826$\
\xff\x826$\xff\x826$\xff\x803!\xff\xad|q\
\xff\xfc\xfa\xfa\xff\xff\xff\xff\xff\xce\xb1\xaa\xff\x838&\
\xff\x826$\xff\x804!\xff\x99[L\xff\xef\xe5\xe3\
\xff\xff\xff\xff\xff\xcd\xb0\xa9\xff\x816$\xff\x816$\
\xff\x816$\xff\x816$\xff\x816$\xff\x816$\
\xff\x816$\xff\x816$\xff\x816$\xff\x816$\
\xff\x816$\xff\x816$\xff\x816$\xff\x816$\
\xff\x816$\xff\x816$\xff\x826$\xff\x816$\
\xff\x816$\xff\x816$\xff\x804\x22\xff\x91N>\
\xff\xef\xe6\xe4\xff\xff\xff\xff\xff\xf4\xee\xec\xff\x9b^P\
\xff\x7f2\x1f\xff\x9ecU\xff\xe7\xd8\xd5\xff\xff\xff\xff\
\xff\xfe\xfd\xfd\xff\xb1\x83x\xff\x7f3!\xff\x816$\
\xff\x816$\xff\x816$\xff\x816$\xff\x816$\
\xff\x816$\xff\x816$\xff\x816$\xff\x816$\
\xff\x816$\xff\x816$\xff\x816$\xff\x816$\
\xff\x816$\xff\x816$\xff\x816$\xff\x816$\
\xff\x826$\xff\x826$\xff\x815#\xff\x87?.\
\xff\xe1\xd0\xcc\xff\xff\xff\xff\xff\xff\xff\xff\xff\xc9\xa9\xa2\
\xff\xa1h[\xff\xec\xe0\xde\xff\xff\xff\xff\xff\xff\xff\xff\
\xff\xe3\xd1\xce\xff\x8cF6\xff\x815#\xff\x816$\
\xff\x816$\xff\x816$\xff\x816$\xff\x816$\
\xff\x816$\xff\x816$\xff\x816$\xff\x816$\
\xff\x816$\xff\x816$\xff\x816$\xff\x816$\
\xff\x816$\xff\x816$\xff\x816$\xff\x816$\
\xff\x816$\xff\x816$\xff\x816$\xff\x816$\
\xff\xcb\xac\xa5\xff\xff\xff\xff\xff\xff\xff\xff\xff\xf7\xf2\xf1\
\xff\xf2\xea\xe8\xff\xff\xff\xff\xff\xff\xff\xff\xff\xfa\xf6\xf6\
\xff\xa9ui\xff\x803!\xff\x816$\xff\x816$\
\xff\x816$\xff\x816$\xff\x816$\xff\x816$\
\xff\x816$\xff\x816$\xff\x816$\xff\x816$\
\xff\x816$\xff\x816$\xff\x816$\xff\x816$\
\xff\x816$\xff\x816$\xff\x816$\xff\x816$\
\xff\x816$\xff\x816$\xff\x826$\xff\x803!\
\xff\xad{p\xff\xfd\xfc\xfb\xff\xff\xff\xff\xff\xff\xff\xff\
\xff\xff\xff\xff\xff\xff\xff\xff\xff\xfe\xfe\xfe\xff\xc7\xa5\x9d\
\xff\x84:(\xff\x816#\xff\x816$\xff\x816$\
\xff\x816$\xff\x816$\xff\x816$\xff\x816$\
\xff\x816$\xff\x816$\xff\x816$\xff\x816$\
\xff\x816$\xff\x816$\xff\x816$\xff\x816$\
\xff\x816$\xff\x816$\xff\x816$\xff\x816$\
\xff\x816$\xff\x816$\xff\x816$\xff\x804\x22\
\xff\x96WH\xff\xf4\xee\xec\xff\xff\xff\xff\xff\xff\xff\xff\
\xff\xff\xff\xff\xff\xff\xff\xff\xff\xdb\xc5\xc0\xff\x89C2\
\xff\x815\x22\xff\x816$\xff\x816$\xff\x816$\
\xff\x826$\xff\x816$\xff\x816$\xff\x816$\
\xff\x816$\xff\x816$\xff\x816$\xff\x816$\
\xff\x816$\xff\x816$\xff\x816$\xff\x816$\
\xff\x816$\xff\x816$\xff\x816$\xff\x816$\
\xff\x816$\xff\x816$\xff\x826$\xff\x804!\
\xff\x9c`R\xff\xf7\xf2\xf1\xff\xff\xff\xff\xff\xff\xff\xff\
\xff\xff\xff\xff\xff\xff\xff\xff\xff\xed\xe2\xe0\xff\xa2k^\
\xff\x804\x22\xff\x816$\xff\x805\x22\xff\x815#\
\xff\x826$\xff\x826$\xff\x816$\xff\x816$\
\xff\x816$\xff\x816$\xff\x816$\xff\x816$\
\xff\x816$\xff\x816$\xff\x816$\xff\x816$\
\xff\x816$\xff\x816$\xff\x816$\xff\x816$\
\xff\x826$\xff\x816$\xff\x826$\xff\x804!\
\xff\x9b_Q\xff\xf7\xf2\xf1\xff\xff\xff\xff\xff\xff\xff\xff\
\xff\xff\xff\xff\xff\xff\xff\xff\xff\xff\xff\xff\xff\xd5\xbc\xb6\
\xff\x827%\xff\x827%\xff\x90N>\xff\x88@/\
\xff\x815#\xff\x826$\xff\x816$\xff\x816$\
\xff\x816$\xff\x816$\xff\x816$\xff\x816$\
\xff\x816$\xff\x816$\xff\x816$\xff\x816$\
\xff\x816$\xff\x816$\xff\x816$\xff\x826$\
\xff\x826$\xff\x816$\xff\x826$\xff\x815#\
\xff\x8aC2\xff\xe5\xd6\xd2\xff\xff\xff\xff\xff\xff\xff\xff\
\xff\xff\xff\xff\xff\xff\xff\xff\xff\xff\xff\xff\xff\xe5\xd5\xd1\
\xff\x9b_Q\xff\xc7\xa5\x9d\xff\xef\xe6\xe4\xff\xcd\xaf\xa8\
\xff\x87?.\xff\x815#\xff\x826$\xff\x816$\
\xff\x816$\xff\x816$\xff\x816$\xff\x816$\
\xff\x826$\xff\x826$\xff\x816$\xff\x816$\
\xff\x816$\xff\x816$\xff\x816$\xff\x816$\
\xff\x816$\xff\x816$\xff\x816$\xff\x816$\
\xff\x816$\xff\xcb\xab\xa4\xff\xff\xff\xff\xff\xff\xff\xff\
\xff\xff\xff\xff\xff\xff\xff\xff\xff\xff\xff\xff\xff\xf8\xf4\xf3\
\xff\xf1\xe8\xe6\xff\xff\xff\xff\xff\xff\xff\xff\xff\xfe\xfd\xfd\
\xff\xba\x90\x87\xff\x816$\xff\x816$\xff\x816$\
\xff\x826$\xff\x816$\xff\x816$\xff\x816$\
\xff\x816$\xff\x816$\xff\x816$\xff\x816$\
\xff\x816$\xff\x816$\xff\x816$\xff\x816$\
\xff\x816$\xff\x816$\xff\x816$\xff\x816$\
\xff\x803 \xff\xad|p\xff\xfe\xfd\xfd\xff\xff\xff\xff\
\xff\xff\xff\xff\xff\xff\xff\xff\xff\xff\xff\xff\xff\xff\xff\xff\
\xff\xff\xff\xff\xff\xf7\xf2\xf1\xff\xc0\x9a\x91\xff\xec\xe0\xde\
\xff\xe0\xce\xc9\xff\x85<+\xff\x815#\xff\x816#\
\xff\x826$\xff\x826$\xff\x816$\xff\x826$\
\xff\x816$\xff\x816$\xff\x816$\xff\x816$\
\xff\x816$\xff\x816$\xff\x816$\xff\x816$\
\xff\x816$\xff\x826$\xff\x826$\xff\x826$\
\xff\x804\x22\xff\x93QB\xff\xf0\xe7\xe5\xff\xff\xff\xff\
\xff\xff\xff\xff\xff\xff\xff\xff\xff\xff\xff\xff\xff\xff\xff\xff\
\xff\xff\xff\xff\xff\xfc\xfb\xfa\xff\xdf\xcb\xc7\xff\xdb\xc5\xc0\
\xff\xf0\xe7\xe5\xff\x9dcU\xff\x87?-\xff\x88A0\
\xff\x86=+\xff\x815#\xff\x815#\xff\x816$\
\xff\x816$\xff\x816$\xff\x816$\xff\x816$\
\xff\x816$\xff\x816$\xff\x816$\xff\x816$\
\xff\x816$\xff\x816$\xff\x826$\xff\x826$\
\xff\x816$\xff\x838&\xff\xcc\xad\xa6\xff\xff\xff\xff\
\xff\xff\xff\xff\xff\xff\xff\xff\xff\xff\xff\xff\xff\xff\xff\xff\
\xff\xfb\xf9\xf9\xff\xfc\xfa\xfa\xff\xfe\xfe\xfe\xff\xfc\xfa\xfa\
\xff\xfd\xfb\xfb\xff\xec\xe1\xde\xff\xdf\xcd\xc8\xff\xe0\xcd\xc9\
\xff\xd7\xbf\xba\xff\xb9\x8f\x86\xff\xa4l_\xff\x87>-\
\xff\x815#\xff\x826$\xff\x826$\xff\x816$\
\xff\x816$\xff\x816$\xff\x816$\xff\x816$\
\xff\x816$\xff\x826$\xff\x826$\xff\x826$\
\xff\x816$\xff\x815\x22\xff\x91N?\xff\xd3\xb8\xb2\
\xff\xed\xe3\xe0\xff\xfa\xf7\xf6\xff\xff\xff\xff\xff\xff\xff\xff\
\xff\xe2\xd0\xcc\xff\xac{o\xff\xa9ui\xff\xa8sg\
\xff\xa7qe\xff\xa6qd\xff\xa6pd\xff\xa4na\
\xff\xabxl\xff\xaf~s\xff\x8dI9\xff\x849'\
\xff\x816$\xff\x826$\xff\x816$\xff\x816$\
\xff\x816$\xff\x816$\xff\x816$\xff\x816$\
\xff\x816$\xff\x826$\xff\x826$\xff\x826$\
\xff\x816$\xff\x816$\xff\x815\x22\xff\x85;)\
\xff\x98YK\xff\xec\xe1\xdf\xff\xff\xff\xff\xff\xff\xff\xff\
\xff\xf9\xf6\xf5\xff\xb0\x81v\xff\x7f1\x1e\xff\x803 \
\xff\x803 \xff\x803 \xff\x803 \xff\x803 \
\xff\x815#\xff\x838&\xff\x815\x22\xff\x816$\
\xff\x816$\xff\x816$\xff\x816$\xff\x816$\
\xff\x816$\xff\x816$\xff\x816$\xff\x816$\
\xff\x826$\xff\x826$\xff\x826$\xff\x826$\
\xff\x826$\xff\x826$\xff\x826$\xff\x815#\
\xff\x89B1\xff\xe5\xd6\xd2\xff\xff\xff\xff\xff\xff\xff\xff\
\xff\xf8\xf4\xf3\xff\xa4na\xff\x804!\xff\x826$\
\xff\x826$\xff\x826$\xff\x816$\xff\x826$\
\xff\x826$\xff\x816$\xff\x816$\xff\x816$\
\xff\x816$\xff\x816$\xff\x816$\xff\x816$\
\xff\x816$\xff\x816$\xff\x826$\xff\x816$\
\xff\x826$\xff\x826$\xff\x826$\xff\x826$\
\xff\x826$\xff\x816$\xff\x816$\xff\x816$\
\xff\x815#\xff\xaczn\xff\xe4\xd4\xd0\xff\xe5\xd5\xd2\
\xff\xb5\x88}\xff\x849'\xff\x816#\xff\x826$\
\xff\x826$\xff\x826$\xff\x826$\xff\x826$\
\xff\x826$\xff\x816$\xff\x816$\xff\x816$\
\xff\x816$\xff\x826$\xff\x826$\xff\x816$\
\xff\x816$\xff\x816$\xff\x816$\xff\x816$\
\xff\x816$\xff\x816$\xff\x816$\xff\x816$\
\xff\x816$\xff\x816$\xff\x816$\xff\x816$\
\xff\x816$\xff\x816#\xff\x88A0\xff\x89B1\
\xff\x815#\xff\x816#\xff\x816$\xff\x816$\
\xff\x826$\xff\x826$\xff\x816$\xff\x826$\
\xff\x826$\xff\x816$\xff\x816$\xff\x816$\
\xff\x816$\xff\x826$\xff\x816$\xff\x816$\
\xff\x816$\xff\x816$\xff\x816$\xff\x816$\
\xff\x816$\xff\x816$\xff\x816$\xff\x816$\
\xff\x816$\xff\x816$\xff\x816$\xff\x816$\
\xff\x816$\xff\x816$\xff\x815#\xff\x815#\
\xff\x826$\xff\x826$\xff\x816$\xff\x816$\
\xff\x816$\xff\x826$\xff\x816$\xff\x826$\
\xff\x826$\xff\x816$\xff\x816$\xff\x826$\
\xff\x816$\xff\x816$\xff\x816$\xff\x00\x00\x00\
\x00\x00\x00\x00\x00\x00\x00\x00\x00\x00\x00\x00\x00\x00\x00\x00\
\x00\x00\x00\x00\x00\x00\x00\x00\x00\x00\x00\x00\x00\x00\x00\x00\
\x00\x00\x00\x00\x00\x00\x00\x00\x00\x00\x00\x00\x00\x00\x00\x00\
\x00\x00\x00\x00\x00\x00\x00\x00\x00\x00\x00\x00\x00\x00\x00\x00\
\x00\x00\x00\x00\x00\x00\x00\x00\x00\x00\x00\x00\x00\x00\x00\x00\
\x00\x00\x00\x00\x00\x00\x00\x00\x00\x00\x00\x00\x00\x00\x00\x00\
\x00\x00\x00\x00\x00\x00\x00\x00\x00\x00\x00\x00\x00\x00\x00\x00\
\x00\x00\x00\x00\x00\x00\x00\x00\x00\x00\x00\x00\x00(\x00\x00\
\x000\x00\x00\x00`\x00\x00\x00\x01\x00 \x00\x00\x00\x00\
\x00\x00$\x00\x00\xc3\x0e\x00\x00\xc3\x0e\x00\x00\x00\x00\x00\
\x00\x00\x00\x00\x00\x816$\xff\x816$\xff\x816$\
\xff\x816$\xff\x816$\xff\x816$\xff\x816$\
\xff\x826$\xff\x826$\xff\x826$\xff\x826$\
\xff\x826$\xff\x826$\xff\x816$\xff\x826$\
\xff\x816$\xff\x816$\xff\x826$\xff\x826$\
\xff\x826$\xff\x816$\xff\x816$\xff\x816$\
\xff\x816$\xff\x816$\xff\x816$\xff\x816$\
\xff\x816$\xff\x816$\xff\x816$\xff\x816$\
\xff\x816$\xff\x816$\xff\x816$\xff\x816$\
\xff\x816$\xff\x816$\xff\x816$\xff\x816$\
\xff\x816$\xff\x816$\xff\x816$\xff\x816$\
\xff\x816$\xff\x816$\xff\x816$\xff\x826$\
\xff\x816$\xff\x816$\xff\x816$\xff\x816$\
\xff\x816$\xff\x816$\xff\x816$\xff\x826$\
\xff\x816$\xff\x826$\xff\x826$\xff\x816$\
\xff\x826$\xff\x826$\xff\x816$\xff\x826$\
\xff\x826$\xff\x816$\xff\x826$\xff\x816$\
\xff\x816$\xff\x816$\xff\x816$\xff\x816$\
\xff\x816$\xff\x816$\xff\x816$\xff\x816$\
\xff\x816$\xff\x816$\xff\x816$\xff\x816$\
\xff\x816$\xff\x816$\xff\x816$\xff\x816$\
\xff\x816$\xff\x816$\xff\x816$\xff\x816$\
\xff\x816$\xff\x816$\xff\x816$\xff\x816$\
\xff\x816$\xff\x816$\xff\x816$\xff\x816$\
\xff\x816$\xff\x816$\xff\x816$\xff\x816$\
\xff\x816$\xff\x826$\xff\x826#\xff\x825\x22\
\xff\x826#\xff\x826$\xff\x826$\xff\x826#\
\xff\x825\x22\xff\x826#\xff\x826$\xff\x826#\
\xff\x826#\xff\x826#\xff\x826#\xff\x826$\
\xff\x816$\xff\x815#\xff\x816#\xff\x816$\
\xff\x816$\xff\x805#\xff\x815#\xff\x816$\
\xff\x816$\xff\x815#\xff\x815#\xff\x816$\
\xff\x816$\xff\x815#\xff\x816$\xff\x816#\
\xff\x816$\xff\x816$\xff\x816#\xff\x816#\
\xff\x816#\xff\x816$\xff\x816$\xff\x815#\
\xff\x815#\xff\x816$\xff\x816$\xff\x816$\
\xff\x816$\xff\x816$\xff\x816$\xff\x816$\
\xff\x816$\xff\x825\x22\xff}:-\xffuC?\
\xff{>3\xff\x826#\xff\x836#\xff}:-\
\xffuC>\xffy?5\xff\x826$\xff};.\
\xffz=3\xffz>4\xff{=3\xff\x808'\
\xff\x826$\xff\x88A0\xff\x86=+\xff\x815#\
\xff\x84:)\xff\x8fK<\xff\x88A0\xff\x815#\
\xff\x815\x22\xff\x87>-\xff\x8dI9\xff\x84:(\
\xff\x816$\xff\x88@/\xff\x85;*\xff\x88@/\
\xff\x839'\xff\x815#\xff\x87?-\xff\x87?.\
\xff\x87?-\xff\x85<*\xff\x816$\xff\x89A0\
\xff\x88@/\xff\x816$\xff\x816$\xff\x816$\
\xff\x816$\xff\x816$\xff\x816$\xff\x816$\
\xff\x825\x22\xffoIJ\xff:~\xb9\xff3\x86\xc9\
\xff3\x86\xc9\xffaWh\xffnJM\xff8\x80\xbd\
\xff5\x84\xc5\xff5\x84\xc5\xffY_x\xffIp\x9b\
\xff-\x8d\xd7\xff6\x84\xc3\xff;~\xb7\xffrFC\
\xff\x848%\xff\xc9\xaa\xa3\xff\xae~r\xff\x89B1\
\xff\xca\xaa\xa3\xff\xdd\xc8\xc4\xff\xd8\xc1\xbc\xff\x9b^P\
\xff\x97XI\xff\xd5\xbc\xb6\xff\xdc\xc7\xc3\xff\xc9\xa8\xa1\
\xff\x93RC\xff\xd2\xb6\xb0\xff\xa9vk\xff\xd2\xb8\xb2\
\xff\x97XI\xff\x91N>\xff\xd8\xc1\xbc\xff\xad|q\
\xff\xc5\xa3\x9c\xff\xaf\x7ft\xff\x9a^O\xff\xdf\xcc\xc8\
\xff\xb6\x8a\x80\xff\x815#\xff\x826$\xff\x816$\
\xff\x816$\xff\x816$\xff\x816$\xff\x816$\
\xff\x808'\xff>z\xb1\xff={\xb3\xfftDA\
\xffQg\x89\xffDu\xa4\xff\x5c\x5cr\xffOi\x8d\
\xfftDA\xffLm\x95\xff/\x8a\xd3\xff^Ym\
\xff)\x8f\xde\xffFs\xa2\xffqGG\xff~9*\
\xff\x849'\xff\xda\xc4\xbf\xff\xb7\x8c\x82\xff\xacym\
\xff\xe5\xd5\xd2\xff\x95UF\xff\xcc\xae\xa7\xff\xd1\xb5\xaf\
\xff\xcd\xaf\xa8\xff\xcf\xb3\xac\xff\x96VG\xff\xe3\xd3\xcf\
\xff\xb9\x8f\x85\xff\xe5\xd5\xd1\xff\xb4\x86|\xff\xe7\xd9\xd6\
\xff\xa3l_\xff\xcd\xaf\xa8\xff\xde\xca\xc5\xff\x8dI9\
\xff\xd7\xc0\xbc\xff\xba\x91\x88\xff\xb1\x82w\xff\xe5\xd6\xd3\
\xff\x8fL<\xff\x815#\xff\x826$\xff\x816$\
\xff\x816$\xff\x816$\xff\x816$\xff\x826#\
\xffz>4\xff-\x8b\xd5\xff][p\xff\x853\x1e\
\xff\x826%\xff\x7f9*\xff{=1\xffY_x\
\xff?z\xaf\xff+\x8e\xda\xffEt\xa4\xff\x817&\
\xffiOW\xff1\x88\xcd\xffY_x\xff\x826#\
\xff\x849'\xff\xd9\xc3\xbe\xff\xb6\x8b\x81\xff\xb3\x85{\
\xff\xdf\xcb\xc7\xff\x849(\xff\xbf\x98\x90\xff\xd9\xc2\xbe\
\xff\xd7\xbe\xb9\xff\xc2\x9d\x94\xff\x839'\xff\xdc\xc8\xc3\
\xff\xc1\x9c\x94\xff\xe4\xd3\xcf\xff\xb3\x85z\xff\xeb\xe0\xde\
\xff\xe7\xd9\xd6\xff\xeb\xdf\xdc\xff\x9caS\xff\x827%\
\xff\xd7\xc0\xbb\xff\xb9\x8f\x86\xff\xb1\x81v\xff\xde\xca\xc5\
\xff\x85;)\xff\x816$\xff\x826$\xff\x816$\
\xff\x816$\xff\x816$\xff\x826$\xff\x826#\
\xff{=2\xff.\x8a\xd3\xff[]u\xff\x862\x1d\
\xffz=3\xffpHJ\xffUd\x81\xff'\x91\xe1\
\xffOj\x8e\xffdUc\xffx@7\xffx@8\
\xff~:+\xffdTb\xff.\x8c\xd5\xffsB>\
\xff\x825\x22\xff\xd8\xc1\xbd\xff\xb6\x8b\x80\xff\x93RB\
\xff\xe1\xcf\xcb\xff\xd1\xb5\xaf\xff\xe4\xd4\xd1\xff\xb1\x81v\
\xff\xad{p\xff\xe4\xd3\xd0\xff\xd1\xb5\xaf\xff\xe2\xd0\xcd\
\xff\xa3k^\xff\xe4\xd4\xd0\xff\xb3\x85{\xff\xe8\xda\xd8\
\xff\xe9\xdc\xd9\xff\xdf\xcc\xc7\xff\x8aC2\xff\x828&\
\xff\xd3\xba\xb4\xff\xbf\x98\x90\xff\xce\xb1\xab\xff\xf0\xe8\xe6\
\xff\xa8tg\xff\x815#\xff\x816$\xff\x816$\
\xff\x816$\xff\x816$\xff\x816$\xff\x816$\
\xff\x817%\xffEs\xa2\xff3\x85\xc8\xffeS_\
\xffAw\xab\xff;}\xb7\xffNj\x8f\xff.\x8b\xd4\
\xffdUb\xffIo\x9a\xffRf\x88\xffNj\x8f\
\xffDu\xa6\xffWa}\xff*\x8d\xd9\xff\x82`a\
\xff\xabui\xff\xe6\xd7\xd4\xff\xd0\xb3\xac\xff\xa4l_\
\xff\x9b_Q\xff\xae~r\xff\xa0gZ\xff\x84:(\
\xff\x839'\xff\x9feW\xff\xaf~s\xff\x95UF\
\xff\x8cG6\xff\xe7\xd8\xd5\xff\xb4\x87}\xff\xe6\xd8\xd5\
\xff\xa8ui\xff\xd6\xbd\xb7\xff\xca\xaa\xa2\xff\x88A0\
\xff\xb3\x85z\xff\xa5pc\xff\xc2\x9e\x96\xff\xe7\xd9\xd6\
\xff\x9a^O\xff\x816#\xff\x826$\xff\x816$\
\xff\x816$\xff\x816$\xff\x816$\xff\x816$\
\xff\x825#\xffvA;\xffGq\x9e\xff7\x81\xc0\
\xff@x\xad\xffnJN\xffy>5\xffKl\x95\
\xff9\x7f\xbc\xffAx\xac\xffnJL\xfftD@\
\xffFr\xa0\xff<|\xb4\xff\x5cYn\xff\xa1k`\
\xff\xd0\xb4\xaf\xff\xd2\xb7\xb2\xff\xd1\xb7\xb1\xff\xc9\xa9\xa3\
\xff\x8dI:\xff\x7f1\x1f\xff\x804!\xff\x816$\
\xff\x816$\xff\x804!\xff\x803 \xff\x804!\
\xff\x88A0\xff\xc2\x9e\x96\xff\xa1j]\xff\xc2\x9e\x96\
\xff\x92QA\xff\x92P@\xff\xc7\xa6\x9f\xff\x9dcV\
\xff\xc7\xa5\x9e\xff\xb1\x82w\xff\x8fK;\xff\x9edV\
\xff\x827$\xff\x816$\xff\x816$\xff\x816$\
\xff\x816$\xff\x816$\xff\x816$\xff\x816$\
\xff\x816$\xff\x825\x22\xff\x816$\xff~:,\
\xff\x807&\xff\x835\x22\xff\x825\x22\xff\x826#\
\xff\x82=/\xff\x828'\xff\x825\x22\xff\x826#\
\xff\x826$\xff\x808'\xff\x825\x22\xff\x827%\
\xff\x838&\xff\x838&\xff\x838&\xff\x838&\
\xff\x826$\xff\x816$\xff\x804!\xff\x7f3 \
\xff\x7f3!\xff\x803!\xff\x803!\xff\x816#\
\xff\x826$\xff\x827&\xff\x827%\xff\x828&\
\xff\x827$\xff\x815#\xff\x827%\xff\x838&\
\xff\x88A0\xff\x86=,\xff\x804\x22\xff\x804!\
\xff\x816$\xff\x816$\xff\x816$\xff\x816$\
\xff\x816$\xff\x816$\xff\x816$\xff\x816$\
\xff\x816$\xff\x816$\xff\x826$\xff\x826#\
\xff\x826$\xff\x816#\xff\x87>-\xff\xbf\x98\x8f\
\xff\xdc\xc7\xc2\xff\xcb\xac\xa4\xff\x8eJ:\xff\x815#\
\xff\x826$\xff\x826$\xff\x826$\xff\x826$\
\xff\x826$\xff\x826$\xff\x826$\xff\x826$\
\xff\x826$\xff\x838&\xff\xa1i\x5c\xff\xb7\x8c\x82\
\xff\xb8\x8e\x85\xff\xb9\x8f\x85\xff\xb1\x83x\xff\x8aD3\
\xff\x815#\xff\x826$\xff\x826$\xff\x816$\
\xff\x816$\xff\x816$\xff\x816$\xff\x826$\
\xff\x815#\xff\x816#\xff\x816$\xff\x816$\
\xff\x816$\xff\x816$\xff\x816$\xff\x816$\
\xff\x816$\xff\x816$\xff\x816$\xff\x816$\
\xff\x816$\xff\x816$\xff\x816$\xff\x816$\
\xff\x826$\xff\x815\x22\xff\x90M=\xff\xf0\xe6\xe5\
\xff\xff\xff\xff\xff\xf5\xef\xee\xff\x97XI\xff\x814\x22\
\xff\x826$\xff\x826$\xff\x826$\xff\x826$\
\xff\x826$\xff\x826$\xff\x826$\xff\x826$\
\xff\x815#\xff\x89B1\xff\xe4\xd4\xd1\xff\xff\xff\xff\
\xff\xff\xff\xff\xff\xfd\xfc\xfb\xff\xe2\xd1\xcd\xff\x93RB\
\xff\x804\x22\xff\x826$\xff\x826$\xff\x816$\
\xff\x816$\xff\x826$\xff\x826$\xff\x816$\
\xff\x816$\xff\x816$\xff\x816$\xff\x826$\
\xff\x816$\xff\x816$\xff\x816$\xff\x816$\
\xff\x816$\xff\x816$\xff\x816$\xff\x816$\
\xff\x816$\xff\x816$\xff\x816$\xff\x816$\
\xff\x826$\xff\x815#\xff\x8aC2\xff\xe6\xd6\xd3\
\xff\xff\xff\xff\xff\xed\xe2\xe0\xff\x8dI9\xff\x815\x22\
\xff\x826$\xff\x826$\xff\x826$\xff\x826$\
\xff\x826$\xff\x826$\xff\x826$\xff\x826$\
\xff\x815#\xff\x88@/\xff\xe3\xd3\xcf\xff\xff\xff\xff\
\xff\xfd\xfb\xfb\xff\xbd\x95\x8c\xff\x8aD4\xff\x826$\
\xff\x826$\xff\x826$\xff\x826$\xff\x816$\
\xff\x816$\xff\x826$\xff\x826$\xff\x816$\
\xff\x816$\xff\x816$\xff\x816$\xff\x816$\
\xff\x816$\xff\x816$\xff\x816$\xff\x816$\
\xff\x816$\xff\x816$\xff\x816$\xff\x816$\
\xff\x816$\xff\x816$\xff\x816$\xff\x816$\
\xff\x826$\xff\x826$\xff\x838&\xff\xd2\xb6\xb0\
\xff\xff\xff\xff\xff\xfa\xf7\xf7\xff\xb2\x83y\xff\x816$\
\xff\x826$\xff\x826$\xff\x826$\xff\x826$\
\xff\x826$\xff\x826$\xff\x816$\xff\x816$\
\xff\x815#\xff\x88@/\xff\xe3\xd2\xcf\xff\xff\xff\xff\
\xff\xf2\xea\xe8\xff\x93RC\xff\x803!\xff\x826$\
\xff\x826$\xff\x826$\xff\x816$\xff\x826$\
\xff\x816$\xff\x816$\xff\x816$\xff\x816$\
\xff\x816$\xff\x816$\xff\x816$\xff\x816$\
\xff\x816$\xff\x816$\xff\x816$\xff\x816$\
\xff\x816$\xff\x816$\xff\x816$\xff\x816$\
\xff\x816$\xff\x816$\xff\x816$\xff\x816$\
\xff\x826$\xff\x826$\xff\x803!\xff\xbc\x93\x89\
\xff\xff\xff\xff\xff\xff\xff\xff\xff\xf6\xf0\xef\xff\xaf\x7ft\
\xff\x816#\xff\x826$\xff\x826$\xff\x826$\
\xff\x826$\xff\x826$\xff\x816$\xff\x826$\
\xff\x815#\xff\x8cG7\xff\xea\xdd\xda\xff\xff\xff\xff\
\xff\xee\xe4\xe2\xff\x90M=\xff\x805\x22\xff\x816$\
\xff\x816$\xff\x816$\xff\x816$\xff\x816$\
\xff\x816$\xff\x816$\xff\x816$\xff\x816$\
\xff\x816$\xff\x816$\xff\x816$\xff\x816$\
\xff\x816$\xff\x816$\xff\x816$\xff\x816$\
\xff\x816$\xff\x816$\xff\x816$\xff\x816$\
\xff\x816$\xff\x816$\xff\x816$\xff\x816$\
\xff\x826$\xff\x826$\xff\x804!\xff\xa1gZ\
\xff\xf6\xf1\xf0\xff\xff\xff\xff\xff\xff\xff\xff\xff\xf5\xef\xed\
\xff\xa9vj\xff\x815\x22\xff\x826$\xff\x826$\
\xff\x826$\xff\x826$\xff\x816$\xff\x826$\
\xff\x804\x22\xff\x96WH\xff\xf4\xed\xec\xff\xff\xff\xff\
\xff\xee\xe4\xe2\xff\x90M=\xff\x815\x22\xff\x816$\
\xff\x816$\xff\x816$\xff\x816$\xff\x816$\
\xff\x826$\xff\x826$\xff\x816$\xff\x816$\
\xff\x816$\xff\x816$\xff\x816$\xff\x816$\
\xff\x816$\xff\x816$\xff\x816$\xff\x816$\
\xff\x816$\xff\x816$\xff\x816$\xff\x816$\
\xff\x816$\xff\x826$\xff\x826$\xff\x826$\
\xff\x826$\xff\x826$\xff\x826$\xff\x838&\
\xff\xbf\x99\x90\xff\xfd\xfd\xfc\xff\xff\xff\xff\xff\xff\xff\xff\
\xff\xee\xe4\xe2\xff\x99[M\xff\x814\x22\xff\x826$\
\xff\x826$\xff\x826$\xff\x826$\xff\x826$\
\xff\x803 \xff\xa8sg\xff\xfc\xfb\xfa\xff\xff\xff\xff\
\xff\xf0\xe7\xe5\xff\x92P@\xff\x815\x22\xff\x826$\
\xff\x826$\xff\x826$\xff\x816$\xff\x816$\
\xff\x816$\xff\x826$\xff\x826$\xff\x826$\
\xff\x816$\xff\x816$\xff\x816$\xff\x816$\
\xff\x816$\xff\x816$\xff\x816$\xff\x816$\
\xff\x816$\xff\x816$\xff\x816$\xff\x816$\
\xff\x816$\xff\x816$\xff\x826$\xff\x826$\
\xff\x826$\xff\x826$\xff\x826$\xff\x815#\
\xff\x88A/\xff\xda\xc4\xbf\xff\xff\xff\xff\xff\xff\xff\xff\
\xff\xff\xff\xff\xff\xce\xb0\xa9\xff\x838&\xff\x816$\
\xff\x826$\xff\x826$\xff\x826$\xff\x826$\
\xff\x804!\xff\xbf\x98\x8f\xff\xff\xff\xff\xff\xff\xff\xff\
\xff\xf3\xeb\xea\xff\x95UF\xff\x804\x22\xff\x816$\
\xff\x816$\xff\x816$\xff\x816$\xff\x816$\
\xff\x816$\xff\x816$\xff\x816$\xff\x816$\
\xff\x816$\xff\x816$\xff\x816$\xff\x816$\
\xff\x816$\xff\x816$\xff\x816$\xff\x816$\
\xff\x816$\xff\x816$\xff\x816$\xff\x816$\
\xff\x816$\xff\x816$\xff\x826$\xff\x826$\
\xff\x826$\xff\x826$\xff\x826$\xff\x826$\
\xff\x803 \xff\xae~r\xff\xfd\xfc\xfc\xff\xff\xff\xff\
\xff\xff\xff\xff\xff\xf4\xed\xeb\xff\x9a]O\xff\x804!\
\xff\x826$\xff\x826$\xff\x826$\xff\x826$\
\xff\x838'\xff\xd7\xc0\xba\xff\xff\xff\xff\xff\xff\xff\xff\
\xff\xf1\xe8\xe6\xff\x92QA\xff\x804\x22\xff\x816$\
\xff\x816$\xff\x826$\xff\x816$\xff\x816$\
\xff\x816$\xff\x816$\xff\x816$\xff\x816$\
\xff\x816$\xff\x816$\xff\x816$\xff\x816$\
\xff\x816$\xff\x816$\xff\x816$\xff\x816$\
\xff\x816$\xff\x816$\xff\x816$\xff\x816$\
\xff\x816$\xff\x826$\xff\x826$\xff\x816$\
\xff\x816$\xff\x816$\xff\x816$\xff\x816$\
\xff\x815#\xff\x8bE4\xff\xe1\xcf\xcb\xff\xff\xff\xff\
\xff\xff\xff\xff\xff\xff\xff\xff\xff\xc7\xa6\x9e\xff\x826$\
\xff\x826$\xff\x826$\xff\x826$\xff\x815#\
\xff\xa4na\xff\xf3\xeb\xea\xff\xff\xff\xff\xff\xff\xff\xff\
\xff\xe8\xdb\xd8\xff\x8bE5\xff\x815#\xff\x816$\
\xff\x816$\xff\x816$\xff\x816$\xff\x816$\
\xff\x816$\xff\x816$\xff\x816$\xff\x816$\
\xff\x816$\xff\x816$\xff\x816$\xff\x816$\
\xff\x816$\xff\x816$\xff\x816$\xff\x816$\
\xff\x816$\xff\x816$\xff\x816$\xff\x816$\
\xff\x816$\xff\x826$\xff\x826$\xff\x816$\
\xff\x826$\xff\x826$\xff\x816$\xff\x816$\
\xff\x826$\xff\x804!\xff\xc4\xa0\x98\xff\xff\xff\xff\
\xff\xff\xff\xff\xff\xff\xff\xff\xff\xf0\xe8\xe6\xff\x96VH\
\xff\x814\x22\xff\x816#\xff\x827%\xff\xaf\x7ft\
\xff\xf2\xeb\xe9\xff\xff\xff\xff\xff\xff\xff\xff\xff\xff\xff\xff\
\xff\xd0\xb4\xae\xff\x838&\xff\x816$\xff\x816$\
\xff\x816$\xff\x816$\xff\x816$\xff\x816$\
\xff\x816$\xff\x816$\xff\x816$\xff\x816$\
\xff\x816$\xff\x816$\xff\x816$\xff\x816$\
\xff\x816$\xff\x816$\xff\x816$\xff\x816$\
\xff\x816$\xff\x816$\xff\x816$\xff\x816$\
\xff\x816$\xff\x826$\xff\x816$\xff\x816$\
\xff\x816$\xff\x826$\xff\x826$\xff\x816$\
\xff\x816$\xff\x7f3 \xff\xb2\x84z\xff\xff\xff\xff\
\xff\xff\xff\xff\xff\xff\xff\xff\xff\xff\xff\xff\xff\xc3\x9e\x96\
\xff\x815#\xff\x827%\xff\xb5\x89\x7f\xff\xf8\xf3\xf2\
\xff\xff\xff\xff\xff\xff\xff\xff\xff\xff\xff\xff\xff\xf8\xf4\xf4\
\xff\xa3l_\xff\x803!\xff\x816$\xff\x816$\
\xff\x816$\xff\x816$\xff\x816$\xff\x816$\
\xff\x816$\xff\x816$\xff\x816$\xff\x816$\
\xff\x816$\xff\x816$\xff\x816$\xff\x816$\
\xff\x816$\xff\x816$\xff\x816$\xff\x816$\
\xff\x816$\xff\x816$\xff\x816$\xff\x816$\
\xff\x816$\xff\x816$\xff\x826$\xff\x816$\
\xff\x816$\xff\x826$\xff\x826$\xff\x816$\
\xff\x816$\xff\x803!\xff\xa0gY\xff\xf9\xf6\xf5\
\xff\xff\xff\xff\xff\xff\xff\xff\xff\xff\xff\xff\xff\xee\xe4\xe2\
\xff\x96VG\xff\xb6\x89\x7f\xff\xf9\xf5\xf4\xff\xff\xff\xff\
\xff\xff\xff\xff\xff\xff\xff\xff\xff\xff\xff\xff\xff\xcf\xb3\xac\
\xff\x84:)\xff\x816#\xff\x816$\xff\x816$\
\xff\x816$\xff\x816$\xff\x816$\xff\x816$\
\xff\x816$\xff\x816$\xff\x816$\xff\x816$\
\xff\x816$\xff\x816$\xff\x816$\xff\x816$\
\xff\x816$\xff\x816$\xff\x816$\xff\x816$\
\xff\x816$\xff\x816$\xff\x816$\xff\x816$\
\xff\x816$\xff\x816$\xff\x826$\xff\x816$\
\xff\x816$\xff\x826$\xff\x826$\xff\x816$\
\xff\x816$\xff\x815\x22\xff\x8fL<\xff\xed\xe2\xdf\
\xff\xff\xff\xff\xff\xff\xff\xff\xff\xff\xff\xff\xff\xfe\xfd\xfd\
\xff\xe2\xd1\xcd\xff\xf7\xf3\xf2\xff\xff\xff\xff\xff\xff\xff\xff\
\xff\xff\xff\xff\xff\xff\xff\xff\xff\xf0\xe6\xe4\xff\x98YK\
\xff\x804!\xff\x816$\xff\x816$\xff\x816$\
\xff\x816$\xff\x816$\xff\x816$\xff\x816$\
\xff\x816$\xff\x816$\xff\x816$\xff\x816$\
\xff\x816$\xff\x816$\xff\x816$\xff\x816$\
\xff\x816$\xff\x816$\xff\x816$\xff\x816$\
\xff\x816$\xff\x816$\xff\x816$\xff\x816$\
\xff\x816$\xff\x816$\xff\x816$\xff\x816$\
\xff\x816$\xff\x816$\xff\x816$\xff\x816$\
\xff\x826$\xff\x816$\xff\x84:(\xff\xd7\xbf\xb9\
\xff\xff\xff\xff\xff\xff\xff\xff\xff\xff\xff\xff\xff\xff\xff\xff\
\xff\xff\xff\xff\xff\xff\xff\xff\xff\xff\xff\xff\xff\xff\xff\xff\
\xff\xff\xff\xff\xff\xfd\xfc\xfc\xff\xb8\x8d\x83\xff\x815#\
\xff\x816$\xff\x816$\xff\x816$\xff\x816$\
\xff\x816$\xff\x816$\xff\x816$\xff\x816$\
\xff\x816$\xff\x816$\xff\x816$\xff\x816$\
\xff\x816$\xff\x816$\xff\x816$\xff\x816$\
\xff\x816$\xff\x816$\xff\x816$\xff\x816$\
\xff\x816$\xff\x816$\xff\x816$\xff\x816$\
\xff\x816$\xff\x816$\xff\x816$\xff\x816$\
\xff\x816$\xff\x816$\xff\x816$\xff\x816$\
\xff\x826$\xff\x816$\xff\x803!\xff\xb5\x88}\
\xff\xfe\xfe\xfe\xff\xff\xff\xff\xff\xff\xff\xff\xff\xff\xff\xff\
\xff\xff\xff\xff\xff\xff\xff\xff\xff\xff\xff\xff\xff\xff\xff\xff\
\xff\xff\xff\xff\xff\xcf\xb2\xac\xff\x87?-\xff\x815#\
\xff\x816$\xff\x816$\xff\x816$\xff\x816$\
\xff\x816$\xff\x826$\xff\x816$\xff\x816$\
\xff\x816$\xff\x816$\xff\x826$\xff\x816$\
\xff\x816$\xff\x816$\xff\x816$\xff\x826$\
\xff\x816$\xff\x816$\xff\x816$\xff\x816$\
\xff\x816$\xff\x816$\xff\x816$\xff\x816$\
\xff\x816$\xff\x816$\xff\x816$\xff\x816$\
\xff\x816$\xff\x816$\xff\x816$\xff\x816$\
\xff\x826$\xff\x826$\xff\x804!\xff\x9a^O\
\xff\xf6\xf1\xf0\xff\xff\xff\xff\xff\xff\xff\xff\xff\xff\xff\xff\
\xff\xff\xff\xff\xff\xff\xff\xff\xff\xff\xff\xff\xff\xff\xff\xff\
\xff\xd8\xc1\xbb\xff\x8cG7\xff\x804\x22\xff\x816$\
\xff\x816$\xff\x816$\xff\x816$\xff\x816$\
\xff\x826$\xff\x816$\xff\x816$\xff\x816$\
\xff\x816$\xff\x816$\xff\x816$\xff\x816$\
\xff\x816$\xff\x816$\xff\x816$\xff\x816$\
\xff\x816$\xff\x816$\xff\x816$\xff\x816$\
\xff\x816$\xff\x816$\xff\x816$\xff\x816$\
\xff\x816$\xff\x816$\xff\x816$\xff\x816$\
\xff\x816$\xff\x816$\xff\x826$\xff\x816$\
\xff\x826$\xff\x826$\xff\x804\x22\xff\x97XI\
\xff\xf4\xee\xec\xff\xff\xff\xff\xff\xff\xff\xff\xff\xff\xff\xff\
\xff\xff\xff\xff\xff\xff\xff\xff\xff\xff\xff\xff\xff\xfe\xfe\xfe\
\xff\xbd\x95\x8c\xff\x86=,\xff\x815#\xff\x816$\
\xff\x816$\xff\x816$\xff\x816$\xff\x816$\
\xff\x826$\xff\x826$\xff\x816$\xff\x816$\
\xff\x816$\xff\x816$\xff\x816$\xff\x816$\
\xff\x816$\xff\x816$\xff\x816$\xff\x816$\
\xff\x816$\xff\x816$\xff\x816$\xff\x816$\
\xff\x816$\xff\x816$\xff\x816$\xff\x816$\
\xff\x816$\xff\x816$\xff\x816$\xff\x816$\
\xff\x816$\xff\x816$\xff\x816$\xff\x816$\
\xff\x826$\xff\x826$\xff\x803!\xff\xa9ui\
\xff\xfb\xf9\xf9\xff\xff\xff\xff\xff\xff\xff\xff\xff\xff\xff\xff\
\xff\xff\xff\xff\xff\xff\xff\xff\xff\xff\xff\xff\xff\xff\xff\xff\
\xff\xfb\xf8\xf8\xff\xc0\x9b\x92\xff\x826$\xff\x816$\
\xff\x816$\xff\x816$\xff\x816$\xff\x816$\
\xff\x826$\xff\x826$\xff\x826$\xff\x816$\
\xff\x816$\xff\x816$\xff\x816$\xff\x816$\
\xff\x816$\xff\x816$\xff\x816$\xff\x816$\
\xff\x816$\xff\x816$\xff\x816$\xff\x816$\
\xff\x816$\xff\x816$\xff\x816$\xff\x816$\
\xff\x816$\xff\x816$\xff\x816$\xff\x816$\
\xff\x816$\xff\x816$\xff\x816$\xff\x816$\
\xff\x826$\xff\x826$\xff\x803 \xff\xa8sg\
\xff\xfc\xfa\xfa\xff\xff\xff\xff\xff\xff\xff\xff\xff\xff\xff\xff\
\xff\xff\xff\xff\xff\xff\xff\xff\xff\xff\xff\xff\xff\xff\xff\xff\
\xff\xff\xff\xff\xff\xed\xe2\xdf\xff\x90M=\xff\x815\x22\
\xff\x816#\xff\x803!\xff\x815#\xff\x804\x22\
\xff\x816$\xff\x826$\xff\x826$\xff\x816$\
\xff\x816$\xff\x816$\xff\x826$\xff\x816$\
\xff\x816$\xff\x816$\xff\x816$\xff\x816$\
\xff\x816$\xff\x816$\xff\x816$\xff\x816$\
\xff\x816$\xff\x816$\xff\x816$\xff\x816$\
\xff\x816$\xff\x816$\xff\x816$\xff\x816$\
\xff\x826$\xff\x826$\xff\x826$\xff\x816$\
\xff\x826$\xff\x826$\xff\x814\x22\xff\x92P@\
\xff\xef\xe6\xe4\xff\xff\xff\xff\xff\xff\xff\xff\xff\xff\xff\xff\
\xff\xff\xff\xff\xff\xff\xff\xff\xff\xff\xff\xff\xff\xff\xff\xff\
\xff\xff\xff\xff\xff\xfc\xf9\xf9\xff\xa5na\xff~1\x1e\
\xff\x86=,\xff\xa6pc\xff\xc8\xa8\xa0\xff\xaaxl\
\xff\x827%\xff\x826$\xff\x826$\xff\x826$\
\xff\x826$\xff\x816$\xff\x826$\xff\x816$\
\xff\x816$\xff\x816$\xff\x816$\xff\x816$\
\xff\x816$\xff\x826$\xff\x826$\xff\x826$\
\xff\x816$\xff\x816$\xff\x816$\xff\x816$\
\xff\x816$\xff\x816$\xff\x816$\xff\x826$\
\xff\x826$\xff\x826$\xff\x826$\xff\x816$\
\xff\x826$\xff\x826$\xff\x816$\xff\x85;)\
\xff\xd9\xc3\xbd\xff\xff\xff\xff\xff\xff\xff\xff\xff\xff\xff\xff\
\xff\xff\xff\xff\xff\xff\xff\xff\xff\xff\xff\xff\xff\xff\xff\xff\
\xff\xff\xff\xff\xff\xfc\xfb\xfa\xff\xaawk\xff\x9ecU\
\xff\xd6\xbe\xb8\xff\xfa\xf6\xf6\xff\xff\xff\xff\xff\xf5\xf0\xee\
\xff\xa6pd\xff\x804!\xff\x826$\xff\x826$\
\xff\x826$\xff\x816$\xff\x816$\xff\x816$\
\xff\x816$\xff\x816$\xff\x816$\xff\x826$\
\xff\x816$\xff\x826$\xff\x826$\xff\x826$\
\xff\x816$\xff\x816$\xff\x816$\xff\x816$\
\xff\x816$\xff\x816$\xff\x816$\xff\x816$\
\xff\x816$\xff\x816$\xff\x816$\xff\x816$\
\xff\x816$\xff\x816$\xff\x816$\xff\x803!\
\xff\xbc\x94\x8b\xff\xff\xff\xff\xff\xff\xff\xff\xff\xff\xff\xff\
\xff\xff\xff\xff\xff\xff\xff\xff\xff\xff\xff\xff\xff\xff\xff\xff\
\xff\xff\xff\xff\xff\xfe\xfd\xfd\xff\xe6\xd7\xd4\xff\xf4\xee\xec\
\xff\xff\xff\xff\xff\xff\xff\xff\xff\xff\xff\xff\xff\xff\xff\xff\
\xff\xe9\xdc\xda\xff\x96VH\xff\x815\x22\xff\x826$\
\xff\x826$\xff\x816$\xff\x816$\xff\x816$\
\xff\x816$\xff\x816$\xff\x816$\xff\x816$\
\xff\x826$\xff\x826$\xff\x816$\xff\x816$\
\xff\x816$\xff\x816$\xff\x816$\xff\x816$\
\xff\x816$\xff\x816$\xff\x826$\xff\x816$\
\xff\x816$\xff\x816$\xff\x816$\xff\x816$\
\xff\x816$\xff\x816$\xff\x816$\xff\x803!\
\xff\xa1hZ\xff\xf9\xf6\xf5\xff\xff\xff\xff\xff\xff\xff\xff\
\xff\xff\xff\xff\xff\xff\xff\xff\xff\xff\xff\xff\xff\xff\xff\xff\
\xff\xff\xff\xff\xff\xff\xff\xff\xff\xff\xff\xff\xff\xff\xff\xff\
\xff\xff\xff\xff\xff\xf9\xf6\xf5\xff\xeb\xde\xdc\xff\xfe\xfe\xfe\
\xff\xff\xff\xff\xff\xca\xaa\xa3\xff\x826$\xff\x826$\
\xff\x826$\xff\x816$\xff\x826$\xff\x826$\
\xff\x816$\xff\x816$\xff\x816$\xff\x816$\
\xff\x826$\xff\x816$\xff\x816$\xff\x816$\
\xff\x816$\xff\x816$\xff\x816$\xff\x816$\
\xff\x816$\xff\x816$\xff\x826$\xff\x826$\
\xff\x816$\xff\x816$\xff\x816$\xff\x816$\
\xff\x826$\xff\x816$\xff\x826$\xff\x815#\
\xff\x8cG7\xff\xe8\xdb\xd8\xff\xff\xff\xff\xff\xff\xff\xff\
\xff\xff\xff\xff\xff\xff\xff\xff\xff\xff\xff\xff\xff\xff\xff\xff\
\xff\xff\xff\xff\xff\xff\xff\xff\xff\xff\xff\xff\xff\xff\xff\xff\
\xff\xff\xff\xff\xff\xcd\xae\xa8\xff\x95TF\xff\xde\xca\xc6\
\xff\xff\xff\xff\xff\xd6\xbe\xb9\xff\x838'\xff\x826$\
\xff\x826$\xff\x826$\xff\x826$\xff\x826$\
\xff\x826$\xff\x826$\xff\x816$\xff\x826$\
\xff\x826$\xff\x816$\xff\x816$\xff\x816$\
\xff\x816$\xff\x816$\xff\x816$\xff\x816$\
\xff\x816$\xff\x816$\xff\x816$\xff\x826$\
\xff\x816$\xff\x816$\xff\x816$\xff\x826$\
\xff\x826$\xff\x826$\xff\x826$\xff\x816$\
\xff\x826$\xff\xcc\xad\xa6\xff\xff\xff\xff\xff\xff\xff\xff\
\xff\xff\xff\xff\xff\xff\xff\xff\xff\xff\xff\xff\xff\xff\xff\xff\
\xff\xff\xff\xff\xff\xff\xff\xff\xff\xff\xff\xff\xff\xff\xff\xff\
\xff\xff\xff\xff\xff\xf1\xe9\xe7\xff\xcd\xaf\xa8\xff\xb6\x8a\x81\
\xff\xf7\xf2\xf1\xff\xe7\xd9\xd6\xff\x90L<\xff\x7f2\x1f\
\xff\x803 \xff\x803 \xff\x803 \xff\x804\x22\
\xff\x815#\xff\x816$\xff\x816$\xff\x826$\
\xff\x816$\xff\x816$\xff\x816$\xff\x826$\
\xff\x816$\xff\x816$\xff\x816$\xff\x816#\
\xff\x816#\xff\x816#\xff\x816$\xff\x816$\
\xff\x816$\xff\x816$\xff\x816$\xff\x826$\
\xff\x826$\xff\x826$\xff\x826$\xff\x826$\
\xff\x803!\xff\xa8th\xff\xfc\xfa\xfa\xff\xff\xff\xff\
\xff\xff\xff\xff\xff\xff\xff\xff\xff\xff\xff\xff\xff\xff\xff\xff\
\xff\xff\xff\xff\xff\xff\xff\xff\xff\xff\xff\xff\xff\xff\xff\xff\
\xff\xff\xff\xff\xff\xff\xff\xff\xff\xff\xff\xff\xff\xf3\xec\xeb\
\xff\xfb\xf9\xf9\xff\xff\xff\xff\xff\xd3\xb8\xb2\xff\xa6pd\
\xff\xa7re\xff\xa7qe\xff\xa6qe\xff\x99\x5cN\
\xff\x88@/\xff\x849(\xff\x839'\xff\x827$\
\xff\x816$\xff\x816$\xff\x816$\xff\x826$\
\xff\x816$\xff\x816$\xff\x816$\xff\x816$\
\xff\x816$\xff\x816#\xff\x816$\xff\x816$\
\xff\x816$\xff\x816$\xff\x816$\xff\x826$\
\xff\x826$\xff\x826$\xff\x826$\xff\x826$\
\xff\x815#\xff\x8aC2\xff\xde\xca\xc6\xff\xff\xff\xff\
\xff\xff\xff\xff\xff\xff\xff\xff\xff\xff\xff\xff\xff\xff\xff\xff\
\xff\xff\xff\xff\xff\xff\xff\xff\xff\xff\xff\xff\xff\xfc\xfa\xfa\
\xff\xfe\xfd\xfd\xff\xff\xff\xff\xff\xff\xff\xff\xff\xff\xff\xff\
\xff\xff\xff\xff\xff\xff\xff\xff\xff\xff\xff\xff\xff\xfc\xfb\xfa\
\xff\xfc\xfb\xfa\xff\xfc\xfa\xfa\xff\xfb\xf9\xf9\xff\xf1\xe9\xe7\
\xff\xdb\xc5\xc0\xff\xc0\x9a\x92\xff\xb9\x8e\x84\xff\x8aD3\
\xff\x815#\xff\x826$\xff\x826$\xff\x826$\
\xff\x826$\xff\x816$\xff\x816$\xff\x816$\
\xff\x816$\xff\x816$\xff\x816$\xff\x816$\
\xff\x816$\xff\x816$\xff\x826$\xff\x826$\
\xff\x816$\xff\x826$\xff\x826$\xff\x816$\
\xff\x816$\xff\x804\x22\xff\x9b_Q\xff\xe6\xd6\xd3\
\xff\xff\xff\xff\xff\xff\xff\xff\xff\xfe\xfe\xfe\xff\xff\xff\xff\
\xff\xff\xff\xff\xff\xff\xff\xff\xff\xfd\xfc\xfc\xff\xce\xb1\xaa\
\xff\xb3\x84z\xff\xbb\x93\x89\xff\xb6\x8b\x80\xff\xb6\x8a\x80\
\xff\xb5\x89~\xff\xb4\x87|\xff\xb2\x84y\xff\xb1\x82w\
\xff\xb0\x81v\xff\xaf\x7ft\xff\xad{o\xff\xb4\x87}\
\xff\xce\xb0\xa9\xff\x92PA\xff\x8eJ:\xff\x849'\
\xff\x816$\xff\x816$\xff\x816$\xff\x826$\
\xff\x816$\xff\x816$\xff\x816$\xff\x816$\
\xff\x816$\xff\x816$\xff\x816$\xff\x816$\
\xff\x816$\xff\x816$\xff\x826$\xff\x826$\
\xff\x826$\xff\x826$\xff\x816$\xff\x816$\
\xff\x816$\xff\x816$\xff\x815\x22\xff\x90M>\
\xff\xb2\x83x\xff\xbb\x93\x8a\xff\xea\xdd\xdb\xff\xff\xff\xff\
\xff\xff\xff\xff\xff\xff\xff\xff\xff\xff\xff\xff\xff\xe6\xd7\xd4\
\xff\x95VG\xff\x814\x22\xff\x803 \xff\x803 \
\xff\x803 \xff\x803 \xff\x803 \xff\x7f3 \
\xff\x7f2 \xff\x7f3 \xff\x7f2 \xff\x85;)\
\xff\x94SD\xff\x815#\xff\x815#\xff\x826$\
\xff\x816$\xff\x816$\xff\x816$\xff\x816$\
\xff\x816$\xff\x816$\xff\x816$\xff\x816$\
\xff\x816$\xff\x816$\xff\x816$\xff\x816$\
\xff\x816$\xff\x816$\xff\x826$\xff\x826$\
\xff\x826$\xff\x826$\xff\x816$\xff\x816$\
\xff\x826$\xff\x826$\xff\x826$\xff\x815\x22\
\xff\x7f2\x1f\xff\x8bE4\xff\xea\xde\xdb\xff\xff\xff\xff\
\xff\xff\xff\xff\xff\xff\xff\xff\xff\xff\xff\xff\xff\xfe\xfe\xfe\
\xff\xd8\xc2\xbd\xff\x87?.\xff\x816#\xff\x826$\
\xff\x826$\xff\x826$\xff\x826$\xff\x826$\
\xff\x816$\xff\x826$\xff\x826$\xff\x826#\
\xff\x814\x22\xff\x816$\xff\x816$\xff\x826$\
\xff\x816$\xff\x816$\xff\x816$\xff\x816$\
\xff\x816$\xff\x816$\xff\x816$\xff\x816$\
\xff\x816$\xff\x816$\xff\x816$\xff\x816$\
\xff\x816$\xff\x826$\xff\x826$\xff\x826$\
\xff\x826$\xff\x826$\xff\x826$\xff\x826$\
\xff\x826$\xff\x816$\xff\x826$\xff\x826$\
\xff\x815#\xff\x8bD4\xff\xe7\xd8\xd5\xff\xff\xff\xff\
\xff\xff\xff\xff\xff\xff\xff\xff\xff\xff\xff\xff\xff\xff\xff\xff\
\xff\xbb\x92\x88\xff\x816#\xff\x816$\xff\x826$\
\xff\x826$\xff\x826$\xff\x826$\xff\x826$\
\xff\x816$\xff\x816$\xff\x826$\xff\x826$\
\xff\x826$\xff\x816$\xff\x816$\xff\x816$\
\xff\x816$\xff\x816$\xff\x816$\xff\x816$\
\xff\x816$\xff\x816$\xff\x816$\xff\x816$\
\xff\x816$\xff\x826$\xff\x826$\xff\x816$\
\xff\x826$\xff\x826$\xff\x826$\xff\x826$\
\xff\x826$\xff\x826$\xff\x826$\xff\x826$\
\xff\x826$\xff\x816$\xff\x826$\xff\x826$\
\xff\x826$\xff\x826$\xff\xc3\x9e\x96\xff\xff\xff\xff\
\xff\xff\xff\xff\xff\xff\xff\xff\xff\xff\xff\xff\xff\xde\xca\xc6\
\xff\x8dI8\xff\x815\x22\xff\x826$\xff\x826$\
\xff\x826$\xff\x826$\xff\x826$\xff\x826$\
\xff\x816$\xff\x826$\xff\x826$\xff\x826$\
\xff\x826$\xff\x816$\xff\x816$\xff\x816$\
\xff\x826$\xff\x816$\xff\x816$\xff\x826$\
\xff\x816$\xff\x816$\xff\x816$\xff\x816$\
\xff\x816$\xff\x816$\xff\x826$\xff\x826$\
\xff\x816$\xff\x826$\xff\x826$\xff\x816$\
\xff\x826$\xff\x826$\xff\x816$\xff\x826$\
\xff\x816$\xff\x816$\xff\x816$\xff\x816$\
\xff\x816$\xff\x815#\xff\x8cF6\xff\xc4\xa0\x98\
\xff\xe3\xd3\xcf\xff\xe4\xd4\xd0\xff\xc8\xa6\x9f\xff\x92PA\
\xff\x815\x22\xff\x826$\xff\x816$\xff\x826$\
\xff\x826$\xff\x826$\xff\x826$\xff\x826$\
\xff\x816$\xff\x826$\xff\x826$\xff\x826$\
\xff\x816$\xff\x816$\xff\x816$\xff\x816$\
\xff\x816$\xff\x816$\xff\x826$\xff\x826$\
\xff\x826$\xff\x816$\xff\x816$\xff\x816$\
\xff\x816$\xff\x826$\xff\x826$\xff\x816$\
\xff\x816$\xff\x816$\xff\x816$\xff\x816$\
\xff\x816$\xff\x816$\xff\x816$\xff\x816$\
\xff\x816$\xff\x816$\xff\x816$\xff\x816$\
\xff\x816$\xff\x816$\xff\x815#\xff\x826$\
\xff\x88@/\xff\x88A0\xff\x827$\xff\x814\x22\
\xff\x826$\xff\x826$\xff\x816$\xff\x816$\
\xff\x816$\xff\x826$\xff\x826$\xff\x816$\
\xff\x816$\xff\x826$\xff\x826$\xff\x826$\
\xff\x816$\xff\x816$\xff\x816$\xff\x816$\
\xff\x816$\xff\x816$\xff\x826$\xff\x816$\
\xff\x816$\xff\x816$\xff\x816$\xff\x816$\
\xff\x816$\xff\x816$\xff\x816$\xff\x816$\
\xff\x816$\xff\x816$\xff\x816$\xff\x816$\
\xff\x816$\xff\x816$\xff\x816$\xff\x816$\
\xff\x816$\xff\x816$\xff\x816$\xff\x816$\
\xff\x816$\xff\x816$\xff\x816$\xff\x816$\
\xff\x815#\xff\x815#\xff\x826$\xff\x826$\
\xff\x826$\xff\x816$\xff\x816$\xff\x816$\
\xff\x816$\xff\x816$\xff\x826$\xff\x816$\
\xff\x816$\xff\x816$\xff\x826$\xff\x826$\
\xff\x816$\xff\x816$\xff\x816$\xff\x826$\
\xff\x816$\xff\x816$\xff\x816$\xff\x816$\
\xff\x816$\xff\x816$\xff\x816$\xff\x816$\
\xff\x816$\xff\x816$\xff\x816$\xff\x816$\
\xff\x816$\xff\x816$\xff\x826$\xff\x816$\
\xff\x816$\xff\x816$\xff\x816$\xff\x816$\
\xff\x826$\xff\x816$\xff\x816$\xff\x816$\
\xff\x816$\xff\x816$\xff\x826$\xff\x816$\
\xff\x826$\xff\x816$\xff\x826$\xff\x826$\
\xff\x826$\xff\x816$\xff\x816$\xff\x816$\
\xff\x816$\xff\x826$\xff\x826$\xff\x826$\
\xff\x826$\xff\x826$\xff\x826$\xff\x816$\
\xff\x816$\xff\x816$\xff\x816$\xff\x826$\
\xff\x816$\xff\x816$\xff\x816$\xff\x826$\
\xff\x816$\xff\x00\x00\x00\x00\x00\x00\x00\x00\x00\x00\x00\
\x00\x00\x00\x00\x00\x00\x00\x00\x00\x00\x00\x00\x00\x00\x00\x00\
\x00\x00\x00\x00\x00\x00\x00\x00\x00\x00\x00\x00\x00\x00\x00\x00\
\x00\x00\x00\x00\x00\x00\x00\x00\x00\x00\x00\x00\x00\x00\x00\x00\
\x00\x00\x00\x00\x00\x00\x00\x00\x00\x00\x00\x00\x00\x00\x00\x00\
\x00\x00\x00\x00\x00\x00\x00\x00\x00\x00\x00\x00\x00\x00\x00\x00\
\x00\x00\x00\x00\x00\x00\x00\x00\x00\x00\x00\x00\x00\x00\x00\x00\
\x00\x00\x00\x00\x00\x00\x00\x00\x00\x00\x00\x00\x00\x00\x00\x00\
\x00\x00\x00\x00\x00\x00\x00\x00\x00\x00\x00\x00\x00\x00\x00\x00\
\x00\x00\x00\x00\x00\x00\x00\x00\x00\x00\x00\x00\x00\x00\x00\x00\
\x00\x00\x00\x00\x00\x00\x00\x00\x00\x00\x00\x00\x00\x00\x00\x00\
\x00\x00\x00\x00\x00\x00\x00\x00\x00\x00\x00\x00\x00\x00\x00\x00\
\x00\x00\x00\x00\x00\x00\x00\x00\x00\x00\x00\x00\x00\x00\x00\x00\
\x00\x00\x00\x00\x00\x00\x00\x00\x00\x00\x00\x00\x00\x00\x00\x00\
\x00\x00\x00\x00\x00\x00\x00\x00\x00\x00\x00\x00\x00\x00\x00\x00\
\x00\x00\x00\x00\x00\x00\x00\x00\x00\x00\x00\x00\x00\x00\x00\x00\
\x00\x00\x00\x00\x00\x00\x00\x00\x00\x00\x00\x00\x00\x00\x00\x00\
\x00\x00\x00\x00\x00\x00\x00\x00\x00\x00\x00\x00\x00\x00\x00\x00\
\x00\x00\x00\x00\x00\x00\x00\x00\x00\x00\x00\x00\x00\x00\x00\x00\
\x00\x00\x00\x00\x00\x00\x00\x00\x00\x00\x00\x00\x00\x00\x00\x00\
\x00\x00\x00\x00\x00\x00\x00\x00\x00\x00\x00\x00\x00\x00\x00\x00\
\x00\x00\x00\x00\x00\x00\x00\x00\x00\x00\x00\x00\x00\x00\x00\x00\
\x00\x00\x00\x00\x00\x00\x00\x00\x00\x00\x00\x00\x00\x00\x00\x00\
\x00\x00\x00\x00\x00\x00\x00\x00\x00\x00\x00\x00\x00\x00\x00\x00\
\x00\x00\x00\x00\x00(\x00\x00\x00@\x00\x00\x00\x80\x00\x00\
\x00\x01\x00 \x00\x00\x00\x00\x00\x00@\x00\x00\xc3\x0e\x00\
\x00\xc3\x0e\x00\x00\x00\x00\x00\x00\x00\x00\x00\x00\x816$\
\xff\x816$\xff\x816$\xff\x816$\xff\x816$\
\xff\x816$\xff\x816$\xff\x816$\xff\x816$\
\xff\x826$\xff\x826$\xff\x826$\xff\x826$\
\xff\x826$\xff\x826$\xff\x826$\xff\x826$\
\xff\x816$\xff\x826$\xff\x826$\xff\x816$\
\xff\x816$\xff\x826$\xff\x816$\xff\x826$\
\xff\x826$\xff\x826$\xff\x816$\xff\x816$\
\xff\x816$\xff\x826$\xff\x816$\xff\x816$\
\xff\x816$\xff\x816$\xff\x816$\xff\x826$\
\xff\x826$\xff\x816$\xff\x816$\xff\x826$\
\xff\x816$\xff\x816$\xff\x816$\xff\x816$\
\xff\x826$\xff\x816$\xff\x816$\xff\x816$\
\xff\x816$\xff\x816$\xff\x816$\xff\x816$\
\xff\x816$\xff\x816$\xff\x816$\xff\x816$\
\xff\x816$\xff\x816$\xff\x816$\xff\x816$\
\xff\x816$\xff\x826$\xff\x816$\xff\x816$\
\xff\x816$\xff\x816$\xff\x816$\xff\x816$\
\xff\x816$\xff\x816$\xff\x816$\xff\x826$\
\xff\x816$\xff\x816$\xff\x826$\xff\x826$\
\xff\x826$\xff\x816$\xff\x826$\xff\x826$\
\xff\x816$\xff\x816$\xff\x826$\xff\x826$\
\xff\x816$\xff\x816$\xff\x826$\xff\x816$\
\xff\x816$\xff\x816$\xff\x816$\xff\x816$\
\xff\x816$\xff\x816$\xff\x816$\xff\x816$\
\xff\x816$\xff\x816$\xff\x816$\xff\x816$\
\xff\x816$\xff\x816$\xff\x816$\xff\x816$\
\xff\x816$\xff\x816$\xff\x816$\xff\x816$\
\xff\x816$\xff\x816$\xff\x816$\xff\x816$\
\xff\x816$\xff\x816$\xff\x816$\xff\x816$\
\xff\x816$\xff\x816$\xff\x816$\xff\x816$\
\xff\x816$\xff\x816$\xff\x826$\xff\x816$\
\xff\x826$\xff\x816$\xff\x816$\xff\x816$\
\xff\x816$\xff\x816$\xff\x816$\xff\x816$\
\xff\x816$\xff\x816$\xff\x816$\xff\x826$\
\xff\x826$\xff\x826$\xff\x826$\xff\x826$\
\xff\x826$\xff\x816$\xff\x826$\xff\x826$\
\xff\x816$\xff\x816$\xff\x826$\xff\x826$\
\xff\x816$\xff\x816$\xff\x826$\xff\x816$\
\xff\x816$\xff\x816$\xff\x816$\xff\x816$\
\xff\x816$\xff\x816$\xff\x816$\xff\x816$\
\xff\x816$\xff\x816$\xff\x816$\xff\x816$\
\xff\x816$\xff\x816$\xff\x816$\xff\x816$\
\xff\x816$\xff\x816$\xff\x816$\xff\x816$\
\xff\x826$\xff\x816$\xff\x816$\xff\x816$\
\xff\x816$\xff\x816$\xff\x816$\xff\x816$\
\xff\x816$\xff\x816$\xff\x816$\xff\x816$\
\xff\x816$\xff\x816$\xff\x816$\xff\x816$\
\xff\x816$\xff\x816$\xff\x816$\xff\x816$\
\xff\x816$\xff\x816$\xff\x816$\xff\x816$\
\xff\x826$\xff\x826$\xff\x816$\xff\x826$\
\xff\x826$\xff\x826$\xff\x826$\xff\x826$\
\xff\x826$\xff\x826$\xff\x826$\xff\x826$\
\xff\x826$\xff\x826$\xff\x826$\xff\x826$\
\xff\x826$\xff\x826$\xff\x826$\xff\x816$\
\xff\x816$\xff\x816$\xff\x826$\xff\x816$\
\xff\x816$\xff\x816$\xff\x816$\xff\x816$\
\xff\x816$\xff\x816$\xff\x816$\xff\x816$\
\xff\x816$\xff\x816$\xff\x816$\xff\x816$\
\xff\x816$\xff\x816$\xff\x816$\xff\x816$\
\xff\x826$\xff\x816$\xff\x816$\xff\x816$\
\xff\x816$\xff\x816$\xff\x816$\xff\x816$\
\xff\x816$\xff\x816$\xff\x816$\xff\x816$\
\xff\x816$\xff\x816$\xff\x816$\xff\x816$\
\xff\x816$\xff\x816$\xff\x816$\xff\x816$\
\xff\x816$\xff\x816$\xff\x816$\xff\x816$\
\xff\x816$\xff\x825#\xff\x835!\xff\x817%\
\xff\x826$\xff\x835!\xff\x826#\xff\x826$\
\xff\x835\x22\xff\x835\x22\xff\x817%\xff\x826#\
\xff\x835!\xff\x826#\xff\x835\x22\xff\x835!\
\xff\x835!\xff\x835!\xff\x835!\xff\x826#\
\xff\x816$\xff\x816$\xff\x804\x22\xff\x815#\
\xff\x816$\xff\x816#\xff\x803!\xff\x816$\
\xff\x815#\xff\x804\x22\xff\x816$\xff\x816$\
\xff\x804\x22\xff\x804\x22\xff\x815#\xff\x803!\
\xff\x816$\xff\x815#\xff\x803!\xff\x815#\
\xff\x814\x22\xff\x804\x22\xff\x816$\xff\x816$\
\xff\x804\x22\xff\x803!\xff\x815#\xff\x814\x22\
\xff\x804!\xff\x816$\xff\x815#\xff\x803!\
\xff\x804\x22\xff\x816#\xff\x816$\xff\x816$\
\xff\x816$\xff\x816$\xff\x816$\xff\x816$\
\xff\x816$\xff\x816$\xff\x816$\xff\x826$\
\xff\x825#\xffx@8\xffSe\x85\xff?y\xb0\
\xffBw\xa9\xff^Zm\xff\x7f9*\xff\x826$\
\xffjNT\xffIo\x99\xff?z\xb1\xffFs\xa1\
\xffeS_\xff{=2\xffSf\x85\xffKm\x95\
\xffKn\x96\xffJo\x98\xffMl\x92\xffuC?\
\xff\x825\x22\xff\x88A0\xff\xbc\x94\x8c\xff\xa6qe\
\xff\x815\x22\xff\x85<*\xff\xaczo\xff\xcd\xaf\xa9\
\xff\xc9\xa9\xa2\xff\xa1h[\xff\x827%\xff\x826$\
\xff\x9c`R\xff\xc4\xa1\x9a\xff\xcb\xab\xa4\xff\xabxl\
\xff\x84:(\xff\x92QA\xff\xbe\x98\x8f\xff\x96WH\
\xff\xa9vj\xff\xb4\x88}\xff\x86<+\xff\x804\x22\
\xff\x9feW\xff\xc1\x9b\x92\xff\x9dbU\xff\xa7rf\
\xff\xb6\x8b\x81\xff\x86>-\xff\x8dH7\xff\xb9\x8e\x84\
\xff\xc2\x9e\x96\xff\x90N>\xff\x815\x22\xff\x826$\
\xff\x826$\xff\x816$\xff\x816$\xff\x816$\
\xff\x816$\xff\x816$\xff\x816$\xff\x826#\
\xffz=2\xff9\x7f\xba\xff!\x98\xee\xff=|\xb4\
\xff2\x86\xca\xff\x1d\x9c\xf7\xffRf\x86\xfflLP\
\xff%\x94\xe6\xff*\x8f\xdc\xffBw\xaa\xff2\x87\xca\
\xff#\x96\xeb\xff\x5c\x5cr\xff2\x87\xcb\xff\x17\xa2\xff\
\xff)\x91\xde\xff7\x83\xc1\xff:\x80\xba\xffpHI\
\xff\x824 \xff\x8eK;\xff\xf1\xe9\xe8\xff\xc8\xa6\x9f\
\xff\x803!\xff\xb6\x8a\x81\xff\xf5\xef\xee\xff\xd3\xb8\xb2\
\xff\xdd\xc9\xc5\xff\xf2\xea\xe8\xff\xa1gZ\xff\x9b^P\
\xff\xee\xe3\xe1\xff\xe0\xcd\xc9\xff\xd4\xba\xb4\xff\xf5\xef\xed\
\xff\xb5\x88~\xff\xa4l_\xff\xfc\xfa\xf9\xff\xabxm\
\xff\xd1\xb7\xb1\xff\xe8\xda\xd7\xff\x88A0\xff\x91N?\
\xff\xe8\xda\xd7\xff\xec\xe0\xde\xff\x95UF\xff\xcd\xb0\xaa\
\xff\xed\xe2\xe0\xff\x8aD4\xff\xb5\x89\x7f\xff\xfd\xfc\xfc\
\xff\xd7\xbf\xba\xff\x90N>\xff\x815\x22\xff\x826$\
\xff\x826$\xff\x816$\xff\x816$\xff\x816$\
\xff\x816$\xff\x816$\xff\x816$\xff\x834!\
\xff^Zm\xff\x1c\x9d\xf9\xffSd\x83\xff\x826$\
\xffx?7\xffBw\xa9\xffEs\xa1\xfffQ[\
\xffKm\x96\xffrFE\xff\x844 \xffgPZ\
\xff\x1f\x9b\xf6\xffJn\x98\xffmJN\xff.\x8b\xd4\
\xff-\x8c\xd6\xfflLQ\xff\x826%\xff\x816%\
\xff\x815#\xff\x8eK;\xff\xef\xe6\xe5\xff\xc6\xa4\x9c\
\xff\x86=,\xff\xe2\xd0\xcc\xff\xdd\xc9\xc4\xff\x85;)\
\xff\x92QB\xff\xf1\xe9\xe7\xff\xc9\xa8\xa1\xff\xc3\x9f\x98\
\xff\xf4\xed\xeb\xff\x95UF\xff\x85;)\xff\xdb\xc5\xc0\
\xff\xe1\xcf\xcb\xff\xaavk\xff\xfa\xf6\xf5\xff\xabwl\
\xff\xd0\xb5\xaf\xff\xe7\xd9\xd7\xff\x8eI:\xff\xcc\xae\xa7\
\xff\xfa\xf7\xf7\xff\xabym\xff\x804\x22\xff\xcd\xb0\xa9\
\xff\xeb\xe0\xde\xff\x8aD4\xff\xbf\x98\x8f\xff\xf5\xef\xee\
\xff\x96WH\xff\x814\x22\xff\x826$\xff\x816$\
\xff\x816$\xff\x816$\xff\x816$\xff\x816$\
\xff\x816$\xff\x816$\xff\x816$\xff\x835!\
\xffKm\x96\xff \x99\xf1\xffoIK\xff\x835!\
\xff\x826#\xff\x808'\xff\x7f9)\xff\x826#\
\xffwA9\xff[]s\xffEt\xa2\xff+\x8e\xd9\
\xff\x1e\x9b\xf6\xff][q\xff\x853\x1f\xffpHI\
\xff1\x88\xce\xff-\x8c\xd5\xffoIJ\xff\x835\x22\
\xff\x815#\xff\x8eJ;\xff\xef\xe6\xe4\xff\xc6\xa4\x9c\
\xff\x89A0\xff\xe7\xd9\xd6\xff\xd4\xba\xb5\xff\x804\x22\
\xff\x8bE5\xff\xeb\xe0\xdd\xff\xd0\xb4\xae\xff\xcc\xae\xa7\
\xff\xee\xe4\xe2\xff\x8cG7\xff\x803!\xff\xd1\xb5\xaf\
\xff\xe7\xd8\xd5\xff\xad{o\xff\xf9\xf6\xf5\xff\xabwl\
\xff\xcf\xb3\xad\xff\xfa\xf7\xf7\xff\xd6\xbd\xb8\xff\xf9\xf5\xf4\
\xff\xc9\xa8\xa1\xff\x849(\xff\x826$\xff\xcd\xb0\xa9\
\xff\xeb\xe0\xde\xff\x8aC3\xff\xbe\x97\x8e\xff\xf4\xee\xed\
\xff\x93SC\xff\x804!\xff\x826$\xff\x826$\
\xff\x826$\xff\x816$\xff\x816$\xff\x816$\
\xff\x816$\xff\x826$\xff\x816$\xff\x835\x22\
\xffHp\x9c\xff\x22\x97\xed\xffrFE\xff\x835\x22\
\xff\x826$\xff\x835\x22\xff\x834 \xfftD@\
\xff2\x87\xca\xff\x1e\x9b\xf6\xff*\x8f\xdb\xff=|\xb5\
\xff_Yl\xff\x7f9)\xff\x835!\xff\x844\x1f\
\xffrFD\xff.\x8b\xd4\xff8\x81\xbf\xff|<0\
\xff\x814\x22\xff\x8eJ;\xff\xef\xe6\xe4\xff\xc6\xa4\x9d\
\xff\x837%\xff\xd1\xb6\xb0\xff\xef\xe5\xe3\xff\xa3l_\
\xff\xb2\x84y\xff\xf9\xf5\xf4\xff\xb7\x8c\x82\xff\xb1\x83x\
\xff\xf9\xf5\xf4\xff\xb4\x87}\xff\xa2k^\xff\xed\xe3\xe0\
\xff\xd2\xb7\xb1\xff\xa6pd\xff\xfa\xf6\xf6\xff\xaawk\
\xff\xce\xb3\xad\xff\xfd\xfc\xfc\xff\xfe\xfd\xfd\xff\xed\xe3\xe1\
\xff\x92P@\xff\x804!\xff\x826$\xff\xcd\xb1\xaa\
\xff\xec\xe1\xdf\xff\x90N?\xff\xc8\xa7\x9f\xff\xf6\xf1\xf0\
\xff\xa2k_\xff\x84:)\xff\x816$\xff\x816$\
\xff\x816$\xff\x816$\xff\x816$\xff\x816$\
\xff\x826$\xff\x816$\xff\x816$\xff\x834!\
\xffTd\x83\xff\x1d\x9c\xf8\xffdTa\xff\x853\x1e\
\xff\x817&\xffWa}\xffTd\x84\xffWa|\
\xff\x1b\x9e\xfc\xffQg\x88\xff|<0\xff|<0\
\xffpGH\xffx?7\xff_Yk\xfflLQ\
\xff\x862\x1c\xffTd\x83\xff \x99\xf2\xfflKO\
\xff\x800\x1c\xff\x8cG8\xff\xef\xe6\xe4\xff\xc6\xa3\x9b\
\xff~0\x1d\xff\x95UF\xff\xdb\xc6\xc1\xff\xee\xe4\xe2\
\xff\xef\xe5\xe3\xff\xcf\xb2\xab\xff\x8cF5\xff\x89B1\
\xff\xca\xab\xa4\xff\xee\xe4\xe2\xff\xee\xe4\xe2\xff\xdd\xc9\xc5\
\xff\x97XI\xff\xa3k^\xff\xfa\xf7\xf6\xff\xaaxl\
\xff\xd0\xb5\xaf\xff\xe8\xdb\xd8\xff\xc3\xa0\x98\xff\xf5\xef\xee\
\xff\xb4\x87}\xff\x816$\xff\x816$\xff\xc2\x9f\x97\
\xff\xdb\xc6\xc2\xff\xa9uj\xff\xef\xe5\xe3\xff\xfd\xfc\xfc\
\xff\xe0\xce\xca\xff\x95UE\xff\x804\x22\xff\x826$\
\xff\x816$\xff\x816$\xff\x816$\xff\x816$\
\xff\x826$\xff\x816$\xff\x816$\xff\x835\x22\
\xffoHI\xff%\x93\xe5\xff0\x88\xce\xffaWh\
\xffUd\x82\xff\x1f\x9a\xf5\xff>z\xb0\xffcUc\
\xff\x1f\x9a\xf3\xffAx\xab\xffcUd\xffDu\xa6\
\xff(\x92\xe1\xffhPX\xff;~\xb8\xff-\x8c\xd6\
\xff`Yj\xff:~\xba\xff%\x92\xe4\xff~YY\
\xff\xaf|p\xff\xb8\x8e\x85\xff\xf6\xf2\xf1\xff\xdd\xc8\xc3\
\xff\xb1\x81v\xff\xa3k_\xff\x89C2\xff\x98[L\
\xff\x96WH\xff\x85<+\xff\x815#\xff\x815#\
\xff\x85;)\xff\x95UF\xff\x99[L\xff\x89B1\
\xff\x7f2\x1f\xff\xa4m`\xff\xfb\xf9\xf9\xff\xabxl\
\xff\xd1\xb6\xb1\xff\xe7\xd8\xd5\xff\x8dH8\xff\xc6\xa4\x9d\
\xff\xf5\xef\xee\xff\xad|q\xff\x816$\xff\xa4m`\
\xff\xb3\x85{\xff\x89B1\xff\xc7\xa5\x9d\xff\xf5\xf0\xef\
\xff\xa0hZ\xff\x84:(\xff\x816$\xff\x826$\
\xff\x826$\xff\x816$\xff\x816$\xff\x816$\
\xff\x816$\xff\x816$\xff\x816$\xff\x826$\
\xff\x816$\xff`Wh\xff/\x89\xd0\xff%\x94\xe6\
\xff&\x93\xe4\xff>z\xb1\xfftEA\xff\x808(\
\xffSe\x85\xff,\x8d\xd7\xff&\x93\xe4\xff*\x8e\xdb\
\xffQh\x8a\xff\x7f9)\xffnJM\xff9\x80\xbd\
\xff(\x90\xdf\xff/\x89\xd0\xff[Ym\xff\x9b`S\
\xff\xe3\xd2\xcf\xff\xe7\xd8\xd6\xff\xe7\xd9\xd7\xff\xe7\xd9\xd6\
\xff\xe8\xda\xd8\xff\xcb\xac\xa6\xff\x84:)\xff\x804!\
\xff\x804\x22\xff\x816$\xff\x826$\xff\x826$\
\xff\x816$\xff\x814\x22\xff\x804\x22\xff\x815#\
\xff\x804!\xff\x9dbT\xff\xe3\xd3\xcf\xff\xa3k^\
\xff\xc1\x9d\x95\xff\xd3\xb9\xb4\xff\x87?.\xff\x88A0\
\xff\xcc\xad\xa6\xff\xda\xc4\xc0\xff\x94TF\xff\xcd\xb0\xa9\
\xff\xea\xde\xdc\xff\x8dI9\xff\x98[L\xff\xae~r\
\xff\x88A0\xff\x815#\xff\x816$\xff\x816$\
\xff\x816$\xff\x816$\xff\x816$\xff\x816$\
\xff\x816$\xff\x816$\xff\x816$\xff\x816$\
\xff\x816$\xff\x825\x22\xffz=3\xffqGG\
\xffsDB\xff\x7f9*\xff\x835\x22\xff\x826$\
\xff\x826$\xffy=4\xffsC@\xffx>6\
\xff\x816$\xff\x826#\xff\x835\x22\xff~:,\
\xffvB<\xffz=2\xff\x825#\xff\x84:(\
\xff\x8bF5\xff\x8bF6\xff\x8bF6\xff\x8bF6\
\xff\x8cF6\xff\x89B1\xff\x826$\xff\x816$\
\xff\x816$\xff\x816$\xff\x816$\xff\x816$\
\xff\x816$\xff\x826$\xff\x816$\xff\x826$\
\xff\x816$\xff\x84:)\xff\x8bE5\xff\x85;*\
\xff\x88@/\xff\x89C2\xff\x827%\xff\x815#\
\xff\x85<*\xff\x8cG6\xff\x85=+\xff\x95UF\
\xff\x9eeW\xff\x839(\xff\x804\x22\xff\x803!\
\xff\x816#\xff\x816$\xff\x816$\xff\x816$\
\xff\x816$\xff\x816$\xff\x816$\xff\x816$\
\xff\x816$\xff\x816$\xff\x816$\xff\x816$\
\xff\x816$\xff\x816$\xff\x826#\xff\x835\x22\
\xff\x835\x22\xff\x826$\xff\x826$\xff\x826$\
\xff\x827$\xff\x8dF5\xff\x93O>\xff\x8cE4\
\xff\x827%\xff\x816$\xff\x826$\xff\x826#\
\xff\x825\x22\xff\x826#\xff\x826$\xff\x816$\
\xff\x815#\xff\x815#\xff\x815#\xff\x815#\
\xff\x815#\xff\x815#\xff\x826$\xff\x816$\
\xff\x805\x22\xff\x803!\xff\x815#\xff\x815#\
\xff\x815#\xff\x815#\xff\x804\x22\xff\x815#\
\xff\x826$\xff\x816$\xff\x815#\xff\x816$\
\xff\x815#\xff\x815#\xff\x816$\xff\x816$\
\xff\x816#\xff\x815#\xff\x816#\xff\x804\x22\
\xff\x804!\xff\x816$\xff\x816$\xff\x816$\
\xff\x816$\xff\x816$\xff\x816$\xff\x816$\
\xff\x816$\xff\x816$\xff\x816$\xff\x816$\
\xff\x816$\xff\x816$\xff\x816$\xff\x816$\
\xff\x816$\xff\x816$\xff\x816$\xff\x826$\
\xff\x816$\xff\x816$\xff\x826$\xff\x815#\
\xff\xaf~s\xff\xe9\xdb\xd8\xff\xf1\xe9\xe7\xff\xe8\xdb\xd8\
\xff\xaawl\xff\x815\x22\xff\x826$\xff\x826$\
\xff\x826$\xff\x826$\xff\x826$\xff\x826$\
\xff\x826$\xff\x826$\xff\x826$\xff\x826$\
\xff\x826$\xff\x826$\xff\x826$\xff\x815#\
\xff\x93RC\xff\xbd\x95\x8c\xff\xc7\xa6\x9f\xff\xc8\xa7\xa0\
\xff\xc8\xa7\xa0\xff\xc7\xa7\x9f\xff\xbd\x95\x8c\xff\x8dH8\
\xff\x815#\xff\x826$\xff\x826$\xff\x826$\
\xff\x826$\xff\x816$\xff\x816$\xff\x826$\
\xff\x816$\xff\x826$\xff\x826$\xff\x816$\
\xff\x816$\xff\x816$\xff\x816$\xff\x816$\
\xff\x816$\xff\x816$\xff\x816$\xff\x816$\
\xff\x816$\xff\x816$\xff\x816$\xff\x816$\
\xff\x816$\xff\x816$\xff\x816$\xff\x816$\
\xff\x816$\xff\x826$\xff\x816$\xff\x816$\
\xff\x816$\xff\x826$\xff\x826$\xff\x837%\
\xff\xd3\xb8\xb2\xff\xff\xff\xff\xff\xff\xff\xff\xff\xff\xff\xff\
\xff\xbf\x99\x91\xff\x814\x22\xff\x826$\xff\x826$\
\xff\x826$\xff\x826$\xff\x826$\xff\x826$\
\xff\x826$\xff\x826$\xff\x826$\xff\x826$\
\xff\x826$\xff\x826$\xff\x826$\xff\x803!\
\xff\xbf\x98\x90\xff\xff\xff\xff\xff\xff\xff\xff\xff\xff\xff\xff\
\xff\xff\xff\xff\xff\xff\xff\xff\xff\xf3\xec\xeb\xff\x9b^Q\
\xff\x804!\xff\x826$\xff\x826$\xff\x826$\
\xff\x816$\xff\x816$\xff\x826$\xff\x816$\
\xff\x826$\xff\x826$\xff\x826$\xff\x816$\
\xff\x816$\xff\x816$\xff\x816$\xff\x826$\
\xff\x826$\xff\x816$\xff\x816$\xff\x816$\
\xff\x816$\xff\x816$\xff\x816$\xff\x816$\
\xff\x816$\xff\x816$\xff\x816$\xff\x816$\
\xff\x816$\xff\x826$\xff\x816$\xff\x816$\
\xff\x826$\xff\x826$\xff\x826$\xff\x815#\
\xff\xc7\xa6\x9f\xff\xff\xff\xff\xff\xff\xff\xff\xff\xfc\xfb\xfb\
\xff\xa6pd\xff\x803 \xff\x826$\xff\x826$\
\xff\x826$\xff\x826$\xff\x826$\xff\x826$\
\xff\x826$\xff\x826$\xff\x826$\xff\x826$\
\xff\x826$\xff\x826$\xff\x826$\xff\x803 \
\xff\xbe\x97\x8e\xff\xff\xff\xff\xff\xff\xff\xff\xff\xff\xff\xff\
\xff\xf7\xf1\xf1\xff\xc1\x9c\x94\xff\x9b_Q\xff\x84:(\
\xff\x816$\xff\x826$\xff\x826$\xff\x826$\
\xff\x816$\xff\x816$\xff\x816$\xff\x826$\
\xff\x826$\xff\x826$\xff\x816$\xff\x816#\
\xff\x816$\xff\x816$\xff\x816$\xff\x826$\
\xff\x816$\xff\x816$\xff\x816$\xff\x816$\
\xff\x816$\xff\x826$\xff\x816$\xff\x816$\
\xff\x816$\xff\x816$\xff\x816$\xff\x816$\
\xff\x816$\xff\x816$\xff\x816$\xff\x816$\
\xff\x826$\xff\x826$\xff\x826$\xff\x803!\
\xff\xb6\x8b\x81\xff\xff\xff\xff\xff\xff\xff\xff\xff\xfe\xfe\xfe\
\xff\xb0\x80v\xff\x7f2\x1f\xff\x826$\xff\x826$\
\xff\x826$\xff\x826$\xff\x826$\xff\x826$\
\xff\x826$\xff\x826$\xff\x826$\xff\x816$\
\xff\x816$\xff\x816$\xff\x826$\xff\x803 \
\xff\xb9\x8f\x85\xff\xff\xff\xff\xff\xff\xff\xff\xff\xff\xff\xff\
\xff\xc9\xa8\xa1\xff\x816$\xff\x803!\xff\x826$\
\xff\x826$\xff\x826$\xff\x826$\xff\x816$\
\xff\x826$\xff\x826$\xff\x816$\xff\x826$\
\xff\x816$\xff\x826$\xff\x826$\xff\x816$\
\xff\x816$\xff\x816$\xff\x816$\xff\x816$\
\xff\x816$\xff\x816$\xff\x816$\xff\x816$\
\xff\x816$\xff\x816$\xff\x816$\xff\x816$\
\xff\x816$\xff\x816$\xff\x816$\xff\x816$\
\xff\x816$\xff\x826$\xff\x816$\xff\x816$\
\xff\x816$\xff\x826$\xff\x826$\xff\x803!\
\xff\xa0fY\xff\xf9\xf5\xf4\xff\xff\xff\xff\xff\xff\xff\xff\
\xff\xe0\xce\xca\xff\x93SD\xff\x804\x22\xff\x826$\
\xff\x826$\xff\x826$\xff\x826$\xff\x826$\
\xff\x816$\xff\x826$\xff\x826$\xff\x816$\
\xff\x816$\xff\x826$\xff\x826$\xff\x7f3 \
\xff\xbb\x93\x8a\xff\xff\xff\xff\xff\xff\xff\xff\xff\xfe\xfe\xfe\
\xff\xb1\x82w\xff\x803 \xff\x826$\xff\x826$\
\xff\x826$\xff\x826$\xff\x826$\xff\x816$\
\xff\x826$\xff\x816$\xff\x816$\xff\x816$\
\xff\x816$\xff\x816$\xff\x816$\xff\x816$\
\xff\x816$\xff\x816$\xff\x816$\xff\x816$\
\xff\x816$\xff\x816$\xff\x816$\xff\x816$\
\xff\x816$\xff\x816$\xff\x816$\xff\x816$\
\xff\x816$\xff\x816$\xff\x816$\xff\x816$\
\xff\x816$\xff\x816$\xff\x816$\xff\x816$\
\xff\x816$\xff\x826$\xff\x826$\xff\x815#\
\xff\x8fK;\xff\xec\xe1\xdf\xff\xff\xff\xff\xff\xff\xff\xff\
\xff\xff\xff\xff\xff\xe0\xce\xca\xff\x94SD\xff\x804\x22\
\xff\x826$\xff\x826$\xff\x826$\xff\x826$\
\xff\x826$\xff\x826$\xff\x826$\xff\x826$\
\xff\x816$\xff\x826$\xff\x826$\xff\x814\x22\
\xff\xc4\xa1\x99\xff\xff\xff\xff\xff\xff\xff\xff\xff\xfd\xfd\xfc\
\xff\xaczn\xff\x803 \xff\x816$\xff\x816$\
\xff\x816$\xff\x816$\xff\x816$\xff\x816$\
\xff\x826$\xff\x816$\xff\x816$\xff\x816$\
\xff\x826$\xff\x816$\xff\x816$\xff\x816$\
\xff\x816$\xff\x816$\xff\x816$\xff\x816$\
\xff\x816$\xff\x816$\xff\x816$\xff\x816$\
\xff\x816$\xff\x816$\xff\x816$\xff\x816$\
\xff\x816$\xff\x816$\xff\x816$\xff\x816$\
\xff\x816$\xff\x816$\xff\x816$\xff\x816$\
\xff\x826$\xff\x826$\xff\x826$\xff\x815#\
\xff\x87?.\xff\xde\xca\xc6\xff\xff\xff\xff\xff\xff\xff\xff\
\xff\xff\xff\xff\xff\xff\xff\xff\xff\xde\xca\xc6\xff\x91N>\
\xff\x814\x22\xff\x826$\xff\x826$\xff\x816$\
\xff\x826$\xff\x826$\xff\x826$\xff\x816$\
\xff\x816$\xff\x826$\xff\x826$\xff\x838&\
\xff\xd3\xb9\xb3\xff\xff\xff\xff\xff\xff\xff\xff\xff\xfd\xfd\xfc\
\xff\xabym\xff\x803 \xff\x816$\xff\x816$\
\xff\x816$\xff\x816$\xff\x816$\xff\x816$\
\xff\x816$\xff\x816$\xff\x826$\xff\x826$\
\xff\x816$\xff\x816$\xff\x816$\xff\x816$\
\xff\x816$\xff\x816$\xff\x816$\xff\x816$\
\xff\x816$\xff\x816$\xff\x816$\xff\x816$\
\xff\x816$\xff\x816$\xff\x816$\xff\x816$\
\xff\x816$\xff\x816$\xff\x816$\xff\x816$\
\xff\x816$\xff\x816$\xff\x816$\xff\x826$\
\xff\x826$\xff\x826$\xff\x826$\xff\x826$\
\xff\x814\x22\xff\xabxl\xff\xf9\xf5\xf4\xff\xff\xff\xff\
\xff\xff\xff\xff\xff\xff\xff\xff\xff\xff\xff\xff\xff\xd7\xbf\xba\
\xff\x8bF5\xff\x815#\xff\x826$\xff\x826$\
\xff\x826$\xff\x826$\xff\x826$\xff\x826$\
\xff\x826$\xff\x826$\xff\x815#\xff\x89B1\
\xff\xe4\xd4\xd0\xff\xff\xff\xff\xff\xff\xff\xff\xff\xfe\xfd\xfd\
\xff\xaczn\xff\x803 \xff\x826$\xff\x816$\
\xff\x816$\xff\x826$\xff\x816$\xff\x816$\
\xff\x826$\xff\x826$\xff\x826$\xff\x826$\
\xff\x826$\xff\x826$\xff\x816$\xff\x816$\
\xff\x816$\xff\x816$\xff\x816$\xff\x816$\
\xff\x816$\xff\x816$\xff\x816$\xff\x816$\
\xff\x816$\xff\x816$\xff\x816$\xff\x816$\
\xff\x816$\xff\x816$\xff\x816$\xff\x816$\
\xff\x826$\xff\x826$\xff\x826$\xff\x826$\
\xff\x826$\xff\x826$\xff\x826$\xff\x826$\
\xff\x826$\xff\x839'\xff\xc2\x9e\x96\xff\xfe\xfd\xfd\
\xff\xff\xff\xff\xff\xff\xff\xff\xff\xff\xff\xff\xff\xff\xff\xff\
\xff\xc3\x9e\x96\xff\x827%\xff\x826$\xff\x826$\
\xff\x826$\xff\x826$\xff\x826$\xff\x826$\
\xff\x826$\xff\x826$\xff\x804\x22\xff\x95VG\
\xff\xf3\xeb\xea\xff\xff\xff\xff\xff\xff\xff\xff\xff\xfe\xfe\xfe\
\xff\xb0\x81v\xff\x803 \xff\x816$\xff\x826$\
\xff\x816$\xff\x826$\xff\x816$\xff\x816$\
\xff\x816$\xff\x816$\xff\x816$\xff\x826$\
\xff\x826$\xff\x816$\xff\x826$\xff\x816$\
\xff\x816$\xff\x816$\xff\x816$\xff\x816$\
\xff\x816$\xff\x816$\xff\x816$\xff\x826$\
\xff\x816$\xff\x816$\xff\x826$\xff\x816$\
\xff\x816$\xff\x816$\xff\x816$\xff\x816$\
\xff\x816$\xff\x826$\xff\x826$\xff\x826$\
\xff\x826$\xff\x826$\xff\x826$\xff\x826$\
\xff\x826$\xff\x815#\xff\x89B1\xff\xd9\xc3\xbe\
\xff\xff\xff\xff\xff\xff\xff\xff\xff\xff\xff\xff\xff\xff\xff\xff\
\xff\xf3\xec\xeb\xff\x9a]O\xff\x804!\xff\x816$\
\xff\x826$\xff\x826$\xff\x826$\xff\x826$\
\xff\x826$\xff\x826$\xff\x803!\xff\xa9ui\
\xff\xfc\xfb\xfb\xff\xff\xff\xff\xff\xff\xff\xff\xff\xff\xff\xff\
\xff\xb6\x8a\x80\xff\x803 \xff\x816$\xff\x826$\
\xff\x816$\xff\x816$\xff\x816$\xff\x816$\
\xff\x816$\xff\x816$\xff\x816$\xff\x816$\
\xff\x816$\xff\x816$\xff\x816$\xff\x816$\
\xff\x816$\xff\x816$\xff\x816$\xff\x816$\
\xff\x816$\xff\x816$\xff\x816$\xff\x816$\
\xff\x816$\xff\x816$\xff\x816$\xff\x816$\
\xff\x816$\xff\x816$\xff\x816$\xff\x816$\
\xff\x816$\xff\x826$\xff\x826$\xff\x826$\
\xff\x816$\xff\x826$\xff\x826$\xff\x826$\
\xff\x826$\xff\x826$\xff\x803 \xff\xabym\
\xff\xfd\xfb\xfb\xff\xff\xff\xff\xff\xff\xff\xff\xff\xff\xff\xff\
\xff\xff\xff\xff\xff\xc7\xa5\x9d\xff\x826$\xff\x816$\
\xff\x826$\xff\x826$\xff\x826$\xff\x826$\
\xff\x826$\xff\x826$\xff\x814\x22\xff\xc1\x9c\x93\
\xff\xff\xff\xff\xff\xff\xff\xff\xff\xff\xff\xff\xff\xff\xff\xff\
\xff\xb5\x88}\xff\x803 \xff\x816$\xff\x816$\
\xff\x816$\xff\x826$\xff\x816$\xff\x816$\
\xff\x826$\xff\x816$\xff\x816$\xff\x816$\
\xff\x816$\xff\x816$\xff\x816$\xff\x816$\
\xff\x816$\xff\x816$\xff\x816$\xff\x816$\
\xff\x816$\xff\x816$\xff\x816$\xff\x826$\
\xff\x826$\xff\x816$\xff\x826$\xff\x816$\
\xff\x816$\xff\x816$\xff\x816$\xff\x816$\
\xff\x816$\xff\x826$\xff\x826$\xff\x826$\
\xff\x826$\xff\x826$\xff\x826$\xff\x826$\
\xff\x826$\xff\x826$\xff\x815#\xff\x8dH8\
\xff\xe6\xd7\xd4\xff\xff\xff\xff\xff\xff\xff\xff\xff\xff\xff\xff\
\xff\xff\xff\xff\xff\xf0\xe6\xe4\xff\x95UF\xff\x804\x22\
\xff\x826$\xff\x826$\xff\x826$\xff\x826$\
\xff\x826$\xff\x815#\xff\x84:)\xff\xda\xc4\xbf\
\xff\xff\xff\xff\xff\xff\xff\xff\xff\xff\xff\xff\xff\xfe\xfd\xfc\
\xff\xacyn\xff\x7f3 \xff\x816$\xff\x816$\
\xff\x816$\xff\x816$\xff\x826$\xff\x816$\
\xff\x816$\xff\x816$\xff\x816$\xff\x816$\
\xff\x816$\xff\x816$\xff\x816$\xff\x816$\
\xff\x816$\xff\x816$\xff\x816$\xff\x816$\
\xff\x816$\xff\x816$\xff\x816$\xff\x816$\
\xff\x816$\xff\x816$\xff\x816$\xff\x816$\
\xff\x816$\xff\x816$\xff\x816$\xff\x816$\
\xff\x816$\xff\x826$\xff\x816$\xff\x816$\
\xff\x816$\xff\x816$\xff\x816$\xff\x816$\
\xff\x816$\xff\x816$\xff\x816$\xff\x814\x22\
\xff\xb1\x82x\xff\xfd\xfb\xfb\xff\xff\xff\xff\xff\xff\xff\xff\
\xff\xff\xff\xff\xff\xff\xff\xff\xff\xc0\x9b\x92\xff\x815#\
\xff\x826$\xff\x826$\xff\x826$\xff\x827$\
\xff\x815#\xff\x849(\xff\xb3\x85{\xff\xf7\xf2\xf1\
\xff\xff\xff\xff\xff\xff\xff\xff\xff\xff\xff\xff\xff\xf9\xf6\xf5\
\xff\x9feX\xff\x803!\xff\x816$\xff\x816$\
\xff\x816$\xff\x816$\xff\x816$\xff\x816$\
\xff\x816$\xff\x816$\xff\x816$\xff\x816$\
\xff\x816$\xff\x816$\xff\x816$\xff\x816$\
\xff\x816$\xff\x816$\xff\x816$\xff\x816$\
\xff\x816$\xff\x816$\xff\x816$\xff\x816$\
\xff\x816$\xff\x816$\xff\x816$\xff\x816$\
\xff\x816$\xff\x816$\xff\x816$\xff\x816$\
\xff\x826$\xff\x826$\xff\x826$\xff\x816$\
\xff\x826$\xff\x826$\xff\x826$\xff\x816$\
\xff\x816$\xff\x816$\xff\x826$\xff\x804\x22\
\xff\x96VH\xff\xf4\xed\xec\xff\xff\xff\xff\xff\xff\xff\xff\
\xff\xff\xff\xff\xff\xff\xff\xff\xff\xec\xe0\xde\xff\x91O@\
\xff\x815\x22\xff\x826$\xff\x826$\xff\x815\x22\
\xff\x87?.\xff\xc2\x9d\x94\xff\xfa\xf7\xf6\xff\xff\xff\xff\
\xff\xff\xff\xff\xff\xff\xff\xff\xff\xff\xff\xff\xff\xea\xde\xdb\
\xff\x8eJ:\xff\x815#\xff\x816$\xff\x816$\
\xff\x816$\xff\x816$\xff\x816$\xff\x816$\
\xff\x816$\xff\x816$\xff\x816$\xff\x816$\
\xff\x816$\xff\x816$\xff\x816$\xff\x816$\
\xff\x816$\xff\x816$\xff\x816$\xff\x816$\
\xff\x816$\xff\x816$\xff\x816$\xff\x816$\
\xff\x816$\xff\x816$\xff\x816$\xff\x816$\
\xff\x816$\xff\x816$\xff\x816$\xff\x816$\
\xff\x826$\xff\x826$\xff\x816$\xff\x816$\
\xff\x816$\xff\x816$\xff\x816$\xff\x816$\
\xff\x826$\xff\x816$\xff\x816$\xff\x815#\
\xff\x8cG7\xff\xe9\xdc\xd9\xff\xff\xff\xff\xff\xff\xff\xff\
\xff\xff\xff\xff\xff\xff\xff\xff\xff\xff\xff\xff\xff\xbc\x93\x8a\
\xff\x814\x22\xff\x826$\xff\x815\x22\xff\x8aC2\
\xff\xcb\xac\xa5\xff\xfd\xfd\xfc\xff\xff\xff\xff\xff\xff\xff\xff\
\xff\xff\xff\xff\xff\xff\xff\xff\xff\xff\xff\xff\xff\xc3\x9f\x96\
\xff\x815#\xff\x816$\xff\x816$\xff\x816$\
\xff\x816$\xff\x816$\xff\x816$\xff\x816$\
\xff\x816$\xff\x816$\xff\x816$\xff\x816$\
\xff\x816$\xff\x816$\xff\x816$\xff\x816$\
\xff\x816$\xff\x816$\xff\x816$\xff\x816$\
\xff\x816$\xff\x816$\xff\x816$\xff\x816$\
\xff\x816$\xff\x816$\xff\x816$\xff\x816$\
\xff\x816$\xff\x816$\xff\x816$\xff\x816$\
\xff\x816$\xff\x826$\xff\x816$\xff\x816$\
\xff\x816$\xff\x816$\xff\x826$\xff\x826$\
\xff\x816$\xff\x826$\xff\x816$\xff\x816$\
\xff\x85;)\xff\xda\xc4\xbf\xff\xff\xff\xff\xff\xff\xff\xff\
\xff\xff\xff\xff\xff\xff\xff\xff\xff\xff\xff\xff\xff\xe9\xdc\xd9\
\xff\x90L=\xff\x803!\xff\x8aC3\xff\xce\xb1\xab\
\xff\xff\xff\xff\xff\xff\xff\xff\xff\xff\xff\xff\xff\xff\xff\xff\
\xff\xff\xff\xff\xff\xff\xff\xff\xff\xee\xe3\xe1\xff\x95UF\
\xff\x804\x22\xff\x816$\xff\x816$\xff\x816$\
\xff\x816$\xff\x816$\xff\x816$\xff\x816$\
\xff\x816$\xff\x816$\xff\x816$\xff\x816$\
\xff\x816$\xff\x816$\xff\x816$\xff\x816$\
\xff\x816$\xff\x816$\xff\x816$\xff\x816$\
\xff\x816$\xff\x816$\xff\x816$\xff\x816$\
\xff\x816$\xff\x816$\xff\x816$\xff\x816$\
\xff\x816$\xff\x816$\xff\x816$\xff\x816$\
\xff\x816$\xff\x816$\xff\x826$\xff\x816$\
\xff\x826$\xff\x826$\xff\x826$\xff\x826$\
\xff\x816$\xff\x816$\xff\x826$\xff\x816$\
\xff\x815\x22\xff\xc5\xa3\x9b\xff\xff\xff\xff\xff\xff\xff\xff\
\xff\xff\xff\xff\xff\xff\xff\xff\xff\xff\xff\xff\xff\xff\xff\xff\
\xff\xb8\x8d\x84\xff\x89B2\xff\xcf\xb3\xac\xff\xff\xff\xff\
\xff\xff\xff\xff\xff\xff\xff\xff\xff\xff\xff\xff\xff\xff\xff\xff\
\xff\xff\xff\xff\xff\xfe\xfe\xfd\xff\xba\x90\x87\xff\x815#\
\xff\x816$\xff\x816$\xff\x816$\xff\x816$\
\xff\x816$\xff\x816$\xff\x816$\xff\x816$\
\xff\x816$\xff\x816$\xff\x816$\xff\x816$\
\xff\x826$\xff\x816$\xff\x816$\xff\x816$\
\xff\x816$\xff\x816$\xff\x816$\xff\x816$\
\xff\x816$\xff\x816$\xff\x816$\xff\x816$\
\xff\x816$\xff\x816$\xff\x816$\xff\x816$\
\xff\x816$\xff\x816$\xff\x816$\xff\x816$\
\xff\x816$\xff\x816$\xff\x826$\xff\x816$\
\xff\x816$\xff\x826$\xff\x826$\xff\x826$\
\xff\x826$\xff\x816$\xff\x826$\xff\x826$\
\xff\x803 \xff\xae}q\xff\xfe\xfd\xfd\xff\xff\xff\xff\
\xff\xff\xff\xff\xff\xff\xff\xff\xff\xff\xff\xff\xff\xff\xff\xff\
\xff\xe9\xdd\xda\xff\xd7\xbf\xba\xff\xfe\xfe\xfe\xff\xff\xff\xff\
\xff\xff\xff\xff\xff\xff\xff\xff\xff\xff\xff\xff\xff\xff\xff\xff\
\xff\xff\xff\xff\xff\xe0\xcd\xc9\xff\x8bE5\xff\x815#\
\xff\x826$\xff\x816$\xff\x816$\xff\x816$\
\xff\x816$\xff\x816$\xff\x816$\xff\x816$\
\xff\x816$\xff\x816$\xff\x816$\xff\x816$\
\xff\x816$\xff\x816$\xff\x816$\xff\x816$\
\xff\x816$\xff\x816$\xff\x816$\xff\x816$\
\xff\x816$\xff\x816$\xff\x816$\xff\x826$\
\xff\x816$\xff\x816$\xff\x816$\xff\x816$\
\xff\x816$\xff\x816$\xff\x816$\xff\x816$\
\xff\x816$\xff\x816$\xff\x816$\xff\x816$\
\xff\x816$\xff\x816$\xff\x816$\xff\x816$\
\xff\x816$\xff\x816$\xff\x826$\xff\x816$\
\xff\x804\x22\xff\x98YK\xff\xf4\xee\xec\xff\xff\xff\xff\
\xff\xff\xff\xff\xff\xff\xff\xff\xff\xff\xff\xff\xff\xff\xff\xff\
\xff\xff\xff\xff\xff\xff\xff\xff\xff\xff\xff\xff\xff\xff\xff\xff\
\xff\xff\xff\xff\xff\xff\xff\xff\xff\xff\xff\xff\xff\xff\xff\xff\
\xff\xf8\xf3\xf2\xff\xa6pc\xff\x804!\xff\x816$\
\xff\x816$\xff\x816$\xff\x816$\xff\x816$\
\xff\x816$\xff\x816$\xff\x816$\xff\x816$\
\xff\x816$\xff\x816$\xff\x816$\xff\x816$\
\xff\x816$\xff\x816$\xff\x816$\xff\x816$\
\xff\x816$\xff\x816$\xff\x816$\xff\x816$\
\xff\x816$\xff\x816$\xff\x816$\xff\x816$\
\xff\x816$\xff\x816$\xff\x816$\xff\x816$\
\xff\x816$\xff\x816$\xff\x816$\xff\x816$\
\xff\x816$\xff\x816$\xff\x816$\xff\x816$\
\xff\x816$\xff\x816$\xff\x816$\xff\x816$\
\xff\x816$\xff\x826$\xff\x826$\xff\x816$\
\xff\x815#\xff\x88@/\xff\xe0\xcd\xc9\xff\xff\xff\xff\
\xff\xff\xff\xff\xff\xff\xff\xff\xff\xff\xff\xff\xff\xff\xff\xff\
\xff\xff\xff\xff\xff\xff\xff\xff\xff\xff\xff\xff\xff\xff\xff\xff\
\xff\xff\xff\xff\xff\xff\xff\xff\xff\xff\xff\xff\xff\xff\xff\xff\
\xff\xc4\xa1\x99\xff\x838'\xff\x816$\xff\x816$\
\xff\x816$\xff\x816$\xff\x816$\xff\x816$\
\xff\x816$\xff\x816$\xff\x826$\xff\x826$\
\xff\x816$\xff\x816$\xff\x816$\xff\x816$\
\xff\x816$\xff\x816$\xff\x816$\xff\x816$\
\xff\x816$\xff\x816$\xff\x816$\xff\x816$\
\xff\x816$\xff\x816$\xff\x816$\xff\x816$\
\xff\x816$\xff\x816$\xff\x816$\xff\x816$\
\xff\x816$\xff\x816$\xff\x816$\xff\x816$\
\xff\x816$\xff\x816$\xff\x816$\xff\x816$\
\xff\x816$\xff\x816$\xff\x816$\xff\x826$\
\xff\x826$\xff\x816$\xff\x826$\xff\x816$\
\xff\x816$\xff\x804\x22\xff\xbc\x94\x8a\xff\xff\xff\xff\
\xff\xff\xff\xff\xff\xff\xff\xff\xff\xff\xff\xff\xff\xff\xff\xff\
\xff\xff\xff\xff\xff\xff\xff\xff\xff\xff\xff\xff\xff\xff\xff\xff\
\xff\xff\xff\xff\xff\xff\xff\xff\xff\xff\xff\xff\xff\xd6\xbe\xb9\
\xff\x8aD4\xff\x815#\xff\x816$\xff\x816$\
\xff\x816$\xff\x816$\xff\x816$\xff\x816$\
\xff\x816$\xff\x816$\xff\x826$\xff\x816$\
\xff\x816$\xff\x826$\xff\x816$\xff\x826$\
\xff\x826$\xff\x826$\xff\x816$\xff\x816$\
\xff\x816$\xff\x816$\xff\x816$\xff\x826$\
\xff\x816$\xff\x816$\xff\x816$\xff\x816$\
\xff\x826$\xff\x816$\xff\x816$\xff\x816$\
\xff\x816$\xff\x816$\xff\x816$\xff\x816$\
\xff\x816$\xff\x816$\xff\x816$\xff\x816$\
\xff\x816$\xff\x816$\xff\x816$\xff\x816$\
\xff\x816$\xff\x816$\xff\x826$\xff\x816$\
\xff\x816$\xff\x803!\xff\x9edV\xff\xf8\xf4\xf3\
\xff\xff\xff\xff\xff\xff\xff\xff\xff\xff\xff\xff\xff\xff\xff\xff\
\xff\xff\xff\xff\xff\xff\xff\xff\xff\xff\xff\xff\xff\xff\xff\xff\
\xff\xff\xff\xff\xff\xff\xff\xff\xff\xde\xca\xc6\xff\x91N?\
\xff\x804\x22\xff\x816$\xff\x816$\xff\x816$\
\xff\x816$\xff\x816$\xff\x816$\xff\x816$\
\xff\x826$\xff\x826$\xff\x816$\xff\x816$\
\xff\x816$\xff\x816$\xff\x816$\xff\x816$\
\xff\x816$\xff\x816$\xff\x816$\xff\x816$\
\xff\x816$\xff\x816$\xff\x816$\xff\x816$\
\xff\x816$\xff\x816$\xff\x816$\xff\x816$\
\xff\x826$\xff\x816$\xff\x816$\xff\x816$\
\xff\x816$\xff\x816$\xff\x816$\xff\x816$\
\xff\x816$\xff\x816$\xff\x816$\xff\x816$\
\xff\x816$\xff\x816$\xff\x816$\xff\x816$\
\xff\x816$\xff\x816$\xff\x826$\xff\x826$\
\xff\x826$\xff\x804!\xff\x9a^P\xff\xf6\xf1\xf0\
\xff\xff\xff\xff\xff\xff\xff\xff\xff\xff\xff\xff\xff\xff\xff\xff\
\xff\xff\xff\xff\xff\xff\xff\xff\xff\xff\xff\xff\xff\xff\xff\xff\
\xff\xff\xff\xff\xff\xf6\xf1\xf0\xff\x9caS\xff~1\x1f\
\xff\x826$\xff\x816$\xff\x816$\xff\x816$\
\xff\x816$\xff\x816$\xff\x816$\xff\x816$\
\xff\x826$\xff\x826$\xff\x826$\xff\x816$\
\xff\x816$\xff\x816$\xff\x816$\xff\x816$\
\xff\x816$\xff\x816$\xff\x816$\xff\x816$\
\xff\x816$\xff\x816$\xff\x816$\xff\x816$\
\xff\x816$\xff\x816$\xff\x816$\xff\x816$\
\xff\x816$\xff\x816$\xff\x816$\xff\x816$\
\xff\x816$\xff\x816$\xff\x816$\xff\x816$\
\xff\x816$\xff\x816$\xff\x816$\xff\x816$\
\xff\x816$\xff\x826$\xff\x816$\xff\x826$\
\xff\x816$\xff\x826$\xff\x826$\xff\x826$\
\xff\x826$\xff\x804!\xff\x9a]O\xff\xf5\xef\xee\
\xff\xff\xff\xff\xff\xff\xff\xff\xff\xff\xff\xff\xff\xff\xff\xff\
\xff\xff\xff\xff\xff\xff\xff\xff\xff\xff\xff\xff\xff\xff\xff\xff\
\xff\xff\xff\xff\xff\xfa\xf7\xf6\xff\xcc\xad\xa7\xff\x99\x5cN\
\xff\x814\x22\xff\x816$\xff\x816$\xff\x816$\
\xff\x816$\xff\x816$\xff\x816$\xff\x816$\
\xff\x826$\xff\x826$\xff\x826$\xff\x816$\
\xff\x826$\xff\x816$\xff\x816$\xff\x816$\
\xff\x816$\xff\x816$\xff\x816$\xff\x816$\
\xff\x816$\xff\x816$\xff\x816$\xff\x816$\
\xff\x816$\xff\x816$\xff\x816$\xff\x816$\
\xff\x816$\xff\x816$\xff\x816$\xff\x816$\
\xff\x816$\xff\x816$\xff\x816$\xff\x816$\
\xff\x816$\xff\x816$\xff\x816$\xff\x816$\
\xff\x816$\xff\x826$\xff\x816$\xff\x816$\
\xff\x816$\xff\x816$\xff\x826$\xff\x826$\
\xff\x826$\xff\x804!\xff\xba\x91\x87\xff\xff\xff\xff\
\xff\xff\xff\xff\xff\xff\xff\xff\xff\xff\xff\xff\xff\xff\xff\xff\
\xff\xff\xff\xff\xff\xff\xff\xff\xff\xff\xff\xff\xff\xff\xff\xff\
\xff\xff\xff\xff\xff\xff\xff\xff\xff\xff\xff\xff\xff\xdd\xc9\xc4\
\xff\x89A1\xff\x815#\xff\x816$\xff\x816$\
\xff\x816$\xff\x816$\xff\x816$\xff\x816$\
\xff\x826$\xff\x826$\xff\x826$\xff\x826$\
\xff\x816$\xff\x816$\xff\x816$\xff\x816$\
\xff\x816$\xff\x816$\xff\x816$\xff\x816$\
\xff\x816$\xff\x816$\xff\x816$\xff\x816$\
\xff\x826$\xff\x816$\xff\x816$\xff\x816$\
\xff\x816$\xff\x816$\xff\x816$\xff\x816$\
\xff\x816$\xff\x816$\xff\x816$\xff\x816$\
\xff\x816$\xff\x816$\xff\x816$\xff\x816$\
\xff\x816$\xff\x826$\xff\x816$\xff\x816$\
\xff\x816$\xff\x816$\xff\x826$\xff\x826$\
\xff\x826$\xff\x803 \xff\xb5\x89~\xff\xff\xff\xff\
\xff\xff\xff\xff\xff\xff\xff\xff\xff\xff\xff\xff\xff\xff\xff\xff\
\xff\xff\xff\xff\xff\xff\xff\xff\xff\xff\xff\xff\xff\xff\xff\xff\
\xff\xff\xff\xff\xff\xff\xff\xff\xff\xff\xff\xff\xff\xfb\xf8\xf7\
\xff\xa5oc\xff\x803!\xff\x816$\xff\x826$\
\xff\x816$\xff\x815#\xff\x803!\xff\x815#\
\xff\x826$\xff\x826$\xff\x816$\xff\x826$\
\xff\x816$\xff\x816$\xff\x816$\xff\x816$\
\xff\x826$\xff\x826$\xff\x816$\xff\x816$\
\xff\x816$\xff\x816$\xff\x816$\xff\x816$\
\xff\x816$\xff\x816$\xff\x816$\xff\x816$\
\xff\x816$\xff\x816$\xff\x816$\xff\x816$\
\xff\x816$\xff\x816$\xff\x816$\xff\x816$\
\xff\x816$\xff\x816$\xff\x816$\xff\x816$\
\xff\x826$\xff\x826$\xff\x826$\xff\x816$\
\xff\x816$\xff\x816$\xff\x826$\xff\x826$\
\xff\x826$\xff\x804!\xff\x9c`R\xff\xf7\xf2\xf1\
\xff\xff\xff\xff\xff\xff\xff\xff\xff\xff\xff\xff\xff\xff\xff\xff\
\xff\xff\xff\xff\xff\xff\xff\xff\xff\xff\xff\xff\xff\xff\xff\xff\
\xff\xff\xff\xff\xff\xff\xff\xff\xff\xff\xff\xff\xff\xff\xff\xff\
\xff\xc5\xa3\x9b\xff\x815#\xff\x826$\xff\x815#\
\xff\x804\x22\xff\x8bF6\xff\x9c`R\xff\x8cG7\
\xff\x815#\xff\x826$\xff\x826$\xff\x826$\
\xff\x826$\xff\x816$\xff\x816$\xff\x816$\
\xff\x816$\xff\x826$\xff\x816$\xff\x816$\
\xff\x816$\xff\x816$\xff\x816$\xff\x816$\
\xff\x816$\xff\x816$\xff\x826$\xff\x816$\
\xff\x826$\xff\x816$\xff\x816$\xff\x816$\
\xff\x816$\xff\x816$\xff\x816$\xff\x816$\
\xff\x816$\xff\x816$\xff\x816$\xff\x816$\
\xff\x816$\xff\x826$\xff\x826$\xff\x826$\
\xff\x816$\xff\x816$\xff\x826$\xff\x826$\
\xff\x826$\xff\x815#\xff\x8aD3\xff\xe5\xd6\xd3\
\xff\xff\xff\xff\xff\xff\xff\xff\xff\xff\xff\xff\xff\xff\xff\xff\
\xff\xff\xff\xff\xff\xff\xff\xff\xff\xff\xff\xff\xff\xff\xff\xff\
\xff\xff\xff\xff\xff\xff\xff\xff\xff\xff\xff\xff\xff\xff\xff\xff\
\xff\xd9\xc2\xbd\xff\x839'\xff\x804!\xff\x8dG7\
\xff\xb6\x8a\x80\xff\xe5\xd5\xd1\xff\xf8\xf4\xf3\xff\xde\xcb\xc6\
\xff\x94SD\xff\x814\x22\xff\x826$\xff\x826$\
\xff\x826$\xff\x826$\xff\x826$\xff\x826$\
\xff\x816$\xff\x826$\xff\x816$\xff\x816$\
\xff\x816$\xff\x816$\xff\x816$\xff\x816$\
\xff\x816$\xff\x826$\xff\x826$\xff\x826$\
\xff\x826$\xff\x816$\xff\x816$\xff\x816$\
\xff\x816$\xff\x816$\xff\x816$\xff\x816$\
\xff\x816$\xff\x816$\xff\x816$\xff\x826$\
\xff\x826$\xff\x826$\xff\x826$\xff\x816$\
\xff\x816$\xff\x816$\xff\x826$\xff\x826$\
\xff\x826$\xff\x826$\xff\x826$\xff\xcc\xad\xa6\
\xff\xff\xff\xff\xff\xff\xff\xff\xff\xff\xff\xff\xff\xff\xff\xff\
\xff\xff\xff\xff\xff\xff\xff\xff\xff\xff\xff\xff\xff\xff\xff\xff\
\xff\xff\xff\xff\xff\xff\xff\xff\xff\xff\xff\xff\xff\xff\xff\xff\
\xff\xd1\xb6\xb0\xff\x88@0\xff\xad{p\xff\xe3\xd3\xcf\
\xff\xfe\xfd\xfd\xff\xff\xff\xff\xff\xff\xff\xff\xff\xff\xff\xff\
\xff\xd7\xbe\xb9\xff\x8aC2\xff\x815#\xff\x826$\
\xff\x826$\xff\x826$\xff\x826$\xff\x816$\
\xff\x816$\xff\x816$\xff\x816$\xff\x816$\
\xff\x816$\xff\x816$\xff\x816$\xff\x826$\
\xff\x826$\xff\x816$\xff\x826$\xff\x816$\
\xff\x826$\xff\x816$\xff\x816$\xff\x816$\
\xff\x816$\xff\x816$\xff\x816$\xff\x816$\
\xff\x816$\xff\x816$\xff\x826$\xff\x826$\
\xff\x816$\xff\x826$\xff\x816$\xff\x816$\
\xff\x816#\xff\x816$\xff\x816$\xff\x816$\
\xff\x816$\xff\x826$\xff\x803!\xff\xae}r\
\xff\xfe\xfd\xfd\xff\xff\xff\xff\xff\xff\xff\xff\xff\xff\xff\xff\
\xff\xff\xff\xff\xff\xff\xff\xff\xff\xff\xff\xff\xff\xff\xff\xff\
\xff\xff\xff\xff\xff\xff\xff\xff\xff\xff\xff\xff\xff\xff\xff\xff\
\xff\xed\xe3\xe1\xff\xdb\xc6\xc1\xff\xfb\xf8\xf8\xff\xff\xff\xff\
\xff\xff\xff\xff\xff\xff\xff\xff\xff\xff\xff\xff\xff\xff\xff\xff\
\xff\xfe\xfe\xfe\xff\xc2\x9e\x96\xff\x849'\xff\x826$\
\xff\x826$\xff\x826$\xff\x826$\xff\x816$\
\xff\x816$\xff\x826$\xff\x816$\xff\x816$\
\xff\x816$\xff\x816$\xff\x816$\xff\x816$\
\xff\x816$\xff\x826$\xff\x826$\xff\x816$\
\xff\x816$\xff\x816$\xff\x816$\xff\x816$\
\xff\x816$\xff\x816$\xff\x816$\xff\x816$\
\xff\x816$\xff\x816$\xff\x816$\xff\x816$\
\xff\x816$\xff\x816$\xff\x816$\xff\x816$\
\xff\x816$\xff\x816$\xff\x816$\xff\x816$\
\xff\x816$\xff\x826$\xff\x804\x22\xff\x96VG\
\xff\xf2\xeb\xe9\xff\xff\xff\xff\xff\xff\xff\xff\xff\xff\xff\xff\
\xff\xff\xff\xff\xff\xff\xff\xff\xff\xff\xff\xff\xff\xff\xff\xff\
\xff\xff\xff\xff\xff\xff\xff\xff\xff\xff\xff\xff\xff\xff\xff\xff\
\xff\xff\xff\xff\xff\xff\xff\xff\xff\xff\xff\xff\xff\xff\xff\xff\
\xff\xff\xff\xff\xff\xff\xff\xff\xff\xff\xff\xff\xff\xff\xff\xff\
\xff\xff\xff\xff\xff\xf9\xf5\xf4\xff\xa9ui\xff\x804\x22\
\xff\x826$\xff\x816$\xff\x816$\xff\x816$\
\xff\x816$\xff\x826$\xff\x826$\xff\x816$\
\xff\x816$\xff\x816$\xff\x816$\xff\x816$\
\xff\x826$\xff\x816$\xff\x816$\xff\x816$\
\xff\x816$\xff\x816$\xff\x816$\xff\x816$\
\xff\x816$\xff\x816$\xff\x816$\xff\x816$\
\xff\x816$\xff\x816$\xff\x826$\xff\x826$\
\xff\x826$\xff\x826$\xff\x816$\xff\x816$\
\xff\x816$\xff\x816$\xff\x816$\xff\x816$\
\xff\x816$\xff\x826$\xff\x816#\xff\x87>-\
\xff\xde\xca\xc5\xff\xff\xff\xff\xff\xff\xff\xff\xff\xff\xff\xff\
\xff\xff\xff\xff\xff\xff\xff\xff\xff\xff\xff\xff\xff\xff\xff\xff\
\xff\xff\xff\xff\xff\xff\xff\xff\xff\xff\xff\xff\xff\xff\xff\xff\
\xff\xff\xff\xff\xff\xff\xff\xff\xff\xff\xff\xff\xff\xff\xff\xff\
\xff\xfe\xfe\xfe\xff\xd9\xc3\xbe\xff\xca\xaa\xa3\xff\xfd\xfb\xfb\
\xff\xff\xff\xff\xff\xff\xff\xff\xff\xc9\xaa\xa3\xff\x816#\
\xff\x826$\xff\x826$\xff\x826$\xff\x826$\
\xff\x826$\xff\x826$\xff\x826$\xff\x826$\
\xff\x816$\xff\x816$\xff\x826$\xff\x826$\
\xff\x826$\xff\x816$\xff\x816$\xff\x816$\
\xff\x816$\xff\x816$\xff\x816$\xff\x816$\
\xff\x816$\xff\x816$\xff\x816$\xff\x816$\
\xff\x816$\xff\x816$\xff\x816$\xff\x826$\
\xff\x816$\xff\x826$\xff\x816$\xff\x816$\
\xff\x816$\xff\x826$\xff\x826$\xff\x816$\
\xff\x826$\xff\x826$\xff\x826$\xff\x804\x22\
\xff\xc0\x9a\x92\xff\xff\xff\xff\xff\xff\xff\xff\xff\xff\xff\xff\
\xff\xff\xff\xff\xff\xff\xff\xff\xff\xff\xff\xff\xff\xff\xff\xff\
\xff\xff\xff\xff\xff\xff\xff\xff\xff\xff\xff\xff\xff\xff\xff\xff\
\xff\xff\xff\xff\xff\xff\xff\xff\xff\xff\xff\xff\xff\xff\xff\xff\
\xff\xeb\xdf\xdd\xff\x98ZK\xff\x85;*\xff\xd0\xb3\xad\
\xff\xff\xff\xff\xff\xff\xff\xff\xff\xcb\xad\xa6\xff\x816$\
\xff\x826$\xff\x826$\xff\x826$\xff\x826$\
\xff\x826$\xff\x826$\xff\x826$\xff\x816$\
\xff\x826$\xff\x816$\xff\x816$\xff\x826$\
\xff\x826$\xff\x826$\xff\x826$\xff\x816$\
\xff\x826$\xff\x816$\xff\x816$\xff\x816$\
\xff\x816$\xff\x816$\xff\x816$\xff\x816$\
\xff\x816$\xff\x826$\xff\x816$\xff\x826$\
\xff\x816$\xff\x816$\xff\x816$\xff\x816$\
\xff\x826$\xff\x816$\xff\x826$\xff\x826$\
\xff\x826$\xff\x826$\xff\x826$\xff\x803!\
\xff\xa1i\x5c\xff\xf9\xf6\xf5\xff\xff\xff\xff\xff\xff\xff\xff\
\xff\xff\xff\xff\xff\xff\xff\xff\xff\xff\xff\xff\xff\xff\xff\xff\
\xff\xff\xff\xff\xff\xff\xff\xff\xff\xff\xff\xff\xff\xff\xff\xff\
\xff\xff\xff\xff\xff\xff\xff\xff\xff\xff\xff\xff\xff\xff\xff\xff\
\xff\xfb\xf9\xf8\xff\xe3\xd2\xce\xff\xbb\x92\x89\xff\x9dbT\
\xff\xe4\xd3\xd0\xff\xff\xff\xff\xff\xdb\xc5\xc1\xff\x88@/\
\xff\x815#\xff\x826$\xff\x826$\xff\x826$\
\xff\x826$\xff\x826$\xff\x826$\xff\x826$\
\xff\x826$\xff\x816$\xff\x816$\xff\x826$\
\xff\x816$\xff\x816$\xff\x826$\xff\x816$\
\xff\x826$\xff\x816$\xff\x826$\xff\x816$\
\xff\x816#\xff\x816#\xff\x816#\xff\x816#\
\xff\x816#\xff\x816#\xff\x816$\xff\x816$\
\xff\x816$\xff\x816$\xff\x816$\xff\x816$\
\xff\x826$\xff\x826$\xff\x826$\xff\x826$\
\xff\x826$\xff\x816$\xff\x816$\xff\x815#\
\xff\x8bD3\xff\xe5\xd5\xd1\xff\xff\xff\xff\xff\xff\xff\xff\
\xff\xff\xff\xff\xff\xff\xff\xff\xff\xff\xff\xff\xff\xff\xff\xff\
\xff\xff\xff\xff\xff\xff\xff\xff\xff\xff\xff\xff\xff\xff\xff\xff\
\xff\xff\xff\xff\xff\xff\xff\xff\xff\xff\xff\xff\xff\xff\xff\xff\
\xff\xff\xff\xff\xff\xff\xff\xff\xff\xff\xff\xff\xff\xde\xcb\xc6\
\xff\xe7\xd8\xd5\xff\xff\xff\xff\xff\xfd\xfb\xfb\xff\xbf\x98\x90\
\xff\x84:(\xff\x838&\xff\x838&\xff\x838&\
\xff\x838&\xff\x838&\xff\x815\x22\xff\x803!\
\xff\x815#\xff\x815#\xff\x815#\xff\x826$\
\xff\x826$\xff\x816$\xff\x816$\xff\x816$\
\xff\x826$\xff\x816$\xff\x816$\xff\x816$\
\xff\x816$\xff\x816$\xff\x816$\xff\x816$\
\xff\x816$\xff\x816$\xff\x826$\xff\x826$\
\xff\x816$\xff\x816$\xff\x816$\xff\x816$\
\xff\x816$\xff\x826$\xff\x826$\xff\x826$\
\xff\x826$\xff\x826$\xff\x826$\xff\x826$\
\xff\x815\x22\xff\xc0\x9b\x93\xff\xff\xff\xff\xff\xff\xff\xff\
\xff\xff\xff\xff\xff\xff\xff\xff\xff\xff\xff\xff\xff\xff\xff\xff\
\xff\xff\xff\xff\xff\xff\xff\xff\xff\xff\xff\xff\xff\xff\xff\xff\
\xff\xff\xff\xff\xff\xff\xff\xff\xff\xff\xff\xff\xff\xff\xff\xff\
\xff\xff\xff\xff\xff\xff\xff\xff\xff\xff\xff\xff\xff\xff\xff\xff\
\xff\xff\xff\xff\xff\xff\xff\xff\xff\xff\xff\xff\xff\xf8\xf3\xf2\
\xff\xd7\xbe\xb9\xff\xd3\xb8\xb2\xff\xd4\xba\xb4\xff\xd3\xb9\xb3\
\xff\xd3\xb8\xb3\xff\xd2\xb8\xb2\xff\xb5\x88~\xff\x9c`S\
\xff\x8eJ:\xff\x8cF6\xff\x8bE4\xff\x839'\
\xff\x826$\xff\x816$\xff\x816$\xff\x816$\
\xff\x826$\xff\x826$\xff\x826$\xff\x816$\
\xff\x816$\xff\x816$\xff\x816$\xff\x816$\
\xff\x816#\xff\x816$\xff\x816$\xff\x816$\
\xff\x816$\xff\x816$\xff\x816$\xff\x816$\
\xff\x826$\xff\x826$\xff\x826$\xff\x826$\
\xff\x826$\xff\x826$\xff\x826$\xff\x816$\
\xff\x814\x22\xff\x95TE\xff\xec\xe0\xde\xff\xff\xff\xff\
\xff\xff\xff\xff\xff\xff\xff\xff\xff\xff\xff\xff\xff\xff\xff\xff\
\xff\xff\xff\xff\xff\xff\xff\xff\xff\xff\xff\xff\xff\xff\xff\xff\
\xff\xff\xff\xff\xff\xff\xfe\xfe\xff\xfe\xfe\xfe\xff\xff\xff\xff\
\xff\xff\xff\xff\xff\xff\xff\xff\xff\xff\xff\xff\xff\xff\xff\xff\
\xff\xff\xff\xff\xff\xff\xff\xff\xff\xff\xff\xff\xff\xff\xff\xff\
\xff\xff\xff\xff\xff\xff\xff\xff\xff\xff\xff\xff\xff\xff\xff\xff\
\xff\xff\xff\xff\xff\xff\xff\xff\xff\xfc\xfa\xfa\xff\xf4\xed\xec\
\xff\xd7\xbf\xb9\xff\xd2\xb7\xb1\xff\xca\xaa\xa3\xff\x8eI9\
\xff\x815#\xff\x826$\xff\x826$\xff\x826$\
\xff\x826$\xff\x826$\xff\x826$\xff\x816$\
\xff\x816$\xff\x816$\xff\x816$\xff\x816$\
\xff\x816$\xff\x816$\xff\x816$\xff\x816$\
\xff\x816$\xff\x816$\xff\x816$\xff\x826$\
\xff\x826$\xff\x826$\xff\x816$\xff\x826$\
\xff\x826$\xff\x826$\xff\x816$\xff\x816$\
\xff\x816$\xff\x815\x22\xff\xa8sg\xff\xf2\xea\xe8\
\xff\xff\xff\xff\xff\xff\xff\xff\xff\xff\xff\xff\xff\xff\xff\xff\
\xff\xff\xff\xff\xff\xff\xff\xff\xff\xff\xff\xff\xff\xff\xff\xff\
\xff\xff\xff\xff\xff\xf3\xed\xec\xff\xc0\x9b\x92\xff\xb9\x8f\x86\
\xff\xd1\xb5\xaf\xff\xc6\xa4\x9c\xff\xc6\xa3\x9b\xff\xc5\xa2\x9b\
\xff\xc4\xa1\x99\xff\xc3\x9f\x97\xff\xc2\x9d\x95\xff\xc0\x9a\x91\
\xff\xbe\x98\x8f\xff\xbd\x96\x8d\xff\xbd\x96\x8d\xff\xbc\x94\x8b\
\xff\xba\x90\x86\xff\xb7\x8c\x83\xff\xb9\x90\x87\xff\xe3\xd3\xcf\
\xff\x9a]O\xff\x8eJ9\xff\x8dH8\xff\x849'\
\xff\x826$\xff\x816$\xff\x816$\xff\x816$\
\xff\x826$\xff\x826$\xff\x816$\xff\x816$\
\xff\x816$\xff\x816$\xff\x816$\xff\x816$\
\xff\x816$\xff\x816$\xff\x816$\xff\x816$\
\xff\x816$\xff\x816$\xff\x816$\xff\x826$\
\xff\x826$\xff\x816$\xff\x826$\xff\x826$\
\xff\x826$\xff\x816$\xff\x816$\xff\x816$\
\xff\x816$\xff\x816$\xff\x816$\xff\x9ffX\
\xff\xd3\xb8\xb2\xff\xea\xde\xdb\xff\xe7\xd9\xd6\xff\xf1\xe9\xe7\
\xff\xff\xff\xff\xff\xff\xff\xff\xff\xff\xff\xff\xff\xff\xff\xff\
\xff\xff\xff\xff\xff\xfe\xfd\xfd\xff\xd1\xb5\xaf\xff\x849(\
\xff\x837&\xff\x815\x22\xff\x815\x22\xff\x814\x22\
\xff\x804\x22\xff\x814\x22\xff\x804!\xff\x803!\
\xff\x803 \xff\x803!\xff\x803!\xff\x7f3 \
\xff\x803 \xff\x7f2\x1f\xff\x8aC2\xff\xb9\x8e\x85\
\xff\x87?.\xff\x814\x22\xff\x815#\xff\x826$\
\xff\x826$\xff\x816$\xff\x816$\xff\x816$\
\xff\x826$\xff\x826$\xff\x816$\xff\x816$\
\xff\x816$\xff\x816$\xff\x816$\xff\x816$\
\xff\x816$\xff\x816$\xff\x816$\xff\x816$\
\xff\x816$\xff\x816$\xff\x816$\xff\x826$\
\xff\x826$\xff\x826$\xff\x826$\xff\x826$\
\xff\x826$\xff\x816$\xff\x816$\xff\x816$\
\xff\x816$\xff\x816$\xff\x826$\xff\x804\x22\
\xff\x84:(\xff\x8cG7\xff\x90M=\xff\xde\xca\xc6\
\xff\xff\xff\xff\xff\xff\xff\xff\xff\xff\xff\xff\xff\xff\xff\xff\
\xff\xff\xff\xff\xff\xff\xff\xff\xff\xef\xe7\xe5\xff\xb6\x8c\x82\
\xff\x8cF5\xff\x815#\xff\x826$\xff\x826$\
\xff\x826$\xff\x826$\xff\x826$\xff\x826$\
\xff\x826$\xff\x826$\xff\x826$\xff\x826$\
\xff\x826$\xff\x826$\xff\x826$\xff\x827%\
\xff\x816$\xff\x816$\xff\x816$\xff\x826$\
\xff\x816$\xff\x816$\xff\x816$\xff\x816$\
\xff\x816$\xff\x816$\xff\x816$\xff\x816$\
\xff\x816$\xff\x816$\xff\x816$\xff\x816$\
\xff\x816$\xff\x816$\xff\x816$\xff\x816$\
\xff\x816$\xff\x816$\xff\x816$\xff\x826$\
\xff\x826$\xff\x826$\xff\x826$\xff\x826$\
\xff\x826$\xff\x816$\xff\x816$\xff\x826$\
\xff\x816$\xff\x826$\xff\x826$\xff\x816$\
\xff\x816$\xff\x804!\xff\x8cG7\xff\xeb\xdf\xdd\
\xff\xff\xff\xff\xff\xff\xff\xff\xff\xff\xff\xff\xff\xff\xff\xff\
\xff\xff\xff\xff\xff\xff\xff\xff\xff\xff\xff\xff\xff\xf5\xef\xee\
\xff\x9a\x5cN\xff\x804!\xff\x826$\xff\x826$\
\xff\x826$\xff\x826$\xff\x826$\xff\x826$\
\xff\x826$\xff\x826$\xff\x816$\xff\x816$\
\xff\x826$\xff\x826$\xff\x826$\xff\x826$\
\xff\x826$\xff\x816$\xff\x816$\xff\x826$\
\xff\x816$\xff\x816$\xff\x816$\xff\x816$\
\xff\x816$\xff\x816$\xff\x816$\xff\x816$\
\xff\x816$\xff\x816$\xff\x816$\xff\x816$\
\xff\x826$\xff\x826$\xff\x816$\xff\x816$\
\xff\x816$\xff\x816$\xff\x826$\xff\x826$\
\xff\x826$\xff\x826$\xff\x826$\xff\x826$\
\xff\x826$\xff\x826$\xff\x826$\xff\x826$\
\xff\x826$\xff\x826$\xff\x826$\xff\x826$\
\xff\x826$\xff\x815#\xff\x8bD4\xff\xe7\xd8\xd5\
\xff\xff\xff\xff\xff\xff\xff\xff\xff\xff\xff\xff\xff\xff\xff\xff\
\xff\xff\xff\xff\xff\xff\xff\xff\xff\xff\xff\xff\xff\xd0\xb4\xae\
\xff\x86=,\xff\x816#\xff\x826$\xff\x826$\
\xff\x826$\xff\x826$\xff\x826$\xff\x826$\
\xff\x826$\xff\x826$\xff\x826$\xff\x816$\
\xff\x826$\xff\x826$\xff\x826$\xff\x826$\
\xff\x826$\xff\x816$\xff\x816$\xff\x816$\
\xff\x816$\xff\x816$\xff\x816$\xff\x816$\
\xff\x816$\xff\x816$\xff\x816$\xff\x816$\
\xff\x816$\xff\x816$\xff\x816$\xff\x816$\
\xff\x816$\xff\x816$\xff\x816$\xff\x816$\
\xff\x826$\xff\x826$\xff\x826$\xff\x826$\
\xff\x826$\xff\x826$\xff\x826$\xff\x826$\
\xff\x816$\xff\x816#\xff\x816$\xff\x826$\
\xff\x816$\xff\x816$\xff\x826$\xff\x826$\
\xff\x826$\xff\x826$\xff\x837%\xff\xcc\xae\xa7\
\xff\xff\xff\xff\xff\xff\xff\xff\xff\xff\xff\xff\xff\xff\xff\xff\
\xff\xff\xff\xff\xff\xff\xff\xff\xff\xf5\xef\xee\xff\xa0eX\
\xff\x803!\xff\x816$\xff\x826$\xff\x816$\
\xff\x826$\xff\x826$\xff\x826$\xff\x826$\
\xff\x826$\xff\x826$\xff\x816$\xff\x816$\
\xff\x826$\xff\x826$\xff\x826$\xff\x826$\
\xff\x816$\xff\x816$\xff\x816$\xff\x816$\
\xff\x816$\xff\x816$\xff\x816$\xff\x816$\
\xff\x826$\xff\x816$\xff\x816$\xff\x816$\
\xff\x816$\xff\x816$\xff\x816$\xff\x816$\
\xff\x826#\xff\x816$\xff\x826$\xff\x816$\
\xff\x816$\xff\x826$\xff\x826$\xff\x826$\
\xff\x826$\xff\x826$\xff\x826$\xff\x826$\
\xff\x826$\xff\x826$\xff\x826$\xff\x826$\
\xff\x816$\xff\x826$\xff\x826$\xff\x826$\
\xff\x826$\xff\x826$\xff\x804\x22\xff\x9b^P\
\xff\xed\xe3\xe1\xff\xff\xff\xff\xff\xff\xff\xff\xff\xff\xff\xff\
\xff\xff\xff\xff\xff\xf6\xf1\xf0\xff\xb5\x89\x7f\xff\x837%\
\xff\x826$\xff\x826$\xff\x826$\xff\x826$\
\xff\x826$\xff\x826$\xff\x826$\xff\x826$\
\xff\x826$\xff\x826$\xff\x826$\xff\x826$\
\xff\x826$\xff\x826$\xff\x826$\xff\x826$\
\xff\x826$\xff\x816$\xff\x816$\xff\x816$\
\xff\x826$\xff\x816$\xff\x816$\xff\x816$\
\xff\x826$\xff\x826$\xff\x826$\xff\x816$\
\xff\x816$\xff\x816$\xff\x816$\xff\x816$\
\xff\x816$\xff\x816$\xff\x816$\xff\x826$\
\xff\x826$\xff\x816$\xff\x816$\xff\x826$\
\xff\x816$\xff\x816$\xff\x826$\xff\x816$\
\xff\x816$\xff\x816$\xff\x816$\xff\x816$\
\xff\x816$\xff\x816$\xff\x816$\xff\x816$\
\xff\x816$\xff\x816$\xff\x816$\xff\x816#\
\xff\x9dbT\xff\xcd\xae\xa8\xff\xe0\xce\xca\xff\xe1\xcf\xcc\
\xff\xcf\xb2\xac\xff\xa2j]\xff\x838&\xff\x816#\
\xff\x826$\xff\x816$\xff\x816$\xff\x816$\
\xff\x826$\xff\x826$\xff\x826$\xff\x826$\
\xff\x826$\xff\x826$\xff\x816$\xff\x826$\
\xff\x826$\xff\x826$\xff\x826$\xff\x816$\
\xff\x816$\xff\x816$\xff\x816$\xff\x816$\
\xff\x816$\xff\x816$\xff\x816$\xff\x826$\
\xff\x826$\xff\x816$\xff\x826$\xff\x816$\
\xff\x816$\xff\x816$\xff\x816$\xff\x816$\
\xff\x816$\xff\x826$\xff\x816$\xff\x826$\
\xff\x816$\xff\x826$\xff\x816$\xff\x816$\
\xff\x816$\xff\x816$\xff\x826$\xff\x816$\
\xff\x816$\xff\x816$\xff\x826$\xff\x816$\
\xff\x816$\xff\x816$\xff\x816$\xff\x816$\
\xff\x816$\xff\x816$\xff\x816$\xff\x826$\
\xff\x804\x22\xff\x827%\xff\x87?.\xff\x87@/\
\xff\x837%\xff\x804!\xff\x826$\xff\x826$\
\xff\x826$\xff\x826$\xff\x816$\xff\x816$\
\xff\x816$\xff\x826$\xff\x826$\xff\x826$\
\xff\x826$\xff\x816$\xff\x816$\xff\x826$\
\xff\x826$\xff\x826$\xff\x816$\xff\x816$\
\xff\x816$\xff\x816$\xff\x816$\xff\x826$\
\xff\x816$\xff\x816$\xff\x816$\xff\x826$\
\xff\x816$\xff\x816$\xff\x816$\xff\x816$\
\xff\x816$\xff\x816$\xff\x816$\xff\x816$\
\xff\x816$\xff\x816$\xff\x816$\xff\x816$\
\xff\x816$\xff\x816$\xff\x816$\xff\x826$\
\xff\x816$\xff\x816$\xff\x816$\xff\x816$\
\xff\x816$\xff\x816$\xff\x816$\xff\x816$\
\xff\x816$\xff\x816$\xff\x816$\xff\x816$\
\xff\x816$\xff\x816$\xff\x816$\xff\x816$\
\xff\x816$\xff\x816$\xff\x815#\xff\x815#\
\xff\x826$\xff\x826$\xff\x826$\xff\x826$\
\xff\x816$\xff\x816$\xff\x816$\xff\x816$\
\xff\x816$\xff\x816$\xff\x816$\xff\x826$\
\xff\x826$\xff\x816$\xff\x816$\xff\x816$\
\xff\x826$\xff\x826$\xff\x826$\xff\x816$\
\xff\x816$\xff\x816$\xff\x816$\xff\x826$\
\xff\x826$\xff\x816$\xff\x816$\xff\x826$\
\xff\x826$\xff\x816$\xff\x816$\xff\x816$\
\xff\x816$\xff\x816$\xff\x816$\xff\x816$\
\xff\x816#\xff\x816#\xff\x816$\xff\x816$\
\xff\x816$\xff\x816$\xff\x816$\xff\x816$\
\xff\x816$\xff\x816$\xff\x816$\xff\x816$\
\xff\x816$\xff\x816$\xff\x816$\xff\x816$\
\xff\x816$\xff\x816$\xff\x816$\xff\x816$\
\xff\x816$\xff\x816$\xff\x816$\xff\x816$\
\xff\x816$\xff\x816$\xff\x826$\xff\x826$\
\xff\x816$\xff\x826$\xff\x826$\xff\x826$\
\xff\x816$\xff\x816$\xff\x816$\xff\x816$\
\xff\x816$\xff\x816$\xff\x826$\xff\x826$\
\xff\x826$\xff\x816$\xff\x826$\xff\x816$\
\xff\x826$\xff\x826$\xff\x826$\xff\x816$\
\xff\x816$\xff\x816$\xff\x816$\xff\x826$\
\xff\x826$\xff\x816$\xff\x816$\xff\x816$\
\xff\x816$\xff\x816$\xff\x816$\xff\x816$\
\xff\x816$\xff\x816$\xff\x816$\xff\x816$\
\xff\x816$\xff\x816$\xff\x816$\xff\x816$\
\xff\x816$\xff\x816$\xff\x816$\xff\x826$\
\xff\x826$\xff\x816$\xff\x826$\xff\x816$\
\xff\x816$\xff\x816$\xff\x816$\xff\x826$\
\xff\x826$\xff\x816$\xff\x816$\xff\x816$\
\xff\x816$\xff\x826$\xff\x816$\xff\x826$\
\xff\x826$\xff\x826$\xff\x826$\xff\x816$\
\xff\x826$\xff\x826$\xff\x826$\xff\x826$\
\xff\x816$\xff\x816$\xff\x816$\xff\x816$\
\xff\x816$\xff\x816$\xff\x826$\xff\x826$\
\xff\x826$\xff\x826$\xff\x826$\xff\x826$\
\xff\x826$\xff\x826$\xff\x816$\xff\x816$\
\xff\x816$\xff\x816$\xff\x816$\xff\x826$\
\xff\x826$\xff\x816$\xff\x816$\xff\x816$\
\xff\x826$\xff\x826$\xff\x816$\xff\x00\x00\x00\
\x00\x00\x00\x00\x00\x00\x00\x00\x00\x00\x00\x00\x00\x00\x00\x00\
\x00\x00\x00\x00\x00\x00\x00\x00\x00\x00\x00\x00\x00\x00\x00\x00\
\x00\x00\x00\x00\x00\x00\x00\x00\x00\x00\x00\x00\x00\x00\x00\x00\
\x00\x00\x00\x00\x00\x00\x00\x00\x00\x00\x00\x00\x00\x00\x00\x00\
\x00\x00\x00\x00\x00\x00\x00\x00\x00\x00\x00\x00\x00\x00\x00\x00\
\x00\x00\x00\x00\x00\x00\x00\x00\x00\x00\x00\x00\x00\x00\x00\x00\
\x00\x00\x00\x00\x00\x00\x00\x00\x00\x00\x00\x00\x00\x00\x00\x00\
\x00\x00\x00\x00\x00\x00\x00\x00\x00\x00\x00\x00\x00\x00\x00\x00\
\x00\x00\x00\x00\x00\x00\x00\x00\x00\x00\x00\x00\x00\x00\x00\x00\
\x00\x00\x00\x00\x00\x00\x00\x00\x00\x00\x00\x00\x00\x00\x00\x00\
\x00\x00\x00\x00\x00\x00\x00\x00\x00\x00\x00\x00\x00\x00\x00\x00\
\x00\x00\x00\x00\x00\x00\x00\x00\x00\x00\x00\x00\x00\x00\x00\x00\
\x00\x00\x00\x00\x00\x00\x00\x00\x00\x00\x00\x00\x00\x00\x00\x00\
\x00\x00\x00\x00\x00\x00\x00\x00\x00\x00\x00\x00\x00\x00\x00\x00\
\x00\x00\x00\x00\x00\x00\x00\x00\x00\x00\x00\x00\x00\x00\x00\x00\
\x00\x00\x00\x00\x00\x00\x00\x00\x00\x00\x00\x00\x00\x00\x00\x00\
\x00\x00\x00\x00\x00\x00\x00\x00\x00\x00\x00\x00\x00\x00\x00\x00\
\x00\x00\x00\x00\x00\x00\x00\x00\x00\x00\x00\x00\x00\x00\x00\x00\
\x00\x00\x00\x00\x00\x00\x00\x00\x00\x00\x00\x00\x00\x00\x00\x00\
\x00\x00\x00\x00\x00\x00\x00\x00\x00\x00\x00\x00\x00\x00\x00\x00\
\x00\x00\x00\x00\x00\x00\x00\x00\x00\x00\x00\x00\x00\x00\x00\x00\
\x00\x00\x00\x00\x00\x00\x00\x00\x00\x00\x00\x00\x00\x00\x00\x00\
\x00\x00\x00\x00\x00\x00\x00\x00\x00\x00\x00\x00\x00\x00\x00\x00\
\x00\x00\x00\x00\x00\x00\x00\x00\x00\x00\x00\x00\x00\x00\x00\x00\
\x00\x00\x00\x00\x00\x00\x00\x00\x00\x00\x00\x00\x00\x00\x00\x00\
\x00\x00\x00\x00\x00\x00\x00\x00\x00\x00\x00\x00\x00\x00\x00\x00\
\x00\x00\x00\x00\x00\x00\x00\x00\x00\x00\x00\x00\x00\x00\x00\x00\
\x00\x00\x00\x00\x00\x00\x00\x00\x00\x00\x00\x00\x00\x00\x00\x00\
\x00\x00\x00\x00\x00\x00\x00\x00\x00\x00\x00\x00\x00\x00\x00\x00\
\x00\x00\x00\x00\x00\x00\x00\x00\x00\x00\x00\x00\x00\x00\x00\x00\
\x00\x00\x00\x00\x00\x00\x00\x00\x00\x00\x00\x00\x00\x00\x00\x00\
\x00\x00\x00\x00\x00\x00\x00\x00\x00\x00\x00\x00\x00(\x00\x00\
\x00H\x00\x00\x00\x90\x00\x00\x00\x01\x00 \x00\x00\x00\x00\
\x00\x00Q\x00\x00\xc3\x0e\x00\x00\xc3\x0e\x00\x00\x00\x00\x00\
\x00\x00\x00\x00\x00\x816$\xff\x816$\xff\x816$\
\xff\x816$\xff\x816$\xff\x816$\xff\x816$\
\xff\x816$\xff\x826$\xff\x816$\xff\x826$\
\xff\x826$\xff\x826$\xff\x826$\xff\x826$\
\xff\x826$\xff\x826$\xff\x826$\xff\x826$\
\xff\x816$\xff\x816$\xff\x826$\xff\x826$\
\xff\x816$\xff\x826$\xff\x826$\xff\x816$\
\xff\x826$\xff\x826$\xff\x826$\xff\x826$\
\xff\x816$\xff\x816$\xff\x816$\xff\x826$\
\xff\x816$\xff\x816$\xff\x816$\xff\x816$\
\xff\x816$\xff\x826$\xff\x826$\xff\x826$\
\xff\x816$\xff\x816$\xff\x826$\xff\x816$\
\xff\x816$\xff\x816$\xff\x816$\xff\x816$\
\xff\x816$\xff\x826$\xff\x816$\xff\x816$\
\xff\x816$\xff\x816$\xff\x816$\xff\x816$\
\xff\x816$\xff\x826$\xff\x816$\xff\x816$\
\xff\x816$\xff\x816$\xff\x816$\xff\x816$\
\xff\x816$\xff\x816$\xff\x826$\xff\x826$\
\xff\x816$\xff\x816$\xff\x816$\xff\x816$\
\xff\x816$\xff\x816$\xff\x816$\xff\x816$\
\xff\x816$\xff\x816$\xff\x816$\xff\x816$\
\xff\x816$\xff\x826$\xff\x826$\xff\x826$\
\xff\x826$\xff\x816$\xff\x826$\xff\x826$\
\xff\x816$\xff\x816$\xff\x826$\xff\x826$\
\xff\x826$\xff\x816$\xff\x816$\xff\x826$\
\xff\x816$\xff\x826$\xff\x816$\xff\x816$\
\xff\x816$\xff\x816$\xff\x816$\xff\x816$\
\xff\x816$\xff\x816$\xff\x816$\xff\x816$\
\xff\x816$\xff\x816$\xff\x816$\xff\x816$\
\xff\x816$\xff\x816$\xff\x816$\xff\x816$\
\xff\x816$\xff\x816$\xff\x816$\xff\x816$\
\xff\x816$\xff\x816$\xff\x816$\xff\x816$\
\xff\x816$\xff\x816$\xff\x816$\xff\x816$\
\xff\x816$\xff\x816$\xff\x816$\xff\x816$\
\xff\x816$\xff\x816$\xff\x816$\xff\x816$\
\xff\x826$\xff\x816$\xff\x826$\xff\x816$\
\xff\x816$\xff\x816$\xff\x816$\xff\x816$\
\xff\x816$\xff\x816$\xff\x826$\xff\x816$\
\xff\x816$\xff\x816$\xff\x826$\xff\x826$\
\xff\x826$\xff\x826$\xff\x826$\xff\x826$\
\xff\x816$\xff\x816$\xff\x826$\xff\x826$\
\xff\x816$\xff\x816$\xff\x826$\xff\x826$\
\xff\x826$\xff\x816$\xff\x816$\xff\x826$\
\xff\x816$\xff\x816$\xff\x816$\xff\x816$\
\xff\x816$\xff\x816$\xff\x816$\xff\x816$\
\xff\x816$\xff\x816$\xff\x816$\xff\x816$\
\xff\x816$\xff\x816$\xff\x816$\xff\x816$\
\xff\x816$\xff\x816$\xff\x816$\xff\x816$\
\xff\x816$\xff\x816$\xff\x816$\xff\x816$\
\xff\x816$\xff\x816$\xff\x816$\xff\x816$\
\xff\x816$\xff\x816$\xff\x816$\xff\x816$\
\xff\x816$\xff\x816$\xff\x816$\xff\x816$\
\xff\x826$\xff\x816$\xff\x816$\xff\x816$\
\xff\x816$\xff\x816$\xff\x816$\xff\x816$\
\xff\x816$\xff\x816$\xff\x816$\xff\x816$\
\xff\x816$\xff\x816$\xff\x826$\xff\x816$\
\xff\x826$\xff\x816$\xff\x816$\xff\x826$\
\xff\x826$\xff\x826$\xff\x826$\xff\x826$\
\xff\x826$\xff\x826$\xff\x826$\xff\x826$\
\xff\x826$\xff\x816$\xff\x826$\xff\x826$\
\xff\x826$\xff\x826$\xff\x816$\xff\x826$\
\xff\x816$\xff\x816$\xff\x816$\xff\x826$\
\xff\x816$\xff\x816$\xff\x816$\xff\x816$\
\xff\x816$\xff\x816$\xff\x816$\xff\x816$\
\xff\x816$\xff\x816$\xff\x816$\xff\x816$\
\xff\x816$\xff\x816$\xff\x816$\xff\x816$\
\xff\x816$\xff\x816$\xff\x816$\xff\x816$\
\xff\x826$\xff\x816$\xff\x816$\xff\x816$\
\xff\x816$\xff\x816$\xff\x816$\xff\x816$\
\xff\x816$\xff\x816$\xff\x816$\xff\x816$\
\xff\x816$\xff\x816$\xff\x816$\xff\x816$\
\xff\x816$\xff\x816$\xff\x816$\xff\x816$\
\xff\x816$\xff\x816$\xff\x816$\xff\x816$\
\xff\x816$\xff\x816$\xff\x826$\xff\x826$\
\xff\x826$\xff\x826#\xff\x825\x22\xff\x825\x22\
\xff\x826$\xff\x826$\xff\x826$\xff\x826$\
\xff\x826$\xff\x826#\xff\x835\x22\xff\x826#\
\xff\x826$\xff\x826$\xff\x826$\xff\x826#\
\xff\x826#\xff\x826#\xff\x826#\xff\x826#\
\xff\x826$\xff\x816$\xff\x816$\xff\x816#\
\xff\x815#\xff\x816$\xff\x816$\xff\x816$\
\xff\x816$\xff\x815#\xff\x805#\xff\x816$\
\xff\x816$\xff\x816$\xff\x816$\xff\x816$\
\xff\x815#\xff\x815#\xff\x816$\xff\x816$\
\xff\x816$\xff\x816$\xff\x816$\xff\x826$\
\xff\x816#\xff\x816$\xff\x816$\xff\x816$\
\xff\x816$\xff\x816$\xff\x816$\xff\x816$\
\xff\x816$\xff\x816$\xff\x816$\xff\x816$\
\xff\x816$\xff\x815#\xff\x816$\xff\x816$\
\xff\x816$\xff\x816$\xff\x816$\xff\x816$\
\xff\x816$\xff\x816$\xff\x816$\xff\x816$\
\xff\x816$\xff\x816$\xff\x816$\xff\x826$\
\xff\x835\x22\xff~:,\xffvB=\xffvB<\
\xff\x7f:+\xff\x835\x22\xff\x826$\xff\x836#\
\xff\x817%\xffz>4\xffuC>\xffy?6\
\xff\x817%\xff\x835\x22\xff\x7f9*\xff};.\
\xff};.\xff};.\xff};.\xff};-\
\xff\x817&\xff\x826$\xff\x816$\xff\x86=,\
\xff\x88A1\xff\x838'\xff\x816$\xff\x815\x22\
\xff\x839'\xff\x8dH8\xff\x8dH8\xff\x839'\
\xff\x815\x22\xff\x816$\xff\x815#\xff\x827%\
\xff\x8aD4\xff\x8bF6\xff\x828&\xff\x805\x22\
\xff\x827$\xff\x86=,\xff\x86=+\xff\x838%\
\xff\x86=,\xff\x85<*\xff\x826$\xff\x816$\
\xff\x826$\xff\x86=+\xff\x86=,\xff\x839'\
\xff\x86=,\xff\x85;)\xff\x826$\xff\x815#\
\xff\x85;)\xff\x89B1\xff\x85;)\xff\x816$\
\xff\x816$\xff\x826$\xff\x816$\xff\x816$\
\xff\x816$\xff\x816$\xff\x816$\xff\x816$\
\xff\x816$\xff\x816$\xff\x826$\xff\x826$\
\xffcUb\xff6\x82\xc1\xff(\x91\xe2\xff(\x91\xe1\
\xff9\x80\xbc\xffiOW\xff\x835\x22\xffvB;\
\xffGq\x9e\xff,\x8d\xd8\xff(\x91\xe2\xff+\x8e\xd9\
\xffEs\xa2\xffvA;\xffSe\x85\xff/\x8a\xd0\
\xff1\x88\xcd\xff0\x8a\xd0\xff/\x8b\xd2\xff2\x87\xc9\
\xffmKO\xff\x835\x22\xff\x815#\xff\xba\x92\x8a\
\xff\xdf\xcc\xc9\xff\x95UF\xff\x803 \xff\x92PA\
\xff\xcd\xaf\xa9\xff\xea\xde\xdc\xff\xeb\xde\xdc\xff\xcd\xaf\xa8\
\xff\x92O@\xff\x804!\xff\x8dI9\xff\xc6\xa4\x9c\
\xff\xe7\xd9\xd6\xff\xe9\xdb\xd9\xff\xcb\xac\xa6\xff\x91O?\
\xff\x87>-\xff\xd1\xb6\xaf\xff\xcb\xad\xa6\xff\x92PA\
\xff\xd5\xbd\xb8\xff\xc4\xa0\x98\xff\x849(\xff\x804!\
\xff\xa5ob\xff\xe1\xce\xca\xff\xc6\xa3\x9c\xff\x96WI\
\xff\xd9\xc2\xbd\xff\xbf\x99\x91\xff\x816$\xff\x99\x5cN\
\xff\xd7\xbf\xba\xff\xe6\xd8\xd5\xff\xabyn\xff\x804!\
\xff\x826$\xff\x826$\xff\x826$\xff\x816$\
\xff\x816$\xff\x816$\xff\x816$\xff\x816$\
\xff\x816$\xff\x816$\xff\x835!\xffiOV\
\xff#\x96\xea\xff&\x93\xe4\xffLm\x94\xffFr\xa0\
\xff\x1f\x9a\xf5\xff(\x91\xe0\xffpHH\xffFr\x9f\
\xff\x1a\x9f\xff\xff;~\xb8\xffSf\x86\xffAx\xaa\
\xff\x1c\x9d\xfa\xffEt\xa3\xffUc\x80\xff\x1c\x9e\xfc\
\xff\x1c\x9e\xfc\xff:\x7f\xb9\xffEu\xa3\xffGs\x9f\
\xffrFD\xff\x836\x22\xff\x804\x22\xff\xcb\xad\xa6\
\xff\xfa\xf7\xf6\xff\x9a]O\xff\x84:)\xff\xd4\xba\xb5\
\xff\xf8\xf4\xf3\xff\xc1\x9c\x94\xff\xc3\x9f\x98\xff\xf9\xf6\xf5\
\xff\xd3\xb9\xb3\xff\x88?/\xff\xcb\xab\xa5\xff\xfa\xf7\xf6\
\xff\xc7\xa5\x9d\xff\xc2\x9e\x96\xff\xf8\xf3\xf2\xff\xd4\xba\xb5\
\xff\x8eJ:\xff\xeb\xde\xdb\xff\xe3\xd3\xcf\xff\x97YK\
\xff\xf1\xe9\xe8\xff\xd9\xc2\xbd\xff\x839'\xff\x91O?\
\xff\xe7\xd9\xd6\xff\xf9\xf6\xf5\xff\xa6pd\xff\x95VG\
\xff\xf6\xf1\xf1\xff\xd3\xb9\xb4\xff\x815#\xff\xc1\x9b\x93\
\xff\xff\xff\xff\xff\xd5\xbb\xb6\xff\x98ZL\xff\x815\x22\
\xff\x816$\xff\x826$\xff\x826$\xff\x816$\
\xff\x816$\xff\x816$\xff\x816$\xff\x816$\
\xff\x816$\xff\x816$\xff\x816%\xffBv\xa7\
\xff\x1b\x9e\xfc\xff]Zn\xff\x844 \xff\x816$\
\xffUc\x81\xff7\x82\xbf\xffcUc\xff[]t\
\xffUc\x81\xff~:-\xff\x853\x1d\xffpGG\
\xff%\x95\xe8\xff/\x8a\xd3\xffy>6\xffQf\x87\
\xff\x1f\x9a\xf3\xff:~\xba\xffx@9\xff\x844\x1f\
\xff\x826#\xff\x826$\xff\x805\x22\xff\xca\xab\xa4\
\xff\xf8\xf5\xf4\xff\x99[M\xff\x93RC\xff\xf4\xee\xec\
\xff\xd6\xbe\xb8\xff\x827%\xff\x849'\xff\xd9\xc2\xbe\
\xff\xf3\xec\xea\xff\xa3l`\xff\xef\xe5\xe3\xff\xde\xca\xc5\
\xff\x85;*\xff\x827%\xff\xd4\xba\xb4\xff\xf5\xee\xed\
\xff\x9ecV\xff\xe8\xda\xd7\xff\xe2\xd1\xcd\xff\x97XJ\
\xff\xef\xe7\xe5\xff\xda\xc3\xbe\xff\x88@/\xff\xcc\xad\xa6\
\xff\xff\xff\xff\xff\xc2\x9e\x96\xff\x816$\xff\x95VH\
\xff\xf4\xef\xee\xff\xd2\xb7\xb2\xff\x815#\xff\xc6\xa4\x9b\
\xff\xfb\xf9\xf9\xff\x9eeW\xff\x7f2 \xff\x826$\
\xff\x826$\xff\x816$\xff\x816$\xff\x816$\
\xff\x816$\xff\x816$\xff\x816$\xff\x816$\
\xff\x816$\xff\x826#\xff|;.\xff0\x88\xce\
\xff&\x93\xe5\xffuC>\xff\x835\x22\xff\x826$\
\xff\x826%\xff\x808(\xff\x817&\xff\x835\x22\
\xffvB<\xff][o\xffIo\x99\xff/\x8a\xd1\
\xff\x19\xa0\xff\xffAx\xab\xff\x817'\xff\x817&\
\xffVb\x7f\xff \x9a\xf3\xff8\x80\xbd\xffwA:\
\xff\x836\x22\xff\x827$\xff\x804\x22\xff\xca\xab\xa4\
\xff\xf8\xf5\xf4\xff\x98[L\xff\x98ZK\xff\xf7\xf3\xf2\
\xff\xce\xb0\xaa\xff\x815\x22\xff\x826$\xff\xd0\xb5\xaf\
\xff\xf6\xf0\xef\xff\xaczp\xff\xf3\xec\xea\xff\xd5\xbc\xb6\
\xff\x826$\xff\x814\x22\xff\xca\xaa\xa3\xff\xf8\xf3\xf3\
\xff\xa3k_\xff\xe8\xda\xd7\xff\xe2\xd1\xcd\xff\x97XJ\
\xff\xee\xe4\xe3\xff\xf4\xee\xec\xff\xce\xb1\xaa\xff\xfa\xf7\xf7\
\xff\xdf\xcc\xc8\xff\x8cG6\xff\x803 \xff\x96WH\
\xff\xf4\xef\xee\xff\xd2\xb7\xb2\xff\x815#\xff\xc6\xa3\x9b\
\xff\xfb\xf9\xf9\xff\x9feX\xff\x803!\xff\x826$\
\xff\x826$\xff\x826$\xff\x816$\xff\x816$\
\xff\x816$\xff\x816$\xff\x816$\xff\x826$\
\xff\x816$\xff\x826#\xffz=3\xff-\x8c\xd6\
\xff*\x8f\xdd\xffy?7\xff\x836#\xff\x826$\
\xff\x835\x22\xff\x834 \xff\x845!\xffgR\x5c\
\xff+\x8e\xd9\xff\x1b\x9e\xfc\xff\x1f\x9a\xf3\xff+\x8e\xda\
\xffGq\x9d\xffuC=\xff\x835\x22\xff\x835!\
\xff\x826$\xffX`y\xff\x1f\x9b\xf4\xffCv\xa7\
\xff\x7f9)\xff\x826$\xff\x804\x22\xff\xca\xab\xa4\
\xff\xf8\xf4\xf4\xff\x99\x5cM\xff\x8dH8\xff\xec\xe0\xde\
\xff\xe6\xd7\xd4\xff\x93QB\xff\x94TE\xff\xe8\xda\xd8\
\xff\xea\xde\xdb\xff\x96XI\xff\xe5\xd6\xd3\xff\xeb\xdf\xdc\
\xff\x96VH\xff\x92PA\xff\xe4\xd4\xd0\xff\xed\xe3\xe1\
\xff\x98YK\xff\xe9\xdb\xd8\xff\xe2\xd0\xcc\xff\x96XJ\
\xff\xed\xe4\xe2\xff\xff\xff\xff\xff\xff\xff\xff\xff\xf5\xf0\xef\
\xff\xa0fY\xff\x803!\xff\x814\x22\xff\x96WH\
\xff\xf4\xef\xee\xff\xd2\xb7\xb2\xff\x838&\xff\xc8\xa7\x9f\
\xff\xfb\xf9\xf9\xff\xa2k^\xff\x826$\xff\x826$\
\xff\x816$\xff\x826$\xff\x816$\xff\x816$\
\xff\x816$\xff\x816$\xff\x826$\xff\x826$\
\xff\x816$\xff\x826#\xff~:,\xff3\x85\xc8\
\xff#\x95\xea\xffrFC\xff\x835!\xff\x835\x22\
\xfftC?\xffdSa\xffsEC\xff<}\xb6\
\xff\x1b\x9e\xfc\xffLl\x93\xfflLP\xffy?6\
\xff\x7f9*\xff\x817&\xffy?6\xffsEB\
\xff\x808'\xff\x817&\xff>z\xb1\xff!\x98\xef\
\xffnIK\xff\x824!\xff\x803!\xff\xca\xaa\xa4\
\xff\xf8\xf4\xf4\xff\x99\x5cN\xff\x803 \xff\xb4\x87}\
\xff\xf5\xf0\xef\xff\xed\xe2\xe0\xff\xee\xe3\xe1\xff\xf6\xf1\xf0\
\xff\xb5\x88}\xff\x815\x22\xff\xae}r\xff\xf4\xee\xec\
\xff\xee\xe4\xe2\xff\xed\xe2\xe0\xff\xf7\xf2\xf1\xff\xb7\x8c\x83\
\xff\x8aC2\xff\xe9\xdc\xd9\xff\xe2\xd1\xcd\xff\x96XJ\
\xff\xee\xe6\xe4\xff\xe3\xd2\xcf\xff\xdb\xc6\xc1\xff\xf8\xf4\xf3\
\xff\xabyn\xff\x815\x22\xff\x804\x22\xff\x95WH\
\xff\xf4\xee\xee\xff\xd1\xb5\xb0\xff\xaczp\xff\xf1\xe9\xe7\
\xff\xfe\xfe\xfe\xff\xe5\xd7\xd4\xff\xa6qe\xff\x804\x22\
\xff\x816$\xff\x826$\xff\x816$\xff\x816$\
\xff\x816$\xff\x816$\xff\x816$\xff\x816$\
\xff\x816$\xff\x816$\xff\x825#\xffKl\x94\
\xff\x19\xa0\xff\xffMk\x91\xff~:,\xff{=2\
\xff>{\xb2\xff\x1d\x9c\xf8\xff[\x5cr\xff9\x7f\xbb\
\xff \x9a\xf3\xffiOW\xff\x817%\xffhQZ\
\xff:\x7f\xbb\xff\x5c\x5cq\xffWa|\xff'\x92\xe2\
\xffcUc\xff~:+\xff?y\xaf\xff\x1f\x9a\xf5\
\xffmPV\xff\x8cB0\xff\x89C2\xff\xce\xb1\xab\
\xff\xf9\xf5\xf5\xff\xa1i\x5c\xff\x89B2\xff\x89A1\
\xff\xa0gZ\xff\xbe\x98\x8f\xff\xbf\x99\x90\xff\xa1i\x5c\
\xff\x849'\xff\x816#\xff\x838&\xff\x9edW\
\xff\xbd\x96\x8d\xff\xbf\x99\x90\xff\xa2j]\xff\x839'\
\xff\x89B1\xff\xe9\xdc\xd9\xff\xe2\xd1\xcd\xff\x96XJ\
\xff\xef\xe7\xe5\xff\xd7\xbe\xb9\xff\x94TE\xff\xe2\xd1\xcd\
\xff\xf2\xea\xe9\xff\xa3k_\xff\x804!\xff\x89C2\
\xff\xb5\x89\x7f\xff\xa4m`\xff\x97YJ\xff\xde\xca\xc6\
\xff\xfe\xfe\xfe\xff\xc5\xa4\x9c\xff\x95UF\xff\x815#\
\xff\x826$\xff\x826$\xff\x826$\xff\x816$\
\xff\x816$\xff\x816$\xff\x816$\xff\x816$\
\xff\x816$\xff\x816$\xff\x825\x22\xffsDB\
\xff0\x88\xce\xff\x1c\x9c\xf9\xff1\x88\xcc\xff/\x8a\xd1\
\xff\x1c\x9d\xfb\xff:\x7f\xb9\xffz=2\xff\x5c[p\
\xff \x99\xf0\xff%\x94\xe6\xff1\x88\xcb\xff#\x96\xeb\
\xff\x22\x97\xee\xffeR^\xffpGG\xff+\x8e\xda\
\xff$\x95\xe8\xff1\x88\xcc\xff\x1e\x9b\xf5\xff;z\xb3\
\xff\x8eZQ\xff\xe1\xcd\xc9\xff\xe7\xd9\xd7\xff\xf6\xf1\xf0\
\xff\xff\xff\xff\xff\xec\xe1\xdf\xff\xe9\xdb\xd9\xff\xbf\x99\x91\
\xff\x803!\xff\x804!\xff\x804!\xff\x804!\
\xff\x826$\xff\x816$\xff\x816$\xff\x804!\
\xff\x804!\xff\x804!\xff\x804!\xff\x815#\
\xff\x8aC2\xff\xea\xde\xdb\xff\xe3\xd2\xce\xff\x97YJ\
\xff\xf0\xe9\xe7\xff\xd9\xc2\xbd\xff\x838&\xff\x99[M\
\xff\xeb\xde\xdc\xff\xed\xe3\xe1\xff\x9c`R\xff\x92QA\
\xff\xde\xcb\xc7\xff\xc4\xa0\x98\xff\x805\x22\xff\xb9\x8e\x85\
\xff\xe6\xd7\xd4\xff\x98ZL\xff\x7f3 \xff\x826$\
\xff\x816$\xff\x826$\xff\x816$\xff\x816$\
\xff\x816$\xff\x816$\xff\x816$\xff\x816$\
\xff\x816$\xff\x816$\xff\x816$\xff\x825\x22\
\xffsDA\xffMj\x90\xff;}\xb8\xff<|\xb5\
\xffSd\x84\xffy?7\xff\x835\x22\xff\x807'\
\xffeR^\xffGr\x9f\xff={\xb3\xffGq\x9f\
\xffhPY\xff\x817%\xff\x826#\xffoHI\
\xffLl\x93\xffAw\xaa\xffTd\x82\xffx>6\
\xff\x8eI9\xff\xbe\x98\x90\xff\xc3\x9f\x98\xff\xc2\x9d\x96\
\xff\xc1\x9d\x95\xff\xc2\x9e\x97\xff\xc4\xa1\x99\xff\xa9uj\
\xff\x816$\xff\x826$\xff\x826$\xff\x816$\
\xff\x826$\xff\x826$\xff\x826$\xff\x826$\
\xff\x826$\xff\x826$\xff\x816$\xff\x816$\
\xff\x86<+\xff\xb6\x8a\x81\xff\xb2\x84z\xff\x8cG7\
\xff\xb9\x90\x87\xff\xad|q\xff\x838&\xff\x804\x22\
\xff\x9dbT\xff\xc1\x9d\x95\xff\xa7sh\xff\x94TF\
\xff\xe2\xd1\xce\xff\xc6\xa4\x9d\xff\x838'\xff\x87@/\
\xff\x8cG7\xff\x84:(\xff\x816$\xff\x816$\
\xff\x816$\xff\x816$\xff\x816$\xff\x816$\
\xff\x816$\xff\x816$\xff\x816$\xff\x816$\
\xff\x816$\xff\x816$\xff\x816$\xff\x816$\
\xff\x825\x22\xff\x835\x22\xff\x807'\xff\x817&\
\xff\x835!\xff\x826#\xff\x816$\xff\x826$\
\xff\x834!\xff\x813 \xff\x804\x22\xff\x823 \
\xff\x834!\xff\x826$\xff\x826$\xff\x835\x22\
\xff\x835!\xff\x835\x22\xff\x835!\xff\x826#\
\xff\x816$\xff\x814\x22\xff\x804\x22\xff\x814\x22\
\xff\x804\x22\xff\x814\x22\xff\x814\x22\xff\x815#\
\xff\x816$\xff\x816$\xff\x816$\xff\x816$\
\xff\x816$\xff\x816$\xff\x816$\xff\x816$\
\xff\x816$\xff\x816$\xff\x826$\xff\x816$\
\xff\x816$\xff\x804\x22\xff\x815\x22\xff\x816$\
\xff\x814\x22\xff\x815#\xff\x816$\xff\x816$\
\xff\x814\x22\xff\x804\x22\xff\x815#\xff\x826$\
\xff\x8aC2\xff\x86=,\xff\x816$\xff\x815#\
\xff\x815#\xff\x816$\xff\x816$\xff\x816$\
\xff\x816$\xff\x816$\xff\x816$\xff\x816$\
\xff\x816$\xff\x816$\xff\x816$\xff\x816$\
\xff\x816$\xff\x816$\xff\x816$\xff\x816$\
\xff\x816$\xff\x826$\xff\x826$\xff\x826$\
\xff\x826$\xff\x826$\xff\x826$\xff\x815#\
\xff\x86=+\xff\x96WH\xff\x9c`R\xff\x94SD\
\xff\x84;)\xff\x816#\xff\x826$\xff\x826$\
\xff\x826$\xff\x826$\xff\x826$\xff\x826$\
\xff\x826$\xff\x826$\xff\x826$\xff\x826$\
\xff\x826$\xff\x826$\xff\x826$\xff\x826$\
\xff\x826$\xff\x816$\xff\x815#\xff\x804!\
\xff\x826$\xff\x827%\xff\x827&\xff\x827%\
\xff\x827%\xff\x815\x22\xff\x815#\xff\x826$\
\xff\x826$\xff\x826$\xff\x816$\xff\x826$\
\xff\x816$\xff\x816$\xff\x816$\xff\x816$\
\xff\x816$\xff\x816$\xff\x816$\xff\x816$\
\xff\x815#\xff\x816#\xff\x816$\xff\x816$\
\xff\x816$\xff\x816$\xff\x816$\xff\x816$\
\xff\x816$\xff\x816$\xff\x816$\xff\x816$\
\xff\x816$\xff\x816$\xff\x816$\xff\x816$\
\xff\x816$\xff\x816$\xff\x816$\xff\x816$\
\xff\x826$\xff\x816$\xff\x826$\xff\x816$\
\xff\x816$\xff\x826$\xff\x815#\xff\x88@/\
\xff\xcc\xad\xa6\xff\xf4\xee\xed\xff\xf8\xf4\xf3\xff\xf2\xeb\xe9\
\xff\xbd\x96\x8d\xff\x838&\xff\x826$\xff\x826$\
\xff\x826$\xff\x826$\xff\x826$\xff\x826$\
\xff\x826$\xff\x826$\xff\x826$\xff\x826$\
\xff\x826$\xff\x826$\xff\x826$\xff\x826$\
\xff\x826$\xff\x815#\xff\x8cF6\xff\xbb\x92\x89\
\xff\xcd\xaf\xa9\xff\xcf\xb3\xad\xff\xcf\xb3\xad\xff\xcf\xb3\xad\
\xff\xcf\xb2\xac\xff\xc2\x9e\x96\xff\x8eJ:\xff\x815#\
\xff\x826$\xff\x826$\xff\x826$\xff\x826$\
\xff\x816$\xff\x816$\xff\x816$\xff\x826$\
\xff\x816$\xff\x816$\xff\x826$\xff\x816$\
\xff\x816$\xff\x816$\xff\x816$\xff\x816$\
\xff\x816$\xff\x816$\xff\x816$\xff\x816$\
\xff\x816$\xff\x816$\xff\x816$\xff\x816$\
\xff\x816$\xff\x816$\xff\x816$\xff\x816$\
\xff\x816$\xff\x816$\xff\x816$\xff\x816$\
\xff\x826$\xff\x816$\xff\x816$\xff\x816$\
\xff\x826$\xff\x826$\xff\x814\x22\xff\x92PA\
\xff\xf1\xe8\xe7\xff\xff\xff\xff\xff\xff\xff\xff\xff\xff\xff\xff\
\xff\xd6\xbd\xb8\xff\x84:(\xff\x826$\xff\x826$\
\xff\x826$\xff\x826$\xff\x826$\xff\x826$\
\xff\x826$\xff\x826$\xff\x826$\xff\x826$\
\xff\x826$\xff\x826$\xff\x826$\xff\x826$\
\xff\x826$\xff\x803 \xff\xabxm\xff\xfe\xfe\xfe\
\xff\xff\xff\xff\xff\xff\xff\xff\xff\xff\xff\xff\xff\xff\xff\xff\
\xff\xff\xff\xff\xff\xf9\xf5\xf4\xff\x9feX\xff\x803!\
\xff\x826$\xff\x826$\xff\x826$\xff\x826$\
\xff\x816$\xff\x816$\xff\x826$\xff\x816$\
\xff\x826$\xff\x826$\xff\x826$\xff\x826$\
\xff\x816$\xff\x816$\xff\x816$\xff\x816$\
\xff\x816$\xff\x826$\xff\x816$\xff\x816$\
\xff\x816$\xff\x816$\xff\x816$\xff\x816$\
\xff\x816$\xff\x816$\xff\x816$\xff\x816$\
\xff\x816$\xff\x816$\xff\x816$\xff\x816$\
\xff\x826$\xff\x816$\xff\x816$\xff\x816$\
\xff\x826$\xff\x826$\xff\x815#\xff\x8cG7\
\xff\xe8\xdb\xd8\xff\xff\xff\xff\xff\xff\xff\xff\xff\xff\xff\xff\
\xff\xb7\x8c\x83\xff\x803 \xff\x826$\xff\x826$\
\xff\x826$\xff\x826$\xff\x826$\xff\x826$\
\xff\x826$\xff\x816$\xff\x826$\xff\x816$\
\xff\x826$\xff\x826$\xff\x826$\xff\x826$\
\xff\x826$\xff\x7f2 \xff\xabxm\xff\xfe\xfd\xfd\
\xff\xff\xff\xff\xff\xff\xff\xff\xff\xff\xff\xff\xff\xf6\xf1\xf0\
\xff\xca\xab\xa4\xff\xa7qe\xff\x86=+\xff\x816#\
\xff\x826$\xff\x826$\xff\x826$\xff\x826$\
\xff\x816$\xff\x816$\xff\x816$\xff\x816$\
\xff\x826$\xff\x826$\xff\x816$\xff\x816#\
\xff\x816#\xff\x816$\xff\x816$\xff\x816$\
\xff\x826$\xff\x816$\xff\x816$\xff\x816$\
\xff\x816$\xff\x816$\xff\x816$\xff\x826$\
\xff\x816$\xff\x816$\xff\x816$\xff\x816$\
\xff\x816$\xff\x816$\xff\x816$\xff\x816$\
\xff\x816$\xff\x816$\xff\x816$\xff\x826$\
\xff\x826$\xff\x826$\xff\x826#\xff\x86=+\
\xff\xdc\xc8\xc4\xff\xff\xff\xff\xff\xff\xff\xff\xff\xff\xff\xff\
\xff\xbb\x92\x89\xff\x7f2 \xff\x826$\xff\x826$\
\xff\x826$\xff\x826$\xff\x826$\xff\x826$\
\xff\x826$\xff\x826$\xff\x826$\xff\x826$\
\xff\x826$\xff\x826$\xff\x816$\xff\x816$\
\xff\x826$\xff\x803 \xff\xa5oc\xff\xfc\xfa\xf9\
\xff\xff\xff\xff\xff\xff\xff\xff\xff\xfe\xfd\xfd\xff\xb9\x90\x86\
\xff\x816$\xff\x803!\xff\x816#\xff\x826$\
\xff\x826$\xff\x826$\xff\x826$\xff\x826$\
\xff\x826$\xff\x816$\xff\x816$\xff\x826$\
\xff\x826$\xff\x826$\xff\x826$\xff\x816$\
\xff\x816$\xff\x816$\xff\x816$\xff\x816$\
\xff\x816$\xff\x816$\xff\x816$\xff\x816$\
\xff\x816$\xff\x816$\xff\x816$\xff\x816$\
\xff\x816$\xff\x816$\xff\x816$\xff\x816$\
\xff\x816$\xff\x816$\xff\x816$\xff\x816$\
\xff\x816$\xff\x816$\xff\x816$\xff\x826$\
\xff\x826$\xff\x826$\xff\x826$\xff\x815#\
\xff\xc7\xa5\x9d\xff\xff\xff\xff\xff\xff\xff\xff\xff\xff\xff\xff\
\xff\xda\xc4\xc0\xff\x8aD3\xff\x815\x22\xff\x826$\
\xff\x826$\xff\x826$\xff\x826$\xff\x826$\
\xff\x826$\xff\x826$\xff\x826$\xff\x826$\
\xff\x816$\xff\x816$\xff\x816$\xff\x826$\
\xff\x826$\xff\x7f3 \xff\xa5ob\xff\xfc\xfa\xf9\
\xff\xff\xff\xff\xff\xff\xff\xff\xff\xf4\xed\xec\xff\x97XI\
\xff\x804!\xff\x826$\xff\x826$\xff\x826$\
\xff\x826$\xff\x826$\xff\x816$\xff\x816$\
\xff\x826$\xff\x826$\xff\x816$\xff\x816$\
\xff\x816$\xff\x816$\xff\x826$\xff\x816$\
\xff\x816$\xff\x816$\xff\x816$\xff\x816$\
\xff\x816$\xff\x816$\xff\x816$\xff\x816$\
\xff\x816$\xff\x816$\xff\x826$\xff\x816$\
\xff\x816$\xff\x816$\xff\x816$\xff\x816$\
\xff\x816$\xff\x816$\xff\x816$\xff\x816$\
\xff\x816$\xff\x816$\xff\x816$\xff\x816$\
\xff\x826$\xff\x826$\xff\x826$\xff\x803!\
\xff\xaczn\xff\xfd\xfc\xfc\xff\xff\xff\xff\xff\xff\xff\xff\
\xff\xfe\xfe\xfd\xff\xd0\xb4\xae\xff\x8bE5\xff\x814\x22\
\xff\x826$\xff\x826$\xff\x826$\xff\x826$\
\xff\x826$\xff\x816$\xff\x826$\xff\x826$\
\xff\x826$\xff\x816$\xff\x816$\xff\x826$\
\xff\x826$\xff\x7f3 \xff\xabxl\xff\xfe\xfd\xfd\
\xff\xff\xff\xff\xff\xff\xff\xff\xff\xee\xe4\xe2\xff\x91N?\
\xff\x815\x22\xff\x816$\xff\x816$\xff\x816$\
\xff\x826$\xff\x816$\xff\x816$\xff\x826$\
\xff\x826$\xff\x816$\xff\x816$\xff\x816$\
\xff\x816$\xff\x816$\xff\x816$\xff\x816$\
\xff\x816$\xff\x816$\xff\x816$\xff\x816#\
\xff\x816$\xff\x816$\xff\x816$\xff\x816$\
\xff\x816$\xff\x816$\xff\x816$\xff\x816$\
\xff\x816$\xff\x816$\xff\x816$\xff\x816$\
\xff\x816$\xff\x816$\xff\x816$\xff\x816$\
\xff\x816$\xff\x816$\xff\x816$\xff\x826$\
\xff\x816$\xff\x826$\xff\x826$\xff\x804!\
\xff\x9caS\xff\xf8\xf3\xf2\xff\xff\xff\xff\xff\xff\xff\xff\
\xff\xff\xff\xff\xff\xff\xff\xff\xff\xd0\xb4\xae\xff\x8aD3\
\xff\x815\x22\xff\x826$\xff\x826$\xff\x826$\
\xff\x816$\xff\x826$\xff\x826$\xff\x826$\
\xff\x826$\xff\x816$\xff\x816$\xff\x826$\
\xff\x826$\xff\x803!\xff\xb6\x8b\x81\xff\xff\xff\xff\
\xff\xff\xff\xff\xff\xff\xff\xff\xff\xed\xe2\xe0\xff\x8fL<\
\xff\x815\x22\xff\x816$\xff\x816$\xff\x816$\
\xff\x816$\xff\x816$\xff\x816$\xff\x826$\
\xff\x816$\xff\x816$\xff\x816$\xff\x826$\
\xff\x816$\xff\x816$\xff\x816$\xff\x816$\
\xff\x816$\xff\x816$\xff\x816$\xff\x816$\
\xff\x816$\xff\x816$\xff\x816$\xff\x816$\
\xff\x816$\xff\x816$\xff\x816$\xff\x816$\
\xff\x816$\xff\x816$\xff\x816$\xff\x816$\
\xff\x816$\xff\x816$\xff\x816$\xff\x816#\
\xff\x816$\xff\x816$\xff\x816$\xff\x826$\
\xff\x826$\xff\x826$\xff\x826$\xff\x815#\
\xff\x8eJ:\xff\xe7\xd9\xd6\xff\xff\xff\xff\xff\xff\xff\xff\
\xff\xff\xff\xff\xff\xff\xff\xff\xff\xff\xff\xff\xff\xcb\xad\xa6\
\xff\x87?.\xff\x815#\xff\x826$\xff\x826$\
\xff\x816$\xff\x816$\xff\x826$\xff\x826$\
\xff\x826$\xff\x816$\xff\x826$\xff\x826$\
\xff\x826$\xff\x814\x22\xff\xc7\xa5\x9e\xff\xff\xff\xff\
\xff\xff\xff\xff\xff\xff\xff\xff\xff\xed\xe2\xe0\xff\x8fL<\
\xff\x815\x22\xff\x816$\xff\x816$\xff\x816$\
\xff\x816$\xff\x816$\xff\x816$\xff\x816$\
\xff\x816$\xff\x816$\xff\x826$\xff\x826$\
\xff\x816$\xff\x816$\xff\x816$\xff\x816$\
\xff\x816$\xff\x816$\xff\x816$\xff\x816$\
\xff\x816$\xff\x816$\xff\x816$\xff\x816$\
\xff\x816$\xff\x816$\xff\x816$\xff\x816$\
\xff\x816$\xff\x816$\xff\x816$\xff\x816$\
\xff\x816$\xff\x816$\xff\x816$\xff\x816$\
\xff\x816$\xff\x816$\xff\x826$\xff\x826$\
\xff\x826$\xff\x826$\xff\x826$\xff\x826$\
\xff\x815\x22\xff\xae|q\xff\xf9\xf6\xf5\xff\xff\xff\xff\
\xff\xff\xff\xff\xff\xff\xff\xff\xff\xff\xff\xff\xff\xfd\xfd\xfc\
\xff\xc2\x9e\x96\xff\x849(\xff\x826$\xff\x826$\
\xff\x826$\xff\x826$\xff\x826$\xff\x826$\
\xff\x826$\xff\x826$\xff\x826$\xff\x826$\
\xff\x816$\xff\x85;*\xff\xda\xc4\xbf\xff\xff\xff\xff\
\xff\xff\xff\xff\xff\xff\xff\xff\xff\xee\xe3\xe1\xff\x90M=\
\xff\x815\x22\xff\x826$\xff\x826$\xff\x826$\
\xff\x816$\xff\x826$\xff\x816$\xff\x816$\
\xff\x826$\xff\x826$\xff\x826$\xff\x826$\
\xff\x826$\xff\x826$\xff\x826$\xff\x826$\
\xff\x816$\xff\x816$\xff\x816$\xff\x816$\
\xff\x816$\xff\x816$\xff\x816$\xff\x816$\
\xff\x816$\xff\x816$\xff\x816$\xff\x816$\
\xff\x816$\xff\x816$\xff\x816$\xff\x816$\
\xff\x816$\xff\x816$\xff\x826$\xff\x826$\
\xff\x826$\xff\x826$\xff\x826$\xff\x826$\
\xff\x826$\xff\x826$\xff\x826$\xff\x826$\
\xff\x826#\xff\x849(\xff\xc4\xa1\x99\xff\xfe\xfe\xfe\
\xff\xff\xff\xff\xff\xff\xff\xff\xff\xff\xff\xff\xff\xff\xff\xff\
\xff\xf9\xf5\xf5\xff\xa9uj\xff\x804\x22\xff\x826$\
\xff\x826$\xff\x826$\xff\x826$\xff\x826$\
\xff\x826$\xff\x826$\xff\x826$\xff\x826$\
\xff\x815\x22\xff\x8fK;\xff\xec\xe0\xde\xff\xff\xff\xff\
\xff\xff\xff\xff\xff\xff\xff\xff\xff\xf0\xe8\xe6\xff\x93RC\
\xff\x814\x22\xff\x816$\xff\x826$\xff\x816$\
\xff\x826$\xff\x826$\xff\x816$\xff\x816$\
\xff\x816$\xff\x816$\xff\x816$\xff\x826$\
\xff\x826$\xff\x816$\xff\x826$\xff\x816$\
\xff\x816$\xff\x816$\xff\x816$\xff\x816$\
\xff\x816$\xff\x816$\xff\x816$\xff\x816$\
\xff\x816$\xff\x826$\xff\x816$\xff\x816$\
\xff\x826$\xff\x816$\xff\x816$\xff\x816$\
\xff\x816$\xff\x816$\xff\x816$\xff\x816$\
\xff\x826$\xff\x826$\xff\x826$\xff\x826$\
\xff\x826$\xff\x826$\xff\x826$\xff\x826$\
\xff\x826$\xff\x815#\xff\x8aC2\xff\xd9\xc3\xbe\
\xff\xff\xff\xff\xff\xff\xff\xff\xff\xff\xff\xff\xff\xff\xff\xff\
\xff\xff\xff\xff\xff\xe0\xce\xca\xff\x8aC3\xff\x815#\
\xff\x816$\xff\x826$\xff\x826$\xff\x826$\
\xff\x826$\xff\x826$\xff\x826$\xff\x826$\
\xff\x803!\xff\x9feX\xff\xf9\xf5\xf4\xff\xff\xff\xff\
\xff\xff\xff\xff\xff\xff\xff\xff\xff\xf4\xed\xec\xff\x97YJ\
\xff\x804\x22\xff\x816$\xff\x826$\xff\x816$\
\xff\x816$\xff\x816$\xff\x816$\xff\x816$\
\xff\x816$\xff\x816$\xff\x816$\xff\x816$\
\xff\x816$\xff\x816$\xff\x816$\xff\x816$\
\xff\x816$\xff\x816$\xff\x816$\xff\x816$\
\xff\x816$\xff\x816$\xff\x816$\xff\x816$\
\xff\x816$\xff\x816$\xff\x816$\xff\x816$\
\xff\x816$\xff\x816$\xff\x816$\xff\x816$\
\xff\x816$\xff\x816$\xff\x816$\xff\x816$\
\xff\x826$\xff\x826$\xff\x826$\xff\x816$\
\xff\x826$\xff\x826$\xff\x826$\xff\x826$\
\xff\x826$\xff\x826$\xff\x803 \xff\xaavj\
\xff\xfc\xfa\xfa\xff\xff\xff\xff\xff\xff\xff\xff\xff\xff\xff\xff\
\xff\xff\xff\xff\xff\xfc\xfa\xf9\xff\xacyn\xff\x803!\
\xff\x826$\xff\x826$\xff\x826$\xff\x826$\
\xff\x826$\xff\x826$\xff\x826$\xff\x826$\
\xff\x803!\xff\xb6\x8a\x80\xff\xff\xff\xff\xff\xff\xff\xff\
\xff\xff\xff\xff\xff\xff\xff\xff\xff\xf4\xed\xeb\xff\x97XJ\
\xff\x804\x22\xff\x816$\xff\x816$\xff\x816$\
\xff\x826$\xff\x816$\xff\x816$\xff\x816$\
\xff\x826$\xff\x816$\xff\x816$\xff\x816$\
\xff\x816$\xff\x816$\xff\x816$\xff\x816$\
\xff\x816$\xff\x816$\xff\x816$\xff\x816$\
\xff\x816$\xff\x816$\xff\x816$\xff\x816$\
\xff\x816$\xff\x826$\xff\x826$\xff\x816$\
\xff\x826$\xff\x816$\xff\x816$\xff\x816$\
\xff\x816$\xff\x816$\xff\x816$\xff\x816$\
\xff\x826$\xff\x826$\xff\x826$\xff\x826$\
\xff\x826$\xff\x826$\xff\x826$\xff\x826$\
\xff\x826$\xff\x826$\xff\x815#\xff\x8dH8\
\xff\xe7\xd9\xd6\xff\xff\xff\xff\xff\xff\xff\xff\xff\xff\xff\xff\
\xff\xff\xff\xff\xff\xff\xff\xff\xff\xdb\xc5\xc0\xff\x87?.\
\xff\x815#\xff\x826$\xff\x826$\xff\x826$\
\xff\x826$\xff\x826$\xff\x826$\xff\x826$\
\xff\x826$\xff\xcf\xb2\xac\xff\xff\xff\xff\xff\xff\xff\xff\
\xff\xff\xff\xff\xff\xff\xff\xff\xff\xef\xe6\xe3\xff\x92P@\
\xff\x804\x22\xff\x816$\xff\x826$\xff\x816$\
\xff\x826$\xff\x826$\xff\x826$\xff\x816$\
\xff\x816$\xff\x816$\xff\x816$\xff\x816$\
\xff\x816$\xff\x816$\xff\x816$\xff\x816$\
\xff\x816$\xff\x816$\xff\x816$\xff\x816$\
\xff\x816$\xff\x816$\xff\x816$\xff\x816$\
\xff\x816$\xff\x826$\xff\x816$\xff\x816$\
\xff\x816$\xff\x816$\xff\x816$\xff\x816$\
\xff\x816$\xff\x816$\xff\x816$\xff\x816$\
\xff\x826$\xff\x816$\xff\x816$\xff\x816$\
\xff\x826$\xff\x816$\xff\x816$\xff\x826$\
\xff\x826$\xff\x816$\xff\x826$\xff\x815#\
\xff\xb6\x89\x7f\xff\xfc\xfa\xfa\xff\xff\xff\xff\xff\xff\xff\xff\
\xff\xff\xff\xff\xff\xff\xff\xff\xff\xf9\xf6\xf6\xff\xa6pd\
\xff\x803!\xff\x826$\xff\x816$\xff\x826$\
\xff\x826$\xff\x826$\xff\x826$\xff\x804!\
\xff\x95VG\xff\xeb\xdf\xdc\xff\xff\xff\xff\xff\xff\xff\xff\
\xff\xff\xff\xff\xff\xff\xff\xff\xff\xe7\xd9\xd6\xff\x8aD4\
\xff\x815#\xff\x816$\xff\x816$\xff\x816$\
\xff\x816$\xff\x816$\xff\x816$\xff\x816$\
\xff\x816$\xff\x816$\xff\x816$\xff\x816$\
\xff\x816$\xff\x816$\xff\x816$\xff\x816$\
\xff\x816$\xff\x816$\xff\x816$\xff\x816$\
\xff\x816$\xff\x816$\xff\x816$\xff\x816$\
\xff\x816$\xff\x816$\xff\x816$\xff\x816$\
\xff\x816$\xff\x816$\xff\x816$\xff\x816$\
\xff\x816$\xff\x816$\xff\x816$\xff\x826$\
\xff\x826$\xff\x826$\xff\x816$\xff\x816$\
\xff\x816$\xff\x826$\xff\x816$\xff\x816$\
\xff\x816$\xff\x816$\xff\x826$\xff\x815#\
\xff\x8dH8\xff\xea\xdd\xda\xff\xff\xff\xff\xff\xff\xff\xff\
\xff\xff\xff\xff\xff\xff\xff\xff\xff\xff\xff\xff\xff\xd5\xbc\xb6\
\xff\x85;*\xff\x826$\xff\x826$\xff\x826$\
\xff\x826$\xff\x826$\xff\x814\x22\xff\xa0fY\
\xff\xe5\xd5\xd2\xff\xff\xff\xff\xff\xff\xff\xff\xff\xff\xff\xff\
\xff\xff\xff\xff\xff\xff\xff\xff\xff\xd7\xbf\xba\xff\x84:)\
\xff\x816$\xff\x816$\xff\x816$\xff\x816$\
\xff\x816$\xff\x816$\xff\x816$\xff\x816$\
\xff\x816$\xff\x816$\xff\x816$\xff\x816$\
\xff\x816$\xff\x816$\xff\x816$\xff\x816$\
\xff\x816$\xff\x816$\xff\x816$\xff\x816$\
\xff\x816$\xff\x816$\xff\x816$\xff\x816$\
\xff\x816$\xff\x816$\xff\x816$\xff\x826$\
\xff\x816$\xff\x816$\xff\x816$\xff\x816$\
\xff\x816$\xff\x816$\xff\x816$\xff\x826$\
\xff\x826$\xff\x816$\xff\x826$\xff\x816$\
\xff\x826$\xff\x826$\xff\x816$\xff\x816$\
\xff\x816$\xff\x816$\xff\x826$\xff\x826$\
\xff\x85<*\xff\xdc\xc7\xc2\xff\xff\xff\xff\xff\xff\xff\xff\
\xff\xff\xff\xff\xff\xff\xff\xff\xff\xff\xff\xff\xff\xf7\xf3\xf2\
\xff\xa1i\x5c\xff\x804!\xff\x826$\xff\x826$\
\xff\x826$\xff\x826$\xff\xaawk\xff\xf0\xe6\xe5\
\xff\xff\xff\xff\xff\xff\xff\xff\xff\xff\xff\xff\xff\xff\xff\xff\
\xff\xff\xff\xff\xff\xfe\xfe\xfe\xff\xb5\x89\x7f\xff\x803!\
\xff\x816$\xff\x816$\xff\x816$\xff\x816$\
\xff\x816$\xff\x816$\xff\x816$\xff\x816$\
\xff\x816$\xff\x816$\xff\x816$\xff\x816$\
\xff\x816$\xff\x816$\xff\x816$\xff\x816$\
\xff\x816$\xff\x816$\xff\x816$\xff\x816$\
\xff\x816$\xff\x816$\xff\x816$\xff\x816$\
\xff\x816$\xff\x816$\xff\x816$\xff\x816$\
\xff\x816$\xff\x816$\xff\x816$\xff\x816$\
\xff\x816$\xff\x816$\xff\x816$\xff\x826$\
\xff\x826$\xff\x816$\xff\x816$\xff\x816$\
\xff\x816$\xff\x816$\xff\x826$\xff\x826$\
\xff\x816$\xff\x816$\xff\x816$\xff\x816$\
\xff\x826$\xff\xcb\xac\xa5\xff\xff\xff\xff\xff\xff\xff\xff\
\xff\xff\xff\xff\xff\xff\xff\xff\xff\xff\xff\xff\xff\xff\xff\xff\
\xff\xd1\xb5\xaf\xff\x84:(\xff\x816$\xff\x816#\
\xff\x826$\xff\xb0\x80v\xff\xf5\xef\xed\xff\xff\xff\xff\
\xff\xff\xff\xff\xff\xff\xff\xff\xff\xff\xff\xff\xff\xff\xff\xff\
\xff\xff\xff\xff\xff\xe9\xdc\xd9\xff\x90L=\xff\x815\x22\
\xff\x816$\xff\x816$\xff\x816$\xff\x816$\
\xff\x816$\xff\x816$\xff\x816$\xff\x816$\
\xff\x816$\xff\x816$\xff\x816$\xff\x816$\
\xff\x816$\xff\x816$\xff\x816$\xff\x816$\
\xff\x816$\xff\x816$\xff\x816$\xff\x816$\
\xff\x816$\xff\x816$\xff\x816$\xff\x816$\
\xff\x816$\xff\x816$\xff\x816$\xff\x816$\
\xff\x816$\xff\x816$\xff\x816$\xff\x816$\
\xff\x816$\xff\x816$\xff\x816$\xff\x816$\
\xff\x826$\xff\x816$\xff\x816$\xff\x816$\
\xff\x816$\xff\x816$\xff\x826$\xff\x826$\
\xff\x816$\xff\x826$\xff\x816$\xff\x816$\
\xff\x803!\xff\xb8\x8e\x84\xff\xff\xff\xff\xff\xff\xff\xff\
\xff\xff\xff\xff\xff\xff\xff\xff\xff\xff\xff\xff\xff\xff\xff\xff\
\xff\xf6\xf0\xef\xff\x9edW\xff\x803!\xff\x827%\
\xff\xb1\x82x\xff\xf6\xf1\xf0\xff\xff\xff\xff\xff\xff\xff\xff\
\xff\xff\xff\xff\xff\xff\xff\xff\xff\xff\xff\xff\xff\xff\xff\xff\
\xff\xfe\xfd\xfd\xff\xb8\x8d\x83\xff\x814\x22\xff\x816$\
\xff\x816$\xff\x816$\xff\x816$\xff\x816$\
\xff\x816$\xff\x816$\xff\x816$\xff\x816$\
\xff\x816$\xff\x816$\xff\x816$\xff\x816$\
\xff\x816$\xff\x816$\xff\x816$\xff\x816$\
\xff\x816$\xff\x816$\xff\x816$\xff\x816$\
\xff\x816$\xff\x816$\xff\x816$\xff\x816$\
\xff\x816$\xff\x816$\xff\x816$\xff\x816$\
\xff\x816$\xff\x816$\xff\x816$\xff\x816$\
\xff\x816$\xff\x816$\xff\x816$\xff\x816$\
\xff\x816$\xff\x826$\xff\x816$\xff\x816$\
\xff\x826$\xff\x826$\xff\x826$\xff\x816$\
\xff\x816$\xff\x816$\xff\x826$\xff\x816$\
\xff\x803!\xff\xa4m`\xff\xfb\xf8\xf8\xff\xff\xff\xff\
\xff\xff\xff\xff\xff\xff\xff\xff\xff\xff\xff\xff\xff\xff\xff\xff\
\xff\xff\xff\xff\xff\xce\xb0\xaa\xff\x849(\xff\xb2\x83y\
\xff\xf7\xf2\xf1\xff\xff\xff\xff\xff\xff\xff\xff\xff\xff\xff\xff\
\xff\xff\xff\xff\xff\xff\xff\xff\xff\xff\xff\xff\xff\xff\xff\xff\
\xff\xdf\xcc\xc8\xff\x8bE4\xff\x815#\xff\x816$\
\xff\x816$\xff\x816$\xff\x816$\xff\x816$\
\xff\x816$\xff\x816$\xff\x816$\xff\x816$\
\xff\x816$\xff\x816$\xff\x816$\xff\x816$\
\xff\x826$\xff\x816$\xff\x816$\xff\x816#\
\xff\x816$\xff\x816$\xff\x816$\xff\x816#\
\xff\x816$\xff\x816$\xff\x816$\xff\x816$\
\xff\x816$\xff\x816$\xff\x816$\xff\x816$\
\xff\x816$\xff\x816$\xff\x816$\xff\x816$\
\xff\x816$\xff\x816$\xff\x816$\xff\x816$\
\xff\x816$\xff\x826$\xff\x816$\xff\x816$\
\xff\x826$\xff\x826$\xff\x816$\xff\x826$\
\xff\x826$\xff\x816$\xff\x826$\xff\x826$\
\xff\x815\x22\xff\x92PA\xff\xef\xe6\xe4\xff\xff\xff\xff\
\xff\xff\xff\xff\xff\xff\xff\xff\xff\xff\xff\xff\xff\xff\xff\xff\
\xff\xff\xff\xff\xff\xf3\xec\xea\xff\xc8\xa8\xa1\xff\xf6\xf0\xef\
\xff\xff\xff\xff\xff\xff\xff\xff\xff\xff\xff\xff\xff\xff\xff\xff\
\xff\xff\xff\xff\xff\xff\xff\xff\xff\xff\xff\xff\xff\xf8\xf4\xf3\
\xff\xa6qd\xff\x803!\xff\x826$\xff\x826$\
\xff\x816$\xff\x816$\xff\x816$\xff\x816$\
\xff\x816$\xff\x816$\xff\x816$\xff\x816$\
\xff\x816$\xff\x816$\xff\x816$\xff\x816$\
\xff\x816$\xff\x816$\xff\x816$\xff\x816$\
\xff\x816$\xff\x816$\xff\x816$\xff\x816$\
\xff\x816$\xff\x816$\xff\x816$\xff\x816$\
\xff\x816$\xff\x826$\xff\x816$\xff\x816$\
\xff\x816$\xff\x816$\xff\x816$\xff\x816$\
\xff\x816$\xff\x816$\xff\x816$\xff\x816$\
\xff\x816$\xff\x816$\xff\x816$\xff\x816$\
\xff\x816$\xff\x816$\xff\x816$\xff\x826$\
\xff\x816$\xff\x816$\xff\x816$\xff\x816$\
\xff\x826#\xff\x86=+\xff\xdc\xc7\xc3\xff\xff\xff\xff\
\xff\xff\xff\xff\xff\xff\xff\xff\xff\xff\xff\xff\xff\xff\xff\xff\
\xff\xff\xff\xff\xff\xff\xff\xff\xff\xff\xff\xff\xff\xff\xff\xff\
\xff\xff\xff\xff\xff\xff\xff\xff\xff\xff\xff\xff\xff\xff\xff\xff\
\xff\xff\xff\xff\xff\xff\xff\xff\xff\xff\xff\xff\xff\xcc\xad\xa6\
\xff\x84:(\xff\x816#\xff\x816$\xff\x816$\
\xff\x816$\xff\x816$\xff\x816$\xff\x816$\
\xff\x816$\xff\x816$\xff\x816$\xff\x816$\
\xff\x816$\xff\x816$\xff\x816$\xff\x816$\
\xff\x816$\xff\x816$\xff\x816$\xff\x816$\
\xff\x816$\xff\x816$\xff\x816$\xff\x816$\
\xff\x816$\xff\x816$\xff\x816$\xff\x816$\
\xff\x816$\xff\x826$\xff\x816$\xff\x816$\
\xff\x816$\xff\x816$\xff\x816$\xff\x816$\
\xff\x816$\xff\x816$\xff\x816$\xff\x816$\
\xff\x816$\xff\x816$\xff\x816$\xff\x816$\
\xff\x816$\xff\x816$\xff\x816$\xff\x816$\
\xff\x816$\xff\x826$\xff\x826$\xff\x816$\
\xff\x826$\xff\x814\x22\xff\xc0\x9b\x93\xff\xff\xff\xff\
\xff\xff\xff\xff\xff\xff\xff\xff\xff\xff\xff\xff\xff\xff\xff\xff\
\xff\xff\xff\xff\xff\xff\xff\xff\xff\xff\xff\xff\xff\xff\xff\xff\
\xff\xff\xff\xff\xff\xff\xff\xff\xff\xff\xff\xff\xff\xff\xff\xff\
\xff\xff\xff\xff\xff\xff\xff\xff\xff\xe8\xdb\xd8\xff\x93RB\
\xff\x804\x22\xff\x816$\xff\x816$\xff\x826$\
\xff\x816$\xff\x816$\xff\x816$\xff\x816$\
\xff\x816$\xff\x816$\xff\x826$\xff\x816$\
\xff\x816$\xff\x816$\xff\x816$\xff\x816$\
\xff\x816$\xff\x816$\xff\x826$\xff\x816$\
\xff\x816$\xff\x816$\xff\x816$\xff\x816$\
\xff\x816$\xff\x816$\xff\x816$\xff\x826$\
\xff\x816$\xff\x816$\xff\x816$\xff\x816$\
\xff\x816$\xff\x816$\xff\x816$\xff\x816$\
\xff\x816$\xff\x816$\xff\x816$\xff\x816$\
\xff\x826$\xff\x816$\xff\x816$\xff\x816$\
\xff\x816$\xff\x816$\xff\x816$\xff\x826$\
\xff\x816$\xff\x826$\xff\x826$\xff\x816$\
\xff\x826$\xff\x803!\xff\xa1h[\xff\xf8\xf4\xf4\
\xff\xff\xff\xff\xff\xff\xff\xff\xff\xff\xff\xff\xff\xff\xff\xff\
\xff\xff\xff\xff\xff\xff\xff\xff\xff\xff\xff\xff\xff\xff\xff\xff\
\xff\xff\xff\xff\xff\xff\xff\xff\xff\xff\xff\xff\xff\xff\xff\xff\
\xff\xff\xff\xff\xff\xf5\xee\xed\xff\xa6qe\xff\x804\x22\
\xff\x816$\xff\x816$\xff\x816$\xff\x816$\
\xff\x816$\xff\x816$\xff\x816$\xff\x816$\
\xff\x816$\xff\x816$\xff\x826$\xff\x816$\
\xff\x826$\xff\x816$\xff\x816$\xff\x816$\
\xff\x816$\xff\x826$\xff\x826$\xff\x816$\
\xff\x816$\xff\x816$\xff\x816$\xff\x816$\
\xff\x826$\xff\x816$\xff\x816$\xff\x816$\
\xff\x816$\xff\x826$\xff\x816$\xff\x816$\
\xff\x816$\xff\x816$\xff\x816$\xff\x816$\
\xff\x816$\xff\x816$\xff\x816$\xff\x816$\
\xff\x816$\xff\x816$\xff\x816$\xff\x816$\
\xff\x816$\xff\x816$\xff\x816$\xff\x826$\
\xff\x816$\xff\x816$\xff\x826$\xff\x816$\
\xff\x816$\xff\x815#\xff\x88@/\xff\xdf\xcc\xc7\
\xff\xff\xff\xff\xff\xff\xff\xff\xff\xff\xff\xff\xff\xff\xff\xff\
\xff\xff\xff\xff\xff\xff\xff\xff\xff\xff\xff\xff\xff\xff\xff\xff\
\xff\xff\xff\xff\xff\xff\xff\xff\xff\xff\xff\xff\xff\xff\xff\xff\
\xff\xf9\xf6\xf5\xff\xb3\x86|\xff\x816$\xff\x816$\
\xff\x816$\xff\x816$\xff\x816$\xff\x816$\
\xff\x816$\xff\x816$\xff\x816$\xff\x816$\
\xff\x826$\xff\x826$\xff\x816$\xff\x816$\
\xff\x816$\xff\x816$\xff\x816$\xff\x816$\
\xff\x826$\xff\x816$\xff\x816$\xff\x816$\
\xff\x816$\xff\x816$\xff\x816$\xff\x816$\
\xff\x826$\xff\x816$\xff\x816$\xff\x816$\
\xff\x816$\xff\x816$\xff\x826$\xff\x816$\
\xff\x816$\xff\x816$\xff\x816$\xff\x816$\
\xff\x816$\xff\x816$\xff\x816$\xff\x816$\
\xff\x816$\xff\x816$\xff\x816$\xff\x816$\
\xff\x816$\xff\x816$\xff\x816$\xff\x816$\
\xff\x816$\xff\x816$\xff\x826$\xff\x826$\
\xff\x826$\xff\x816$\xff\x827&\xff\xd0\xb4\xae\
\xff\xff\xff\xff\xff\xff\xff\xff\xff\xff\xff\xff\xff\xff\xff\xff\
\xff\xff\xff\xff\xff\xff\xff\xff\xff\xff\xff\xff\xff\xff\xff\xff\
\xff\xff\xff\xff\xff\xff\xff\xff\xff\xff\xff\xff\xff\xfb\xf9\xf8\
\xff\xbb\x92\x89\xff\x838&\xff\x815#\xff\x816$\
\xff\x816$\xff\x816$\xff\x816$\xff\x816$\
\xff\x816$\xff\x816$\xff\x816$\xff\x816$\
\xff\x826$\xff\x816$\xff\x816$\xff\x816$\
\xff\x816$\xff\x816$\xff\x816$\xff\x816$\
\xff\x816$\xff\x816$\xff\x816$\xff\x816$\
\xff\x816$\xff\x816$\xff\x816$\xff\x816$\
\xff\x816$\xff\x816$\xff\x816$\xff\x816$\
\xff\x816$\xff\x816$\xff\x816$\xff\x816$\
\xff\x816$\xff\x816$\xff\x816$\xff\x816$\
\xff\x816$\xff\x816$\xff\x816$\xff\x816$\
\xff\x816$\xff\x816$\xff\x816$\xff\x816$\
\xff\x826$\xff\x816$\xff\x816$\xff\x826$\
\xff\x816$\xff\x816$\xff\x826$\xff\x826$\
\xff\x826$\xff\x826$\xff\x827%\xff\xcd\xaf\xa9\
\xff\xff\xff\xff\xff\xff\xff\xff\xff\xff\xff\xff\xff\xff\xff\xff\
\xff\xff\xff\xff\xff\xff\xff\xff\xff\xff\xff\xff\xff\xff\xff\xff\
\xff\xff\xff\xff\xff\xff\xff\xff\xff\xff\xff\xff\xff\xed\xe2\xe0\
\xff\x90M>\xff\x803!\xff\x826$\xff\x816$\
\xff\x816$\xff\x816$\xff\x816$\xff\x816$\
\xff\x816$\xff\x816$\xff\x816$\xff\x826$\
\xff\x826$\xff\x826$\xff\x816$\xff\x816$\
\xff\x816$\xff\x816$\xff\x816$\xff\x816$\
\xff\x816$\xff\x816$\xff\x816$\xff\x816$\
\xff\x816$\xff\x816$\xff\x816$\xff\x816$\
\xff\x816$\xff\x816$\xff\x816$\xff\x816$\
\xff\x816$\xff\x816$\xff\x816$\xff\x816$\
\xff\x816$\xff\x816$\xff\x816$\xff\x816$\
\xff\x816$\xff\x816$\xff\x816$\xff\x816$\
\xff\x816$\xff\x816$\xff\x816$\xff\x816$\
\xff\x826$\xff\x816$\xff\x826$\xff\x826$\
\xff\x816$\xff\x826$\xff\x826$\xff\x826$\
\xff\x826$\xff\x826$\xff\x849'\xff\xcf\xb2\xac\
\xff\xff\xff\xff\xff\xff\xff\xff\xff\xff\xff\xff\xff\xff\xff\xff\
\xff\xff\xff\xff\xff\xff\xff\xff\xff\xff\xff\xff\xff\xff\xff\xff\
\xff\xff\xff\xff\xff\xff\xff\xff\xff\xff\xff\xff\xff\xf9\xf6\xf6\
\xff\xdb\xc6\xc2\xff\xa7rf\xff\x815#\xff\x816$\
\xff\x816$\xff\x816$\xff\x816$\xff\x816$\
\xff\x816$\xff\x826$\xff\x816$\xff\x826$\
\xff\x826$\xff\x826$\xff\x826$\xff\x816$\
\xff\x816$\xff\x816$\xff\x816$\xff\x816$\
\xff\x816$\xff\x816$\xff\x816$\xff\x816$\
\xff\x816$\xff\x816$\xff\x816$\xff\x816$\
\xff\x816$\xff\x816$\xff\x816$\xff\x816$\
\xff\x816$\xff\x816$\xff\x816$\xff\x816$\
\xff\x816$\xff\x816$\xff\x816$\xff\x816$\
\xff\x816$\xff\x816$\xff\x816$\xff\x816$\
\xff\x816$\xff\x816$\xff\x816$\xff\x816$\
\xff\x826$\xff\x816$\xff\x816$\xff\x816$\
\xff\x816$\xff\x816$\xff\x826$\xff\x826$\
\xff\x826$\xff\x814\x22\xff\x94SD\xff\xf1\xe8\xe6\
\xff\xff\xff\xff\xff\xff\xff\xff\xff\xff\xff\xff\xff\xff\xff\xff\
\xff\xff\xff\xff\xff\xff\xff\xff\xff\xff\xff\xff\xff\xff\xff\xff\
\xff\xff\xff\xff\xff\xff\xff\xff\xff\xff\xff\xff\xff\xff\xff\xff\
\xff\xff\xff\xff\xff\xe9\xdb\xd8\xff\x8fL<\xff\x815\x22\
\xff\x816$\xff\x816$\xff\x816$\xff\x816$\
\xff\x816$\xff\x816$\xff\x816$\xff\x826$\
\xff\x826$\xff\x826$\xff\x826$\xff\x826$\
\xff\x816$\xff\x816$\xff\x816$\xff\x816$\
\xff\x816$\xff\x816$\xff\x816$\xff\x816$\
\xff\x816$\xff\x816$\xff\x816$\xff\x816$\
\xff\x816$\xff\x826$\xff\x816$\xff\x816$\
\xff\x816$\xff\x816$\xff\x816$\xff\x816$\
\xff\x816$\xff\x816$\xff\x816$\xff\x816$\
\xff\x816$\xff\x816$\xff\x816$\xff\x816$\
\xff\x816$\xff\x816$\xff\x816$\xff\x816$\
\xff\x826$\xff\x816$\xff\x826$\xff\x816$\
\xff\x816$\xff\x816$\xff\x826$\xff\x826$\
\xff\x826$\xff\x815\x22\xff\x8fL<\xff\xec\xe1\xdf\
\xff\xff\xff\xff\xff\xff\xff\xff\xff\xff\xff\xff\xff\xff\xff\xff\
\xff\xff\xff\xff\xff\xff\xff\xff\xff\xff\xff\xff\xff\xff\xff\xff\
\xff\xff\xff\xff\xff\xff\xff\xff\xff\xff\xff\xff\xff\xff\xff\xff\
\xff\xff\xff\xff\xff\xfe\xfe\xfe\xff\xb3\x85z\xff\x803!\
\xff\x816$\xff\x826$\xff\x816$\xff\x816$\
\xff\x816$\xff\x815#\xff\x816$\xff\x826$\
\xff\x826$\xff\x816$\xff\x816$\xff\x826$\
\xff\x816$\xff\x816$\xff\x816$\xff\x816$\
\xff\x826$\xff\x826$\xff\x816$\xff\x816$\
\xff\x816$\xff\x816$\xff\x816$\xff\x816$\
\xff\x816$\xff\x816$\xff\x816$\xff\x816$\
\xff\x816$\xff\x816$\xff\x816$\xff\x816$\
\xff\x816$\xff\x816$\xff\x816$\xff\x816$\
\xff\x816$\xff\x816$\xff\x816$\xff\x816$\
\xff\x816$\xff\x816$\xff\x816$\xff\x816$\
\xff\x826$\xff\x826$\xff\x816$\xff\x816$\
\xff\x816$\xff\x816$\xff\x826$\xff\x826$\
\xff\x826$\xff\x816$\xff\x84:(\xff\xd5\xbc\xb7\
\xff\xff\xff\xff\xff\xff\xff\xff\xff\xff\xff\xff\xff\xff\xff\xff\
\xff\xff\xff\xff\xff\xff\xff\xff\xff\xff\xff\xff\xff\xff\xff\xff\
\xff\xff\xff\xff\xff\xff\xff\xff\xff\xff\xff\xff\xff\xff\xff\xff\
\xff\xff\xff\xff\xff\xff\xff\xff\xff\xd5\xbb\xb6\xff\x849(\
\xff\x816$\xff\x826$\xff\x815#\xff\x803!\
\xff\x84:)\xff\x8cG7\xff\x84:(\xff\x815#\
\xff\x826$\xff\x826$\xff\x826$\xff\x826$\
\xff\x826$\xff\x816$\xff\x816$\xff\x816$\
\xff\x816$\xff\x826$\xff\x816$\xff\x816$\
\xff\x816$\xff\x816$\xff\x816$\xff\x816$\
\xff\x816$\xff\x816$\xff\x816$\xff\x826$\
\xff\x816$\xff\x816$\xff\x826$\xff\x816$\
\xff\x816$\xff\x816$\xff\x816$\xff\x816$\
\xff\x816$\xff\x816$\xff\x816$\xff\x816$\
\xff\x816$\xff\x816$\xff\x826$\xff\x816$\
\xff\x826$\xff\x826$\xff\x826$\xff\x826$\
\xff\x816$\xff\x826$\xff\x826$\xff\x826$\
\xff\x826$\xff\x826$\xff\x803!\xff\xb9\x90\x86\
\xff\xff\xff\xff\xff\xff\xff\xff\xff\xff\xff\xff\xff\xff\xff\xff\
\xff\xff\xff\xff\xff\xff\xff\xff\xff\xff\xff\xff\xff\xff\xff\xff\
\xff\xff\xff\xff\xff\xff\xff\xff\xff\xff\xff\xff\xff\xff\xff\xff\
\xff\xff\xff\xff\xff\xff\xff\xff\xff\xe9\xdc\xda\xff\x8cF6\
\xff\x815#\xff\x804!\xff\x86=,\xff\xa6pd\
\xff\xd4\xb9\xb4\xff\xea\xdd\xdb\xff\xcb\xac\xa5\xff\x8cG7\
\xff\x815\x22\xff\x826$\xff\x826$\xff\x826$\
\xff\x826$\xff\x826$\xff\x826$\xff\x826$\
\xff\x816$\xff\x826$\xff\x826$\xff\x816$\
\xff\x816$\xff\x816$\xff\x816$\xff\x816$\
\xff\x816$\xff\x816$\xff\x826$\xff\x826$\
\xff\x826$\xff\x826$\xff\x826#\xff\x816$\
\xff\x816$\xff\x816$\xff\x816$\xff\x816$\
\xff\x816$\xff\x816$\xff\x816$\xff\x816$\
\xff\x816$\xff\x816$\xff\x826$\xff\x816$\
\xff\x826$\xff\x826$\xff\x826$\xff\x826$\
\xff\x816$\xff\x816$\xff\x826$\xff\x826$\
\xff\x826$\xff\x826$\xff\x803!\xff\x9feX\
\xff\xf8\xf4\xf4\xff\xff\xff\xff\xff\xff\xff\xff\xff\xff\xff\xff\
\xff\xff\xff\xff\xff\xff\xff\xff\xff\xff\xff\xff\xff\xff\xff\xff\
\xff\xff\xff\xff\xff\xff\xff\xff\xff\xff\xff\xff\xff\xff\xff\xff\
\xff\xff\xff\xff\xff\xff\xff\xff\xff\xe9\xdc\xda\xff\x8bE4\
\xff\x837%\xff\xa0gZ\xff\xd6\xbd\xb8\xff\xf9\xf6\xf5\
\xff\xff\xff\xff\xff\xff\xff\xff\xff\xff\xff\xff\xff\xcb\xac\xa5\
\xff\x86<+\xff\x826#\xff\x826$\xff\x826$\
\xff\x826$\xff\x826$\xff\x826$\xff\x826$\
\xff\x816$\xff\x816$\xff\x826$\xff\x816$\
\xff\x816$\xff\x816$\xff\x816$\xff\x816$\
\xff\x826$\xff\x826$\xff\x816$\xff\x826$\
\xff\x816$\xff\x826$\xff\x826$\xff\x816$\
\xff\x816$\xff\x816$\xff\x816$\xff\x816$\
\xff\x816$\xff\x816$\xff\x816$\xff\x816$\
\xff\x816$\xff\x826$\xff\x826$\xff\x826$\
\xff\x826$\xff\x826$\xff\x816$\xff\x816$\
\xff\x816$\xff\x816$\xff\x816$\xff\x826$\
\xff\x816$\xff\x816$\xff\x815#\xff\x8cF6\
\xff\xe8\xda\xd7\xff\xff\xff\xff\xff\xff\xff\xff\xff\xff\xff\xff\
\xff\xff\xff\xff\xff\xff\xff\xff\xff\xff\xff\xff\xff\xff\xff\xff\
\xff\xff\xff\xff\xff\xff\xff\xff\xff\xff\xff\xff\xff\xff\xff\xff\
\xff\xff\xff\xff\xff\xff\xff\xff\xff\xe8\xda\xd7\xff\xa2j]\
\xff\xc9\xa8\xa1\xff\xf6\xf0\xef\xff\xff\xff\xff\xff\xff\xff\xff\
\xff\xff\xff\xff\xff\xff\xff\xff\xff\xff\xff\xff\xff\xfc\xfa\xfa\
\xff\xb7\x8c\x82\xff\x826$\xff\x826$\xff\x826$\
\xff\x826$\xff\x826$\xff\x826$\xff\x816$\
\xff\x816$\xff\x816$\xff\x816$\xff\x816$\
\xff\x816$\xff\x816$\xff\x816$\xff\x816$\
\xff\x826$\xff\x826$\xff\x826$\xff\x826$\
\xff\x816$\xff\x816$\xff\x826$\xff\x816$\
\xff\x816$\xff\x816$\xff\x816$\xff\x816$\
\xff\x816$\xff\x816$\xff\x816$\xff\x816#\
\xff\x816$\xff\x826$\xff\x816$\xff\x816$\
\xff\x816$\xff\x816$\xff\x816$\xff\x816$\
\xff\x816$\xff\x816$\xff\x816$\xff\x816$\
\xff\x816$\xff\x826$\xff\x816$\xff\x827%\
\xff\xce\xb0\xa9\xff\xff\xff\xff\xff\xff\xff\xff\xff\xff\xff\xff\
\xff\xff\xff\xff\xff\xff\xff\xff\xff\xff\xff\xff\xff\xff\xff\xff\
\xff\xff\xff\xff\xff\xff\xff\xff\xff\xff\xff\xff\xff\xff\xff\xff\
\xff\xff\xff\xff\xff\xff\xff\xff\xff\xfe\xfd\xfd\xff\xf7\xf2\xf1\
\xff\xff\xff\xff\xff\xff\xff\xff\xff\xff\xff\xff\xff\xff\xff\xff\
\xff\xff\xff\xff\xff\xff\xff\xff\xff\xff\xff\xff\xff\xff\xff\xff\
\xff\xf4\xed\xec\xff\xa4l_\xff\x814\x22\xff\x826$\
\xff\x826$\xff\x816$\xff\x816$\xff\x816$\
\xff\x816$\xff\x816$\xff\x826$\xff\x816$\
\xff\x816$\xff\x816$\xff\x816$\xff\x816$\
\xff\x816$\xff\x816$\xff\x816$\xff\x826$\
\xff\x816$\xff\x816$\xff\x816$\xff\x816$\
\xff\x816$\xff\x816$\xff\x816$\xff\x816$\
\xff\x816$\xff\x816$\xff\x816$\xff\x816$\
\xff\x816$\xff\x816$\xff\x816$\xff\x816$\
\xff\x816$\xff\x816$\xff\x816$\xff\x816$\
\xff\x816$\xff\x816$\xff\x816$\xff\x816$\
\xff\x816$\xff\x816$\xff\x826$\xff\x803!\
\xff\xb1\x81w\xff\xfe\xfe\xfe\xff\xff\xff\xff\xff\xff\xff\xff\
\xff\xff\xff\xff\xff\xff\xff\xff\xff\xff\xff\xff\xff\xff\xff\xff\
\xff\xff\xff\xff\xff\xff\xff\xff\xff\xff\xff\xff\xff\xff\xff\xff\
\xff\xff\xff\xff\xff\xff\xff\xff\xff\xff\xff\xff\xff\xff\xff\xff\
\xff\xff\xff\xff\xff\xff\xff\xff\xff\xff\xff\xff\xff\xff\xff\xff\
\xff\xfd\xfc\xfc\xff\xfc\xfb\xfa\xff\xff\xff\xff\xff\xff\xff\xff\
\xff\xff\xff\xff\xff\xe1\xcf\xcb\xff\x8aD3\xff\x815#\
\xff\x826$\xff\x816$\xff\x816$\xff\x816$\
\xff\x816$\xff\x826$\xff\x826$\xff\x816$\
\xff\x816$\xff\x816$\xff\x816$\xff\x816$\
\xff\x816$\xff\x826$\xff\x816$\xff\x816$\
\xff\x816$\xff\x816$\xff\x816$\xff\x816$\
\xff\x816$\xff\x816$\xff\x816$\xff\x816$\
\xff\x816$\xff\x816$\xff\x816$\xff\x816$\
\xff\x826$\xff\x826$\xff\x826$\xff\x816$\
\xff\x826$\xff\x816$\xff\x816$\xff\x816$\
\xff\x816$\xff\x816$\xff\x816$\xff\x816$\
\xff\x816$\xff\x826$\xff\x826$\xff\x804\x22\
\xff\x98YK\xff\xf4\xed\xec\xff\xff\xff\xff\xff\xff\xff\xff\
\xff\xff\xff\xff\xff\xff\xff\xff\xff\xff\xff\xff\xff\xff\xff\xff\
\xff\xff\xff\xff\xff\xff\xff\xff\xff\xff\xff\xff\xff\xff\xff\xff\
\xff\xff\xff\xff\xff\xff\xff\xff\xff\xff\xff\xff\xff\xff\xff\xff\
\xff\xff\xff\xff\xff\xff\xff\xff\xff\xff\xff\xff\xff\xf9\xf6\xf5\
\xff\xbf\x99\x90\xff\xbb\x92\x89\xff\xfb\xf8\xf8\xff\xff\xff\xff\
\xff\xff\xff\xff\xff\xf2\xeb\xea\xff\x95VG\xff\x814\x22\
\xff\x826$\xff\x826$\xff\x826$\xff\x826$\
\xff\x826$\xff\x826$\xff\x826$\xff\x826$\
\xff\x826$\xff\x816$\xff\x826$\xff\x826$\
\xff\x826$\xff\x826$\xff\x826$\xff\x816$\
\xff\x816$\xff\x816$\xff\x816$\xff\x816$\
\xff\x816$\xff\x816$\xff\x816$\xff\x816$\
\xff\x816$\xff\x816$\xff\x816$\xff\x816$\
\xff\x826$\xff\x816$\xff\x826$\xff\x816$\
\xff\x816$\xff\x816$\xff\x816$\xff\x826$\
\xff\x816$\xff\x826$\xff\x826$\xff\x826$\
\xff\x816$\xff\x826$\xff\x816$\xff\x816#\
\xff\x87?.\xff\xde\xcb\xc7\xff\xff\xff\xff\xff\xff\xff\xff\
\xff\xff\xff\xff\xff\xff\xff\xff\xff\xff\xff\xff\xff\xff\xff\xff\
\xff\xff\xff\xff\xff\xff\xff\xff\xff\xff\xff\xff\xff\xff\xff\xff\
\xff\xff\xff\xff\xff\xff\xff\xff\xff\xff\xff\xff\xff\xff\xff\xff\
\xff\xff\xff\xff\xff\xff\xff\xff\xff\xff\xff\xff\xff\xd3\xb9\xb4\
\xff\x89A1\xff\x827%\xff\xc8\xa6\x9f\xff\xff\xff\xff\
\xff\xff\xff\xff\xff\xf2\xeb\xea\xff\x95VG\xff\x814\x22\
\xff\x826$\xff\x826$\xff\x826$\xff\x826$\
\xff\x826$\xff\x826$\xff\x826$\xff\x816$\
\xff\x826$\xff\x826$\xff\x816$\xff\x816$\
\xff\x826$\xff\x826$\xff\x826$\xff\x826$\
\xff\x816$\xff\x826$\xff\x826$\xff\x816$\
\xff\x816$\xff\x816$\xff\x816$\xff\x816$\
\xff\x816$\xff\x816$\xff\x816$\xff\x816$\
\xff\x826$\xff\x816$\xff\x826$\xff\x816$\
\xff\x826$\xff\x816$\xff\x816$\xff\x826$\
\xff\x826$\xff\x816$\xff\x826$\xff\x826$\
\xff\x826$\xff\x826$\xff\x826$\xff\x826$\
\xff\x814\x22\xff\xbf\x99\x90\xff\xff\xff\xff\xff\xff\xff\xff\
\xff\xff\xff\xff\xff\xff\xff\xff\xff\xff\xff\xff\xff\xff\xff\xff\
\xff\xff\xff\xff\xff\xff\xff\xff\xff\xff\xff\xff\xff\xff\xff\xff\
\xff\xff\xff\xff\xff\xff\xff\xff\xff\xff\xff\xff\xff\xff\xff\xff\
\xff\xff\xff\xff\xff\xff\xff\xff\xff\xff\xff\xff\xff\xf7\xf2\xf1\
\xff\xdb\xc5\xc0\xff\xb2\x84y\xff\x95UF\xff\xda\xc5\xc0\
\xff\xff\xff\xff\xff\xf8\xf4\xf3\xff\xa3l_\xff\x803!\
\xff\x826$\xff\x826$\xff\x826$\xff\x826$\
\xff\x826$\xff\x826$\xff\x826$\xff\x826$\
\xff\x826$\xff\x826$\xff\x816$\xff\x816$\
\xff\x826$\xff\x816$\xff\x816$\xff\x826$\
\xff\x816$\xff\x816$\xff\x826$\xff\x816$\
\xff\x826$\xff\x816$\xff\x816#\xff\x816#\
\xff\x816#\xff\x816#\xff\x816#\xff\x816#\
\xff\x816#\xff\x816$\xff\x826$\xff\x816$\
\xff\x816$\xff\x816$\xff\x816$\xff\x826$\
\xff\x826$\xff\x826$\xff\x826$\xff\x826$\
\xff\x826$\xff\x816$\xff\x816$\xff\x826$\
\xff\x803!\xff\x9feW\xff\xf8\xf3\xf2\xff\xff\xff\xff\
\xff\xff\xff\xff\xff\xff\xff\xff\xff\xff\xff\xff\xff\xff\xff\xff\
\xff\xff\xff\xff\xff\xff\xff\xff\xff\xff\xff\xff\xff\xff\xff\xff\
\xff\xff\xff\xff\xff\xff\xff\xff\xff\xff\xff\xff\xff\xff\xff\xff\
\xff\xff\xff\xff\xff\xff\xff\xff\xff\xff\xff\xff\xff\xff\xff\xff\
\xff\xff\xff\xff\xff\xfe\xfe\xfe\xff\xd3\xb9\xb4\xff\xd3\xb9\xb4\
\xff\xff\xff\xff\xff\xff\xff\xff\xff\xe2\xd0\xcd\xff\x91N>\
\xff\x7f2\x1f\xff\x803 \xff\x7f3 \xff\x803 \
\xff\x803 \xff\x803 \xff\x803!\xff\x815#\
\xff\x816#\xff\x826$\xff\x816$\xff\x826$\
\xff\x826$\xff\x826$\xff\x816$\xff\x816$\
\xff\x816$\xff\x816$\xff\x826$\xff\x816$\
\xff\x816$\xff\x816$\xff\x816$\xff\x816$\
\xff\x816$\xff\x816#\xff\x816$\xff\x816$\
\xff\x816$\xff\x826$\xff\x826$\xff\x816$\
\xff\x816$\xff\x816$\xff\x816$\xff\x826$\
\xff\x826$\xff\x826$\xff\x826$\xff\x826$\
\xff\x826$\xff\x826$\xff\x826$\xff\x826$\
\xff\x815#\xff\x88@0\xff\xe0\xcd\xc9\xff\xff\xff\xff\
\xff\xff\xff\xff\xff\xff\xff\xff\xff\xff\xff\xff\xff\xff\xff\xff\
\xff\xff\xff\xff\xff\xff\xff\xff\xff\xff\xff\xff\xff\xff\xff\xff\
\xff\xff\xff\xff\xff\xff\xff\xff\xff\xff\xff\xff\xff\xff\xff\xff\
\xff\xff\xff\xff\xff\xff\xff\xff\xff\xff\xff\xff\xff\xff\xff\xff\
\xff\xff\xff\xff\xff\xff\xff\xff\xff\xff\xff\xff\xff\xff\xff\xff\
\xff\xff\xff\xff\xff\xff\xff\xff\xff\xff\xff\xff\xff\xd7\xbf\xba\
\xff\xb3\x85{\xff\xb4\x87|\xff\xb5\x88}\xff\xb4\x87}\
\xff\xb3\x86|\xff\xb3\x87}\xff\xa8th\xff\x8aC3\
\xff\x84;)\xff\x804\x22\xff\x804\x22\xff\x804\x22\
\xff\x816#\xff\x826$\xff\x816$\xff\x816$\
\xff\x816$\xff\x816$\xff\x826$\xff\x826$\
\xff\x826$\xff\x816$\xff\x816$\xff\x816$\
\xff\x816$\xff\x816$\xff\x816$\xff\x816#\
\xff\x816$\xff\x816$\xff\x816$\xff\x816$\
\xff\x816$\xff\x816$\xff\x816#\xff\x816$\
\xff\x816$\xff\x816$\xff\x826$\xff\x826$\
\xff\x826$\xff\x826$\xff\x826$\xff\x826$\
\xff\x826$\xff\x804!\xff\xb4\x87}\xff\xfe\xfd\xfd\
\xff\xff\xff\xff\xff\xff\xff\xff\xff\xff\xff\xff\xff\xff\xff\xff\
\xff\xff\xff\xff\xff\xff\xff\xff\xff\xff\xff\xff\xff\xff\xff\xff\
\xff\xff\xff\xff\xff\xff\xff\xff\xff\xff\xff\xff\xff\xff\xff\xff\
\xff\xff\xff\xff\xff\xff\xff\xff\xff\xff\xff\xff\xff\xff\xff\xff\
\xff\xff\xff\xff\xff\xff\xff\xff\xff\xff\xff\xff\xff\xff\xff\xff\
\xff\xff\xff\xff\xff\xff\xff\xff\xff\xff\xff\xff\xff\xff\xff\xff\
\xff\xff\xff\xff\xff\xff\xff\xff\xff\xff\xff\xff\xff\xff\xff\xff\
\xff\xff\xff\xff\xff\xff\xff\xff\xff\xfa\xf8\xf7\xff\xe5\xd5\xd2\
\xff\xd5\xbc\xb7\xff\xc0\x9a\x91\xff\xc1\x9b\x92\xff\xba\x91\x87\
\xff\x8bF5\xff\x815#\xff\x826$\xff\x826$\
\xff\x816$\xff\x826$\xff\x826$\xff\x826$\
\xff\x826$\xff\x816$\xff\x816$\xff\x816$\
\xff\x816$\xff\x816$\xff\x816$\xff\x816#\
\xff\x816$\xff\x816$\xff\x816$\xff\x816$\
\xff\x816$\xff\x816$\xff\x816$\xff\x826$\
\xff\x826$\xff\x826$\xff\x826$\xff\x826$\
\xff\x826$\xff\x826$\xff\x816$\xff\x816$\
\xff\x826$\xff\x815#\xff\x89B1\xff\xd5\xbc\xb6\
\xff\xff\xff\xff\xff\xff\xff\xff\xff\xff\xff\xff\xff\xff\xff\xff\
\xff\xff\xff\xff\xff\xff\xff\xff\xff\xff\xff\xff\xff\xff\xff\xff\
\xff\xff\xff\xff\xff\xff\xff\xff\xff\xff\xff\xff\xff\xfe\xfe\xfd\
\xff\xee\xe4\xe2\xff\xe8\xda\xd7\xff\xf3\xec\xeb\xff\xfa\xf7\xf6\
\xff\xf6\xf1\xf0\xff\xf6\xf1\xf0\xff\xf6\xf1\xf0\xff\xf6\xf0\xef\
\xff\xf5\xf0\xef\xff\xf5\xef\xee\xff\xf4\xee\xed\xff\xf4\xed\xec\
\xff\xf3\xec\xea\xff\xf2\xea\xe9\xff\xf2\xeb\xe9\xff\xf1\xea\xe8\
\xff\xef\xe6\xe4\xff\xee\xe4\xe2\xff\xea\xdf\xdc\xff\xf1\xe9\xe7\
\xff\xe3\xd2\xcf\xff\xb9\x8f\x85\xff\xba\x90\x86\xff\xb4\x87|\
\xff\x8aC3\xff\x815#\xff\x816$\xff\x816$\
\xff\x816$\xff\x826$\xff\x826$\xff\x816$\
\xff\x816$\xff\x816$\xff\x816$\xff\x816$\
\xff\x816$\xff\x816$\xff\x816$\xff\x816$\
\xff\x816$\xff\x816$\xff\x816$\xff\x816$\
\xff\x816$\xff\x816$\xff\x826$\xff\x826$\
\xff\x826$\xff\x816$\xff\x816$\xff\x816$\
\xff\x826$\xff\x826$\xff\x816$\xff\x816$\
\xff\x816$\xff\x816$\xff\x814\x22\xff\x90M=\
\xff\xd6\xbd\xb7\xff\xfd\xfb\xfb\xff\xff\xff\xff\xff\xff\xff\xff\
\xff\xff\xff\xff\xff\xff\xff\xff\xff\xff\xff\xff\xff\xff\xff\xff\
\xff\xff\xff\xff\xff\xff\xff\xff\xff\xff\xff\xff\xff\xfd\xfd\xfc\
\xff\xcf\xb3\xac\xff\x95UF\xff\x9dbT\xff\xa4m`\
\xff\x9a]O\xff\x9a]O\xff\x99\x5cN\xff\x98[M\
\xff\x98ZK\xff\x97XJ\xff\x95VG\xff\x94TD\
\xff\x93RC\xff\x93QB\xff\x92QB\xff\x92PA\
\xff\x91N?\xff\x90M=\xff\x8cG7\xff\xc2\x9e\x96\
\xff\xc6\xa3\x9c\xff~1\x1e\xff\x7f3 \xff\x803!\
\xff\x826#\xff\x826$\xff\x816$\xff\x816$\
\xff\x816$\xff\x816$\xff\x826$\xff\x826$\
\xff\x816$\xff\x816$\xff\x816$\xff\x816$\
\xff\x816$\xff\x816$\xff\x816$\xff\x816$\
\xff\x816$\xff\x816$\xff\x816$\xff\x816$\
\xff\x816$\xff\x816$\xff\x816$\xff\x826$\
\xff\x826$\xff\x826$\xff\x826$\xff\x826$\
\xff\x826$\xff\x816$\xff\x816$\xff\x816$\
\xff\x826$\xff\x816$\xff\x816$\xff\x814\x22\
\xff\x89A0\xff\xad{p\xff\xcd\xb0\xa9\xff\xd4\xbb\xb5\
\xff\xcf\xb3\xad\xff\xf9\xf6\xf6\xff\xff\xff\xff\xff\xff\xff\xff\
\xff\xff\xff\xff\xff\xff\xff\xff\xff\xff\xff\xff\xff\xff\xff\xff\
\xff\xfc\xfa\xfa\xff\xaaxl\xff~0\x1e\xff\x803!\
\xff\x804!\xff\x804!\xff\x804!\xff\x804\x22\
\xff\x814\x22\xff\x814\x22\xff\x804\x22\xff\x814\x22\
\xff\x814\x22\xff\x804\x22\xff\x814\x22\xff\x814\x22\
\xff\x814\x22\xff\x815\x22\xff\x803!\xff\x9b_Q\
\xff\x99\x5cN\xff\x815#\xff\x826$\xff\x826$\
\xff\x826$\xff\x826$\xff\x816$\xff\x816$\
\xff\x816$\xff\x826$\xff\x826$\xff\x816$\
\xff\x816$\xff\x816$\xff\x816$\xff\x816$\
\xff\x816$\xff\x816$\xff\x816$\xff\x816$\
\xff\x816$\xff\x816$\xff\x816$\xff\x816$\
\xff\x816$\xff\x816$\xff\x826$\xff\x826$\
\xff\x826$\xff\x826$\xff\x826$\xff\x826$\
\xff\x826$\xff\x816$\xff\x816$\xff\x816$\
\xff\x816$\xff\x816$\xff\x816$\xff\x826$\
\xff\x815#\xff\x803!\xff\x827$\xff\x815#\
\xff\xaavk\xff\xfc\xfa\xfa\xff\xff\xff\xff\xff\xff\xff\xff\
\xff\xff\xff\xff\xff\xff\xff\xff\xff\xff\xff\xff\xff\xff\xff\xff\
\xff\xfe\xfe\xfe\xff\xdc\xc9\xc5\xff\xb3\x87}\xff\x84:(\
\xff\x826$\xff\x826$\xff\x826$\xff\x826$\
\xff\x826$\xff\x826$\xff\x826$\xff\x826$\
\xff\x826$\xff\x826$\xff\x816$\xff\x826$\
\xff\x826$\xff\x826$\xff\x826$\xff\x815\x22\
\xff\x814\x22\xff\x826$\xff\x816$\xff\x826$\
\xff\x826$\xff\x816$\xff\x816$\xff\x816$\
\xff\x816$\xff\x816$\xff\x816$\xff\x816$\
\xff\x816$\xff\x816$\xff\x816$\xff\x816$\
\xff\x816$\xff\x816$\xff\x816$\xff\x826$\
\xff\x816$\xff\x816$\xff\x816$\xff\x816$\
\xff\x816$\xff\x816$\xff\x816$\xff\x826$\
\xff\x826$\xff\x826$\xff\x826$\xff\x826$\
\xff\x826$\xff\x816$\xff\x816$\xff\x826$\
\xff\x826$\xff\x816$\xff\x826$\xff\x826$\
\xff\x816$\xff\x826$\xff\x826$\xff\x803 \
\xff\xb9\x90\x86\xff\xff\xff\xff\xff\xff\xff\xff\xff\xff\xff\xff\
\xff\xff\xff\xff\xff\xff\xff\xff\xff\xff\xff\xff\xff\xff\xff\xff\
\xff\xff\xff\xff\xff\xff\xff\xff\xff\xda\xc5\xc0\xff\x86<+\
\xff\x826#\xff\x826$\xff\x826$\xff\x826$\
\xff\x826$\xff\x826$\xff\x826$\xff\x826$\
\xff\x826$\xff\x826$\xff\x816$\xff\x816$\
\xff\x826$\xff\x826$\xff\x826$\xff\x826$\
\xff\x826$\xff\x816$\xff\x816$\xff\x816$\
\xff\x826$\xff\x816$\xff\x816$\xff\x816$\
\xff\x816$\xff\x816$\xff\x816$\xff\x816$\
\xff\x816$\xff\x816$\xff\x816$\xff\x816$\
\xff\x816$\xff\x816$\xff\x826$\xff\x826$\
\xff\x826$\xff\x816$\xff\x816$\xff\x816$\
\xff\x816$\xff\x826$\xff\x826$\xff\x826$\
\xff\x826$\xff\x826$\xff\x826$\xff\x826$\
\xff\x826$\xff\x826$\xff\x826$\xff\x826$\
\xff\x826$\xff\x816$\xff\x826$\xff\x826$\
\xff\x826$\xff\x826$\xff\x826$\xff\x803!\
\xff\xb4\x86|\xff\xff\xff\xff\xff\xff\xff\xff\xff\xff\xff\xff\
\xff\xff\xff\xff\xff\xff\xff\xff\xff\xff\xff\xff\xff\xff\xff\xff\
\xff\xff\xff\xff\xff\xfa\xf7\xf6\xff\xabxm\xff\x815#\
\xff\x816$\xff\x826$\xff\x826$\xff\x826$\
\xff\x826$\xff\x826$\xff\x826$\xff\x826$\
\xff\x826$\xff\x826$\xff\x826$\xff\x816$\
\xff\x826$\xff\x826$\xff\x826$\xff\x826$\
\xff\x826$\xff\x816$\xff\x816$\xff\x816$\
\xff\x816$\xff\x816$\xff\x816$\xff\x816$\
\xff\x816$\xff\x816$\xff\x816$\xff\x816$\
\xff\x816$\xff\x816$\xff\x816$\xff\x816$\
\xff\x816$\xff\x816$\xff\x826$\xff\x816$\
\xff\x816$\xff\x816$\xff\x816$\xff\x816$\
\xff\x826$\xff\x826$\xff\x826$\xff\x826$\
\xff\x826$\xff\x826$\xff\x816$\xff\x816$\
\xff\x816$\xff\x816#\xff\x816$\xff\x816$\
\xff\x826$\xff\x816$\xff\x816$\xff\x816$\
\xff\x826$\xff\x826$\xff\x826$\xff\x804!\
\xff\x9daT\xff\xf7\xf1\xf1\xff\xff\xff\xff\xff\xff\xff\xff\
\xff\xff\xff\xff\xff\xff\xff\xff\xff\xff\xff\xff\xff\xff\xff\xff\
\xff\xff\xff\xff\xff\xdc\xc7\xc2\xff\x88@/\xff\x815#\
\xff\x816$\xff\x826$\xff\x816$\xff\x826$\
\xff\x826$\xff\x826$\xff\x826$\xff\x826$\
\xff\x826$\xff\x816$\xff\x816$\xff\x816$\
\xff\x826$\xff\x826$\xff\x826$\xff\x826$\
\xff\x816$\xff\x816$\xff\x816$\xff\x816$\
\xff\x816$\xff\x816$\xff\x816$\xff\x816$\
\xff\x816$\xff\x816$\xff\x826$\xff\x816$\
\xff\x816$\xff\x816$\xff\x816$\xff\x816$\
\xff\x816$\xff\x816$\xff\x826$\xff\x826#\
\xff\x816$\xff\x826$\xff\x816$\xff\x816$\
\xff\x826$\xff\x826$\xff\x826$\xff\x826$\
\xff\x826$\xff\x826$\xff\x826$\xff\x826$\
\xff\x826$\xff\x826$\xff\x826$\xff\x826$\
\xff\x826$\xff\x816$\xff\x816$\xff\x826$\
\xff\x826$\xff\x826$\xff\x826$\xff\x816#\
\xff\x85<*\xff\xd1\xb5\xae\xff\xff\xff\xff\xff\xff\xff\xff\
\xff\xff\xff\xff\xff\xff\xff\xff\xff\xff\xff\xff\xff\xff\xff\xff\
\xff\xed\xe3\xe0\xff\x9ecV\xff\x814\x22\xff\x826$\
\xff\x826$\xff\x826$\xff\x826$\xff\x826$\
\xff\x826$\xff\x826$\xff\x826$\xff\x826$\
\xff\x826$\xff\x826$\xff\x826$\xff\x826$\
\xff\x826$\xff\x826$\xff\x826$\xff\x826$\
\xff\x826$\xff\x826$\xff\x816$\xff\x816$\
\xff\x816$\xff\x826$\xff\x826$\xff\x816$\
\xff\x816$\xff\x816$\xff\x826$\xff\x826$\
\xff\x816$\xff\x816$\xff\x816$\xff\x816$\
\xff\x816$\xff\x816$\xff\x826$\xff\x816#\
\xff\x826$\xff\x826$\xff\x816$\xff\x816$\
\xff\x816$\xff\x826$\xff\x826$\xff\x826$\
\xff\x816$\xff\x816$\xff\x826$\xff\x826$\
\xff\x816$\xff\x826$\xff\x816$\xff\x826$\
\xff\x826$\xff\x816$\xff\x826$\xff\x816$\
\xff\x816$\xff\x826$\xff\x816$\xff\x816$\
\xff\x815\x22\xff\x92P@\xff\xd4\xba\xb4\xff\xf7\xf2\xf1\
\xff\xfd\xfc\xfc\xff\xfd\xfc\xfc\xff\xf8\xf3\xf2\xff\xda\xc3\xbe\
\xff\x9dbU\xff\x815#\xff\x826$\xff\x826$\
\xff\x816$\xff\x816$\xff\x826$\xff\x826$\
\xff\x826$\xff\x826$\xff\x826$\xff\x826$\
\xff\x826$\xff\x826$\xff\x816$\xff\x826$\
\xff\x826$\xff\x826$\xff\x826$\xff\x816$\
\xff\x816$\xff\x826$\xff\x816$\xff\x816$\
\xff\x816$\xff\x826$\xff\x816$\xff\x816$\
\xff\x816$\xff\x826$\xff\x826$\xff\x816$\
\xff\x826$\xff\x816$\xff\x816$\xff\x816$\
\xff\x816$\xff\x816$\xff\x826$\xff\x816$\
\xff\x816$\xff\x816$\xff\x826$\xff\x826$\
\xff\x816$\xff\x816$\xff\x816$\xff\x816$\
\xff\x816$\xff\x816$\xff\x826$\xff\x816$\
\xff\x816$\xff\x816$\xff\x816$\xff\x826$\
\xff\x816$\xff\x816$\xff\x816$\xff\x816$\
\xff\x816$\xff\x816$\xff\x816$\xff\x816$\
\xff\x826$\xff\x815\x22\xff\x86=,\xff\x9b_Q\
\xff\xaawl\xff\xabyn\xff\x9dbU\xff\x87?.\
\xff\x814\x22\xff\x826$\xff\x826$\xff\x826$\
\xff\x816$\xff\x816$\xff\x816$\xff\x826$\
\xff\x826$\xff\x826$\xff\x826$\xff\x826$\
\xff\x816$\xff\x816$\xff\x816$\xff\x826$\
\xff\x826$\xff\x826$\xff\x826$\xff\x816$\
\xff\x816$\xff\x816$\xff\x816$\xff\x816$\
\xff\x826$\xff\x816$\xff\x816$\xff\x816$\
\xff\x826$\xff\x826$\xff\x816$\xff\x816$\
\xff\x816$\xff\x816$\xff\x816$\xff\x816$\
\xff\x816$\xff\x816$\xff\x816$\xff\x826$\
\xff\x826$\xff\x826$\xff\x816$\xff\x816$\
\xff\x826$\xff\x816$\xff\x826$\xff\x826$\
\xff\x816$\xff\x816$\xff\x816$\xff\x816$\
\xff\x816$\xff\x816$\xff\x816$\xff\x826$\
\xff\x816$\xff\x816$\xff\x816$\xff\x816$\
\xff\x816$\xff\x816$\xff\x816$\xff\x816$\
\xff\x816$\xff\x816$\xff\x816#\xff\x804!\
\xff\x7f3!\xff\x803!\xff\x804!\xff\x816#\
\xff\x826$\xff\x826$\xff\x826$\xff\x826$\
\xff\x826$\xff\x816$\xff\x816$\xff\x816$\
\xff\x816$\xff\x826$\xff\x826$\xff\x826$\
\xff\x826$\xff\x816$\xff\x816$\xff\x816$\
\xff\x826$\xff\x826$\xff\x826$\xff\x816$\
\xff\x816$\xff\x816$\xff\x816$\xff\x816$\
\xff\x826$\xff\x816$\xff\x816$\xff\x816$\
\xff\x826$\xff\x826$\xff\x816$\xff\x816$\
\xff\x816$\xff\x816$\xff\x816$\xff\x816$\
\xff\x816$\xff\x816$\xff\x816$\xff\x816#\
\xff\x816$\xff\x816$\xff\x816$\xff\x816$\
\xff\x816$\xff\x816$\xff\x816$\xff\x816$\
\xff\x816$\xff\x816$\xff\x816$\xff\x816$\
\xff\x816$\xff\x816$\xff\x816$\xff\x816$\
\xff\x816$\xff\x816$\xff\x816$\xff\x816$\
\xff\x816$\xff\x816$\xff\x816$\xff\x816$\
\xff\x816$\xff\x816$\xff\x816$\xff\x816$\
\xff\x816$\xff\x826$\xff\x826$\xff\x826$\
\xff\x826$\xff\x826$\xff\x826$\xff\x816$\
\xff\x816$\xff\x816$\xff\x816$\xff\x826$\
\xff\x816$\xff\x816$\xff\x816$\xff\x826$\
\xff\x816$\xff\x816$\xff\x816$\xff\x816$\
\xff\x816$\xff\x826$\xff\x826$\xff\x816$\
\xff\x816$\xff\x816$\xff\x816$\xff\x816$\
\xff\x826$\xff\x826$\xff\x816$\xff\x816$\
\xff\x816$\xff\x826$\xff\x826$\xff\x816$\
\xff\x816$\xff\x816$\xff\x816$\xff\x816$\
\xff\x816$\xff\x816$\xff\x816$\xff\x816#\
\xff\x816#\xff\x826$\xff\x816$\xff\x816$\
\xff\x816$\xff\x816$\xff\x816$\xff\x816$\
\xff\x816$\xff\x816$\xff\x816#\xff\x816$\
\xff\x816$\xff\x816$\xff\x816$\xff\x816$\
\xff\x816$\xff\x826$\xff\x816$\xff\x816$\
\xff\x816$\xff\x816$\xff\x816$\xff\x816$\
\xff\x816$\xff\x816$\xff\x816$\xff\x816$\
\xff\x826$\xff\x826$\xff\x816$\xff\x826$\
\xff\x826$\xff\x826$\xff\x816$\xff\x816$\
\xff\x816$\xff\x816$\xff\x816$\xff\x816$\
\xff\x816$\xff\x826$\xff\x826$\xff\x826$\
\xff\x816$\xff\x816$\xff\x826$\xff\x816$\
\xff\x826$\xff\x826$\xff\x826$\xff\x826$\
\xff\x816$\xff\x816$\xff\x816$\xff\x816$\
\xff\x826$\xff\x826$\xff\x816$\xff\x816$\
\xff\x816$\xff\x816$\xff\x826$\xff\x826$\
\xff\x816$\xff\x816$\xff\x816$\xff\x816$\
\xff\x816$\xff\x816$\xff\x816$\xff\x816$\
\xff\x816$\xff\x816$\xff\x826$\xff\x816$\
\xff\x816$\xff\x816$\xff\x826$\xff\x826$\
\xff\x816$\xff\x816$\xff\x826$\xff\x816$\
\xff\x816$\xff\x816$\xff\x816$\xff\x826$\
\xff\x826$\xff\x826$\xff\x816$\xff\x816$\
\xff\x816$\xff\x816$\xff\x826$\xff\x816$\
\xff\x816$\xff\x826$\xff\x826$\xff\x826$\
\xff\x826$\xff\x816$\xff\x826$\xff\x826$\
\xff\x826$\xff\x826$\xff\x826$\xff\x816$\
\xff\x816$\xff\x816$\xff\x816$\xff\x826$\
\xff\x816$\xff\x816$\xff\x826$\xff\x826$\
\xff\x826$\xff\x826$\xff\x826$\xff\x816$\
\xff\x826$\xff\x826$\xff\x816$\xff\x816$\
\xff\x816$\xff\x816$\xff\x816$\xff\x816$\
\xff\x826$\xff\x826$\xff\x816$\xff\x816$\
\xff\x816$\xff\x816$\xff\x826$\xff\x826$\
\xff\x816$\xff\x00\x00\x00\x00\x00\x00\x00\x00\x00\x00\x00\
\x00\x00\x00\x00\x00\x00\x00\x00\x00\x00\x00\x00\x00\x00\x00\x00\
\x00\x00\x00\x00\x00\x00\x00\x00\x00\x00\x00\x00\x00\x00\x00\x00\
\x00\x00\x00\x00\x00\x00\x00\x00\x00\x00\x00\x00\x00\x00\x00\x00\
\x00\x00\x00\x00\x00\x00\x00\x00\x00\x00\x00\x00\x00\x00\x00\x00\
\x00\x00\x00\x00\x00\x00\x00\x00\x00\x00\x00\x00\x00\x00\x00\x00\
\x00\x00\x00\x00\x00\x00\x00\x00\x00\x00\x00\x00\x00\x00\x00\x00\
\x00\x00\x00\x00\x00\x00\x00\x00\x00\x00\x00\x00\x00\x00\x00\x00\
\x00\x00\x00\x00\x00\x00\x00\x00\x00\x00\x00\x00\x00\x00\x00\x00\
\x00\x00\x00\x00\x00\x00\x00\x00\x00\x00\x00\x00\x00\x00\x00\x00\
\x00\x00\x00\x00\x00\x00\x00\x00\x00\x00\x00\x00\x00\x00\x00\x00\
\x00\x00\x00\x00\x00\x00\x00\x00\x00\x00\x00\x00\x00\x00\x00\x00\
\x00\x00\x00\x00\x00\x00\x00\x00\x00\x00\x00\x00\x00\x00\x00\x00\
\x00\x00\x00\x00\x00\x00\x00\x00\x00\x00\x00\x00\x00\x00\x00\x00\
\x00\x00\x00\x00\x00\x00\x00\x00\x00\x00\x00\x00\x00\x00\x00\x00\
\x00\x00\x00\x00\x00\x00\x00\x00\x00\x00\x00\x00\x00\x00\x00\x00\
\x00\x00\x00\x00\x00\x00\x00\x00\x00\x00\x00\x00\x00\x00\x00\x00\
\x00\x00\x00\x00\x00\x00\x00\x00\x00\x00\x00\x00\x00\x00\x00\x00\
\x00\x00\x00\x00\x00\x00\x00\x00\x00\x00\x00\x00\x00\x00\x00\x00\
\x00\x00\x00\x00\x00\x00\x00\x00\x00\x00\x00\x00\x00\x00\x00\x00\
\x00\x00\x00\x00\x00\x00\x00\x00\x00\x00\x00\x00\x00\x00\x00\x00\
\x00\x00\x00\x00\x00\x00\x00\x00\x00\x00\x00\x00\x00\x00\x00\x00\
\x00\x00\x00\x00\x00\x00\x00\x00\x00\x00\x00\x00\x00\x00\x00\x00\
\x00\x00\x00\x00\x00\x00\x00\x00\x00\x00\x00\x00\x00\x00\x00\x00\
\x00\x00\x00\x00\x00\x00\x00\x00\x00\x00\x00\x00\x00\x00\x00\x00\
\x00\x00\x00\x00\x00\x00\x00\x00\x00\x00\x00\x00\x00\x00\x00\x00\
\x00\x00\x00\x00\x00\x00\x00\x00\x00\x00\x00\x00\x00\x00\x00\x00\
\x00\x00\x00\x00\x00\x00\x00\x00\x00\x00\x00\x00\x00\x00\x00\x00\
\x00\x00\x00\x00\x00\x00\x00\x00\x00\x00\x00\x00\x00\x00\x00\x00\
\x00\x00\x00\x00\x00\x00\x00\x00\x00\x00\x00\x00\x00\x00\x00\x00\
\x00\x00\x00\x00\x00\x00\x00\x00\x00\x00\x00\x00\x00\x00\x00\x00\
\x00\x00\x00\x00\x00\x00\x00\x00\x00\x00\x00\x00\x00\x00\x00\x00\
\x00\x00\x00\x00\x00\x00\x00\x00\x00\x00\x00\x00\x00\x00\x00\x00\
\x00\x00\x00\x00\x00\x00\x00\x00\x00\x00\x00\x00\x00\x00\x00\x00\
\x00\x00\x00\x00\x00\x00\x00\x00\x00\x00\x00\x00\x00\x00\x00\x00\
\x00\x00\x00\x00\x00\x00\x00\x00\x00\x00\x00\x00\x00\x00\x00\x00\
\x00\x00\x00\x00\x00\x00\x00\x00\x00\x00\x00\x00\x00\x00\x00\x00\
\x00\x00\x00\x00\x00\x00\x00\x00\x00\x00\x00\x00\x00\x00\x00\x00\
\x00\x00\x00\x00\x00\x00\x00\x00\x00\x00\x00\x00\x00\x00\x00\x00\
\x00\x00\x00\x00\x00\x00\x00\x00\x00\x00\x00\x00\x00\x00\x00\x00\
\x00\x00\x00\x00\x00\x00\x00\x00\x00\x00\x00\x00\x00\x00\x00\x00\
\x00\x00\x00\x00\x00\x00\x00\x00\x00\x00\x00\x00\x00\x00\x00\x00\
\x00\x00\x00\x00\x00\x00\x00\x00\x00\x00\x00\x00\x00\x00\x00\x00\
\x00\x00\x00\x00\x00\x00\x00\x00\x00\x00\x00\x00\x00\x00\x00\x00\
\x00\x00\x00\x00\x00\x00\x00\x00\x00\x00\x00\x00\x00\x00\x00\x00\
\x00\x00\x00\x00\x00\x00\x00\x00\x00\x00\x00\x00\x00\x00\x00\x00\
\x00\x00\x00\x00\x00\x00\x00\x00\x00\x00\x00\x00\x00\x00\x00\x00\
\x00\x00\x00\x00\x00\x00\x00\x00\x00\x00\x00\x00\x00\x00\x00\x00\
\x00\x00\x00\x00\x00\x00\x00\x00\x00\x00\x00\x00\x00\x00\x00\x00\
\x00\x00\x00\x00\x00\x00\x00\x00\x00\x00\x00\x00\x00\x00\x00\x00\
\x00\x00\x00\x00\x00\x00\x00\x00\x00\x00\x00\x00\x00\x00\x00\x00\
\x00\x00\x00\x00\x00\x00\x00\x00\x00\x00\x00\x00\x00\x00\x00\x00\
\x00\x00\x00\x00\x00\x00\x00\x00\x00\x00\x00\x00\x00\x00\x00\x00\
\x00\x00\x00\x00\x00\x00\x00\x00\x00\x00\x00\x00\x00\x00\x00\x00\
\x00\x00\x00\x00\x00(\x00\x00\x00`\x00\x00\x00\xc0\x00\x00\
\x00\x01\x00 \x00\x00\x00\x00\x00\x00\x90\x00\x00\xc3\x0e\x00\
\x00\xc3\x0e\x00\x00\x00\x00\x00\x00\x00\x00\x00\x00\x816$\
\xff\x816$\xff\x816$\xff\x816$\xff\x816$\
\xff\x816$\xff\x816$\xff\x816$\xff\x816$\
\xff\x816$\xff\x826$\xff\x826$\xff\x816$\
\xff\x826$\xff\x826$\xff\x826$\xff\x826$\
\xff\x826$\xff\x826$\xff\x826$\xff\x826$\
\xff\x826$\xff\x826$\xff\x826$\xff\x826$\
\xff\x826$\xff\x816$\xff\x826$\xff\x826$\
\xff\x826$\xff\x816$\xff\x816$\xff\x826$\
\xff\x826$\xff\x816$\xff\x816$\xff\x826$\
\xff\x826$\xff\x826$\xff\x816$\xff\x826$\
\xff\x826$\xff\x816$\xff\x826$\xff\x816$\
\xff\x826$\xff\x826$\xff\x826$\xff\x816$\
\xff\x816$\xff\x816$\xff\x826$\xff\x816$\
\xff\x816$\xff\x826$\xff\x816$\xff\x826$\
\xff\x816$\xff\x816$\xff\x826$\xff\x826$\
\xff\x816$\xff\x816$\xff\x826$\xff\x826$\
\xff\x816$\xff\x816$\xff\x826$\xff\x816$\
\xff\x826$\xff\x826$\xff\x816$\xff\x816$\
\xff\x816$\xff\x816$\xff\x816$\xff\x826$\
\xff\x816$\xff\x816$\xff\x816$\xff\x826$\
\xff\x816$\xff\x816$\xff\x816$\xff\x816$\
\xff\x826$\xff\x816$\xff\x816$\xff\x816$\
\xff\x816$\xff\x826$\xff\x816$\xff\x826$\
\xff\x826$\xff\x826$\xff\x826$\xff\x816$\
\xff\x816$\xff\x816$\xff\x816$\xff\x816$\
\xff\x816$\xff\x816$\xff\x816$\xff\x816$\
\xff\x816#\xff\x816$\xff\x816$\xff\x816$\
\xff\x816$\xff\x816$\xff\x816$\xff\x826$\
\xff\x826$\xff\x826$\xff\x826$\xff\x826$\
\xff\x826$\xff\x826$\xff\x826$\xff\x826$\
\xff\x816$\xff\x816$\xff\x816$\xff\x816$\
\xff\x826$\xff\x826$\xff\x816$\xff\x816$\
\xff\x816$\xff\x816$\xff\x826$\xff\x816$\
\xff\x816$\xff\x826$\xff\x816$\xff\x826$\
\xff\x816$\xff\x816$\xff\x816$\xff\x826$\
\xff\x816$\xff\x816$\xff\x816$\xff\x816$\
\xff\x816$\xff\x816$\xff\x816$\xff\x816$\
\xff\x826$\xff\x816$\xff\x816$\xff\x816$\
\xff\x816$\xff\x816$\xff\x816$\xff\x816$\
\xff\x816$\xff\x816$\xff\x816$\xff\x816$\
\xff\x816$\xff\x816$\xff\x816$\xff\x826$\
\xff\x826$\xff\x816$\xff\x816$\xff\x816$\
\xff\x816$\xff\x816$\xff\x816$\xff\x816$\
\xff\x816$\xff\x816$\xff\x816$\xff\x816$\
\xff\x816$\xff\x816$\xff\x816$\xff\x816$\
\xff\x816$\xff\x816$\xff\x816$\xff\x816$\
\xff\x816$\xff\x816$\xff\x816$\xff\x826$\
\xff\x816$\xff\x816$\xff\x816$\xff\x816$\
\xff\x816$\xff\x816$\xff\x816$\xff\x816$\
\xff\x816$\xff\x816$\xff\x816$\xff\x816$\
\xff\x816$\xff\x816$\xff\x816$\xff\x826$\
\xff\x826$\xff\x816$\xff\x816$\xff\x826$\
\xff\x826$\xff\x826$\xff\x826$\xff\x826$\
\xff\x816$\xff\x826$\xff\x826$\xff\x826$\
\xff\x816$\xff\x816$\xff\x826$\xff\x826$\
\xff\x826$\xff\x826$\xff\x826$\xff\x816$\
\xff\x816$\xff\x826$\xff\x826$\xff\x816$\
\xff\x816$\xff\x816$\xff\x816$\xff\x816$\
\xff\x816$\xff\x816$\xff\x816$\xff\x816$\
\xff\x816$\xff\x816$\xff\x816$\xff\x816$\
\xff\x816$\xff\x826$\xff\x816$\xff\x816$\
\xff\x816$\xff\x816$\xff\x816$\xff\x816$\
\xff\x816$\xff\x816$\xff\x816$\xff\x816$\
\xff\x816$\xff\x816$\xff\x816$\xff\x816$\
\xff\x816$\xff\x816$\xff\x816$\xff\x816$\
\xff\x816$\xff\x816$\xff\x816$\xff\x816$\
\xff\x816$\xff\x816$\xff\x816$\xff\x816$\
\xff\x816$\xff\x816$\xff\x816$\xff\x816$\
\xff\x816$\xff\x816$\xff\x816$\xff\x816$\
\xff\x816$\xff\x816$\xff\x816$\xff\x816$\
\xff\x826$\xff\x816$\xff\x816$\xff\x826$\
\xff\x816$\xff\x816$\xff\x816$\xff\x816$\
\xff\x816$\xff\x816$\xff\x816$\xff\x816$\
\xff\x816$\xff\x816$\xff\x826$\xff\x816$\
\xff\x816$\xff\x816$\xff\x816$\xff\x826$\
\xff\x826$\xff\x826$\xff\x826$\xff\x826$\
\xff\x826$\xff\x826$\xff\x826$\xff\x816$\
\xff\x816$\xff\x816$\xff\x826$\xff\x826$\
\xff\x816$\xff\x826$\xff\x816$\xff\x826$\
\xff\x826$\xff\x826$\xff\x826$\xff\x816$\
\xff\x816$\xff\x816$\xff\x826$\xff\x826$\
\xff\x816$\xff\x816$\xff\x816$\xff\x816$\
\xff\x816$\xff\x816$\xff\x816$\xff\x816$\
\xff\x826$\xff\x816$\xff\x816$\xff\x816$\
\xff\x816$\xff\x816$\xff\x816$\xff\x816$\
\xff\x816$\xff\x816$\xff\x816$\xff\x816$\
\xff\x816$\xff\x816$\xff\x816$\xff\x816$\
\xff\x816$\xff\x816$\xff\x816$\xff\x816$\
\xff\x816$\xff\x816$\xff\x816$\xff\x826$\
\xff\x816$\xff\x816$\xff\x816$\xff\x816$\
\xff\x816$\xff\x816$\xff\x816$\xff\x816$\
\xff\x816$\xff\x816$\xff\x816$\xff\x816$\
\xff\x816$\xff\x816$\xff\x816$\xff\x826$\
\xff\x826$\xff\x816$\xff\x816$\xff\x816$\
\xff\x816$\xff\x816$\xff\x816$\xff\x816$\
\xff\x816$\xff\x816$\xff\x816$\xff\x816$\
\xff\x816$\xff\x816$\xff\x816$\xff\x816$\
\xff\x816$\xff\x816$\xff\x816$\xff\x816$\
\xff\x816$\xff\x816$\xff\x816$\xff\x826$\
\xff\x826$\xff\x826$\xff\x826$\xff\x826$\
\xff\x826$\xff\x826$\xff\x826$\xff\x816$\
\xff\x816$\xff\x826$\xff\x826$\xff\x826$\
\xff\x826$\xff\x816$\xff\x816$\xff\x826$\
\xff\x826$\xff\x826$\xff\x826$\xff\x826$\
\xff\x826$\xff\x816$\xff\x816$\xff\x816$\
\xff\x816$\xff\x816$\xff\x816$\xff\x826$\
\xff\x826$\xff\x816$\xff\x816$\xff\x816$\
\xff\x816$\xff\x816$\xff\x816$\xff\x816$\
\xff\x816$\xff\x816$\xff\x816$\xff\x826$\
\xff\x816$\xff\x816$\xff\x816$\xff\x816$\
\xff\x816$\xff\x816$\xff\x816$\xff\x816$\
\xff\x816$\xff\x816$\xff\x816$\xff\x816$\
\xff\x816$\xff\x816$\xff\x826$\xff\x826$\
\xff\x826$\xff\x816$\xff\x816$\xff\x816$\
\xff\x816$\xff\x816$\xff\x816$\xff\x816$\
\xff\x816$\xff\x816$\xff\x816$\xff\x816$\
\xff\x816$\xff\x816$\xff\x816$\xff\x816$\
\xff\x816$\xff\x826$\xff\x816$\xff\x816$\
\xff\x816$\xff\x816$\xff\x816$\xff\x816$\
\xff\x816$\xff\x816$\xff\x816$\xff\x816$\
\xff\x816$\xff\x816$\xff\x816$\xff\x816$\
\xff\x816$\xff\x816$\xff\x826$\xff\x826$\
\xff\x826$\xff\x816$\xff\x816$\xff\x816$\
\xff\x816$\xff\x826$\xff\x826$\xff\x826$\
\xff\x826$\xff\x826$\xff\x826$\xff\x826$\
\xff\x826$\xff\x826$\xff\x826$\xff\x826$\
\xff\x826$\xff\x826$\xff\x826$\xff\x826$\
\xff\x816$\xff\x816$\xff\x826$\xff\x826$\
\xff\x826$\xff\x826$\xff\x826$\xff\x816$\
\xff\x826$\xff\x816$\xff\x816$\xff\x816$\
\xff\x816$\xff\x816$\xff\x816$\xff\x816$\
\xff\x816$\xff\x816$\xff\x816$\xff\x816$\
\xff\x816$\xff\x816$\xff\x826$\xff\x816$\
\xff\x816$\xff\x816$\xff\x816$\xff\x816$\
\xff\x816$\xff\x816$\xff\x816$\xff\x816$\
\xff\x816$\xff\x826$\xff\x816$\xff\x816$\
\xff\x816$\xff\x816$\xff\x826$\xff\x826$\
\xff\x816$\xff\x816$\xff\x816$\xff\x816$\
\xff\x816$\xff\x816$\xff\x816$\xff\x816$\
\xff\x816$\xff\x816$\xff\x816$\xff\x816$\
\xff\x816$\xff\x816$\xff\x816$\xff\x816$\
\xff\x816$\xff\x816$\xff\x816$\xff\x816$\
\xff\x816$\xff\x816$\xff\x816$\xff\x816$\
\xff\x816$\xff\x816$\xff\x816$\xff\x816$\
\xff\x816$\xff\x816$\xff\x816$\xff\x816$\
\xff\x816$\xff\x816$\xff\x816$\xff\x826$\
\xff\x826$\xff\x826$\xff\x826$\xff\x825#\
\xff\x835\x22\xff\x836#\xff\x826$\xff\x826$\
\xff\x826$\xff\x826$\xff\x826$\xff\x826$\
\xff\x826$\xff\x836#\xff\x835\x22\xff\x836#\
\xff\x826$\xff\x826$\xff\x826$\xff\x826$\
\xff\x826$\xff\x826$\xff\x826$\xff\x826$\
\xff\x826$\xff\x826$\xff\x826$\xff\x826$\
\xff\x816$\xff\x816$\xff\x816$\xff\x816$\
\xff\x816#\xff\x816$\xff\x816$\xff\x816$\
\xff\x816$\xff\x826$\xff\x816$\xff\x815#\
\xff\x815#\xff\x815#\xff\x826$\xff\x816$\
\xff\x816$\xff\x816$\xff\x816$\xff\x816$\
\xff\x816$\xff\x815#\xff\x815#\xff\x816$\
\xff\x816$\xff\x816$\xff\x816$\xff\x816$\
\xff\x816$\xff\x826$\xff\x826$\xff\x826$\
\xff\x816$\xff\x816$\xff\x816$\xff\x816$\
\xff\x816$\xff\x816$\xff\x826$\xff\x826$\
\xff\x816$\xff\x816$\xff\x826$\xff\x816$\
\xff\x816$\xff\x816$\xff\x816$\xff\x826$\
\xff\x816$\xff\x816#\xff\x816$\xff\x816$\
\xff\x816$\xff\x816$\xff\x816$\xff\x816$\
\xff\x816$\xff\x816$\xff\x816$\xff\x816$\
\xff\x816$\xff\x816$\xff\x816$\xff\x816$\
\xff\x816$\xff\x816$\xff\x826$\xff\x826$\
\xff\x826#\xff\x835!\xff~9+\xffvA<\
\xfftC@\xffy?6\xff\x817%\xff\x835\x22\
\xff\x826$\xff\x826$\xff\x826#\xff\x835\x22\
\xff\x7f9*\xffwA9\xffuC?\xffx@7\
\xff\x808'\xff\x835!\xff\x826$\xff\x817&\
\xff\x7f9*\xff\x7f8*\xff\x7f9*\xff\x7f9*\
\xff\x7f9*\xff\x7f9*\xff\x7f9*\xff\x817&\
\xff\x826$\xff\x826$\xff\x816$\xff\x84:)\
\xff\x87?.\xff\x86=,\xff\x826$\xff\x816$\
\xff\x826$\xff\x814\x22\xff\x827%\xff\x8bE5\
\xff\x8fL<\xff\x88A0\xff\x815#\xff\x815#\
\xff\x826$\xff\x816$\xff\x815#\xff\x804\x22\
\xff\x85<+\xff\x8cG7\xff\x8aC2\xff\x816$\
\xff\x804\x22\xff\x816$\xff\x816$\xff\x849(\
\xff\x85:)\xff\x838&\xff\x827$\xff\x84:(\
\xff\x84:)\xff\x837&\xff\x826$\xff\x826$\
\xff\x816$\xff\x826$\xff\x849'\xff\x849(\
\xff\x838&\xff\x837%\xff\x84:(\xff\x839'\
\xff\x826$\xff\x826$\xff\x815\x22\xff\x826$\
\xff\x87>-\xff\x87?.\xff\x838&\xff\x816$\
\xff\x816$\xff\x816$\xff\x826$\xff\x826$\
\xff\x816$\xff\x816$\xff\x816$\xff\x816$\
\xff\x816$\xff\x816$\xff\x816$\xff\x816$\
\xff\x816$\xff\x826$\xff\x826$\xff\x826#\
\xff\x7f9*\xff\x5c[o\xff7\x81\xbe\xff*\x8f\xdd\
\xff(\x92\xe3\xff-\x8c\xd5\xffEt\xa1\xffqGG\
\xff\x835\x22\xff\x826#\xff};.\xffX_x\
\xff7\x81\xbf\xff+\x8e\xda\xff(\x91\xe2\xff,\x8d\xd8\
\xff={\xb2\xffeS^\xff\x835\x22\xff^Zl\
\xff4\x85\xc5\xff5\x84\xc4\xff5\x84\xc4\xff5\x84\xc5\
\xff5\x85\xc5\xff4\x85\xc5\xff7\x82\xc0\xffjNT\
\xff\x835\x22\xff\x826$\xff\x803!\xff\xac{q\
\xff\xe1\xd1\xce\xff\xc9\xa9\xa3\xff\x87>,\xff\x826$\
\xff\x815#\xff\x96VH\xff\xca\xaa\xa3\xff\xe7\xd8\xd5\
\xff\xec\xe1\xdf\xff\xe1\xcf\xcc\xff\xb9\x8f\x85\xff\x89B1\
\xff\x815#\xff\x825#\xff\x86=+\xff\xb0\x80u\
\xff\xdb\xc5\xc0\xff\xe9\xdb\xd9\xff\xe4\xd4\xd1\xff\xc7\xa6\x9f\
\xff\x95UF\xff\x804\x22\xff\x86<+\xff\xc9\xa9\xa2\
\xff\xde\xca\xc6\xff\xa8th\xff\x8cG7\xff\xcf\xb3\xad\
\xff\xda\xc5\xc0\xff\x9feX\xff\x804\x22\xff\x826$\
\xff\x839'\xff\xba\x90\x87\xff\xdd\xc8\xc3\xff\xd6\xbd\xb7\
\xff\x97XJ\xff\xa6rg\xff\xdd\xc8\xc3\xff\xc9\xa9\xa3\
\xff\x88A0\xff\x814\x22\xff\x94TD\xff\xca\xaa\xa3\
\xff\xe0\xcd\xc9\xff\xdd\xc9\xc5\xff\x9caS\xff\x804!\
\xff\x826$\xff\x816$\xff\x826$\xff\x826$\
\xff\x816$\xff\x816$\xff\x816$\xff\x816$\
\xff\x826$\xff\x816$\xff\x816$\xff\x816$\
\xff\x816$\xff\x816$\xff\x826$\xff\x807'\
\xffNj\x8d\xff\x1d\x9c\xf7\xff\x19\xa1\xff\xff&\x94\xe6\
\xff*\x8f\xdd\xff\x1d\x9d\xf9\xff\x19\xa1\xff\xff.\x8b\xd3\
\xffpHI\xff\x826$\xffLl\x92\xff\x1b\x9e\xfb\
\xff\x19\xa0\xff\xff$\x95\xe7\xff-\x8c\xd6\xff#\x96\xe9\
\xff\x19\xa1\xff\xff#\x96\xeb\xffeS^\xffVb\x80\
\xff\x18\xa2\xff\xff\x19\xa1\xff\xff\x1a\xa0\xff\xff\x1e\x9c\xf5\
\xff\x1e\x9d\xf5\xff\x1d\x9d\xf6\xff!\x99\xef\xffcUc\
\xff\x845!\xff\x827$\xff\x7f2 \xff\xbb\x93\x8b\
\xff\xff\xff\xff\xff\xe2\xd1\xcd\xff\x88@/\xff\x804\x22\
\xff\x94SD\xff\xe5\xd5\xd2\xff\xff\xff\xff\xff\xef\xe6\xe4\
\xff\xe4\xd4\xd1\xff\xf9\xf5\xf5\xff\xff\xfe\xfe\xff\xc9\xa8\xa1\
\xff\x86<*\xff\x838&\xff\xbe\x97\x8f\xff\xfc\xfa\xfa\
\xff\xfb\xf8\xf7\xff\xe7\xd8\xd5\xff\xf0\xe8\xe6\xff\xff\xff\xff\
\xff\xe4\xd4\xd1\xff\x94SD\xff\x87=,\xff\xe6\xd7\xd4\
\xff\xff\xff\xff\xff\xb8\x8d\x83\xff\x90M>\xff\xee\xe6\xe5\
\xff\xff\xff\xff\xff\xabxm\xff\x803!\xff\x804\x22\
\xff\xa7rf\xff\xf7\xf2\xf1\xff\xff\xff\xff\xff\xce\xb0\xaa\
\xff\x85;*\xff\xb7\x8d\x84\xff\xff\xff\xff\xff\xe7\xd9\xd7\
\xff\x8bE5\xff\x815#\xff\xc9\xa9\xa2\xff\xff\xff\xff\
\xff\xfe\xfe\xfe\xff\xea\xde\xdb\xff\x9a]O\xff\x814\x22\
\xff\x816$\xff\x816$\xff\x826$\xff\x826$\
\xff\x816$\xff\x816$\xff\x816$\xff\x816$\
\xff\x816$\xff\x816$\xff\x816$\xff\x826$\
\xff\x816$\xff\x816$\xff\x835!\xffhOW\
\xff!\x98\xef\xff\x19\x9f\xff\xffBv\xa6\xffrFD\
\xffwA9\xffZ^u\xff!\x98\xef\xff\x16\xa3\xff\
\xffAw\xa9\xffsD@\xff)\x8f\xdc\xff\x1b\x9f\xfe\
\xffDt\xa4\xffrFD\xffy?6\xffoII\
\xff4\x84\xc5\xff\x18\xa2\xff\xff<|\xb5\xffsD@\
\xff9\x7f\xbb\xff\x1a\xa0\xff\xff\x1f\x9b\xf5\xffOh\x8c\
\xffpHJ\xffpIJ\xffpHI\xff|<0\
\xff\x826#\xff\x826$\xff\x7f3 \xff\xba\x92\x89\
\xff\xff\xff\xff\xff\xe1\xcf\xcb\xff\x88@/\xff\x814\x22\
\xff\xc2\x9e\x96\xff\xff\xff\xff\xff\xe6\xd7\xd4\xff\x97YJ\
\xff\x88@/\xff\xb2\x83y\xff\xfb\xf8\xf8\xff\xf9\xf5\xf4\
\xff\x9feY\xff\x97XJ\xff\xf3\xec\xeb\xff\xfd\xfb\xfb\
\xff\xb7\x8c\x83\xff\x8aC2\xff\x98ZK\xff\xe5\xd6\xd3\
\xff\xff\xff\xff\xff\xc3\xa0\x98\xff\x87>-\xff\xe5\xd5\xd1\
\xff\xff\xff\xff\xff\xb7\x8c\x82\xff\x8fM>\xff\xec\xe3\xe1\
\xff\xfd\xfc\xfb\xff\xaawk\xff\x7f2\x1f\xff\x91O?\
\xff\xe5\xd6\xd3\xff\xff\xff\xff\xff\xe6\xd8\xd5\xff\x91PA\
\xff\x7f2\x1f\xff\xb6\x8c\x83\xff\xff\xff\xff\xff\xe5\xd6\xd4\
\xff\x8bE5\xff\x826$\xff\xd9\xc2\xbd\xff\xff\xff\xff\
\xff\xd4\xbc\xb7\xff\x92PA\xff\x84:(\xff\x826$\
\xff\x816$\xff\x826$\xff\x816$\xff\x826$\
\xff\x826$\xff\x816$\xff\x816$\xff\x816$\
\xff\x816$\xff\x816$\xff\x816$\xff\x816$\
\xff\x816$\xff\x826$\xff\x826#\xffGp\x9a\
\xff\x18\xa1\xff\xff)\x8f\xdb\xffuC=\xff\x845!\
\xff\x835\x22\xff\x817%\xffTd\x81\xff=|\xb1\
\xffMk\x90\xffvB;\xff_Yl\xff][p\
\xffz>3\xff\x853\x1e\xff\x844 \xff~9+\
\xff=|\xb4\xff\x18\xa2\xff\xff2\x87\xcb\xff~9,\
\xffw@9\xff={\xb1\xff\x1a\xa0\xff\xff%\x94\xe6\
\xff`Xj\xff\x844!\xff\x835!\xff\x826#\
\xff\x826$\xff\x827$\xff\x7f3 \xff\xba\x92\x89\
\xff\xff\xff\xff\xff\xe1\xcf\xcb\xff\x88@.\xff\x86=,\
\xff\xdb\xc5\xc1\xff\xff\xff\xff\xff\xc5\xa3\x9b\xff\x803!\
\xff\x804\x22\xff\x8cG7\xff\xe8\xdb\xd9\xff\xff\xff\xff\
\xff\xb6\x8b\x81\xff\xae~s\xff\xff\xff\xff\xff\xee\xe3\xe1\
\xff\x8eK;\xff\x804!\xff\x803 \xff\xc2\x9d\x94\
\xff\xff\xff\xff\xff\xdd\xc8\xc4\xff\x8dH8\xff\xe5\xd4\xd1\
\xff\xff\xff\xff\xff\xb8\x8c\x82\xff\x90M>\xff\xec\xe3\xe1\
\xff\xfd\xfd\xfc\xff\xaczo\xff\x837&\xff\xca\xab\xa4\
\xff\xff\xff\xff\xff\xf7\xf3\xf2\xff\xa8ui\xff\x804\x22\
\xff\x804!\xff\xb6\x8c\x83\xff\xff\xff\xff\xff\xe5\xd6\xd4\
\xff\x8bE5\xff\x826%\xff\xda\xc3\xbe\xff\xff\xff\xff\
\xff\xc6\xa5\x9e\xff\x814\x22\xff\x816#\xff\x826$\
\xff\x826$\xff\x816$\xff\x816$\xff\x816$\
\xff\x816$\xff\x816$\xff\x816$\xff\x816$\
\xff\x816$\xff\x816$\xff\x816$\xff\x816$\
\xff\x826$\xff\x826$\xff\x7f8)\xff6\x82\xc1\
\xff\x17\xa2\xff\xff?z\xb0\xff\x808'\xff\x826$\
\xff\x826$\xff\x826$\xff\x826#\xff\x826$\
\xff\x826$\xff\x826$\xff\x844 \xff\x825\x22\
\xffvA;\xffeS]\xffTd\x81\xff:\x7f\xb8\
\xff\x1e\x9b\xf7\xff\x18\xa1\xff\xffAw\xa9\xff\x817&\
\xff\x835\x22\xffy>4\xffBv\xa8\xff\x1a\x9f\xff\
\xff#\x96\xea\xff_Yk\xff\x826#\xff\x826$\
\xff\x827$\xff\x827$\xff\x7f2 \xff\xba\x92\x89\
\xff\xff\xff\xff\xff\xe1\xcf\xcb\xff\x87@.\xff\x89A0\
\xff\xe0\xcd\xc9\xff\xff\xff\xff\xff\xbe\x97\x8e\xff\x803!\
\xff\x815#\xff\x8aC3\xff\xe2\xd2\xcf\xff\xff\xff\xff\
\xff\xbc\x94\x8c\xff\xb5\x89\x80\xff\xff\xff\xff\xff\xe8\xda\xd6\
\xff\x8bE4\xff\x815#\xff\x804!\xff\xb9\x8f\x85\
\xff\xff\xff\xff\xff\xe2\xd1\xcd\xff\x8fL<\xff\xe4\xd4\xd0\
\xff\xff\xff\xff\xff\xb8\x8c\x82\xff\x90M=\xff\xec\xe2\xe1\
\xff\xff\xff\xff\xff\xdb\xc5\xc1\xff\xbb\x92\x89\xff\xf9\xf5\xf5\
\xff\xff\xff\xff\xff\xc5\xa3\x9b\xff\x839'\xff\x826$\
\xff\x804!\xff\xb6\x8c\x83\xff\xff\xff\xff\xff\xe5\xd6\xd4\
\xff\x8bE5\xff\x827$\xff\xda\xc3\xbe\xff\xff\xff\xff\
\xff\xc7\xa6\x9f\xff\x816$\xff\x826$\xff\x826$\
\xff\x826$\xff\x816$\xff\x826$\xff\x826$\
\xff\x816$\xff\x816$\xff\x816$\xff\x816$\
\xff\x816$\xff\x816$\xff\x826$\xff\x826$\
\xff\x816$\xff\x826#\xff|<0\xff1\x87\xcc\
\xff\x17\xa2\xff\xffGq\x9f\xff\x826#\xff\x826$\
\xff\x826$\xff\x826$\xff\x826$\xff\x826$\
\xff\x826$\xff\x836#\xffy?6\xffJn\x95\
\xff)\x8f\xdc\xff\x1c\x9c\xf8\xff\x19\xa1\xff\xff\x18\xa2\xff\
\xff\x1b\x9e\xfc\xff4\x85\xc6\xffpHH\xff\x835\x22\
\xff\x826$\xff\x835\x22\xff|<0\xffFs\xa0\
\xff\x1a\x9f\xfe\xff$\x94\xe7\xffgQ[\xff\x835\x22\
\xff\x826$\xff\x826$\xff\x7f2 \xff\xba\x92\x89\
\xff\xff\xff\xff\xff\xe1\xcf\xcb\xff\x88@/\xff\x85;*\
\xff\xd8\xc0\xbb\xff\xff\xff\xff\xff\xcc\xae\xa7\xff\x804\x22\
\xff\x7f2\x1f\xff\x90M>\xff\xed\xe3\xe1\xff\xff\xff\xff\
\xff\xb1\x82x\xff\xaawl\xff\xfe\xfe\xfe\xff\xf1\xe9\xe7\
\xff\x93QC\xff\x7f2\x1f\xff\x804\x22\xff\xc8\xa7\xa0\
\xff\xff\xff\xff\xff\xda\xc4\xbf\xff\x8cF6\xff\xe5\xd5\xd1\
\xff\xff\xff\xff\xff\xb7\x8c\x82\xff\x8fM=\xff\xec\xe2\xe1\
\xff\xff\xff\xff\xff\xff\xff\xff\xff\xfc\xfb\xfb\xff\xff\xff\xff\
\xff\xe0\xce\xca\xff\x8eJ:\xff\x815\x22\xff\x826$\
\xff\x804!\xff\xb6\x8c\x83\xff\xff\xff\xff\xff\xe5\xd6\xd4\
\xff\x8bE5\xff\x815#\xff\xd9\xc3\xbd\xff\xff\xff\xff\
\xff\xc7\xa5\x9f\xff\x804\x22\xff\x816#\xff\x826$\
\xff\x816$\xff\x816$\xff\x826$\xff\x816$\
\xff\x816$\xff\x816$\xff\x816$\xff\x816$\
\xff\x826$\xff\x816$\xff\x826$\xff\x816$\
\xff\x826$\xff\x826#\xff};.\xff2\x86\xcb\
\xff\x17\xa2\xff\xffGq\x9f\xff\x826$\xff\x826$\
\xff\x826$\xff\x826$\xff\x835\x22\xff\x834!\
\xff\x835!\xff\x808(\xffEt\xa1\xff\x19\xa0\xff\
\xff\x19\xa0\xff\xff$\x96\xea\xff3\x86\xc7\xffEt\xa2\
\xff][o\xffy?6\xff\x836\x22\xff\x826#\
\xff\x835\x22\xff\x835\x22\xff\x836\x22\xff|</\
\xff@y\xac\xff\x18\xa1\xff\xff4\x85\xc5\xff{=2\
\xff\x826#\xff\x826$\xff\x7f2 \xff\xba\x92\x89\
\xff\xff\xff\xff\xff\xe1\xcf\xcb\xff\x88@/\xff\x803!\
\xff\xb7\x8b\x81\xff\xff\xff\xff\xff\xf2\xea\xe8\xff\xb0\x81w\
\xff\x9dbU\xff\xc8\xa7\xa0\xff\xff\xfe\xfe\xff\xf1\xe9\xe7\
\xff\x96XI\xff\x90M>\xff\xeb\xdf\xdd\xff\xff\xff\xff\
\xff\xcb\xac\xa5\xff\x9dbV\xff\xaf\x7ft\xff\xf0\xe8\xe6\
\xff\xff\xff\xff\xff\xba\x91\x88\xff\x86>,\xff\xe5\xd5\xd1\
\xff\xff\xff\xff\xff\xb7\x8c\x82\xff\x8fM=\xff\xec\xe3\xe1\
\xff\xff\xfe\xfe\xff\xf4\xee\xec\xff\xff\xff\xff\xff\xfc\xfb\xfb\
\xff\xae}r\xff\x802 \xff\x826$\xff\x826$\
\xff\x804!\xff\xb6\x8c\x83\xff\xff\xff\xff\xff\xe5\xd6\xd4\
\xff\x8cH8\xff\x91O@\xff\xdf\xcd\xc9\xff\xff\xff\xff\
\xff\xcf\xb4\xae\xff\x92RC\xff\x86=,\xff\x816$\
\xff\x816$\xff\x816$\xff\x826$\xff\x816$\
\xff\x816$\xff\x816$\xff\x816$\xff\x816$\
\xff\x816$\xff\x826$\xff\x816$\xff\x816$\
\xff\x816$\xff\x816$\xff\x817&\xff;}\xb6\
\xff\x17\xa2\xff\xff7\x80\xbd\xff~:*\xff\x826#\
\xff\x826$\xff\x835#\xfflKO\xff]Zp\
\xffeR_\xffqGF\xff(\x92\xe1\xff\x18\xa1\xff\
\xff<|\xb3\xffpHH\xff|;/\xff\x826#\
\xff\x835\x22\xff\x817&\xff\x816%\xff{=2\
\xffoII\xffuC=\xff\x826$\xff\x845!\
\xffjNT\xff \x99\xf0\xff\x1f\x9a\xf4\xffhPX\
\xff\x835!\xff\x826$\xff\x7f2 \xff\xba\x91\x89\
\xff\xff\xff\xff\xff\xe1\xcf\xcb\xff\x88@/\xff\x815\x22\
\xff\x8aC3\xff\xcf\xb3\xad\xff\xfd\xfc\xfc\xff\xfd\xfc\xfd\
\xff\xf9\xf5\xf5\xff\xff\xff\xff\xff\xf6\xf0\xf0\xff\xb5\x89\x7f\
\xff\x827%\xff\x815#\xff\xad|q\xff\xf3\xeb\xea\
\xff\xff\xff\xff\xff\xf9\xf5\xf5\xff\xfd\xfc\xfc\xff\xfe\xfd\xfd\
\xff\xd4\xba\xb5\xff\x8cF6\xff\x87>-\xff\xe5\xd5\xd1\
\xff\xff\xff\xff\xff\xb7\x8c\x82\xff\x8fM=\xff\xec\xe3\xe1\
\xff\xfc\xfb\xfb\xff\xbb\x93\x8a\xff\xde\xcb\xc7\xff\xff\xff\xff\
\xff\xda\xc5\xc0\xff\x8fK<\xff\x814\x22\xff\x816$\
\xff\x804!\xff\xb7\x8e\x85\xff\xff\xff\xff\xff\xe6\xd8\xd6\
\xff\x95VH\xff\xe0\xcf\xcc\xff\xfd\xfc\xfc\xff\xff\xff\xff\
\xff\xfb\xf8\xf8\xff\xed\xe4\xe2\xff\x9edV\xff\x804!\
\xff\x816$\xff\x816$\xff\x826$\xff\x816$\
\xff\x816$\xff\x816$\xff\x816$\xff\x826$\
\xff\x816$\xff\x826$\xff\x816$\xff\x816$\
\xff\x816$\xff\x826$\xff\x835\x22\xffSd\x83\
\xff\x19\xa0\xff\xff!\x98\xee\xffeS_\xff\x844 \
\xff\x843\x1f\xff{=2\xff4\x84\xc6\xff\x18\xa2\xff\
\xff4\x84\xc5\xffkLP\xff&\x93\xe4\xff\x19\xa0\xff\
\xffUb~\xff\x862\x1d\xff\x853\x1e\xff|<0\
\xffLl\x93\xff?y\xaf\xffhPY\xffbVe\
\xff%\x94\xe7\xff6\x82\xc0\xffz=4\xff\x863\x1d\
\xfflLP\xff\x22\x97\xee\xff\x1e\x9c\xf8\xffdTa\
\xff\x834 \xff\x815#\xff~1\x1e\xff\xb9\x91\x88\
\xff\xff\xff\xff\xff\xe1\xcf\xcb\xff\x87?.\xff\x815\x22\
\xff\x803!\xff\x88A0\xff\xae}r\xff\xcd\xaf\xa8\
\xff\xd4\xba\xb4\xff\xc6\xa5\x9d\xff\xa1i\x5c\xff\x838'\
\xff\x816#\xff\x826$\xff\x827%\xff\x9dbT\
\xff\xc4\xa0\x98\xff\xd3\xb8\xb2\xff\xce\xb0\xaa\xff\xb1\x82w\
\xff\x8aC3\xff\x804\x22\xff\x87?.\xff\xe5\xd5\xd1\
\xff\xff\xff\xff\xff\xb7\x8c\x82\xff\x8fM=\xff\xec\xe3\xe1\
\xff\xfd\xfc\xfc\xff\xa8ui\xff\x97XJ\xff\xe9\xdb\xd9\
\xff\xff\xff\xff\xff\xd3\xb8\xb3\xff\x8aD3\xff\x815\x22\
\xff\x815#\xff\x9b_R\xff\xc0\x99\x90\xff\xb1\x83x\
\xff\x8bF6\xff\xb6\x8b\x81\xff\xed\xe2\xe0\xff\xff\xff\xff\
\xff\xe4\xd4\xd1\xff\xbd\x95\x8c\xff\x91O?\xff\x815#\
\xff\x826$\xff\x826$\xff\x826$\xff\x826$\
\xff\x826$\xff\x816$\xff\x816$\xff\x816$\
\xff\x816$\xff\x826$\xff\x816$\xff\x816$\
\xff\x816$\xff\x826$\xff\x835\x22\xffsD@\
\xff+\x8d\xd7\xff\x18\xa1\xff\xff)\x8f\xdd\xffRf\x85\
\xff][o\xff?z\xae\xff\x1c\x9d\xfc\xff\x1b\x9e\xfc\
\xffTc\x80\xff~9+\xff9\x7f\xba\xff\x18\xa2\xff\
\xff)\x90\xde\xffOj\x8d\xffX`y\xff?z\xaf\
\xff\x1b\x9f\xfd\xff\x1d\x9c\xf8\xffeR]\xffsEB\
\xff'\x92\xe2\xff\x1b\x9f\xff\xff@y\xac\xff[]r\
\xff9\x7f\xbb\xff\x19\xa1\xff\xff*\x8e\xdb\xffvGD\
\xff\xb3\x82w\xff\xc2\x9c\x95\xff\xc0\x99\x91\xff\xdd\xc9\xc5\
\xff\xff\xff\xff\xff\xf1\xe8\xe7\xff\xc4\xa1\x99\xff\xc1\x9b\x93\
\xff\xbe\x96\x8e\xff\x8fL<\xff\x7f2 \xff\x828&\
\xff\x84:(\xff\x826$\xff\x814!\xff\x826$\
\xff\x816$\xff\x826$\xff\x826$\xff\x804\x22\
\xff\x815#\xff\x84:(\xff\x838&\xff\x804!\
\xff\x816#\xff\x816$\xff\x87?.\xff\xe5\xd5\xd2\
\xff\xff\xff\xff\xff\xb7\x8c\x82\xff\x8fM>\xff\xec\xe3\xe1\
\xff\xfd\xfc\xfc\xff\xaawl\xff~1\x1f\xff\xa1i\x5c\
\xff\xf0\xe7\xe5\xff\xff\xff\xff\xff\xcb\xab\xa4\xff\x87?.\
\xff\x804\x22\xff\x95UE\xff\xc1\x9c\x93\xff\xad{p\
\xff\x84:(\xff\x805\x22\xff\xda\xc4\xbf\xff\xff\xff\xff\
\xff\xc7\xa6\x9f\xff\x7f3 \xff\x815#\xff\x826$\
\xff\x826$\xff\x826$\xff\x826$\xff\x816$\
\xff\x816$\xff\x816$\xff\x816$\xff\x816$\
\xff\x816$\xff\x816$\xff\x816$\xff\x816$\
\xff\x816$\xff\x826$\xff\x816$\xff\x825#\
\xffeR]\xff,\x8c\xd6\xff\x19\x9f\xff\xff\x18\xa1\xff\
\xff\x19\xa0\xff\xff\x18\xa2\xff\xff \x99\xf1\xffJo\x98\
\xff};.\xff\x835\x22\xffmJN\xff2\x86\xc9\
\xff\x1b\x9e\xfc\xff\x17\xa2\xff\xff\x17\xa3\xff\xff\x18\xa1\xff\
\xff \x99\xf1\xffLl\x92\xff~9*\xff\x826#\
\xff]Zn\xff'\x92\xe2\xff\x19\xa0\xff\xff\x18\xa1\xff\
\xff\x19\xa0\xff\xff(\x90\xdf\xff_Xi\xff\x86=,\
\xff\xe1\xcf\xcc\xff\xff\xff\xff\xff\xfe\xfe\xfe\xff\xfe\xfd\xfd\
\xff\xfd\xfc\xfc\xff\xfd\xfd\xfd\xff\xfe\xfe\xfe\xff\xff\xff\xff\
\xff\xf8\xf4\xf4\xff\x9dbV\xff\x803!\xff\x826$\
\xff\x816$\xff\x826$\xff\x826$\xff\x826$\
\xff\x826$\xff\x816$\xff\x826$\xff\x826$\
\xff\x826$\xff\x826$\xff\x816$\xff\x826$\
\xff\x826$\xff\x816#\xff\x87?.\xff\xe3\xd3\xcf\
\xff\xff\xff\xff\xff\xb7\x8b\x80\xff\x8fM=\xff\xeb\xe0\xdf\
\xff\xfb\xf9\xf9\xff\xaavk\xff\x803!\xff\x815#\
\xff\xaawl\xff\xf4\xed\xec\xff\xfb\xf9\xf9\xff\xbf\x99\x91\
\xff\x828&\xff\xc4\xa1\x9a\xff\xff\xff\xff\xff\xf1\xe9\xe7\
\xff\x92QB\xff\x815#\xff\xb2\x83y\xff\xc8\xa8\xa0\
\xff\xa7sg\xff\x816$\xff\x826$\xff\x816$\
\xff\x816$\xff\x816$\xff\x816$\xff\x816$\
\xff\x816$\xff\x816$\xff\x816$\xff\x816$\
\xff\x826$\xff\x816$\xff\x816$\xff\x816$\
\xff\x816$\xff\x816$\xff\x816$\xff\x816$\
\xff\x825\x22\xfftC>\xffVa}\xffFr\x9f\
\xffCu\xa6\xffLk\x91\xffgPZ\xff\x808(\
\xff\x826#\xff\x826$\xff\x835\x22\xffx?7\
\xff^Zm\xffMk\x91\xffIo\x9a\xffPg\x8a\
\xffhOX\xff\x7f8(\xff\x826#\xff\x826$\
\xff\x826$\xffpGG\xffVa}\xffNj\x8f\
\xffVa|\xffrFE\xff\x825#\xff\x839'\
\xff\xa5od\xff\xb1\x82y\xff\xb0\x81w\xff\xb0\x81w\
\xff\xb0\x81w\xff\xb0\x81w\xff\xb0\x81x\xff\xb0\x81w\
\xff\xae}s\xff\x8cF7\xff\x815#\xff\x826$\
\xff\x826$\xff\x816$\xff\x816$\xff\x826$\
\xff\x816$\xff\x826$\xff\x816$\xff\x826$\
\xff\x826$\xff\x826$\xff\x826$\xff\x816$\
\xff\x826$\xff\x826$\xff\x849(\xff\xa6qf\
\xff\xb1\x82y\xff\x95VG\xff\x87?-\xff\xa9vk\
\xff\xaf\x80v\xff\x91N?\xff\x815#\xff\x826$\
\xff\x828&\xff\xa1i\x5c\xff\xb0\x82x\xff\xaawl\
\xff\x86>-\xff\xa8ti\xff\xe8\xda\xd7\xff\xce\xb1\xab\
\xff\x88A1\xff\x815#\xff\x816$\xff\x826$\
\xff\x816$\xff\x816$\xff\x816$\xff\x816$\
\xff\x816$\xff\x816$\xff\x816$\xff\x816$\
\xff\x816$\xff\x816$\xff\x816$\xff\x816$\
\xff\x816$\xff\x816$\xff\x816$\xff\x816$\
\xff\x816$\xff\x816$\xff\x816$\xff\x816$\
\xff\x816$\xff\x825\x22\xff\x834!\xff\x826$\
\xff\x816%\xff\x835\x22\xff\x835!\xff\x826$\
\xff\x826$\xff\x826$\xff\x826$\xff\x836#\
\xff\x845!\xff\x835!\xff\x835\x22\xff\x844!\
\xff\x835!\xff\x826$\xff\x826$\xff\x826$\
\xff\x826$\xff\x835\x22\xff\x844 \xff\x844 \
\xff\x834 \xff\x835\x22\xff\x826$\xff\x816$\
\xff\x804\x22\xff\x803!\xff\x803!\xff\x803!\
\xff\x803!\xff\x803!\xff\x803!\xff\x803!\
\xff\x803!\xff\x815#\xff\x816$\xff\x816$\
\xff\x816$\xff\x816$\xff\x816$\xff\x816$\
\xff\x816$\xff\x816$\xff\x816$\xff\x826$\
\xff\x816$\xff\x816$\xff\x816$\xff\x816$\
\xff\x826$\xff\x816$\xff\x816$\xff\x804\x22\
\xff\x803!\xff\x815#\xff\x816$\xff\x804!\
\xff\x804!\xff\x815#\xff\x826$\xff\x826$\
\xff\x816$\xff\x804\x22\xff\x803!\xff\x804!\
\xff\x816#\xff\x827%\xff\x8bE4\xff\x86=+\
\xff\x815#\xff\x816$\xff\x816$\xff\x826$\
\xff\x816$\xff\x816$\xff\x816$\xff\x816$\
\xff\x816$\xff\x816$\xff\x816$\xff\x816$\
\xff\x816$\xff\x816$\xff\x816$\xff\x816$\
\xff\x816$\xff\x816$\xff\x816$\xff\x816$\
\xff\x816$\xff\x816$\xff\x816$\xff\x816$\
\xff\x816$\xff\x816$\xff\x816$\xff\x826$\
\xff\x826$\xff\x826$\xff\x826$\xff\x826$\
\xff\x816$\xff\x816$\xff\x826$\xff\x815#\
\xff\x803!\xff\x803!\xff\x814!\xff\x803 \
\xff\x814\x22\xff\x826$\xff\x816$\xff\x816$\
\xff\x826$\xff\x826$\xff\x826$\xff\x826$\
\xff\x826$\xff\x826$\xff\x816$\xff\x816$\
\xff\x826$\xff\x826$\xff\x826$\xff\x826$\
\xff\x826$\xff\x826$\xff\x826$\xff\x826$\
\xff\x816$\xff\x826$\xff\x826$\xff\x816$\
\xff\x816$\xff\x816$\xff\x816$\xff\x816#\
\xff\x815#\xff\x815#\xff\x815#\xff\x815#\
\xff\x815#\xff\x816#\xff\x816$\xff\x816$\
\xff\x826$\xff\x816$\xff\x826$\xff\x816$\
\xff\x816$\xff\x816$\xff\x826$\xff\x826$\
\xff\x816$\xff\x816$\xff\x816$\xff\x816$\
\xff\x816$\xff\x826$\xff\x816$\xff\x816$\
\xff\x816$\xff\x816$\xff\x815#\xff\x816#\
\xff\x816$\xff\x816$\xff\x816$\xff\x816$\
\xff\x816$\xff\x816$\xff\x816$\xff\x816$\
\xff\x816$\xff\x816$\xff\x816$\xff\x816$\
\xff\x816$\xff\x816$\xff\x816$\xff\x816$\
\xff\x816$\xff\x816$\xff\x816$\xff\x816$\
\xff\x816$\xff\x816$\xff\x816$\xff\x816$\
\xff\x816$\xff\x826$\xff\x826$\xff\x826$\
\xff\x816$\xff\x816$\xff\x826$\xff\x826$\
\xff\x826$\xff\x826$\xff\x815#\xff\x8bF5\
\xff\xad|q\xff\xc1\x9b\x93\xff\xc3\x9f\x96\xff\xb9\x8e\x85\
\xff\x9b_Q\xff\x838&\xff\x826$\xff\x826$\
\xff\x826$\xff\x826$\xff\x826$\xff\x816$\
\xff\x826$\xff\x826$\xff\x826$\xff\x826$\
\xff\x826$\xff\x826$\xff\x826$\xff\x826$\
\xff\x826$\xff\x826$\xff\x826$\xff\x826$\
\xff\x816$\xff\x826$\xff\x826$\xff\x826$\
\xff\x826$\xff\x815\x22\xff\x828&\xff\x88@/\
\xff\x89C2\xff\x8aC3\xff\x8aD3\xff\x8aC3\
\xff\x89C3\xff\x88A0\xff\x839'\xff\x815#\
\xff\x826$\xff\x816$\xff\x826$\xff\x826$\
\xff\x826$\xff\x826$\xff\x826$\xff\x826$\
\xff\x816$\xff\x816$\xff\x816$\xff\x816$\
\xff\x816$\xff\x816$\xff\x816$\xff\x826$\
\xff\x826$\xff\x816$\xff\x816$\xff\x826$\
\xff\x816$\xff\x816$\xff\x816$\xff\x826$\
\xff\x816$\xff\x816$\xff\x816$\xff\x816$\
\xff\x816$\xff\x816$\xff\x816$\xff\x816$\
\xff\x816$\xff\x816$\xff\x816$\xff\x816$\
\xff\x816$\xff\x816$\xff\x816$\xff\x816$\
\xff\x816$\xff\x816$\xff\x816$\xff\x816$\
\xff\x816$\xff\x826$\xff\x816$\xff\x826$\
\xff\x816$\xff\x816$\xff\x816$\xff\x826$\
\xff\x826$\xff\x815#\xff\x89A1\xff\xd4\xba\xb5\
\xff\xfd\xfc\xfc\xff\xff\xff\xff\xff\xff\xff\xff\xff\xff\xff\xff\
\xff\xf0\xe8\xe6\xff\xa0fZ\xff\x814\x22\xff\x826$\
\xff\x826$\xff\x826$\xff\x826$\xff\x826$\
\xff\x816$\xff\x826$\xff\x826$\xff\x826$\
\xff\x826$\xff\x826$\xff\x826$\xff\x826$\
\xff\x826$\xff\x826$\xff\x826$\xff\x826$\
\xff\x826$\xff\x826$\xff\x816$\xff\x816$\
\xff\x815#\xff\xa1i\x5c\xff\xd3\xb9\xb4\xff\xe1\xcf\xcb\
\xff\xe3\xd3\xd0\xff\xe3\xd3\xd0\xff\xe3\xd3\xd0\xff\xe3\xd3\xd0\
\xff\xe3\xd3\xd0\xff\xe2\xd0\xcd\xff\xd2\xb8\xb2\xff\x93SD\
\xff\x815\x22\xff\x826$\xff\x826$\xff\x826$\
\xff\x816$\xff\x826$\xff\x816$\xff\x816$\
\xff\x816$\xff\x816$\xff\x826$\xff\x826$\
\xff\x826$\xff\x816$\xff\x826$\xff\x826$\
\xff\x826$\xff\x816$\xff\x816$\xff\x816$\
\xff\x816$\xff\x816$\xff\x816$\xff\x816$\
\xff\x816$\xff\x816$\xff\x816$\xff\x816$\
\xff\x816$\xff\x816$\xff\x816$\xff\x816$\
\xff\x816$\xff\x816$\xff\x816$\xff\x816$\
\xff\x816$\xff\x816$\xff\x816$\xff\x816$\
\xff\x816$\xff\x816$\xff\x816$\xff\x816$\
\xff\x826$\xff\x826$\xff\x816$\xff\x826$\
\xff\x816$\xff\x826$\xff\x826$\xff\x826$\
\xff\x826$\xff\x814\x22\xff\x93RD\xff\xf2\xea\xe9\
\xff\xff\xff\xff\xff\xff\xff\xff\xff\xff\xff\xff\xff\xff\xff\xff\
\xff\xfe\xfe\xfe\xff\xaf\x7fu\xff\x803!\xff\x826$\
\xff\x826$\xff\x826$\xff\x826$\xff\x826$\
\xff\x826$\xff\x826$\xff\x826$\xff\x826$\
\xff\x826$\xff\x826$\xff\x826$\xff\x826$\
\xff\x826$\xff\x826$\xff\x826$\xff\x826$\
\xff\x826$\xff\x826$\xff\x826$\xff\x826$\
\xff\x85:)\xff\xd9\xc3\xbe\xff\xff\xff\xff\xff\xff\xff\xff\
\xff\xff\xff\xff\xff\xff\xff\xff\xff\xff\xff\xff\xff\xff\xff\xff\
\xff\xff\xff\xff\xff\xff\xff\xff\xff\xff\xff\xff\xff\xabyn\
\xff\x7f2 \xff\x816$\xff\x826$\xff\x826$\
\xff\x826$\xff\x826$\xff\x826$\xff\x816$\
\xff\x826$\xff\x826$\xff\x826$\xff\x816$\
\xff\x826$\xff\x826$\xff\x826$\xff\x826$\
\xff\x826$\xff\x816$\xff\x826$\xff\x816$\
\xff\x816$\xff\x816$\xff\x816$\xff\x816$\
\xff\x816$\xff\x816$\xff\x816$\xff\x816$\
\xff\x816$\xff\x816$\xff\x816#\xff\x816$\
\xff\x816$\xff\x816$\xff\x816$\xff\x816$\
\xff\x816$\xff\x816$\xff\x816$\xff\x816$\
\xff\x816$\xff\x816$\xff\x816$\xff\x816#\
\xff\x816$\xff\x816$\xff\x816$\xff\x816$\
\xff\x816$\xff\x826$\xff\x826$\xff\x826$\
\xff\x826$\xff\x815\x22\xff\x8eJ:\xff\xe9\xdb\xd9\
\xff\xff\xff\xff\xff\xff\xff\xff\xff\xff\xff\xff\xff\xff\xff\xff\
\xff\xed\xe3\xe1\xff\x91PA\xff\x815\x22\xff\x826$\
\xff\x826$\xff\x826$\xff\x826$\xff\x826$\
\xff\x826$\xff\x816#\xff\x816$\xff\x826$\
\xff\x816$\xff\x826$\xff\x816$\xff\x816$\
\xff\x826$\xff\x826$\xff\x826$\xff\x826$\
\xff\x826$\xff\x816$\xff\x826$\xff\x826$\
\xff\x85;*\xff\xdd\xc9\xc4\xff\xff\xff\xff\xff\xff\xff\xff\
\xff\xff\xff\xff\xff\xff\xff\xff\xff\xff\xff\xff\xff\xff\xff\xff\
\xff\xfc\xfa\xfa\xff\xeb\xdf\xdc\xff\xcc\xad\xa7\xff\x8eK;\
\xff\x805#\xff\x816$\xff\x826$\xff\x826$\
\xff\x816$\xff\x826$\xff\x816$\xff\x816$\
\xff\x816$\xff\x816$\xff\x826$\xff\x816$\
\xff\x816$\xff\x826$\xff\x826$\xff\x816$\
\xff\x816#\xff\x816#\xff\x816$\xff\x816$\
\xff\x816$\xff\x816$\xff\x816$\xff\x826$\
\xff\x826$\xff\x826$\xff\x816$\xff\x816$\
\xff\x816$\xff\x816$\xff\x816$\xff\x816$\
\xff\x826$\xff\x816$\xff\x816$\xff\x816$\
\xff\x816$\xff\x816$\xff\x816$\xff\x816$\
\xff\x816$\xff\x816$\xff\x816$\xff\x816#\
\xff\x826$\xff\x826$\xff\x816$\xff\x816$\
\xff\x816$\xff\x826$\xff\x826$\xff\x826$\
\xff\x826$\xff\x825#\xff\x88@0\xff\xe1\xd0\xcc\
\xff\xff\xff\xff\xff\xff\xff\xff\xff\xff\xff\xff\xff\xff\xff\xff\
\xff\xe5\xd6\xd3\xff\x87?.\xff\x816#\xff\x826$\
\xff\x826$\xff\x826$\xff\x826$\xff\x826$\
\xff\x826$\xff\x826$\xff\x826$\xff\x826$\
\xff\x816$\xff\x826$\xff\x826$\xff\x826$\
\xff\x826$\xff\x826$\xff\x826$\xff\x826$\
\xff\x826$\xff\x826$\xff\x826$\xff\x816$\
\xff\x827%\xff\xd7\xbe\xb9\xff\xff\xff\xff\xff\xff\xff\xff\
\xff\xff\xff\xff\xff\xff\xff\xff\xff\xff\xff\xff\xff\xf3\xeb\xea\
\xff\xb4\x86|\xff\x8dI9\xff\x838'\xff\x815#\
\xff\x826$\xff\x826$\xff\x826$\xff\x826$\
\xff\x826$\xff\x826$\xff\x826$\xff\x816$\
\xff\x816$\xff\x816$\xff\x816$\xff\x826$\
\xff\x826$\xff\x826$\xff\x826$\xff\x816$\
\xff\x816$\xff\x816#\xff\x816#\xff\x816$\
\xff\x816$\xff\x816$\xff\x816$\xff\x816$\
\xff\x816$\xff\x816$\xff\x816$\xff\x816$\
\xff\x816$\xff\x816$\xff\x816$\xff\x816$\
\xff\x826$\xff\x816$\xff\x816$\xff\x816$\
\xff\x826$\xff\x816$\xff\x816$\xff\x816$\
\xff\x816$\xff\x816$\xff\x816$\xff\x816$\
\xff\x816$\xff\x816$\xff\x816$\xff\x816$\
\xff\x826$\xff\x826$\xff\x826$\xff\x826$\
\xff\x826$\xff\x826$\xff\x838&\xff\xd2\xb7\xb2\
\xff\xff\xff\xff\xff\xff\xff\xff\xff\xff\xff\xff\xff\xff\xff\xff\
\xff\xed\xe2\xe0\xff\x8fM=\xff\x815\x22\xff\x826$\
\xff\x826$\xff\x826$\xff\x826$\xff\x826$\
\xff\x826$\xff\x826$\xff\x826$\xff\x826$\
\xff\x826$\xff\x826$\xff\x826$\xff\x826$\
\xff\x826$\xff\x826$\xff\x816$\xff\x816$\
\xff\x816$\xff\x826$\xff\x826$\xff\x826$\
\xff\x826$\xff\xd1\xb5\xaf\xff\xff\xff\xff\xff\xff\xff\xff\
\xff\xff\xff\xff\xff\xff\xff\xff\xff\xff\xfe\xfe\xff\xbb\x92\x88\
\xff\x804\x22\xff\x815\x22\xff\x816$\xff\x826$\
\xff\x826$\xff\x826$\xff\x826$\xff\x826$\
\xff\x816$\xff\x826$\xff\x826$\xff\x826$\
\xff\x826$\xff\x816$\xff\x816$\xff\x826$\
\xff\x816$\xff\x826$\xff\x826$\xff\x826$\
\xff\x816$\xff\x816$\xff\x816$\xff\x816$\
\xff\x816$\xff\x816$\xff\x826$\xff\x826$\
\xff\x816$\xff\x816$\xff\x816$\xff\x816$\
\xff\x816$\xff\x816$\xff\x816$\xff\x816$\
\xff\x816$\xff\x816$\xff\x816$\xff\x816$\
\xff\x816$\xff\x816$\xff\x816$\xff\x816$\
\xff\x816$\xff\x816$\xff\x816$\xff\x816$\
\xff\x816$\xff\x816$\xff\x816$\xff\x816$\
\xff\x826$\xff\x826$\xff\x826$\xff\x826$\
\xff\x826$\xff\x826$\xff\x814!\xff\xbb\x92\x89\
\xff\xff\xff\xff\xff\xff\xff\xff\xff\xff\xff\xff\xff\xff\xff\xff\
\xff\xf8\xf5\xf4\xff\xa6rf\xff\x803!\xff\x826$\
\xff\x826$\xff\x826$\xff\x826$\xff\x826$\
\xff\x826$\xff\x826$\xff\x826$\xff\x826$\
\xff\x826$\xff\x826$\xff\x826$\xff\x826$\
\xff\x826$\xff\x816$\xff\x816$\xff\x816$\
\xff\x816$\xff\x826$\xff\x826$\xff\x826$\
\xff\x826$\xff\xd1\xb5\xaf\xff\xff\xff\xff\xff\xff\xff\xff\
\xff\xff\xff\xff\xff\xff\xff\xff\xff\xf6\xf0\xef\xff\x9b_P\
\xff\x803!\xff\x826$\xff\x826$\xff\x826$\
\xff\x826$\xff\x826$\xff\x826$\xff\x826$\
\xff\x826$\xff\x816$\xff\x816$\xff\x826$\
\xff\x826$\xff\x816$\xff\x826$\xff\x826$\
\xff\x816$\xff\x816$\xff\x826$\xff\x826$\
\xff\x816$\xff\x816$\xff\x816$\xff\x816$\
\xff\x816$\xff\x816$\xff\x816$\xff\x816$\
\xff\x816$\xff\x816$\xff\x816$\xff\x816$\
\xff\x816$\xff\x816$\xff\x816$\xff\x826$\
\xff\x816$\xff\x816$\xff\x816$\xff\x816$\
\xff\x816$\xff\x816$\xff\x816$\xff\x816$\
\xff\x816$\xff\x816$\xff\x816$\xff\x816$\
\xff\x816$\xff\x826$\xff\x816$\xff\x816$\
\xff\x816$\xff\x816$\xff\x826$\xff\x826$\
\xff\x826$\xff\x826$\xff\x803!\xff\xa3k^\
\xff\xf9\xf6\xf5\xff\xff\xff\xff\xff\xff\xff\xff\xff\xff\xff\xff\
\xff\xff\xff\xff\xff\xea\xdd\xdb\xff\xa0gZ\xff\x814\x22\
\xff\x826$\xff\x826$\xff\x826$\xff\x826$\
\xff\x826$\xff\x826$\xff\x826$\xff\x826$\
\xff\x816$\xff\x816$\xff\x816$\xff\x826$\
\xff\x826$\xff\x816$\xff\x816$\xff\x816$\
\xff\x816$\xff\x826$\xff\x816$\xff\x816$\
\xff\x827%\xff\xd6\xbe\xb9\xff\xff\xff\xff\xff\xff\xff\xff\
\xff\xff\xff\xff\xff\xff\xff\xff\xff\xef\xe6\xe4\xff\x93RC\
\xff\x814\x22\xff\x826$\xff\x826$\xff\x826$\
\xff\x816$\xff\x826$\xff\x826$\xff\x826$\
\xff\x826$\xff\x816$\xff\x826$\xff\x826$\
\xff\x816$\xff\x826$\xff\x816$\xff\x816$\
\xff\x816$\xff\x816$\xff\x816$\xff\x816$\
\xff\x816$\xff\x816$\xff\x816$\xff\x816$\
\xff\x816$\xff\x816$\xff\x816#\xff\x816$\
\xff\x816$\xff\x816$\xff\x816$\xff\x816$\
\xff\x816$\xff\x816$\xff\x816$\xff\x816$\
\xff\x816$\xff\x816$\xff\x816$\xff\x816$\
\xff\x816$\xff\x816$\xff\x816$\xff\x816$\
\xff\x816$\xff\x816$\xff\x816$\xff\x816$\
\xff\x816$\xff\x816$\xff\x816$\xff\x816$\
\xff\x816$\xff\x816$\xff\x816$\xff\x826$\
\xff\x826$\xff\x826$\xff\x815\x22\xff\x8fK;\
\xff\xec\xe0\xde\xff\xff\xff\xff\xff\xff\xff\xff\xff\xff\xff\xff\
\xff\xff\xff\xff\xff\xff\xff\xff\xff\xec\xe1\xdf\xff\xa0h[\
\xff\x814\x22\xff\x826$\xff\x826$\xff\x826$\
\xff\x826$\xff\x826$\xff\x826$\xff\x826$\
\xff\x826$\xff\x826$\xff\x826$\xff\x826$\
\xff\x826$\xff\x826$\xff\x816$\xff\x816$\
\xff\x826$\xff\x826$\xff\x826$\xff\x826$\
\xff\x86<+\xff\xde\xca\xc5\xff\xff\xff\xff\xff\xff\xff\xff\
\xff\xff\xff\xff\xff\xff\xff\xff\xff\xec\xe1\xdf\xff\x90M=\
\xff\x815\x22\xff\x816$\xff\x816$\xff\x816$\
\xff\x816$\xff\x826$\xff\x826$\xff\x816$\
\xff\x816$\xff\x816$\xff\x826$\xff\x826$\
\xff\x816$\xff\x816$\xff\x816$\xff\x826$\
\xff\x816$\xff\x826$\xff\x826$\xff\x816$\
\xff\x816$\xff\x816$\xff\x816$\xff\x816$\
\xff\x816$\xff\x816$\xff\x816$\xff\x816$\
\xff\x816$\xff\x816$\xff\x816$\xff\x816$\
\xff\x816$\xff\x816$\xff\x816$\xff\x816$\
\xff\x816$\xff\x816$\xff\x816$\xff\x816$\
\xff\x816$\xff\x816$\xff\x816$\xff\x816$\
\xff\x816#\xff\x816$\xff\x816$\xff\x816$\
\xff\x816$\xff\x816$\xff\x816$\xff\x816$\
\xff\x826$\xff\x826$\xff\x816$\xff\x826$\
\xff\x816$\xff\x826$\xff\x815#\xff\x8aC2\
\xff\xe3\xd3\xcf\xff\xff\xff\xff\xff\xff\xff\xff\xff\xff\xff\xff\
\xff\xff\xff\xff\xff\xff\xff\xff\xff\xff\xff\xff\xff\xec\xe1\xde\
\xff\x9ffY\xff\x804\x22\xff\x826$\xff\x826$\
\xff\x826$\xff\x826$\xff\x826$\xff\x816$\
\xff\x816$\xff\x826$\xff\x816$\xff\x826$\
\xff\x826$\xff\x816$\xff\x816$\xff\x816$\
\xff\x826$\xff\x826$\xff\x826$\xff\x815#\
\xff\x8cG7\xff\xe7\xd8\xd5\xff\xff\xff\xff\xff\xff\xff\xff\
\xff\xff\xff\xff\xff\xff\xff\xff\xff\xec\xe0\xde\xff\x8fK;\
\xff\x815#\xff\x816$\xff\x816$\xff\x816$\
\xff\x816$\xff\x816$\xff\x816$\xff\x816$\
\xff\x816$\xff\x816$\xff\x816$\xff\x816$\
\xff\x816$\xff\x816$\xff\x816$\xff\x826$\
\xff\x816$\xff\x816$\xff\x816$\xff\x816$\
\xff\x816$\xff\x816$\xff\x816$\xff\x816$\
\xff\x816$\xff\x816$\xff\x816$\xff\x816$\
\xff\x816$\xff\x816$\xff\x816$\xff\x816$\
\xff\x816$\xff\x816$\xff\x816$\xff\x816$\
\xff\x816$\xff\x816$\xff\x816$\xff\x816$\
\xff\x816$\xff\x816$\xff\x816$\xff\x816$\
\xff\x816$\xff\x816$\xff\x816$\xff\x816#\
\xff\x816$\xff\x816$\xff\x816$\xff\x816$\
\xff\x826$\xff\x826$\xff\x816$\xff\x826$\
\xff\x826$\xff\x826$\xff\x826$\xff\x849(\
\xff\xce\xb1\xab\xff\xff\xff\xff\xff\xff\xff\xff\xff\xff\xff\xff\
\xff\xff\xff\xff\xff\xff\xff\xff\xff\xff\xff\xff\xff\xff\xff\xff\
\xff\xe9\xdc\xd9\xff\x9a]P\xff\x804!\xff\x826$\
\xff\x826$\xff\x826$\xff\x816$\xff\x816$\
\xff\x816$\xff\x826$\xff\x826$\xff\x826$\
\xff\x826$\xff\x816$\xff\x816$\xff\x816$\
\xff\x826$\xff\x826$\xff\x826$\xff\x814\x22\
\xff\x95UF\xff\xf3\xeb\xea\xff\xff\xff\xff\xff\xff\xff\xff\
\xff\xff\xff\xff\xff\xff\xff\xff\xff\xec\xe0\xde\xff\x8fK;\
\xff\x815#\xff\x826$\xff\x816$\xff\x816$\
\xff\x816$\xff\x816$\xff\x816$\xff\x816$\
\xff\x816$\xff\x816$\xff\x816$\xff\x816$\
\xff\x816$\xff\x826$\xff\x816$\xff\x826$\
\xff\x816$\xff\x816$\xff\x816$\xff\x816$\
\xff\x816#\xff\x816$\xff\x816$\xff\x816$\
\xff\x816$\xff\x816$\xff\x816$\xff\x816$\
\xff\x816$\xff\x816$\xff\x816$\xff\x816$\
\xff\x816$\xff\x816$\xff\x816$\xff\x816$\
\xff\x816$\xff\x816$\xff\x816$\xff\x816$\
\xff\x816$\xff\x816$\xff\x816$\xff\x816$\
\xff\x816$\xff\x816$\xff\x816$\xff\x816$\
\xff\x816$\xff\x816$\xff\x816$\xff\x826$\
\xff\x826$\xff\x826$\xff\x826$\xff\x826$\
\xff\x826$\xff\x826$\xff\x826$\xff\x814\x22\
\xff\x9c`S\xff\xf0\xe7\xe6\xff\xff\xff\xff\xff\xff\xff\xff\
\xff\xff\xff\xff\xff\xff\xff\xff\xff\xff\xff\xff\xff\xff\xff\xff\
\xff\xff\xff\xff\xff\xe3\xd2\xcf\xff\x94TE\xff\x814\x22\
\xff\x826$\xff\x826$\xff\x826$\xff\x826$\
\xff\x826$\xff\x826$\xff\x826$\xff\x826$\
\xff\x816$\xff\x826$\xff\x826$\xff\x826$\
\xff\x826$\xff\x826$\xff\x826$\xff\x803!\
\xff\xa4ma\xff\xfa\xf8\xf7\xff\xff\xff\xff\xff\xff\xff\xff\
\xff\xff\xff\xff\xff\xff\xff\xff\xff\xec\xe1\xde\xff\x8fL<\
\xff\x815#\xff\x826$\xff\x826$\xff\x816$\
\xff\x816$\xff\x826$\xff\x816$\xff\x826$\
\xff\x816$\xff\x816$\xff\x816$\xff\x826$\
\xff\x826$\xff\x826$\xff\x826$\xff\x826$\
\xff\x816$\xff\x826$\xff\x826$\xff\x826$\
\xff\x816$\xff\x816$\xff\x816$\xff\x816$\
\xff\x816$\xff\x816$\xff\x816$\xff\x816$\
\xff\x816$\xff\x816$\xff\x816$\xff\x816$\
\xff\x816$\xff\x816$\xff\x816$\xff\x816$\
\xff\x816$\xff\x816$\xff\x816$\xff\x816$\
\xff\x816$\xff\x816$\xff\x816$\xff\x816$\
\xff\x816$\xff\x816$\xff\x826$\xff\x826$\
\xff\x826$\xff\x826$\xff\x816$\xff\x826$\
\xff\x826$\xff\x826$\xff\x826$\xff\x826$\
\xff\x826$\xff\x826$\xff\x826$\xff\x826$\
\xff\x825#\xff\xb4\x86|\xff\xfb\xf8\xf8\xff\xff\xff\xff\
\xff\xff\xff\xff\xff\xff\xff\xff\xff\xff\xff\xff\xff\xff\xff\xff\
\xff\xff\xff\xff\xff\xff\xff\xff\xff\xd9\xc2\xbe\xff\x8bD4\
\xff\x815#\xff\x826$\xff\x826$\xff\x826$\
\xff\x826$\xff\x826$\xff\x826$\xff\x826$\
\xff\x826$\xff\x826$\xff\x826$\xff\x826$\
\xff\x826$\xff\x826$\xff\x826$\xff\x803!\
\xff\xb8\x8e\x85\xff\xff\xff\xff\xff\xff\xff\xff\xff\xff\xff\xff\
\xff\xff\xff\xff\xff\xff\xff\xff\xff\xee\xe3\xe1\xff\x91O@\
\xff\x814\x22\xff\x826$\xff\x826$\xff\x826$\
\xff\x826$\xff\x816$\xff\x826$\xff\x826$\
\xff\x816$\xff\x816$\xff\x816$\xff\x826$\
\xff\x826$\xff\x816$\xff\x826$\xff\x826$\
\xff\x826$\xff\x826$\xff\x826$\xff\x826$\
\xff\x826$\xff\x826$\xff\x816$\xff\x816$\
\xff\x816$\xff\x816$\xff\x816$\xff\x826$\
\xff\x826$\xff\x816$\xff\x816$\xff\x816$\
\xff\x816$\xff\x816$\xff\x826$\xff\x816$\
\xff\x816$\xff\x816$\xff\x826$\xff\x816$\
\xff\x816$\xff\x826$\xff\x816$\xff\x816$\
\xff\x816$\xff\x826$\xff\x826$\xff\x826$\
\xff\x826$\xff\x816$\xff\x826$\xff\x826$\
\xff\x826$\xff\x826$\xff\x826$\xff\x826$\
\xff\x826$\xff\x826$\xff\x826$\xff\x826$\
\xff\x826#\xff\x85;*\xff\xc9\xa8\xa1\xff\xff\xff\xff\
\xff\xff\xff\xff\xff\xff\xff\xff\xff\xff\xff\xff\xff\xff\xff\xff\
\xff\xff\xff\xff\xff\xff\xff\xff\xff\xfe\xfe\xfe\xff\xbc\x93\x8b\
\xff\x816$\xff\x826$\xff\x826$\xff\x826$\
\xff\x826$\xff\x826$\xff\x826$\xff\x826$\
\xff\x816$\xff\x816$\xff\x826$\xff\x816$\
\xff\x826$\xff\x826$\xff\x826$\xff\x838&\
\xff\xcf\xb2\xac\xff\xff\xff\xff\xff\xff\xff\xff\xff\xff\xff\xff\
\xff\xff\xff\xff\xff\xff\xff\xff\xff\xf1\xe8\xe6\xff\x95UF\
\xff\x814\x22\xff\x826$\xff\x816$\xff\x826$\
\xff\x826$\xff\x816$\xff\x826$\xff\x826$\
\xff\x816$\xff\x826$\xff\x816$\xff\x826$\
\xff\x816$\xff\x816$\xff\x816$\xff\x816$\
\xff\x826$\xff\x816$\xff\x816$\xff\x826$\
\xff\x826$\xff\x816$\xff\x816$\xff\x816$\
\xff\x816$\xff\x816$\xff\x816$\xff\x816$\
\xff\x816$\xff\x816$\xff\x816$\xff\x816$\
\xff\x816$\xff\x826$\xff\x816$\xff\x816$\
\xff\x816$\xff\x816$\xff\x826$\xff\x816$\
\xff\x816$\xff\x816$\xff\x816$\xff\x816$\
\xff\x816$\xff\x816$\xff\x816$\xff\x816$\
\xff\x826$\xff\x816$\xff\x826$\xff\x826$\
\xff\x826$\xff\x826$\xff\x826$\xff\x826$\
\xff\x826$\xff\x816$\xff\x826$\xff\x826$\
\xff\x826$\xff\x815\x22\xff\x8cG7\xff\xda\xc5\xc0\
\xff\xff\xff\xff\xff\xff\xff\xff\xff\xff\xff\xff\xff\xff\xff\xff\
\xff\xff\xff\xff\xff\xff\xff\xff\xff\xff\xff\xff\xff\xef\xe5\xe3\
\xff\x96VH\xff\x814\x22\xff\x826$\xff\x816$\
\xff\x826$\xff\x826$\xff\x816$\xff\x826$\
\xff\x826$\xff\x826$\xff\x826$\xff\x826$\
\xff\x826$\xff\x826$\xff\x815#\xff\x8aC2\
\xff\xe5\xd5\xd1\xff\xff\xff\xff\xff\xff\xff\xff\xff\xff\xff\xff\
\xff\xff\xff\xff\xff\xff\xff\xff\xff\xf4\xee\xec\xff\x99\x5cN\
\xff\x804!\xff\x826$\xff\x816$\xff\x816$\
\xff\x826$\xff\x816$\xff\x826$\xff\x816$\
\xff\x816$\xff\x826$\xff\x826$\xff\x816$\
\xff\x816$\xff\x816$\xff\x816$\xff\x816$\
\xff\x816$\xff\x816$\xff\x816$\xff\x816$\
\xff\x816$\xff\x816$\xff\x816$\xff\x816$\
\xff\x816$\xff\x816$\xff\x816$\xff\x816$\
\xff\x816$\xff\x816$\xff\x816$\xff\x816$\
\xff\x826$\xff\x816$\xff\x816$\xff\x816$\
\xff\x826$\xff\x816$\xff\x816$\xff\x816$\
\xff\x816$\xff\x816$\xff\x816$\xff\x816$\
\xff\x816$\xff\x826$\xff\x816$\xff\x816$\
\xff\x826$\xff\x826$\xff\x826$\xff\x816$\
\xff\x826$\xff\x816$\xff\x826$\xff\x826$\
\xff\x826$\xff\x826$\xff\x826$\xff\x816$\
\xff\x826$\xff\x826$\xff\x803 \xff\xa5nb\
\xff\xfa\xf7\xf6\xff\xff\xff\xff\xff\xff\xff\xff\xff\xff\xff\xff\
\xff\xff\xff\xff\xff\xff\xff\xff\xff\xff\xff\xff\xff\xff\xff\xff\
\xff\xc0\x9a\x92\xff\x815#\xff\x826$\xff\x816$\
\xff\x826$\xff\x826$\xff\x826$\xff\x826$\
\xff\x826$\xff\x826$\xff\x826$\xff\x826$\
\xff\x826$\xff\x826$\xff\x804!\xff\x98[M\
\xff\xf4\xed\xec\xff\xff\xff\xff\xff\xff\xff\xff\xff\xff\xff\xff\
\xff\xff\xff\xff\xff\xff\xff\xff\xff\xf6\xf0\xf0\xff\x9b_Q\
\xff\x804!\xff\x826$\xff\x816$\xff\x826$\
\xff\x816$\xff\x816$\xff\x816$\xff\x816$\
\xff\x816$\xff\x816$\xff\x816$\xff\x826$\
\xff\x816$\xff\x816$\xff\x816$\xff\x816$\
\xff\x816$\xff\x816$\xff\x816$\xff\x816$\
\xff\x816$\xff\x816$\xff\x816$\xff\x816$\
\xff\x816$\xff\x816$\xff\x816$\xff\x816$\
\xff\x816$\xff\x816$\xff\x816$\xff\x816$\
\xff\x816$\xff\x826$\xff\x826$\xff\x826$\
\xff\x816$\xff\x816$\xff\x826$\xff\x816$\
\xff\x816$\xff\x816$\xff\x816$\xff\x816$\
\xff\x816$\xff\x816$\xff\x816$\xff\x816$\
\xff\x826$\xff\x826$\xff\x826$\xff\x826$\
\xff\x826$\xff\x816$\xff\x826$\xff\x826$\
\xff\x826$\xff\x826$\xff\x827$\xff\x826$\
\xff\x826$\xff\x826$\xff\x815#\xff\x8bE4\
\xff\xe4\xd3\xd0\xff\xff\xff\xff\xff\xff\xff\xff\xff\xff\xff\xff\
\xff\xff\xff\xff\xff\xff\xff\xff\xff\xff\xff\xff\xff\xff\xff\xff\
\xff\xeb\xde\xdc\xff\x91N?\xff\x814\x22\xff\x826$\
\xff\x826$\xff\x826$\xff\x826$\xff\x826$\
\xff\x826$\xff\x826$\xff\x826$\xff\x826$\
\xff\x826$\xff\x826$\xff\x803!\xff\xad|p\
\xff\xfd\xfd\xfc\xff\xff\xff\xff\xff\xff\xff\xff\xff\xff\xff\xff\
\xff\xff\xff\xff\xff\xff\xff\xff\xff\xf3\xeb\xea\xff\x98YJ\
\xff\x804\x22\xff\x816$\xff\x816$\xff\x816$\
\xff\x816$\xff\x826$\xff\x826$\xff\x826$\
\xff\x816$\xff\x816$\xff\x826$\xff\x826$\
\xff\x816$\xff\x816$\xff\x816$\xff\x826$\
\xff\x816$\xff\x816$\xff\x816$\xff\x816$\
\xff\x816$\xff\x816$\xff\x816$\xff\x816$\
\xff\x816$\xff\x816$\xff\x816$\xff\x816$\
\xff\x816$\xff\x816$\xff\x816$\xff\x816$\
\xff\x816$\xff\x816$\xff\x826$\xff\x826$\
\xff\x826$\xff\x816$\xff\x826$\xff\x816$\
\xff\x816$\xff\x816$\xff\x816$\xff\x816$\
\xff\x816$\xff\x816$\xff\x816$\xff\x816$\
\xff\x826$\xff\x826$\xff\x826$\xff\x826$\
\xff\x826$\xff\x826$\xff\x826$\xff\x826$\
\xff\x826$\xff\x826$\xff\x826$\xff\x826$\
\xff\x826$\xff\x826$\xff\x826$\xff\x815\x22\
\xff\xbd\x96\x8d\xff\xff\xff\xff\xff\xff\xff\xff\xff\xff\xff\xff\
\xff\xff\xff\xff\xff\xff\xff\xff\xff\xff\xff\xff\xff\xff\xff\xff\
\xff\xfe\xfe\xfe\xff\xb9\x8f\x86\xff\x814\x22\xff\x826$\
\xff\x826$\xff\x826$\xff\x826$\xff\x826$\
\xff\x826$\xff\x826$\xff\x826$\xff\x826$\
\xff\x826$\xff\x826$\xff\x814\x22\xff\xc7\xa5\x9d\
\xff\xff\xff\xff\xff\xff\xff\xff\xff\xff\xff\xff\xff\xff\xff\xff\
\xff\xff\xff\xff\xff\xff\xff\xff\xff\xee\xe4\xe1\xff\x91O@\
\xff\x804\x22\xff\x816$\xff\x826$\xff\x826$\
\xff\x816$\xff\x816$\xff\x826$\xff\x826$\
\xff\x826$\xff\x826$\xff\x816$\xff\x816$\
\xff\x816$\xff\x816$\xff\x826$\xff\x826$\
\xff\x816$\xff\x816$\xff\x816$\xff\x826$\
\xff\x816$\xff\x816$\xff\x816$\xff\x816$\
\xff\x816$\xff\x816$\xff\x816$\xff\x816$\
\xff\x816$\xff\x816$\xff\x816$\xff\x816$\
\xff\x816$\xff\x816$\xff\x816$\xff\x816$\
\xff\x816$\xff\x816$\xff\x816$\xff\x816$\
\xff\x816$\xff\x816$\xff\x816$\xff\x816$\
\xff\x816$\xff\x816$\xff\x816$\xff\x826$\
\xff\x816$\xff\x826$\xff\x816$\xff\x816$\
\xff\x816$\xff\x826$\xff\x826$\xff\x816$\
\xff\x826$\xff\x826$\xff\x826$\xff\x826$\
\xff\x816$\xff\x816$\xff\x826$\xff\x814\x22\
\xff\x93RC\xff\xe9\xdb\xd9\xff\xff\xff\xff\xff\xff\xff\xff\
\xff\xff\xff\xff\xff\xff\xff\xff\xff\xff\xff\xff\xff\xff\xff\xff\
\xff\xff\xff\xff\xff\xe6\xd7\xd4\xff\x8dI9\xff\x815#\
\xff\x826$\xff\x826$\xff\x816$\xff\x826$\
\xff\x826$\xff\x827$\xff\x826$\xff\x826$\
\xff\x826$\xff\x804!\xff\x8cF6\xff\xe1\xd0\xcd\
\xff\xff\xff\xff\xff\xff\xff\xff\xff\xff\xff\xff\xff\xff\xff\xff\
\xff\xff\xff\xff\xff\xff\xff\xff\xff\xe7\xd8\xd5\xff\x8aC2\
\xff\x815#\xff\x816$\xff\x816$\xff\x816$\
\xff\x816$\xff\x816$\xff\x816$\xff\x816$\
\xff\x816$\xff\x816$\xff\x816$\xff\x826$\
\xff\x816$\xff\x816$\xff\x816$\xff\x816$\
\xff\x816$\xff\x816$\xff\x816$\xff\x816$\
\xff\x816$\xff\x816$\xff\x816$\xff\x816$\
\xff\x816$\xff\x816$\xff\x816$\xff\x816$\
\xff\x816$\xff\x816$\xff\x816$\xff\x816$\
\xff\x816$\xff\x816$\xff\x816$\xff\x816$\
\xff\x816$\xff\x816$\xff\x816$\xff\x816$\
\xff\x816$\xff\x816$\xff\x816$\xff\x816$\
\xff\x816$\xff\x816$\xff\x816$\xff\x816$\
\xff\x826$\xff\x826$\xff\x816$\xff\x816$\
\xff\x816$\xff\x816$\xff\x816$\xff\x826$\
\xff\x816$\xff\x816$\xff\x816$\xff\x816$\
\xff\x816$\xff\x816$\xff\x816$\xff\x826$\
\xff\x803!\xff\xb3\x85{\xff\xfd\xfc\xfc\xff\xff\xff\xff\
\xff\xff\xff\xff\xff\xff\xff\xff\xff\xff\xff\xff\xff\xff\xff\xff\
\xff\xff\xff\xff\xff\xfd\xfc\xfc\xff\xb3\x85{\xff\x804!\
\xff\x826$\xff\x816$\xff\x826$\xff\x826$\
\xff\x826$\xff\x827$\xff\x826$\xff\x816$\
\xff\x804\x22\xff\x92PA\xff\xd2\xb8\xb3\xff\xfd\xfc\xfc\
\xff\xff\xff\xff\xff\xff\xff\xff\xff\xff\xff\xff\xff\xff\xff\xff\
\xff\xff\xff\xff\xff\xff\xff\xff\xff\xd8\xc1\xbc\xff\x84;*\
\xff\x816$\xff\x816$\xff\x816$\xff\x816$\
\xff\x816$\xff\x816$\xff\x816$\xff\x816$\
\xff\x816$\xff\x816$\xff\x816$\xff\x816$\
\xff\x816$\xff\x816$\xff\x816$\xff\x816$\
\xff\x816$\xff\x816$\xff\x816$\xff\x816$\
\xff\x816$\xff\x816$\xff\x816$\xff\x816$\
\xff\x816$\xff\x816$\xff\x816$\xff\x816$\
\xff\x816$\xff\x816$\xff\x816$\xff\x816$\
\xff\x816$\xff\x816$\xff\x816$\xff\x816$\
\xff\x816$\xff\x816$\xff\x816$\xff\x816$\
\xff\x816$\xff\x816$\xff\x816$\xff\x816$\
\xff\x816$\xff\x816$\xff\x826$\xff\x826$\
\xff\x826$\xff\x826$\xff\x826$\xff\x816$\
\xff\x826$\xff\x826$\xff\x826$\xff\x826$\
\xff\x826$\xff\x816$\xff\x816$\xff\x816$\
\xff\x816$\xff\x816$\xff\x826$\xff\x826$\
\xff\x804!\xff\x9dbT\xff\xf6\xf1\xf1\xff\xff\xff\xff\
\xff\xff\xff\xff\xff\xff\xff\xff\xff\xff\xff\xff\xff\xff\xff\xff\
\xff\xff\xff\xff\xff\xff\xff\xff\xff\xe1\xcf\xcb\xff\x8bD4\
\xff\x815#\xff\x826$\xff\x826$\xff\x826$\
\xff\x826$\xff\x826$\xff\x826$\xff\x814\x22\
\xff\x9caS\xff\xe3\xd2\xce\xff\xff\xff\xff\xff\xff\xff\xff\
\xff\xff\xff\xff\xff\xff\xff\xff\xff\xff\xff\xff\xff\xff\xff\xff\
\xff\xff\xff\xff\xff\xff\xff\xff\xff\xc0\x9a\x92\xff\x815#\
\xff\x816$\xff\x816$\xff\x816$\xff\x816$\
\xff\x816$\xff\x816$\xff\x816$\xff\x816$\
\xff\x816$\xff\x816$\xff\x816$\xff\x816$\
\xff\x816$\xff\x816$\xff\x816$\xff\x816$\
\xff\x816$\xff\x816$\xff\x816$\xff\x816$\
\xff\x816$\xff\x816$\xff\x816$\xff\x816$\
\xff\x816$\xff\x816$\xff\x816$\xff\x816$\
\xff\x816$\xff\x816$\xff\x816$\xff\x816$\
\xff\x816$\xff\x816$\xff\x816$\xff\x816$\
\xff\x826$\xff\x816$\xff\x816$\xff\x816$\
\xff\x816$\xff\x816$\xff\x816$\xff\x816$\
\xff\x816$\xff\x816$\xff\x816$\xff\x826$\
\xff\x826$\xff\x826$\xff\x816$\xff\x826$\
\xff\x816$\xff\x816$\xff\x826$\xff\x826$\
\xff\x816$\xff\x816$\xff\x816$\xff\x816$\
\xff\x816$\xff\x826$\xff\x826$\xff\x826$\
\xff\x815\x22\xff\x90N>\xff\xef\xe6\xe4\xff\xff\xff\xff\
\xff\xff\xff\xff\xff\xff\xff\xff\xff\xff\xff\xff\xff\xff\xff\xff\
\xff\xff\xff\xff\xff\xff\xff\xff\xff\xfc\xfa\xfa\xff\xae~t\
\xff\x804!\xff\x826$\xff\x826$\xff\x826$\
\xff\x826$\xff\x826$\xff\x815#\xff\xa4na\
\xff\xec\xe1\xde\xff\xff\xff\xff\xff\xff\xff\xff\xff\xff\xff\xff\
\xff\xff\xff\xff\xff\xff\xff\xff\xff\xff\xff\xff\xff\xff\xff\xff\
\xff\xff\xff\xff\xff\xf5\xef\xee\xff\x9daT\xff\x804!\
\xff\x816$\xff\x816$\xff\x816$\xff\x816$\
\xff\x816$\xff\x816$\xff\x816$\xff\x816$\
\xff\x816$\xff\x816$\xff\x816$\xff\x816$\
\xff\x816$\xff\x816$\xff\x816$\xff\x816$\
\xff\x816$\xff\x816$\xff\x816$\xff\x816$\
\xff\x816$\xff\x816$\xff\x816$\xff\x816$\
\xff\x816$\xff\x816$\xff\x816$\xff\x816$\
\xff\x816$\xff\x816$\xff\x816$\xff\x816$\
\xff\x816$\xff\x816$\xff\x816$\xff\x816$\
\xff\x816$\xff\x816$\xff\x816$\xff\x816$\
\xff\x816$\xff\x816$\xff\x816$\xff\x816$\
\xff\x816$\xff\x816$\xff\x816$\xff\x816$\
\xff\x826$\xff\x826$\xff\x816$\xff\x816$\
\xff\x816$\xff\x816$\xff\x816$\xff\x816$\
\xff\x826$\xff\x826$\xff\x826$\xff\x826$\
\xff\x816$\xff\x816$\xff\x816$\xff\x816$\
\xff\x815#\xff\x89B1\xff\xe1\xcf\xcc\xff\xff\xff\xff\
\xff\xff\xff\xff\xff\xff\xff\xff\xff\xff\xff\xff\xff\xff\xff\xff\
\xff\xff\xff\xff\xff\xff\xff\xff\xff\xff\xff\xff\xff\xde\xca\xc6\
\xff\x89A1\xff\x815#\xff\x826$\xff\x826$\
\xff\x816$\xff\x826$\xff\xaaxl\xff\xf1\xe9\xe7\
\xff\xff\xff\xff\xff\xff\xff\xff\xff\xff\xff\xff\xff\xff\xff\xff\
\xff\xff\xff\xff\xff\xff\xff\xff\xff\xff\xff\xff\xff\xff\xff\xff\
\xff\xff\xff\xff\xff\xd2\xb6\xb0\xff\x85:)\xff\x816$\
\xff\x816$\xff\x816$\xff\x816$\xff\x816$\
\xff\x816$\xff\x816$\xff\x816$\xff\x816$\
\xff\x816$\xff\x816$\xff\x816$\xff\x816$\
\xff\x816$\xff\x816$\xff\x816$\xff\x816$\
\xff\x816$\xff\x816$\xff\x816$\xff\x816$\
\xff\x816$\xff\x816#\xff\x816$\xff\x816$\
\xff\x816$\xff\x816$\xff\x816$\xff\x816$\
\xff\x816$\xff\x816$\xff\x816$\xff\x816$\
\xff\x816$\xff\x816$\xff\x816$\xff\x826$\
\xff\x816$\xff\x816$\xff\x816$\xff\x816$\
\xff\x816$\xff\x816$\xff\x816$\xff\x816$\
\xff\x816$\xff\x816$\xff\x816$\xff\x816$\
\xff\x826$\xff\x826$\xff\x816$\xff\x816$\
\xff\x816$\xff\x816$\xff\x816$\xff\x816$\
\xff\x826$\xff\x826$\xff\x826$\xff\x816$\
\xff\x816$\xff\x826$\xff\x816$\xff\x816$\
\xff\x826$\xff\x837&\xff\xd1\xb6\xb0\xff\xff\xff\xff\
\xff\xff\xff\xff\xff\xff\xff\xff\xff\xff\xff\xff\xff\xff\xff\xff\
\xff\xff\xff\xff\xff\xff\xff\xff\xff\xff\xff\xff\xff\xfb\xf8\xf8\
\xff\xabxm\xff\x803!\xff\x826$\xff\x816$\
\xff\x816$\xff\xaczo\xff\xf3\xec\xeb\xff\xff\xff\xff\
\xff\xff\xff\xff\xff\xff\xff\xff\xff\xff\xff\xff\xff\xff\xff\xff\
\xff\xff\xff\xff\xff\xff\xff\xff\xff\xff\xff\xff\xff\xff\xff\xff\
\xff\xf6\xf0\xef\xff\xa0gY\xff\x804!\xff\x826$\
\xff\x816$\xff\x816$\xff\x816$\xff\x816$\
\xff\x816$\xff\x816$\xff\x816$\xff\x816$\
\xff\x816$\xff\x816$\xff\x816$\xff\x816#\
\xff\x816$\xff\x816$\xff\x816$\xff\x816$\
\xff\x816$\xff\x816$\xff\x826$\xff\x826$\
\xff\x816$\xff\x816$\xff\x816$\xff\x816$\
\xff\x816$\xff\x816$\xff\x816$\xff\x816$\
\xff\x816$\xff\x816$\xff\x816$\xff\x816$\
\xff\x816$\xff\x816$\xff\x816$\xff\x816$\
\xff\x826$\xff\x816$\xff\x816$\xff\x816$\
\xff\x816$\xff\x816$\xff\x816$\xff\x816$\
\xff\x816$\xff\x816$\xff\x816$\xff\x816$\
\xff\x816$\xff\x826$\xff\x816$\xff\x816$\
\xff\x816$\xff\x816$\xff\x816$\xff\x816$\
\xff\x826$\xff\x826$\xff\x816$\xff\x816$\
\xff\x816$\xff\x826$\xff\x816$\xff\x816$\
\xff\x816$\xff\x804!\xff\xbe\x97\x8e\xff\xff\xff\xff\
\xff\xff\xff\xff\xff\xff\xff\xff\xff\xff\xff\xff\xff\xff\xff\xff\
\xff\xff\xff\xff\xff\xff\xff\xff\xff\xff\xff\xff\xff\xff\xff\xff\
\xff\xdc\xc7\xc2\xff\x88@0\xff\x815#\xff\x826$\
\xff\xad{p\xff\xf4\xed\xec\xff\xff\xff\xff\xff\xff\xff\xff\
\xff\xff\xff\xff\xff\xff\xff\xff\xff\xff\xff\xff\xff\xff\xff\xff\
\xff\xff\xff\xff\xff\xff\xff\xff\xff\xff\xff\xff\xff\xff\xff\xff\
\xff\xca\xab\xa4\xff\x839'\xff\x816$\xff\x816$\
\xff\x826$\xff\x826$\xff\x816$\xff\x816$\
\xff\x816$\xff\x816$\xff\x816$\xff\x816$\
\xff\x816$\xff\x816$\xff\x816$\xff\x816$\
\xff\x816$\xff\x816$\xff\x816$\xff\x816$\
\xff\x816$\xff\x816$\xff\x816$\xff\x816$\
\xff\x816$\xff\x816$\xff\x816$\xff\x816$\
\xff\x816$\xff\x816$\xff\x816$\xff\x816$\
\xff\x816$\xff\x816#\xff\x816$\xff\x816$\
\xff\x816$\xff\x816$\xff\x826$\xff\x816$\
\xff\x816$\xff\x816$\xff\x816$\xff\x816$\
\xff\x816$\xff\x816$\xff\x816$\xff\x816$\
\xff\x816$\xff\x816$\xff\x816$\xff\x816#\
\xff\x816$\xff\x816$\xff\x826$\xff\x816$\
\xff\x816$\xff\x826$\xff\x826$\xff\x826$\
\xff\x826$\xff\x826$\xff\x816$\xff\x826$\
\xff\x816$\xff\x816$\xff\x826$\xff\x826$\
\xff\x826$\xff\x803!\xff\xa8sg\xff\xfc\xfb\xfa\
\xff\xff\xff\xff\xff\xff\xff\xff\xff\xff\xff\xff\xff\xff\xff\xff\
\xff\xff\xff\xff\xff\xff\xff\xff\xff\xff\xff\xff\xff\xff\xff\xff\
\xff\xfa\xf7\xf7\xff\xa7sh\xff\x803!\xff\xae}r\
\xff\xf4\xee\xed\xff\xff\xff\xff\xff\xff\xff\xff\xff\xff\xff\xff\
\xff\xff\xff\xff\xff\xff\xff\xff\xff\xff\xff\xff\xff\xff\xff\xff\
\xff\xff\xff\xff\xff\xff\xff\xff\xff\xff\xff\xff\xff\xec\xe1\xdf\
\xff\x95UF\xff\x804\x22\xff\x826$\xff\x816$\
\xff\x816$\xff\x816$\xff\x816$\xff\x816$\
\xff\x816$\xff\x816$\xff\x826$\xff\x816$\
\xff\x816$\xff\x816$\xff\x816$\xff\x816$\
\xff\x816$\xff\x816$\xff\x826$\xff\x816$\
\xff\x826$\xff\x826$\xff\x816$\xff\x816$\
\xff\x816#\xff\x816$\xff\x816$\xff\x816$\
\xff\x816$\xff\x816$\xff\x816#\xff\x816$\
\xff\x816$\xff\x816$\xff\x816$\xff\x816$\
\xff\x816$\xff\x816$\xff\x816$\xff\x816$\
\xff\x816$\xff\x816$\xff\x816$\xff\x816$\
\xff\x826$\xff\x816$\xff\x816$\xff\x816$\
\xff\x816$\xff\x816$\xff\x816$\xff\x816$\
\xff\x816$\xff\x826$\xff\x826$\xff\x826$\
\xff\x826$\xff\x826$\xff\x826$\xff\x826$\
\xff\x816$\xff\x826$\xff\x826$\xff\x826$\
\xff\x826$\xff\x826$\xff\x826$\xff\x826$\
\xff\x826$\xff\x814\x22\xff\x95VG\xff\xf1\xe9\xe8\
\xff\xff\xff\xff\xff\xff\xff\xff\xff\xff\xff\xff\xff\xff\xff\xff\
\xff\xff\xff\xff\xff\xff\xff\xff\xff\xff\xff\xff\xff\xff\xff\xff\
\xff\xff\xff\xff\xff\xd7\xc0\xbb\xff\xb4\x87}\xff\xf4\xed\xec\
\xff\xff\xff\xff\xff\xff\xff\xff\xff\xff\xff\xff\xff\xff\xff\xff\
\xff\xff\xff\xff\xff\xff\xff\xff\xff\xff\xff\xff\xff\xff\xff\xff\
\xff\xff\xff\xff\xff\xff\xff\xff\xff\xfd\xfc\xfc\xff\xb7\x8b\x81\
\xff\x815\x22\xff\x816$\xff\x826$\xff\x826$\
\xff\x816$\xff\x816$\xff\x816$\xff\x816$\
\xff\x816$\xff\x816$\xff\x816$\xff\x816$\
\xff\x826$\xff\x816$\xff\x816$\xff\x816$\
\xff\x816$\xff\x816$\xff\x816$\xff\x816$\
\xff\x816$\xff\x816$\xff\x816$\xff\x816$\
\xff\x816$\xff\x816$\xff\x816$\xff\x816$\
\xff\x816$\xff\x816$\xff\x816$\xff\x816$\
\xff\x816$\xff\x816$\xff\x816$\xff\x816$\
\xff\x816$\xff\x816$\xff\x816$\xff\x816$\
\xff\x816$\xff\x816$\xff\x816$\xff\x816$\
\xff\x816$\xff\x816$\xff\x816$\xff\x816$\
\xff\x816$\xff\x816$\xff\x816$\xff\x816$\
\xff\x816$\xff\x816$\xff\x816$\xff\x816$\
\xff\x816$\xff\x816$\xff\x816$\xff\x826$\
\xff\x816$\xff\x816$\xff\x826$\xff\x816$\
\xff\x816$\xff\x816$\xff\x816$\xff\x816$\
\xff\x826$\xff\x816#\xff\x87@/\xff\xe0\xce\xca\
\xff\xff\xff\xff\xff\xff\xff\xff\xff\xff\xff\xff\xff\xff\xff\xff\
\xff\xff\xff\xff\xff\xff\xff\xff\xff\xff\xff\xff\xff\xff\xff\xff\
\xff\xff\xff\xff\xff\xfd\xfc\xfb\xff\xfb\xf9\xf9\xff\xff\xff\xff\
\xff\xff\xff\xff\xff\xff\xff\xff\xff\xff\xff\xff\xff\xff\xff\xff\
\xff\xff\xff\xff\xff\xff\xff\xff\xff\xff\xff\xff\xff\xff\xff\xff\
\xff\xff\xff\xff\xff\xff\xff\xff\xff\xdd\xc8\xc4\xff\x8aC3\
\xff\x815#\xff\x816$\xff\x826$\xff\x826$\
\xff\x816$\xff\x816$\xff\x816$\xff\x816$\
\xff\x816$\xff\x826$\xff\x816$\xff\x816$\
\xff\x816$\xff\x816$\xff\x816$\xff\x816$\
\xff\x816$\xff\x816$\xff\x816$\xff\x816$\
\xff\x816$\xff\x816$\xff\x826$\xff\x816$\
\xff\x826$\xff\x816$\xff\x816$\xff\x816$\
\xff\x816$\xff\x816$\xff\x816$\xff\x816$\
\xff\x816$\xff\x816$\xff\x816$\xff\x816$\
\xff\x816$\xff\x826$\xff\x826$\xff\x816$\
\xff\x816$\xff\x816$\xff\x816$\xff\x816$\
\xff\x816$\xff\x816$\xff\x816$\xff\x816$\
\xff\x816$\xff\x816$\xff\x816$\xff\x816#\
\xff\x816$\xff\x816$\xff\x816$\xff\x816$\
\xff\x816$\xff\x816$\xff\x816$\xff\x816$\
\xff\x816$\xff\x816$\xff\x826$\xff\x816$\
\xff\x816$\xff\x826$\xff\x826$\xff\x816$\
\xff\x826$\xff\x826$\xff\x826$\xff\xc7\xa5\x9e\
\xff\xff\xff\xff\xff\xff\xff\xff\xff\xff\xff\xff\xff\xff\xff\xff\
\xff\xff\xff\xff\xff\xff\xff\xff\xff\xff\xff\xff\xff\xff\xff\xff\
\xff\xff\xff\xff\xff\xff\xff\xff\xff\xff\xff\xff\xff\xff\xff\xff\
\xff\xff\xff\xff\xff\xff\xff\xff\xff\xff\xff\xff\xff\xff\xff\xff\
\xff\xff\xff\xff\xff\xff\xff\xff\xff\xff\xff\xff\xff\xff\xff\xff\
\xff\xff\xff\xff\xff\xf5\xef\xee\xff\xa2j]\xff\x804!\
\xff\x826$\xff\x816$\xff\x816$\xff\x816$\
\xff\x816$\xff\x816$\xff\x816$\xff\x816$\
\xff\x816$\xff\x816$\xff\x816$\xff\x816$\
\xff\x816$\xff\x826$\xff\x816$\xff\x816$\
\xff\x816$\xff\x816$\xff\x816$\xff\x816$\
\xff\x816$\xff\x816$\xff\x816$\xff\x816$\
\xff\x816$\xff\x816$\xff\x816$\xff\x816$\
\xff\x816$\xff\x816$\xff\x816$\xff\x816$\
\xff\x816$\xff\x816$\xff\x816$\xff\x816$\
\xff\x816$\xff\x816$\xff\x816$\xff\x816$\
\xff\x816$\xff\x816$\xff\x816$\xff\x816$\
\xff\x816$\xff\x816$\xff\x826$\xff\x816$\
\xff\x816$\xff\x816$\xff\x816$\xff\x816$\
\xff\x816$\xff\x816$\xff\x816$\xff\x816$\
\xff\x816$\xff\x816$\xff\x816$\xff\x816$\
\xff\x816$\xff\x816$\xff\x816$\xff\x816$\
\xff\x826$\xff\x826$\xff\x826$\xff\x816$\
\xff\x816$\xff\x826$\xff\x803!\xff\xaaxl\
\xff\xfc\xfa\xfa\xff\xff\xff\xff\xff\xff\xff\xff\xff\xff\xff\xff\
\xff\xff\xff\xff\xff\xff\xff\xff\xff\xff\xff\xff\xff\xff\xff\xff\
\xff\xff\xff\xff\xff\xff\xff\xff\xff\xff\xff\xff\xff\xff\xff\xff\
\xff\xff\xff\xff\xff\xff\xff\xff\xff\xff\xff\xff\xff\xff\xff\xff\
\xff\xff\xff\xff\xff\xff\xff\xff\xff\xff\xff\xff\xff\xff\xff\xff\
\xff\xfe\xfe\xfe\xff\xc0\x9b\x92\xff\x827%\xff\x816$\
\xff\x816$\xff\x816$\xff\x816$\xff\x826$\
\xff\x826$\xff\x816$\xff\x816$\xff\x816$\
\xff\x816$\xff\x816$\xff\x826$\xff\x816$\
\xff\x826$\xff\x826$\xff\x816$\xff\x816$\
\xff\x816$\xff\x816$\xff\x816$\xff\x816$\
\xff\x816$\xff\x816$\xff\x816$\xff\x826$\
\xff\x816$\xff\x816$\xff\x816$\xff\x816$\
\xff\x816$\xff\x816$\xff\x816$\xff\x816$\
\xff\x816$\xff\x816$\xff\x816$\xff\x826$\
\xff\x816$\xff\x816$\xff\x816$\xff\x816$\
\xff\x816$\xff\x816$\xff\x816$\xff\x816$\
\xff\x816$\xff\x816$\xff\x816$\xff\x816$\
\xff\x816$\xff\x816$\xff\x816$\xff\x816$\
\xff\x826$\xff\x816$\xff\x816$\xff\x816$\
\xff\x816$\xff\x816$\xff\x816$\xff\x816$\
\xff\x816$\xff\x816$\xff\x826$\xff\x816$\
\xff\x826$\xff\x826$\xff\x826$\xff\x816$\
\xff\x816$\xff\x826$\xff\x815\x22\xff\x91O?\
\xff\xed\xe2\xe0\xff\xff\xff\xff\xff\xff\xff\xff\xff\xff\xff\xff\
\xff\xff\xff\xff\xff\xff\xff\xff\xff\xff\xff\xff\xff\xff\xff\xff\
\xff\xff\xff\xff\xff\xff\xff\xff\xff\xff\xff\xff\xff\xff\xff\xff\
\xff\xff\xff\xff\xff\xff\xff\xff\xff\xff\xff\xff\xff\xff\xff\xff\
\xff\xff\xff\xff\xff\xff\xff\xff\xff\xff\xff\xff\xff\xff\xff\xff\
\xff\xd7\xbf\xb9\xff\x8aD3\xff\x815#\xff\x826$\
\xff\x816$\xff\x826$\xff\x826$\xff\x816$\
\xff\x816$\xff\x816$\xff\x816$\xff\x826$\
\xff\x816$\xff\x816$\xff\x816$\xff\x816$\
\xff\x826$\xff\x826$\xff\x816$\xff\x826$\
\xff\x816$\xff\x816$\xff\x816$\xff\x816$\
\xff\x816$\xff\x826$\xff\x816$\xff\x826$\
\xff\x816$\xff\x816$\xff\x826$\xff\x816$\
\xff\x816$\xff\x816$\xff\x816$\xff\x826$\
\xff\x826$\xff\x816$\xff\x816$\xff\x816$\
\xff\x816$\xff\x826$\xff\x826$\xff\x816$\
\xff\x816$\xff\x816$\xff\x816$\xff\x816$\
\xff\x816$\xff\x816$\xff\x816$\xff\x816$\
\xff\x816$\xff\x816$\xff\x816$\xff\x816$\
\xff\x826$\xff\x816$\xff\x816$\xff\x816$\
\xff\x816$\xff\x816$\xff\x816$\xff\x816$\
\xff\x816$\xff\x816$\xff\x826$\xff\x816$\
\xff\x816$\xff\x816$\xff\x826$\xff\x816$\
\xff\x816$\xff\x816$\xff\x816$\xff\x827%\
\xff\xc9\xa9\xa2\xff\xff\xff\xff\xff\xff\xff\xff\xff\xff\xff\xff\
\xff\xff\xff\xff\xff\xff\xff\xff\xff\xff\xff\xff\xff\xff\xff\xff\
\xff\xff\xff\xff\xff\xff\xff\xff\xff\xff\xff\xff\xff\xff\xff\xff\
\xff\xff\xff\xff\xff\xff\xff\xff\xff\xff\xff\xff\xff\xff\xff\xff\
\xff\xff\xff\xff\xff\xff\xff\xff\xff\xff\xff\xff\xff\xe3\xd2\xce\
\xff\x93RB\xff\x804\x22\xff\x816$\xff\x816$\
\xff\x816$\xff\x816$\xff\x816$\xff\x816$\
\xff\x816$\xff\x816$\xff\x816$\xff\x816$\
\xff\x816$\xff\x816$\xff\x816$\xff\x826$\
\xff\x826$\xff\x816$\xff\x816$\xff\x816$\
\xff\x816$\xff\x826$\xff\x826$\xff\x826$\
\xff\x826$\xff\x826$\xff\x816$\xff\x826$\
\xff\x816$\xff\x816$\xff\x816$\xff\x816$\
\xff\x816$\xff\x816$\xff\x816$\xff\x826$\
\xff\x826$\xff\x816$\xff\x816$\xff\x816$\
\xff\x816$\xff\x816$\xff\x826$\xff\x826$\
\xff\x816$\xff\x816$\xff\x816$\xff\x816$\
\xff\x816$\xff\x816$\xff\x816$\xff\x816$\
\xff\x816$\xff\x816$\xff\x816$\xff\x816$\
\xff\x816$\xff\x816$\xff\x816$\xff\x816$\
\xff\x816$\xff\x816$\xff\x826$\xff\x816$\
\xff\x816$\xff\x816$\xff\x816$\xff\x816$\
\xff\x816$\xff\x826$\xff\x826$\xff\x816$\
\xff\x816$\xff\x816$\xff\x816$\xff\x803 \
\xff\xa7sg\xff\xfb\xf9\xf8\xff\xff\xff\xff\xff\xff\xff\xff\
\xff\xff\xff\xff\xff\xff\xff\xff\xff\xff\xff\xff\xff\xff\xff\xff\
\xff\xff\xff\xff\xff\xff\xff\xff\xff\xff\xff\xff\xff\xff\xff\xff\
\xff\xff\xff\xff\xff\xff\xff\xff\xff\xff\xff\xff\xff\xff\xff\xff\
\xff\xff\xff\xff\xff\xff\xff\xff\xff\xe9\xdc\xda\xff\x9b^Q\
\xff\x804!\xff\x816$\xff\x816$\xff\x816$\
\xff\x816$\xff\x816$\xff\x816$\xff\x816$\
\xff\x816$\xff\x816$\xff\x816$\xff\x816$\
\xff\x816$\xff\x826$\xff\x826$\xff\x826$\
\xff\x816$\xff\x816$\xff\x816$\xff\x816$\
\xff\x816$\xff\x816$\xff\x816$\xff\x816$\
\xff\x816$\xff\x816$\xff\x816$\xff\x816$\
\xff\x816$\xff\x816$\xff\x816$\xff\x816$\
\xff\x816$\xff\x816$\xff\x816$\xff\x826$\
\xff\x816$\xff\x816$\xff\x816$\xff\x816$\
\xff\x816$\xff\x816$\xff\x826$\xff\x826$\
\xff\x826$\xff\x816$\xff\x816$\xff\x816$\
\xff\x816#\xff\x816$\xff\x816$\xff\x816$\
\xff\x816$\xff\x816$\xff\x816$\xff\x816$\
\xff\x816$\xff\x816$\xff\x816$\xff\x816$\
\xff\x816$\xff\x816$\xff\x826$\xff\x816$\
\xff\x816$\xff\x816$\xff\x816$\xff\x816$\
\xff\x816$\xff\x816$\xff\x826$\xff\x826$\
\xff\x826$\xff\x826$\xff\x826$\xff\x803!\
\xff\xa1i]\xff\xf8\xf4\xf4\xff\xff\xff\xff\xff\xff\xff\xff\
\xff\xff\xff\xff\xff\xff\xff\xff\xff\xff\xff\xff\xff\xff\xff\xff\
\xff\xff\xff\xff\xff\xff\xff\xff\xff\xff\xff\xff\xff\xff\xff\xff\
\xff\xff\xff\xff\xff\xff\xff\xff\xff\xff\xff\xff\xff\xff\xff\xff\
\xff\xff\xff\xff\xff\xed\xe2\xe0\xff\x9ffX\xff\x804\x22\
\xff\x816$\xff\x826$\xff\x816$\xff\x816$\
\xff\x816$\xff\x816$\xff\x816$\xff\x816$\
\xff\x816$\xff\x816$\xff\x816$\xff\x816$\
\xff\x816$\xff\x826$\xff\x826$\xff\x816$\
\xff\x816$\xff\x816$\xff\x816$\xff\x816$\
\xff\x816$\xff\x816$\xff\x816$\xff\x816$\
\xff\x816$\xff\x816$\xff\x816$\xff\x816$\
\xff\x816$\xff\x816$\xff\x816$\xff\x816$\
\xff\x816$\xff\x816$\xff\x816$\xff\x816$\
\xff\x816$\xff\x816$\xff\x816$\xff\x816$\
\xff\x816$\xff\x816$\xff\x816$\xff\x816$\
\xff\x816$\xff\x816$\xff\x816$\xff\x816$\
\xff\x816$\xff\x816$\xff\x816$\xff\x816$\
\xff\x816$\xff\x816$\xff\x816$\xff\x816#\
\xff\x816$\xff\x816$\xff\x816$\xff\x816$\
\xff\x816$\xff\x816$\xff\x816$\xff\x816$\
\xff\x816$\xff\x826$\xff\x826$\xff\x816$\
\xff\x826$\xff\x816$\xff\x826$\xff\x826$\
\xff\x826$\xff\x826$\xff\x826$\xff\x803!\
\xff\xa1i\x5c\xff\xf8\xf4\xf4\xff\xff\xff\xff\xff\xff\xff\xff\
\xff\xff\xff\xff\xff\xff\xff\xff\xff\xff\xff\xff\xff\xff\xff\xff\
\xff\xff\xff\xff\xff\xff\xff\xff\xff\xff\xff\xff\xff\xff\xff\xff\
\xff\xff\xff\xff\xff\xff\xff\xff\xff\xff\xff\xff\xff\xff\xff\xff\
\xff\xff\xff\xff\xff\xca\xaa\xa4\xff\x7f3 \xff\x805\x22\
\xff\x826$\xff\x826$\xff\x816$\xff\x816$\
\xff\x816$\xff\x816$\xff\x816$\xff\x816$\
\xff\x816$\xff\x816$\xff\x816$\xff\x816$\
\xff\x826$\xff\x826$\xff\x826$\xff\x826$\
\xff\x826$\xff\x816$\xff\x816$\xff\x826$\
\xff\x816$\xff\x816$\xff\x816$\xff\x816$\
\xff\x816$\xff\x816$\xff\x816$\xff\x826$\
\xff\x816$\xff\x816$\xff\x816$\xff\x816$\
\xff\x816$\xff\x816$\xff\x816$\xff\x816$\
\xff\x826$\xff\x816$\xff\x816$\xff\x816$\
\xff\x816$\xff\x816$\xff\x816$\xff\x816$\
\xff\x816$\xff\x816$\xff\x816$\xff\x816$\
\xff\x816$\xff\x816$\xff\x816$\xff\x816$\
\xff\x816$\xff\x816$\xff\x816$\xff\x816$\
\xff\x816$\xff\x816$\xff\x816$\xff\x816$\
\xff\x816$\xff\x816$\xff\x826$\xff\x816$\
\xff\x816$\xff\x826$\xff\x826$\xff\x826$\
\xff\x826$\xff\x826$\xff\x826$\xff\x826$\
\xff\x826$\xff\x826$\xff\x826$\xff\x804!\
\xff\x98ZL\xff\xf4\xee\xed\xff\xff\xff\xff\xff\xff\xff\xff\
\xff\xff\xff\xff\xff\xff\xff\xff\xff\xff\xff\xff\xff\xff\xff\xff\
\xff\xff\xff\xff\xff\xff\xff\xff\xff\xff\xff\xff\xff\xff\xff\xff\
\xff\xff\xff\xff\xff\xff\xff\xff\xff\xff\xff\xff\xff\xff\xff\xff\
\xff\xff\xff\xff\xff\xdd\xc9\xc5\xff\xaawk\xff\x8eJ;\
\xff\x815#\xff\x816$\xff\x816$\xff\x816$\
\xff\x816$\xff\x816$\xff\x816$\xff\x816$\
\xff\x816$\xff\x816$\xff\x826$\xff\x826$\
\xff\x826$\xff\x826$\xff\x826$\xff\x826$\
\xff\x826$\xff\x816$\xff\x816$\xff\x826$\
\xff\x816$\xff\x816$\xff\x816$\xff\x816$\
\xff\x816$\xff\x816$\xff\x826$\xff\x816$\
\xff\x816$\xff\x816$\xff\x816$\xff\x816$\
\xff\x816$\xff\x816$\xff\x816$\xff\x816$\
\xff\x816$\xff\x816$\xff\x816$\xff\x816$\
\xff\x816$\xff\x816$\xff\x816$\xff\x816$\
\xff\x816$\xff\x816$\xff\x816$\xff\x816$\
\xff\x816$\xff\x816$\xff\x816$\xff\x816$\
\xff\x816$\xff\x816$\xff\x816$\xff\x816$\
\xff\x816$\xff\x816$\xff\x816$\xff\x816$\
\xff\x816$\xff\x816$\xff\x826$\xff\x816$\
\xff\x816$\xff\x826$\xff\x816$\xff\x816$\
\xff\x816$\xff\x826$\xff\x826$\xff\x826$\
\xff\x826$\xff\x826$\xff\x826$\xff\x815#\
\xff\xb4\x87}\xff\xfb\xf9\xf9\xff\xff\xff\xff\xff\xff\xff\xff\
\xff\xff\xff\xff\xff\xff\xff\xff\xff\xff\xff\xff\xff\xff\xff\xff\
\xff\xff\xff\xff\xff\xff\xff\xff\xff\xff\xff\xff\xff\xff\xff\xff\
\xff\xff\xff\xff\xff\xff\xff\xff\xff\xff\xff\xff\xff\xff\xff\xff\
\xff\xff\xff\xff\xff\xff\xfe\xfe\xff\xfe\xfe\xfd\xff\xd6\xbe\xb9\
\xff\x89B2\xff\x815#\xff\x816$\xff\x816$\
\xff\x816$\xff\x816$\xff\x816$\xff\x816$\
\xff\x816$\xff\x816$\xff\x816$\xff\x816$\
\xff\x816$\xff\x826$\xff\x816$\xff\x826$\
\xff\x826$\xff\x826$\xff\x826$\xff\x826$\
\xff\x816$\xff\x816$\xff\x816$\xff\x816$\
\xff\x816$\xff\x816$\xff\x816$\xff\x816$\
\xff\x816$\xff\x816$\xff\x816$\xff\x816$\
\xff\x816$\xff\x816$\xff\x816$\xff\x816$\
\xff\x826$\xff\x816$\xff\x816$\xff\x816$\
\xff\x816$\xff\x816$\xff\x816$\xff\x816$\
\xff\x816$\xff\x816$\xff\x816$\xff\x816$\
\xff\x816$\xff\x816$\xff\x816$\xff\x816$\
\xff\x816$\xff\x816$\xff\x816$\xff\x816$\
\xff\x816$\xff\x816$\xff\x816$\xff\x816$\
\xff\x816$\xff\x816$\xff\x826$\xff\x816$\
\xff\x816$\xff\x816$\xff\x816$\xff\x816$\
\xff\x816$\xff\x826$\xff\x826$\xff\x826$\
\xff\x826$\xff\x826$\xff\x826$\xff\x86<+\
\xff\xdd\xc9\xc4\xff\xff\xff\xff\xff\xff\xff\xff\xff\xff\xff\xff\
\xff\xff\xff\xff\xff\xff\xff\xff\xff\xff\xff\xff\xff\xff\xff\xff\
\xff\xff\xff\xff\xff\xff\xff\xff\xff\xff\xff\xff\xff\xff\xff\xff\
\xff\xff\xff\xff\xff\xff\xff\xff\xff\xff\xff\xff\xff\xff\xff\xff\
\xff\xff\xff\xff\xff\xff\xff\xff\xff\xff\xff\xff\xff\xfd\xfb\xfb\
\xff\xb0\x80u\xff\x804!\xff\x816$\xff\x816$\
\xff\x816$\xff\x826$\xff\x816$\xff\x816$\
\xff\x816$\xff\x816$\xff\x816$\xff\x816$\
\xff\x826$\xff\x826$\xff\x826$\xff\x826$\
\xff\x826$\xff\x826$\xff\x826$\xff\x816$\
\xff\x826$\xff\x816$\xff\x816$\xff\x816$\
\xff\x816$\xff\x816$\xff\x826$\xff\x816$\
\xff\x816$\xff\x816$\xff\x816$\xff\x816$\
\xff\x816$\xff\x816$\xff\x816$\xff\x816$\
\xff\x826$\xff\x816$\xff\x816$\xff\x816$\
\xff\x816$\xff\x816$\xff\x816$\xff\x826$\
\xff\x816$\xff\x816$\xff\x816$\xff\x816$\
\xff\x816$\xff\x816$\xff\x816$\xff\x816$\
\xff\x816$\xff\x816$\xff\x816$\xff\x816$\
\xff\x816$\xff\x816$\xff\x816$\xff\x816$\
\xff\x816$\xff\x816$\xff\x826$\xff\x816$\
\xff\x816$\xff\x826$\xff\x816$\xff\x816$\
\xff\x816$\xff\x826$\xff\x826$\xff\x826$\
\xff\x826$\xff\x826$\xff\x826$\xff\x837%\
\xff\xd1\xb5\xaf\xff\xff\xff\xff\xff\xff\xff\xff\xff\xff\xff\xff\
\xff\xff\xff\xff\xff\xff\xff\xff\xff\xff\xff\xff\xff\xff\xff\xff\
\xff\xff\xff\xff\xff\xff\xff\xff\xff\xff\xff\xff\xff\xff\xff\xff\
\xff\xff\xff\xff\xff\xff\xff\xff\xff\xff\xff\xff\xff\xff\xff\xff\
\xff\xff\xff\xff\xff\xff\xff\xff\xff\xff\xff\xff\xff\xff\xff\xff\
\xff\xdb\xc6\xc1\xff\x87>-\xff\x815#\xff\x826$\
\xff\x816$\xff\x826$\xff\x816$\xff\x816$\
\xff\x816$\xff\x816$\xff\x816$\xff\x816$\
\xff\x826$\xff\x826$\xff\x826$\xff\x816$\
\xff\x826$\xff\x826$\xff\x816$\xff\x826$\
\xff\x816$\xff\x816$\xff\x816$\xff\x816$\
\xff\x816$\xff\x826$\xff\x826$\xff\x816$\
\xff\x816$\xff\x816$\xff\x816$\xff\x816$\
\xff\x816$\xff\x816$\xff\x816$\xff\x816$\
\xff\x826$\xff\x816$\xff\x816$\xff\x816$\
\xff\x816$\xff\x816$\xff\x816$\xff\x816$\
\xff\x816$\xff\x816$\xff\x816$\xff\x816$\
\xff\x816$\xff\x816$\xff\x816$\xff\x816$\
\xff\x816$\xff\x816$\xff\x816$\xff\x816$\
\xff\x816$\xff\x816$\xff\x816$\xff\x816$\
\xff\x816$\xff\x826$\xff\x816$\xff\x826$\
\xff\x826$\xff\x816$\xff\x816$\xff\x816$\
\xff\x816$\xff\x816$\xff\x826$\xff\x826$\
\xff\x826$\xff\x826$\xff\x826$\xff\x803!\
\xff\xb5\x89\x7f\xff\xff\xff\xff\xff\xff\xff\xff\xff\xff\xff\xff\
\xff\xff\xff\xff\xff\xff\xff\xff\xff\xff\xff\xff\xff\xff\xff\xff\
\xff\xff\xff\xff\xff\xff\xff\xff\xff\xff\xff\xff\xff\xff\xff\xff\
\xff\xff\xff\xff\xff\xff\xff\xff\xff\xff\xff\xff\xff\xff\xff\xff\
\xff\xff\xff\xff\xff\xff\xff\xff\xff\xff\xff\xff\xff\xff\xff\xff\
\xff\xf5\xef\xee\xff\x9b^Q\xff\x804!\xff\x816$\
\xff\x816$\xff\x826$\xff\x826$\xff\x816$\
\xff\x816#\xff\x804\x22\xff\x7f3 \xff\x805\x22\
\xff\x826$\xff\x826$\xff\x826$\xff\x816$\
\xff\x816$\xff\x816$\xff\x826$\xff\x826$\
\xff\x816$\xff\x816$\xff\x816$\xff\x816$\
\xff\x816$\xff\x826$\xff\x826$\xff\x816$\
\xff\x816$\xff\x816$\xff\x816$\xff\x816$\
\xff\x816$\xff\x816$\xff\x816$\xff\x826$\
\xff\x816$\xff\x816$\xff\x816$\xff\x826$\
\xff\x816$\xff\x816$\xff\x816$\xff\x816$\
\xff\x816$\xff\x816$\xff\x816$\xff\x816$\
\xff\x816$\xff\x816$\xff\x816$\xff\x816$\
\xff\x816$\xff\x816$\xff\x816$\xff\x816$\
\xff\x816$\xff\x816$\xff\x816$\xff\x816$\
\xff\x826$\xff\x826$\xff\x826$\xff\x826$\
\xff\x826$\xff\x816$\xff\x826$\xff\x816$\
\xff\x816$\xff\x826$\xff\x826$\xff\x816$\
\xff\x826$\xff\x826$\xff\x826$\xff\x804!\
\xff\x9caS\xff\xf6\xf1\xf0\xff\xff\xff\xff\xff\xff\xff\xff\
\xff\xff\xff\xff\xff\xff\xff\xff\xff\xff\xff\xff\xff\xff\xff\xff\
\xff\xff\xff\xff\xff\xff\xff\xff\xff\xff\xff\xff\xff\xff\xff\xff\
\xff\xff\xff\xff\xff\xff\xff\xff\xff\xff\xff\xff\xff\xff\xff\xff\
\xff\xff\xff\xff\xff\xff\xff\xff\xff\xff\xff\xff\xff\xff\xff\xff\
\xff\xff\xfe\xff\xff\xb4\x87~\xff\x803!\xff\x826$\
\xff\x826$\xff\x826$\xff\x815#\xff\x803!\
\xff\x85<+\xff\x9a]P\xff\xa6qe\xff\x90N?\
\xff\x815#\xff\x826$\xff\x826$\xff\x826$\
\xff\x826$\xff\x826$\xff\x826$\xff\x826$\
\xff\x816$\xff\x826$\xff\x816$\xff\x816$\
\xff\x816$\xff\x826$\xff\x816$\xff\x826$\
\xff\x816$\xff\x816$\xff\x816$\xff\x816$\
\xff\x816$\xff\x816$\xff\x816$\xff\x816$\
\xff\x816$\xff\x816$\xff\x816$\xff\x826$\
\xff\x826$\xff\x816$\xff\x826$\xff\x826$\
\xff\x816$\xff\x816$\xff\x826$\xff\x816$\
\xff\x816$\xff\x816$\xff\x816$\xff\x816$\
\xff\x816$\xff\x816$\xff\x816$\xff\x816$\
\xff\x816$\xff\x816$\xff\x816$\xff\x826$\
\xff\x816$\xff\x816$\xff\x826$\xff\x826$\
\xff\x826$\xff\x826$\xff\x826$\xff\x816$\
\xff\x816$\xff\x826$\xff\x826$\xff\x826$\
\xff\x816$\xff\x826$\xff\x826$\xff\x815#\
\xff\x8bD4\xff\xe5\xd5\xd2\xff\xff\xff\xff\xff\xff\xff\xff\
\xff\xff\xff\xff\xff\xff\xff\xff\xff\xff\xff\xff\xff\xff\xff\xff\
\xff\xff\xff\xff\xff\xff\xff\xff\xff\xff\xff\xff\xff\xff\xff\xff\
\xff\xff\xff\xff\xff\xff\xff\xff\xff\xff\xff\xff\xff\xff\xff\xff\
\xff\xff\xff\xff\xff\xff\xff\xff\xff\xff\xff\xff\xff\xff\xff\xff\
\xff\xff\xff\xff\xff\xca\xa9\xa3\xff\x814\x22\xff\x826$\
\xff\x826$\xff\x804!\xff\x86=,\xff\xa6pd\
\xff\xd5\xbc\xb7\xff\xf4\xee\xec\xff\xfb\xf9\xf9\xff\xe8\xdb\xd8\
\xff\xa4ma\xff\x815\x22\xff\x826$\xff\x826$\
\xff\x826$\xff\x826$\xff\x826$\xff\x826$\
\xff\x826$\xff\x826$\xff\x826$\xff\x826$\
\xff\x816$\xff\x826$\xff\x826$\xff\x826$\
\xff\x816$\xff\x816$\xff\x816$\xff\x816$\
\xff\x816$\xff\x816$\xff\x816$\xff\x816$\
\xff\x816$\xff\x816$\xff\x826$\xff\x826$\
\xff\x826$\xff\x826$\xff\x826$\xff\x826#\
\xff\x816$\xff\x816$\xff\x816$\xff\x816$\
\xff\x816$\xff\x816$\xff\x816$\xff\x816$\
\xff\x816$\xff\x816$\xff\x816$\xff\x816$\
\xff\x816$\xff\x816$\xff\x816$\xff\x816$\
\xff\x816$\xff\x816$\xff\x826$\xff\x826$\
\xff\x826$\xff\x826$\xff\x826$\xff\x826$\
\xff\x816$\xff\x816$\xff\x826$\xff\x826$\
\xff\x826$\xff\x826$\xff\x826$\xff\x826$\
\xff\x826%\xff\xcc\xad\xa7\xff\xff\xff\xff\xff\xff\xff\xff\
\xff\xff\xff\xff\xff\xff\xff\xff\xff\xff\xff\xff\xff\xff\xff\xff\
\xff\xff\xff\xff\xff\xff\xff\xff\xff\xff\xff\xff\xff\xff\xff\xff\
\xff\xff\xff\xff\xff\xff\xff\xff\xff\xff\xff\xff\xff\xff\xff\xff\
\xff\xff\xff\xff\xff\xff\xff\xff\xff\xff\xff\xff\xff\xff\xff\xff\
\xff\xff\xff\xff\xff\xcc\xad\xa7\xff\x815#\xff\x814\x22\
\xff\x839'\xff\xa1h\x5c\xff\xd6\xbc\xb7\xff\xf9\xf5\xf4\
\xff\xff\xff\xff\xff\xff\xff\xff\xff\xff\xff\xff\xff\xff\xff\xff\
\xff\xeb\xe0\xdd\xff\x99\x5cN\xff\x814\x22\xff\x826$\
\xff\x826$\xff\x826$\xff\x826$\xff\x826$\
\xff\x826$\xff\x816$\xff\x826$\xff\x826$\
\xff\x816$\xff\x816$\xff\x826$\xff\x826$\
\xff\x816$\xff\x826$\xff\x826$\xff\x816$\
\xff\x816$\xff\x816$\xff\x816$\xff\x826$\
\xff\x826$\xff\x816$\xff\x816$\xff\x826$\
\xff\x826$\xff\x816$\xff\x826$\xff\x826$\
\xff\x816$\xff\x816$\xff\x826$\xff\x816$\
\xff\x816$\xff\x816$\xff\x816$\xff\x816$\
\xff\x816$\xff\x816$\xff\x816$\xff\x816$\
\xff\x816$\xff\x816$\xff\x826$\xff\x826$\
\xff\x826$\xff\x826$\xff\x826$\xff\x826$\
\xff\x816$\xff\x816$\xff\x816$\xff\x816$\
\xff\x816$\xff\x816$\xff\x826$\xff\x826$\
\xff\x826$\xff\x816$\xff\x826$\xff\x826$\
\xff\x803!\xff\xaf\x80u\xff\xfe\xfd\xfd\xff\xff\xff\xff\
\xff\xff\xff\xff\xff\xff\xff\xff\xff\xff\xff\xff\xff\xff\xff\xff\
\xff\xff\xff\xff\xff\xff\xff\xff\xff\xff\xff\xff\xff\xff\xff\xff\
\xff\xff\xff\xff\xff\xff\xff\xff\xff\xff\xff\xff\xff\xff\xff\xff\
\xff\xff\xff\xff\xff\xff\xff\xff\xff\xff\xff\xff\xff\xff\xff\xff\
\xff\xff\xff\xff\xff\xb7\x8d\x84\xff\x7f3!\xff\x96WH\
\xff\xca\xaa\xa3\xff\xf6\xf0\xef\xff\xff\xff\xff\xff\xff\xff\xff\
\xff\xff\xff\xff\xff\xff\xff\xff\xff\xff\xff\xff\xff\xff\xff\xff\
\xff\xff\xff\xff\xff\xdc\xc7\xc2\xff\x8dH8\xff\x815\x22\
\xff\x826$\xff\x826$\xff\x826$\xff\x826$\
\xff\x826$\xff\x826$\xff\x826$\xff\x816$\
\xff\x816$\xff\x816$\xff\x816$\xff\x816$\
\xff\x816$\xff\x816$\xff\x816$\xff\x816$\
\xff\x826$\xff\x816$\xff\x816$\xff\x826$\
\xff\x826$\xff\x816$\xff\x816$\xff\x816$\
\xff\x816$\xff\x816$\xff\x826$\xff\x826$\
\xff\x816$\xff\x816$\xff\x816$\xff\x816$\
\xff\x816$\xff\x816$\xff\x816$\xff\x816$\
\xff\x816$\xff\x816$\xff\x816$\xff\x816$\
\xff\x816$\xff\x816$\xff\x826$\xff\x826$\
\xff\x816$\xff\x826$\xff\x826$\xff\x826$\
\xff\x816$\xff\x816$\xff\x816#\xff\x816$\
\xff\x816$\xff\x816$\xff\x816$\xff\x826$\
\xff\x816$\xff\x816$\xff\x816$\xff\x826$\
\xff\x804\x22\xff\x97XI\xff\xf2\xeb\xe9\xff\xff\xff\xff\
\xff\xff\xff\xff\xff\xff\xff\xff\xff\xff\xff\xff\xff\xff\xff\xff\
\xff\xff\xff\xff\xff\xff\xff\xff\xff\xff\xff\xff\xff\xff\xff\xff\
\xff\xff\xff\xff\xff\xff\xff\xff\xff\xff\xff\xff\xff\xff\xff\xff\
\xff\xff\xff\xff\xff\xff\xff\xff\xff\xff\xff\xff\xff\xff\xff\xff\
\xff\xff\xff\xff\xff\xdf\xcd\xc9\xff\xc0\x9b\x93\xff\xed\xe3\xe1\
\xff\xff\xff\xff\xff\xff\xff\xff\xff\xff\xff\xff\xff\xff\xff\xff\
\xff\xff\xff\xff\xff\xff\xff\xff\xff\xff\xff\xff\xff\xff\xff\xff\
\xff\xff\xff\xff\xff\xff\xff\xff\xff\xc9\xa8\xa1\xff\x85;*\
\xff\x825#\xff\x826$\xff\x826$\xff\x826$\
\xff\x826$\xff\x826$\xff\x826$\xff\x826$\
\xff\x826$\xff\x816$\xff\x826$\xff\x826$\
\xff\x816$\xff\x816$\xff\x816$\xff\x816$\
\xff\x816$\xff\x816$\xff\x816$\xff\x816$\
\xff\x816$\xff\x826$\xff\x826$\xff\x826$\
\xff\x826$\xff\x816$\xff\x816$\xff\x816$\
\xff\x826$\xff\x816$\xff\x816$\xff\x816$\
\xff\x816$\xff\x816$\xff\x816$\xff\x816$\
\xff\x816$\xff\x816$\xff\x816$\xff\x816#\
\xff\x816$\xff\x826$\xff\x826$\xff\x816$\
\xff\x816$\xff\x816$\xff\x816$\xff\x816$\
\xff\x816$\xff\x816$\xff\x816$\xff\x816#\
\xff\x816$\xff\x816$\xff\x816#\xff\x816$\
\xff\x816$\xff\x816$\xff\x826$\xff\x826$\
\xff\x816#\xff\x87>-\xff\xde\xc9\xc5\xff\xff\xff\xff\
\xff\xff\xff\xff\xff\xff\xff\xff\xff\xff\xff\xff\xff\xff\xff\xff\
\xff\xff\xff\xff\xff\xff\xff\xff\xff\xff\xff\xff\xff\xff\xff\xff\
\xff\xff\xff\xff\xff\xff\xff\xff\xff\xff\xff\xff\xff\xff\xff\xff\
\xff\xff\xff\xff\xff\xff\xff\xff\xff\xff\xff\xff\xff\xff\xff\xff\
\xff\xff\xff\xff\xff\xff\xff\xff\xff\xff\xff\xff\xff\xff\xff\xff\
\xff\xff\xff\xff\xff\xff\xff\xff\xff\xff\xff\xff\xff\xff\xff\xff\
\xff\xff\xff\xff\xff\xff\xff\xff\xff\xff\xff\xff\xff\xff\xff\xff\
\xff\xff\xff\xff\xff\xff\xff\xff\xff\xfb\xf8\xf7\xff\xb4\x86|\
\xff\x826$\xff\x826$\xff\x826$\xff\x826$\
\xff\x826$\xff\x816$\xff\x816$\xff\x816$\
\xff\x816$\xff\x816$\xff\x826$\xff\x826$\
\xff\x826$\xff\x816$\xff\x816$\xff\x816$\
\xff\x816$\xff\x816$\xff\x816$\xff\x816$\
\xff\x826$\xff\x816$\xff\x816$\xff\x826$\
\xff\x816$\xff\x816$\xff\x816$\xff\x816#\
\xff\x816$\xff\x816$\xff\x816$\xff\x816$\
\xff\x816$\xff\x816$\xff\x816$\xff\x816$\
\xff\x816$\xff\x816$\xff\x816$\xff\x816$\
\xff\x816$\xff\x826$\xff\x816$\xff\x816$\
\xff\x816$\xff\x816$\xff\x816$\xff\x816$\
\xff\x816$\xff\x816$\xff\x816$\xff\x816$\
\xff\x816$\xff\x816$\xff\x816$\xff\x816$\
\xff\x816$\xff\x816$\xff\x826$\xff\x826$\
\xff\x826$\xff\x815#\xff\xc2\x9d\x95\xff\xff\xff\xff\
\xff\xff\xff\xff\xff\xff\xff\xff\xff\xff\xff\xff\xff\xff\xff\xff\
\xff\xff\xff\xff\xff\xff\xff\xff\xff\xff\xff\xff\xff\xff\xff\xff\
\xff\xff\xff\xff\xff\xff\xff\xff\xff\xff\xff\xff\xff\xff\xff\xff\
\xff\xff\xff\xff\xff\xff\xff\xff\xff\xff\xff\xff\xff\xff\xff\xff\
\xff\xff\xff\xff\xff\xff\xff\xff\xff\xff\xff\xff\xff\xff\xff\xff\
\xff\xff\xff\xff\xff\xff\xff\xff\xff\xff\xff\xff\xff\xff\xff\xff\
\xff\xff\xff\xff\xff\xff\xff\xff\xff\xff\xff\xff\xff\xff\xff\xff\
\xff\xff\xff\xff\xff\xff\xff\xff\xff\xff\xff\xff\xff\xf0\xe7\xe5\
\xff\x98[M\xff\x804\x22\xff\x826$\xff\x826$\
\xff\x816$\xff\x816$\xff\x816$\xff\x816$\
\xff\x816$\xff\x816$\xff\x826$\xff\x826$\
\xff\x816$\xff\x816$\xff\x816$\xff\x816$\
\xff\x816$\xff\x816$\xff\x816$\xff\x816$\
\xff\x826$\xff\x826$\xff\x826$\xff\x816$\
\xff\x816$\xff\x816$\xff\x816$\xff\x816$\
\xff\x816$\xff\x816$\xff\x816$\xff\x816$\
\xff\x816$\xff\x816$\xff\x826$\xff\x816$\
\xff\x816$\xff\x816$\xff\x816$\xff\x816$\
\xff\x816$\xff\x826$\xff\x826$\xff\x826$\
\xff\x816$\xff\x826$\xff\x826$\xff\x816$\
\xff\x816$\xff\x816$\xff\x816$\xff\x816$\
\xff\x816$\xff\x816$\xff\x816$\xff\x816$\
\xff\x816$\xff\x826$\xff\x816$\xff\x826$\
\xff\x826$\xff\x803!\xff\xa6qe\xff\xfb\xf8\xf8\
\xff\xff\xff\xff\xff\xff\xff\xff\xff\xff\xff\xff\xff\xff\xff\xff\
\xff\xff\xff\xff\xff\xff\xff\xff\xff\xff\xff\xff\xff\xff\xff\xff\
\xff\xff\xff\xff\xff\xff\xff\xff\xff\xff\xff\xff\xff\xff\xff\xff\
\xff\xff\xff\xff\xff\xff\xff\xff\xff\xff\xff\xff\xff\xff\xff\xff\
\xff\xff\xff\xff\xff\xff\xff\xff\xff\xff\xff\xff\xff\xff\xff\xff\
\xff\xff\xff\xff\xff\xff\xff\xff\xff\xff\xff\xff\xff\xff\xff\xff\
\xff\xfa\xf7\xf6\xff\xce\xb2\xac\xff\xe6\xd8\xd5\xff\xff\xff\xff\
\xff\xff\xff\xff\xff\xff\xff\xff\xff\xff\xff\xff\xff\xff\xff\xff\
\xff\xb2\x84z\xff\x804!\xff\x826$\xff\x826$\
\xff\x826$\xff\x826$\xff\x826$\xff\x826$\
\xff\x826$\xff\x826$\xff\x826$\xff\x826$\
\xff\x826$\xff\x826$\xff\x816$\xff\x816$\
\xff\x816$\xff\x826$\xff\x826$\xff\x816$\
\xff\x826$\xff\x826$\xff\x826$\xff\x816$\
\xff\x816$\xff\x816$\xff\x816$\xff\x816#\
\xff\x816$\xff\x816$\xff\x826$\xff\x816$\
\xff\x816$\xff\x816$\xff\x816$\xff\x816$\
\xff\x816$\xff\x816$\xff\x816$\xff\x816$\
\xff\x816$\xff\x826$\xff\x826$\xff\x826$\
\xff\x816$\xff\x816$\xff\x826$\xff\x826$\
\xff\x816$\xff\x816$\xff\x826$\xff\x826$\
\xff\x816$\xff\x826$\xff\x826$\xff\x826$\
\xff\x816$\xff\x826$\xff\x826$\xff\x826$\
\xff\x826$\xff\x815\x22\xff\x90M>\xff\xec\xe1\xdf\
\xff\xff\xff\xff\xff\xff\xff\xff\xff\xff\xff\xff\xff\xff\xff\xff\
\xff\xff\xff\xff\xff\xff\xff\xff\xff\xff\xff\xff\xff\xff\xff\xff\
\xff\xff\xff\xff\xff\xff\xff\xff\xff\xff\xff\xff\xff\xff\xff\xff\
\xff\xff\xff\xff\xff\xff\xff\xff\xff\xff\xff\xff\xff\xff\xff\xff\
\xff\xff\xff\xff\xff\xff\xff\xff\xff\xff\xff\xff\xff\xff\xff\xff\
\xff\xff\xff\xff\xff\xff\xff\xff\xff\xff\xff\xff\xff\xf8\xf4\xf3\
\xff\xbb\x93\x8a\xff\x849'\xff\x9feX\xff\xf0\xe7\xe5\
\xff\xff\xff\xff\xff\xff\xff\xff\xff\xff\xff\xff\xff\xff\xff\xff\
\xff\xb6\x8c\x83\xff\x804!\xff\x826$\xff\x826$\
\xff\x826$\xff\x826$\xff\x826$\xff\x826$\
\xff\x826$\xff\x826$\xff\x826$\xff\x826$\
\xff\x826$\xff\x826$\xff\x826$\xff\x826$\
\xff\x816$\xff\x816$\xff\x826$\xff\x826$\
\xff\x826$\xff\x826$\xff\x816$\xff\x816$\
\xff\x826$\xff\x816$\xff\x826$\xff\x826$\
\xff\x816$\xff\x816$\xff\x816$\xff\x816$\
\xff\x816$\xff\x816$\xff\x816$\xff\x816$\
\xff\x816$\xff\x816$\xff\x816$\xff\x816$\
\xff\x816$\xff\x826$\xff\x816$\xff\x826$\
\xff\x816$\xff\x816$\xff\x826$\xff\x816$\
\xff\x816$\xff\x816$\xff\x826$\xff\x816$\
\xff\x816$\xff\x826$\xff\x826$\xff\x826$\
\xff\x816$\xff\x826$\xff\x826$\xff\x816$\
\xff\x826$\xff\x826$\xff\x839'\xff\xd3\xb8\xb3\
\xff\xff\xff\xff\xff\xff\xff\xff\xff\xff\xff\xff\xff\xff\xff\xff\
\xff\xff\xff\xff\xff\xff\xff\xff\xff\xff\xff\xff\xff\xff\xff\xff\
\xff\xff\xff\xff\xff\xff\xff\xff\xff\xff\xff\xff\xff\xff\xff\xff\
\xff\xff\xff\xff\xff\xff\xff\xff\xff\xff\xff\xff\xff\xff\xff\xff\
\xff\xff\xff\xff\xff\xff\xff\xff\xff\xff\xff\xff\xff\xff\xff\xff\
\xff\xff\xff\xff\xff\xff\xff\xff\xff\xff\xff\xff\xff\xdb\xc5\xc1\
\xff\x8eK<\xff\x804!\xff\x803 \xff\xaf\x7fu\
\xff\xf9\xf5\xf5\xff\xff\xff\xff\xff\xff\xff\xff\xff\xff\xff\xff\
\xff\xb6\x8b\x82\xff\x804!\xff\x826$\xff\x826$\
\xff\x826$\xff\x826$\xff\x826$\xff\x826$\
\xff\x827$\xff\x826$\xff\x826$\xff\x826$\
\xff\x826$\xff\x816$\xff\x826$\xff\x826$\
\xff\x826$\xff\x816$\xff\x816$\xff\x826$\
\xff\x826$\xff\x826$\xff\x826$\xff\x826$\
\xff\x816$\xff\x816$\xff\x816$\xff\x826$\
\xff\x816$\xff\x816$\xff\x816$\xff\x816$\
\xff\x816$\xff\x816$\xff\x816$\xff\x816$\
\xff\x816$\xff\x816$\xff\x816$\xff\x816#\
\xff\x826$\xff\x826$\xff\x816$\xff\x826$\
\xff\x826$\xff\x816$\xff\x826$\xff\x826$\
\xff\x816$\xff\x816$\xff\x826$\xff\x826$\
\xff\x816$\xff\x826$\xff\x826$\xff\x816$\
\xff\x826$\xff\x826$\xff\x826$\xff\x826$\
\xff\x826$\xff\x826$\xff\x803!\xff\xb2\x85{\
\xff\xfe\xfe\xfe\xff\xff\xff\xff\xff\xff\xff\xff\xff\xff\xff\xff\
\xff\xff\xff\xff\xff\xff\xff\xff\xff\xff\xff\xff\xff\xff\xff\xff\
\xff\xff\xff\xff\xff\xff\xff\xff\xff\xff\xff\xff\xff\xff\xff\xff\
\xff\xff\xff\xff\xff\xff\xff\xff\xff\xff\xff\xff\xff\xff\xff\xff\
\xff\xff\xff\xff\xff\xff\xff\xff\xff\xff\xff\xff\xff\xff\xff\xff\
\xff\xff\xff\xff\xff\xff\xff\xff\xff\xff\xff\xff\xff\xfb\xf8\xf8\
\xff\xe5\xd5\xd1\xff\xbf\x98\x8f\xff\x9a^P\xff\x85<+\
\xff\xc3\x9f\x97\xff\xfd\xfc\xfc\xff\xff\xff\xff\xff\xff\xff\xff\
\xff\xc0\x9b\x93\xff\x814\x22\xff\x826$\xff\x826$\
\xff\x826$\xff\x826$\xff\x826$\xff\x826$\
\xff\x826$\xff\x826$\xff\x826$\xff\x826$\
\xff\x826$\xff\x826$\xff\x826$\xff\x826$\
\xff\x816$\xff\x826$\xff\x816$\xff\x826$\
\xff\x826$\xff\x816$\xff\x816$\xff\x816$\
\xff\x826$\xff\x816$\xff\x826$\xff\x826$\
\xff\x816$\xff\x816$\xff\x826$\xff\x816$\
\xff\x816#\xff\x816#\xff\x816#\xff\x816#\
\xff\x816$\xff\x816#\xff\x816#\xff\x816$\
\xff\x816#\xff\x816#\xff\x816#\xff\x826$\
\xff\x826$\xff\x816$\xff\x816$\xff\x816$\
\xff\x816$\xff\x816$\xff\x826$\xff\x826$\
\xff\x816$\xff\x826$\xff\x826$\xff\x826$\
\xff\x826$\xff\x826$\xff\x816$\xff\x816$\
\xff\x816$\xff\x826$\xff\x814\x22\xff\x96WH\
\xff\xf2\xe9\xe8\xff\xff\xff\xff\xff\xff\xff\xff\xff\xff\xff\xff\
\xff\xff\xff\xff\xff\xff\xff\xff\xff\xff\xff\xff\xff\xff\xff\xff\
\xff\xff\xff\xff\xff\xff\xff\xff\xff\xff\xff\xff\xff\xff\xff\xff\
\xff\xff\xff\xff\xff\xff\xff\xff\xff\xff\xff\xff\xff\xff\xff\xff\
\xff\xff\xff\xff\xff\xff\xff\xff\xff\xff\xff\xff\xff\xff\xff\xff\
\xff\xff\xff\xff\xff\xff\xff\xff\xff\xff\xff\xff\xff\xff\xff\xff\
\xff\xff\xff\xff\xff\xff\xff\xff\xff\xf4\xee\xed\xff\xbc\x93\x8a\
\xff\x95UG\xff\xeb\xdf\xdc\xff\xff\xff\xff\xff\xff\xff\xff\
\xff\xef\xe5\xe4\xff\xa0fY\xff\x814!\xff\x826$\
\xff\x826$\xff\x826$\xff\x826$\xff\x826$\
\xff\x826$\xff\x826$\xff\x826$\xff\x826$\
\xff\x826$\xff\x826$\xff\x826$\xff\x826$\
\xff\x816$\xff\x816$\xff\x826$\xff\x826$\
\xff\x826$\xff\x816$\xff\x816$\xff\x816$\
\xff\x816$\xff\x816$\xff\x826$\xff\x826$\
\xff\x826$\xff\x816$\xff\x816$\xff\x816$\
\xff\x816$\xff\x816$\xff\x816$\xff\x816$\
\xff\x816#\xff\x816#\xff\x816#\xff\x816$\
\xff\x816#\xff\x816#\xff\x826$\xff\x816$\
\xff\x816$\xff\x816$\xff\x816$\xff\x816$\
\xff\x816$\xff\x816$\xff\x826$\xff\x826$\
\xff\x826$\xff\x816$\xff\x826$\xff\x826$\
\xff\x826$\xff\x826$\xff\x816$\xff\x816$\
\xff\x816$\xff\x826$\xff\x826#\xff\x85;*\
\xff\xd7\xbe\xb9\xff\xff\xff\xff\xff\xff\xff\xff\xff\xff\xff\xff\
\xff\xff\xff\xff\xff\xff\xff\xff\xff\xff\xff\xff\xff\xff\xff\xff\
\xff\xff\xff\xff\xff\xff\xff\xff\xff\xff\xff\xff\xff\xff\xff\xff\
\xff\xff\xff\xff\xff\xff\xff\xff\xff\xff\xff\xff\xff\xff\xff\xff\
\xff\xff\xff\xff\xff\xff\xff\xff\xff\xff\xff\xff\xff\xff\xff\xff\
\xff\xff\xff\xff\xff\xff\xff\xff\xff\xff\xff\xff\xff\xff\xff\xff\
\xff\xff\xff\xff\xff\xff\xff\xff\xff\xff\xff\xff\xff\xf9\xf6\xf5\
\xff\xe5\xd6\xd3\xff\xfa\xf8\xf7\xff\xff\xff\xff\xff\xff\xff\xff\
\xff\xff\xff\xff\xff\xe5\xd5\xd2\xff\x92PA\xff\x803 \
\xff\x814\x22\xff\x804\x22\xff\x804\x22\xff\x814\x22\
\xff\x814\x22\xff\x804\x22\xff\x804\x22\xff\x804\x22\
\xff\x815#\xff\x816#\xff\x816$\xff\x816$\
\xff\x816$\xff\x816$\xff\x826$\xff\x826$\
\xff\x826$\xff\x816$\xff\x816$\xff\x816$\
\xff\x816$\xff\x816$\xff\x816$\xff\x826$\
\xff\x826$\xff\x816$\xff\x816$\xff\x816$\
\xff\x816$\xff\x816$\xff\x816$\xff\x816$\
\xff\x816#\xff\x816#\xff\x816$\xff\x816$\
\xff\x816$\xff\x816$\xff\x826$\xff\x826$\
\xff\x816$\xff\x816$\xff\x816$\xff\x816$\
\xff\x816$\xff\x826$\xff\x826$\xff\x826$\
\xff\x826$\xff\x826$\xff\x826$\xff\x826$\
\xff\x826$\xff\x826$\xff\x826$\xff\x826$\
\xff\x826$\xff\x826$\xff\x826$\xff\x803!\
\xff\xb1\x83y\xff\xfe\xfd\xfd\xff\xff\xff\xff\xff\xff\xff\xff\
\xff\xff\xff\xff\xff\xff\xff\xff\xff\xff\xff\xff\xff\xff\xff\xff\
\xff\xff\xff\xff\xff\xff\xff\xff\xff\xff\xff\xff\xff\xff\xff\xff\
\xff\xff\xff\xff\xff\xff\xff\xff\xff\xff\xff\xff\xff\xff\xff\xff\
\xff\xff\xff\xff\xff\xff\xff\xff\xff\xff\xff\xff\xff\xff\xff\xff\
\xff\xff\xff\xff\xff\xff\xff\xff\xff\xff\xff\xff\xff\xff\xff\xff\
\xff\xff\xff\xff\xff\xff\xff\xff\xff\xff\xff\xff\xff\xff\xff\xff\
\xff\xff\xff\xff\xff\xff\xff\xff\xff\xff\xff\xff\xff\xff\xff\xff\
\xff\xff\xff\xff\xff\xff\xff\xff\xff\xdc\xc7\xc3\xff\xc0\x9b\x93\
\xff\xc1\x9c\x94\xff\xc2\x9e\x96\xff\xc4\xa0\x97\xff\xc3\x9e\x96\
\xff\xc1\x9c\x95\xff\xc1\x9c\x95\xff\xc1\x9c\x95\xff\xba\x91\x88\
\xff\x91N?\xff\x85;*\xff\x837&\xff\x803!\
\xff\x803!\xff\x803!\xff\x803!\xff\x816#\
\xff\x826$\xff\x826$\xff\x816$\xff\x816$\
\xff\x816$\xff\x816$\xff\x816$\xff\x826$\
\xff\x826$\xff\x826$\xff\x826$\xff\x816$\
\xff\x816$\xff\x816$\xff\x816$\xff\x816$\
\xff\x816$\xff\x816$\xff\x816$\xff\x816$\
\xff\x816#\xff\x816$\xff\x816$\xff\x826$\
\xff\x816$\xff\x816$\xff\x816$\xff\x816$\
\xff\x816#\xff\x816$\xff\x816$\xff\x816$\
\xff\x816$\xff\x816$\xff\x826$\xff\x826$\
\xff\x826$\xff\x816$\xff\x826$\xff\x826$\
\xff\x826$\xff\x826$\xff\x826$\xff\x815\x22\
\xff\x90L<\xff\xe8\xdb\xd8\xff\xff\xff\xff\xff\xff\xff\xff\
\xff\xff\xff\xff\xff\xff\xff\xff\xff\xff\xff\xff\xff\xff\xff\xff\
\xff\xff\xff\xff\xff\xff\xff\xff\xff\xff\xff\xff\xff\xff\xff\xff\
\xff\xff\xff\xff\xff\xff\xff\xff\xff\xff\xff\xff\xff\xff\xff\xff\
\xff\xff\xff\xff\xff\xff\xff\xff\xff\xff\xff\xff\xff\xff\xff\xff\
\xff\xff\xff\xff\xff\xff\xff\xff\xff\xff\xff\xff\xff\xff\xff\xff\
\xff\xff\xff\xff\xff\xff\xff\xff\xff\xff\xff\xff\xff\xff\xff\xff\
\xff\xff\xff\xff\xff\xff\xff\xff\xff\xff\xff\xff\xff\xff\xff\xff\
\xff\xff\xff\xff\xff\xff\xff\xff\xff\xff\xff\xff\xff\xff\xff\xff\
\xff\xff\xff\xff\xff\xff\xff\xff\xff\xff\xff\xff\xff\xff\xff\xff\
\xff\xff\xff\xff\xff\xff\xff\xff\xff\xff\xff\xff\xff\xff\xff\xff\
\xff\xe5\xd5\xd2\xff\xdd\xc8\xc4\xff\xc7\xa5\x9d\xff\xaf~s\
\xff\xaf\x7ft\xff\xb0\x80u\xff\xacym\xff\x89B1\
\xff\x815#\xff\x826$\xff\x826$\xff\x826$\
\xff\x816$\xff\x816$\xff\x826$\xff\x826$\
\xff\x826$\xff\x826$\xff\x826$\xff\x816$\
\xff\x816$\xff\x816$\xff\x816$\xff\x816$\
\xff\x816$\xff\x816$\xff\x816$\xff\x816#\
\xff\x816#\xff\x816$\xff\x816$\xff\x826$\
\xff\x816$\xff\x816$\xff\x816$\xff\x816$\
\xff\x816$\xff\x816$\xff\x826$\xff\x826$\
\xff\x826$\xff\x826$\xff\x826$\xff\x826$\
\xff\x826$\xff\x816$\xff\x826$\xff\x826$\
\xff\x816$\xff\x816$\xff\x826$\xff\x826$\
\xff\x815#\xff\xb2\x84y\xff\xfb\xf9\xf8\xff\xff\xff\xff\
\xff\xff\xff\xff\xff\xff\xff\xff\xff\xff\xff\xff\xff\xff\xff\xff\
\xff\xff\xff\xff\xff\xff\xff\xff\xff\xff\xff\xff\xff\xff\xff\xff\
\xff\xff\xff\xff\xff\xff\xff\xff\xff\xff\xff\xff\xff\xff\xff\xff\
\xff\xff\xff\xff\xff\xff\xff\xff\xff\xff\xff\xff\xff\xff\xff\xff\
\xff\xff\xff\xff\xff\xff\xff\xff\xff\xff\xff\xff\xff\xff\xff\xff\
\xff\xff\xff\xff\xff\xff\xff\xff\xff\xff\xff\xff\xff\xff\xff\xff\
\xff\xff\xff\xff\xff\xff\xff\xff\xff\xff\xff\xff\xff\xff\xff\xff\
\xff\xff\xff\xff\xff\xff\xff\xff\xff\xff\xff\xff\xff\xff\xff\xff\
\xff\xff\xff\xff\xff\xff\xff\xff\xff\xff\xff\xff\xff\xff\xff\xff\
\xff\xff\xff\xff\xff\xff\xff\xff\xff\xff\xff\xff\xff\xff\xff\xff\
\xff\xff\xff\xff\xff\xff\xff\xff\xff\xf3\xed\xeb\xff\xe5\xd6\xd2\
\xff\xe6\xd7\xd3\xff\xe6\xd7\xd4\xff\xdc\xc7\xc3\xff\x92QA\
\xff\x814\x22\xff\x826$\xff\x816$\xff\x826$\
\xff\x826$\xff\x826$\xff\x826$\xff\x826$\
\xff\x826$\xff\x816$\xff\x826$\xff\x816$\
\xff\x816$\xff\x816$\xff\x816$\xff\x816$\
\xff\x816$\xff\x816$\xff\x816$\xff\x816#\
\xff\x816$\xff\x816$\xff\x816$\xff\x816$\
\xff\x816$\xff\x816$\xff\x816$\xff\x816$\
\xff\x816$\xff\x826$\xff\x826$\xff\x826$\
\xff\x826$\xff\x826$\xff\x816$\xff\x826$\
\xff\x826$\xff\x826$\xff\x826$\xff\x816$\
\xff\x816$\xff\x826$\xff\x816$\xff\x816$\
\xff\x815#\xff\x86<+\xff\xc5\xa3\x9b\xff\xfe\xfd\xfd\
\xff\xff\xff\xff\xff\xff\xff\xff\xff\xff\xff\xff\xff\xff\xff\xff\
\xff\xff\xff\xff\xff\xff\xff\xff\xff\xff\xff\xff\xff\xff\xff\xff\
\xff\xff\xff\xff\xff\xff\xff\xff\xff\xff\xff\xff\xff\xff\xff\xff\
\xff\xff\xff\xff\xff\xff\xff\xff\xff\xfd\xfd\xfd\xff\xd9\xc4\xbf\
\xff\xc6\xa3\x9c\xff\xc6\xa4\x9c\xff\xe4\xd4\xd1\xff\xed\xe2\xe0\
\xff\xe1\xd0\xcc\xff\xe1\xcf\xcb\xff\xe1\xcf\xcb\xff\xe1\xcf\xcb\
\xff\xe0\xcd\xca\xff\xdf\xcc\xc8\xff\xdf\xcb\xc7\xff\xde\xca\xc5\
\xff\xdd\xc8\xc4\xff\xdb\xc6\xc2\xff\xda\xc4\xbf\xff\xd9\xc2\xbd\
\xff\xd7\xbf\xbb\xff\xd7\xbf\xbb\xff\xd7\xc0\xbb\xff\xd6\xbe\xb9\
\xff\xd4\xba\xb4\xff\xd1\xb5\xae\xff\xce\xb2\xac\xff\xcc\xaf\xa9\
\xff\xc2\x9e\x96\xff\xf4\xed\xec\xff\xbf\x99\x91\xff\x89C2\
\xff\x8bF5\xff\x8cF6\xff\x8bD4\xff\x838'\
\xff\x826$\xff\x826$\xff\x816$\xff\x816$\
\xff\x816$\xff\x816$\xff\x826$\xff\x826$\
\xff\x826$\xff\x826$\xff\x816$\xff\x816$\
\xff\x816$\xff\x816$\xff\x816$\xff\x816$\
\xff\x816$\xff\x816$\xff\x816$\xff\x816$\
\xff\x816$\xff\x816$\xff\x816$\xff\x816$\
\xff\x816$\xff\x816$\xff\x816$\xff\x816$\
\xff\x826$\xff\x826$\xff\x826$\xff\x826$\
\xff\x816$\xff\x826$\xff\x816$\xff\x816$\
\xff\x816$\xff\x826$\xff\x826$\xff\x816$\
\xff\x816$\xff\x816$\xff\x816$\xff\x816$\
\xff\x816$\xff\x815#\xff\x88@/\xff\xc3\x9f\x98\
\xff\xf7\xf2\xf2\xff\xff\xff\xff\xff\xff\xff\xff\xff\xff\xff\xff\
\xff\xff\xff\xff\xff\xff\xff\xff\xff\xff\xff\xff\xff\xff\xff\xff\
\xff\xff\xff\xff\xff\xff\xff\xff\xff\xff\xff\xff\xff\xff\xff\xff\
\xff\xff\xff\xff\xff\xff\xff\xff\xff\xfe\xfe\xfe\xff\xdb\xc6\xc2\
\xff\x9caS\xff\x815#\xff\x92PA\xff\x93RC\
\xff\x88@/\xff\x88A/\xff\x88@/\xff\x88@/\
\xff\x87?.\xff\x86>-\xff\x86>,\xff\x86<+\
\xff\x85;*\xff\x84:(\xff\x838&\xff\x828&\
\xff\x828&\xff\x838&\xff\x827&\xff\x827&\
\xff\x827%\xff\x827%\xff\x827%\xff\x815#\
\xff\x8dI9\xff\xee\xe4\xe3\xff\xb6\x8a\x80\xff\x7f1\x1f\
\xff\x815#\xff\x815#\xff\x815#\xff\x826$\
\xff\x826$\xff\x816$\xff\x816$\xff\x816$\
\xff\x816$\xff\x816$\xff\x816$\xff\x826$\
\xff\x826$\xff\x826$\xff\x816$\xff\x816$\
\xff\x816$\xff\x816$\xff\x816$\xff\x816$\
\xff\x816$\xff\x816$\xff\x816$\xff\x816#\
\xff\x816$\xff\x816$\xff\x816$\xff\x816$\
\xff\x816$\xff\x816$\xff\x816$\xff\x816$\
\xff\x816$\xff\x826$\xff\x826$\xff\x826$\
\xff\x816$\xff\x826$\xff\x826$\xff\x826$\
\xff\x826$\xff\x826$\xff\x816$\xff\x816$\
\xff\x816$\xff\x816$\xff\x826$\xff\x816$\
\xff\x816$\xff\x826$\xff\x815#\xff\x84:(\
\xff\xa2j]\xff\xcd\xae\xa8\xff\xe5\xd5\xd2\xff\xeb\xe0\xde\
\xff\xde\xca\xc6\xff\xe3\xd2\xcf\xff\xff\xff\xff\xff\xff\xff\xff\
\xff\xff\xff\xff\xff\xff\xff\xff\xff\xff\xff\xff\xff\xff\xff\xff\
\xff\xff\xff\xff\xff\xff\xff\xff\xff\xff\xff\xff\xff\xff\xff\xff\
\xff\xd8\xc2\xbd\xff\x85<*\xff\x803 \xff\x814\x22\
\xff\x815#\xff\x826#\xff\x816#\xff\x816#\
\xff\x816$\xff\x816$\xff\x826$\xff\x826$\
\xff\x826$\xff\x826$\xff\x826$\xff\x826$\
\xff\x826$\xff\x826$\xff\x826$\xff\x826$\
\xff\x826$\xff\x826$\xff\x826$\xff\x825#\
\xff\x88@/\xff\xba\x90\x87\xff\x94TE\xff\x815#\
\xff\x826$\xff\x826$\xff\x826$\xff\x826$\
\xff\x826$\xff\x816$\xff\x816$\xff\x816$\
\xff\x816$\xff\x826$\xff\x826$\xff\x826$\
\xff\x826$\xff\x816$\xff\x816$\xff\x816$\
\xff\x816$\xff\x816$\xff\x816$\xff\x816$\
\xff\x816$\xff\x816$\xff\x816$\xff\x816$\
\xff\x816$\xff\x816$\xff\x816$\xff\x826$\
\xff\x816$\xff\x816$\xff\x816$\xff\x816$\
\xff\x816$\xff\x826$\xff\x826$\xff\x826$\
\xff\x826$\xff\x826$\xff\x826$\xff\x826$\
\xff\x816$\xff\x826$\xff\x816$\xff\x816$\
\xff\x816$\xff\x816$\xff\x816$\xff\x816$\
\xff\x816$\xff\x816$\xff\x826$\xff\x826$\
\xff\x804!\xff\x838&\xff\x8aD3\xff\x8cG8\
\xff\x88A0\xff\xca\xab\xa4\xff\xff\xff\xff\xff\xff\xff\xff\
\xff\xff\xff\xff\xff\xff\xff\xff\xff\xff\xff\xff\xff\xff\xff\xff\
\xff\xff\xff\xff\xff\xff\xff\xff\xff\xff\xff\xff\xff\xff\xff\xff\
\xff\xe1\xd0\xcc\xff\x9efY\xff\x90N?\xff\x827$\
\xff\x826$\xff\x826$\xff\x826$\xff\x826$\
\xff\x826$\xff\x826$\xff\x826$\xff\x826$\
\xff\x826$\xff\x826$\xff\x826$\xff\x826$\
\xff\x826$\xff\x826$\xff\x826$\xff\x826$\
\xff\x826$\xff\x826$\xff\x826$\xff\x826$\
\xff\x826$\xff\x815#\xff\x815#\xff\x826$\
\xff\x816$\xff\x816$\xff\x826$\xff\x826$\
\xff\x826$\xff\x816$\xff\x826$\xff\x826$\
\xff\x816$\xff\x826$\xff\x816$\xff\x816$\
\xff\x816$\xff\x816$\xff\x816$\xff\x816$\
\xff\x816$\xff\x816$\xff\x816$\xff\x816$\
\xff\x816$\xff\x816$\xff\x816$\xff\x816$\
\xff\x816$\xff\x816$\xff\x816$\xff\x816$\
\xff\x816$\xff\x816$\xff\x816$\xff\x826$\
\xff\x816$\xff\x826$\xff\x826$\xff\x826$\
\xff\x826$\xff\x826$\xff\x826$\xff\x826$\
\xff\x816$\xff\x826$\xff\x816$\xff\x816$\
\xff\x816$\xff\x826$\xff\x816$\xff\x816$\
\xff\x826$\xff\x826$\xff\x826$\xff\x826$\
\xff\x826$\xff\x826$\xff\x815#\xff\x814\x22\
\xff\x89B0\xff\xe2\xd0\xcd\xff\xff\xff\xff\xff\xff\xff\xff\
\xff\xff\xff\xff\xff\xff\xff\xff\xff\xff\xff\xff\xff\xff\xff\xff\
\xff\xff\xff\xff\xff\xff\xff\xff\xff\xff\xff\xff\xff\xff\xff\xff\
\xff\xfc\xfa\xfa\xff\xf6\xf3\xf2\xff\xcc\xaf\xa9\xff\x84:(\
\xff\x826$\xff\x826$\xff\x826$\xff\x826$\
\xff\x826$\xff\x826$\xff\x826$\xff\x826$\
\xff\x826$\xff\x826$\xff\x826$\xff\x826$\
\xff\x826$\xff\x826$\xff\x816$\xff\x816$\
\xff\x826$\xff\x826$\xff\x826$\xff\x826$\
\xff\x826$\xff\x826$\xff\x826$\xff\x816$\
\xff\x816$\xff\x816$\xff\x826$\xff\x826$\
\xff\x826$\xff\x816$\xff\x816$\xff\x816$\
\xff\x816$\xff\x816$\xff\x816$\xff\x816$\
\xff\x816$\xff\x816$\xff\x816$\xff\x816$\
\xff\x816$\xff\x816$\xff\x816$\xff\x816$\
\xff\x816$\xff\x816$\xff\x816$\xff\x826$\
\xff\x826$\xff\x816$\xff\x816$\xff\x816$\
\xff\x816$\xff\x816$\xff\x816$\xff\x816$\
\xff\x816$\xff\x816$\xff\x826$\xff\x826$\
\xff\x816$\xff\x826$\xff\x826$\xff\x826$\
\xff\x826$\xff\x816$\xff\x816$\xff\x816$\
\xff\x816$\xff\x826$\xff\x816$\xff\x816$\
\xff\x826$\xff\x826$\xff\x816$\xff\x816$\
\xff\x816$\xff\x826$\xff\x826$\xff\x815#\
\xff\x8cG7\xff\xeb\xdf\xdc\xff\xff\xff\xff\xff\xff\xff\xff\
\xff\xff\xff\xff\xff\xff\xff\xff\xff\xff\xff\xff\xff\xff\xff\xff\
\xff\xff\xff\xff\xff\xff\xff\xff\xff\xff\xff\xff\xff\xff\xff\xff\
\xff\xff\xff\xff\xff\xff\xff\xff\xff\xd1\xb6\xb0\xff\x84:(\
\xff\x826$\xff\x826$\xff\x826$\xff\x826$\
\xff\x826$\xff\x826$\xff\x816$\xff\x826$\
\xff\x826$\xff\x826$\xff\x826$\xff\x826$\
\xff\x826$\xff\x816$\xff\x816$\xff\x816$\
\xff\x826$\xff\x826$\xff\x826$\xff\x826$\
\xff\x826$\xff\x826$\xff\x826$\xff\x826$\
\xff\x816$\xff\x816$\xff\x816#\xff\x826$\
\xff\x826$\xff\x816$\xff\x816$\xff\x816$\
\xff\x816$\xff\x816$\xff\x816$\xff\x816$\
\xff\x816$\xff\x816$\xff\x816$\xff\x816$\
\xff\x816$\xff\x816$\xff\x816$\xff\x816$\
\xff\x816$\xff\x816$\xff\x826$\xff\x826$\
\xff\x826$\xff\x816$\xff\x816$\xff\x816$\
\xff\x816$\xff\x826$\xff\x816$\xff\x816$\
\xff\x826$\xff\x826$\xff\x826$\xff\x826$\
\xff\x826$\xff\x826$\xff\x826$\xff\x826$\
\xff\x826$\xff\x826$\xff\x826$\xff\x826$\
\xff\x826$\xff\x826$\xff\x826$\xff\x816$\
\xff\x826$\xff\x826$\xff\x826$\xff\x826$\
\xff\x826$\xff\x826$\xff\x826$\xff\x815#\
\xff\x8aD4\xff\xe5\xd6\xd3\xff\xff\xff\xff\xff\xff\xff\xff\
\xff\xff\xff\xff\xff\xff\xff\xff\xff\xff\xff\xff\xff\xff\xff\xff\
\xff\xff\xff\xff\xff\xff\xff\xff\xff\xff\xff\xff\xff\xff\xff\xff\
\xff\xff\xff\xff\xff\xf0\xe7\xe5\xff\x9ffY\xff\x826$\
\xff\x816$\xff\x826$\xff\x826$\xff\x826$\
\xff\x826$\xff\x826$\xff\x826$\xff\x826$\
\xff\x826$\xff\x826$\xff\x826$\xff\x826$\
\xff\x826$\xff\x826$\xff\x826$\xff\x816$\
\xff\x826$\xff\x826$\xff\x826$\xff\x826$\
\xff\x826$\xff\x826$\xff\x826$\xff\x826$\
\xff\x816$\xff\x816$\xff\x816#\xff\x816$\
\xff\x816$\xff\x816$\xff\x816$\xff\x826$\
\xff\x826$\xff\x816$\xff\x816$\xff\x826$\
\xff\x816$\xff\x816$\xff\x816$\xff\x816$\
\xff\x816$\xff\x816$\xff\x816$\xff\x816$\
\xff\x816$\xff\x816$\xff\x826$\xff\x816#\
\xff\x816$\xff\x816$\xff\x816$\xff\x816$\
\xff\x816$\xff\x816$\xff\x826$\xff\x826$\
\xff\x816$\xff\x826$\xff\x826$\xff\x826$\
\xff\x826$\xff\x826$\xff\x826$\xff\x826$\
\xff\x816$\xff\x816$\xff\x826#\xff\x826$\
\xff\x816$\xff\x826$\xff\x826$\xff\x816$\
\xff\x816$\xff\x816$\xff\x816$\xff\x826$\
\xff\x826$\xff\x826$\xff\x826$\xff\x826$\
\xff\x849(\xff\xd3\xb8\xb3\xff\xff\xff\xff\xff\xff\xff\xff\
\xff\xff\xff\xff\xff\xff\xff\xff\xff\xff\xff\xff\xff\xff\xff\xff\
\xff\xff\xff\xff\xff\xff\xff\xff\xff\xff\xff\xff\xff\xff\xff\xff\
\xff\xff\xff\xff\xff\xce\xb0\xa9\xff\x827%\xff\x826$\
\xff\x816$\xff\x826$\xff\x826$\xff\x816$\
\xff\x826$\xff\x826$\xff\x826$\xff\x826$\
\xff\x826$\xff\x826$\xff\x826$\xff\x826$\
\xff\x826$\xff\x816$\xff\x816$\xff\x816$\
\xff\x816$\xff\x826$\xff\x826$\xff\x826$\
\xff\x826$\xff\x826$\xff\x816$\xff\x816$\
\xff\x816$\xff\x816$\xff\x816$\xff\x816$\
\xff\x816$\xff\x816$\xff\x816$\xff\x816$\
\xff\x816$\xff\x816$\xff\x826$\xff\x816$\
\xff\x816$\xff\x816$\xff\x826$\xff\x816$\
\xff\x816$\xff\x816$\xff\x816$\xff\x816$\
\xff\x816$\xff\x816$\xff\x826$\xff\x816#\
\xff\x826$\xff\x816$\xff\x826$\xff\x816$\
\xff\x816$\xff\x826$\xff\x826$\xff\x826$\
\xff\x826$\xff\x826$\xff\x826$\xff\x826$\
\xff\x826$\xff\x816$\xff\x816$\xff\x826$\
\xff\x816$\xff\x816$\xff\x816$\xff\x816#\
\xff\x816$\xff\x826$\xff\x816$\xff\x816$\
\xff\x816#\xff\x826$\xff\x826$\xff\x816$\
\xff\x816$\xff\x816$\xff\x826$\xff\x826$\
\xff\x803!\xff\xaf\x7ft\xff\xfd\xfc\xfc\xff\xff\xff\xff\
\xff\xff\xff\xff\xff\xff\xff\xff\xff\xff\xff\xff\xff\xff\xff\xff\
\xff\xff\xff\xff\xff\xff\xff\xff\xff\xff\xff\xff\xff\xff\xff\xff\
\xff\xf1\xe8\xe7\xff\x9c`S\xff\x814!\xff\x826$\
\xff\x816$\xff\x816$\xff\x826$\xff\x816$\
\xff\x826$\xff\x826$\xff\x826$\xff\x826$\
\xff\x826$\xff\x826$\xff\x826$\xff\x826$\
\xff\x826$\xff\x816$\xff\x816$\xff\x816$\
\xff\x816$\xff\x826$\xff\x826$\xff\x826$\
\xff\x826$\xff\x816$\xff\x816$\xff\x816$\
\xff\x816$\xff\x816$\xff\x816$\xff\x826$\
\xff\x826$\xff\x816$\xff\x816$\xff\x816$\
\xff\x816$\xff\x816$\xff\x816$\xff\x826$\
\xff\x826$\xff\x816$\xff\x816$\xff\x816$\
\xff\x816$\xff\x816$\xff\x816$\xff\x826$\
\xff\x816$\xff\x816$\xff\x826$\xff\x826#\
\xff\x816$\xff\x826$\xff\x826$\xff\x816$\
\xff\x816$\xff\x816$\xff\x826$\xff\x826$\
\xff\x826$\xff\x826$\xff\x826$\xff\x826$\
\xff\x826$\xff\x826$\xff\x826$\xff\x826$\
\xff\x826$\xff\x826$\xff\x826$\xff\x826$\
\xff\x826$\xff\x826$\xff\x816$\xff\x816$\
\xff\x816$\xff\x826$\xff\x826$\xff\x826$\
\xff\x826$\xff\x826$\xff\x826$\xff\x826$\
\xff\x815#\xff\x8bD4\xff\xdc\xc7\xc2\xff\xff\xff\xff\
\xff\xff\xff\xff\xff\xff\xff\xff\xff\xff\xff\xff\xff\xff\xff\xff\
\xff\xff\xff\xff\xff\xff\xff\xff\xff\xff\xff\xff\xff\xf7\xf2\xf1\
\xff\xb0\x81w\xff\x826$\xff\x826$\xff\x826$\
\xff\x826$\xff\x826$\xff\x826$\xff\x826$\
\xff\x826$\xff\x826$\xff\x826$\xff\x826$\
\xff\x826$\xff\x826$\xff\x826$\xff\x826$\
\xff\x826$\xff\x826$\xff\x826$\xff\x826$\
\xff\x826$\xff\x826$\xff\x826$\xff\x826$\
\xff\x826$\xff\x826$\xff\x826$\xff\x826$\
\xff\x816$\xff\x816$\xff\x816$\xff\x816$\
\xff\x826$\xff\x826$\xff\x826$\xff\x816$\
\xff\x816$\xff\x816$\xff\x816$\xff\x826$\
\xff\x826$\xff\x826$\xff\x816$\xff\x816$\
\xff\x816$\xff\x816$\xff\x826$\xff\x816$\
\xff\x816$\xff\x816$\xff\x826$\xff\x816#\
\xff\x816#\xff\x826$\xff\x826$\xff\x816$\
\xff\x816$\xff\x816$\xff\x816$\xff\x826$\
\xff\x826$\xff\x826$\xff\x826$\xff\x816$\
\xff\x816$\xff\x826$\xff\x816$\xff\x826$\
\xff\x826$\xff\x826$\xff\x826$\xff\x816$\
\xff\x826$\xff\x826$\xff\x826$\xff\x826$\
\xff\x826$\xff\x826$\xff\x816$\xff\x816$\
\xff\x826$\xff\x826$\xff\x816$\xff\x816$\
\xff\x826$\xff\x814\x22\xff\x99[L\xff\xe0\xcd\xc9\
\xff\xfe\xfd\xfd\xff\xff\xff\xff\xff\xff\xff\xff\xff\xff\xff\xff\
\xff\xff\xff\xff\xff\xfe\xfe\xfe\xff\xe8\xda\xd7\xff\xabym\
\xff\x838&\xff\x826#\xff\x826$\xff\x826$\
\xff\x826$\xff\x816$\xff\x826$\xff\x826$\
\xff\x826$\xff\x826$\xff\x826$\xff\x826$\
\xff\x826$\xff\x826$\xff\x826$\xff\x826$\
\xff\x826$\xff\x826$\xff\x816$\xff\x816$\
\xff\x816$\xff\x826$\xff\x826$\xff\x826$\
\xff\x826$\xff\x816$\xff\x816$\xff\x826$\
\xff\x816$\xff\x816$\xff\x816$\xff\x816$\
\xff\x826$\xff\x826$\xff\x816$\xff\x816$\
\xff\x816$\xff\x826$\xff\x826$\xff\x826$\
\xff\x816$\xff\x826$\xff\x826$\xff\x816$\
\xff\x816$\xff\x816$\xff\x816$\xff\x816$\
\xff\x816$\xff\x816#\xff\x816$\xff\x816#\
\xff\x816$\xff\x826$\xff\x816$\xff\x826$\
\xff\x826$\xff\x816$\xff\x816$\xff\x816$\
\xff\x816$\xff\x816$\xff\x826$\xff\x816$\
\xff\x816$\xff\x816#\xff\x826$\xff\x826$\
\xff\x816$\xff\x816$\xff\x816$\xff\x816$\
\xff\x816$\xff\x816$\xff\x816$\xff\x816$\
\xff\x816$\xff\x816$\xff\x816$\xff\x816$\
\xff\x816$\xff\x816$\xff\x816$\xff\x816$\
\xff\x826$\xff\x826$\xff\x815\x22\xff\x8dH8\
\xff\xb1\x82x\xff\xce\xb1\xaa\xff\xd9\xc3\xbe\xff\xda\xc4\xc0\
\xff\xd1\xb5\xaf\xff\xb4\x88~\xff\x90M=\xff\x814\x22\
\xff\x826$\xff\x826$\xff\x816$\xff\x816$\
\xff\x816$\xff\x816$\xff\x816$\xff\x816$\
\xff\x826$\xff\x826$\xff\x826$\xff\x826$\
\xff\x826$\xff\x826$\xff\x826$\xff\x826$\
\xff\x826$\xff\x816$\xff\x816$\xff\x826$\
\xff\x826$\xff\x816$\xff\x826$\xff\x826$\
\xff\x816$\xff\x816$\xff\x816$\xff\x816$\
\xff\x816$\xff\x816$\xff\x826$\xff\x816$\
\xff\x816$\xff\x826$\xff\x816$\xff\x816$\
\xff\x816$\xff\x826$\xff\x826$\xff\x826$\
\xff\x816$\xff\x816$\xff\x826$\xff\x816$\
\xff\x816$\xff\x816$\xff\x816$\xff\x816$\
\xff\x816$\xff\x816$\xff\x826$\xff\x816$\
\xff\x826$\xff\x816$\xff\x816$\xff\x826$\
\xff\x826$\xff\x816$\xff\x816$\xff\x816$\
\xff\x816$\xff\x816$\xff\x816$\xff\x816$\
\xff\x816$\xff\x816$\xff\x826$\xff\x816$\
\xff\x816$\xff\x816$\xff\x816$\xff\x826$\
\xff\x826$\xff\x826$\xff\x816$\xff\x816$\
\xff\x816$\xff\x816$\xff\x816$\xff\x816$\
\xff\x816$\xff\x816$\xff\x816$\xff\x816$\
\xff\x816$\xff\x826$\xff\x826$\xff\x815#\
\xff\x803!\xff\x826$\xff\x85<+\xff\x86=,\
\xff\x837&\xff\x803!\xff\x815\x22\xff\x826$\
\xff\x826$\xff\x826$\xff\x826$\xff\x826$\
\xff\x826$\xff\x816$\xff\x816$\xff\x826$\
\xff\x816$\xff\x816$\xff\x826$\xff\x816$\
\xff\x826$\xff\x826$\xff\x826$\xff\x816$\
\xff\x816$\xff\x816$\xff\x816$\xff\x826$\
\xff\x826$\xff\x826$\xff\x826$\xff\x826$\
\xff\x816$\xff\x826$\xff\x816$\xff\x816$\
\xff\x816$\xff\x816$\xff\x816$\xff\x826$\
\xff\x826$\xff\x816$\xff\x816$\xff\x816$\
\xff\x816$\xff\x826$\xff\x826$\xff\x816$\
\xff\x816$\xff\x816$\xff\x816$\xff\x816$\
\xff\x816$\xff\x816$\xff\x816$\xff\x816$\
\xff\x816$\xff\x816$\xff\x816$\xff\x826$\
\xff\x826$\xff\x826$\xff\x816$\xff\x816$\
\xff\x816$\xff\x816$\xff\x826$\xff\x816$\
\xff\x816$\xff\x826$\xff\x816$\xff\x816$\
\xff\x816$\xff\x816$\xff\x816$\xff\x826$\
\xff\x816$\xff\x816$\xff\x826$\xff\x816$\
\xff\x816$\xff\x826$\xff\x816$\xff\x816$\
\xff\x816$\xff\x816$\xff\x816$\xff\x816$\
\xff\x816$\xff\x816$\xff\x816$\xff\x816$\
\xff\x816$\xff\x816$\xff\x816$\xff\x816$\
\xff\x816$\xff\x816$\xff\x816#\xff\x816#\
\xff\x826$\xff\x826$\xff\x826$\xff\x826$\
\xff\x816$\xff\x826$\xff\x816$\xff\x826$\
\xff\x826$\xff\x826$\xff\x816$\xff\x816$\
\xff\x816$\xff\x816$\xff\x826$\xff\x826$\
\xff\x816$\xff\x826$\xff\x826$\xff\x826$\
\xff\x816$\xff\x816$\xff\x816$\xff\x816$\
\xff\x826$\xff\x826$\xff\x826$\xff\x826$\
\xff\x816$\xff\x826$\xff\x816$\xff\x826$\
\xff\x816$\xff\x816$\xff\x826$\xff\x826$\
\xff\x816$\xff\x816$\xff\x826$\xff\x816$\
\xff\x816$\xff\x826$\xff\x826$\xff\x816$\
\xff\x816$\xff\x816$\xff\x816$\xff\x816$\
\xff\x816$\xff\x816#\xff\x816$\xff\x816$\
\xff\x816$\xff\x816$\xff\x816$\xff\x816#\
\xff\x816$\xff\x816$\xff\x816$\xff\x816$\
\xff\x816$\xff\x826$\xff\x816$\xff\x816$\
\xff\x826$\xff\x816$\xff\x816$\xff\x816#\
\xff\x816#\xff\x816$\xff\x816$\xff\x816$\
\xff\x816$\xff\x816$\xff\x816$\xff\x816$\
\xff\x816$\xff\x816$\xff\x816$\xff\x816$\
\xff\x816$\xff\x816$\xff\x816$\xff\x816$\
\xff\x816$\xff\x816$\xff\x816$\xff\x816$\
\xff\x816$\xff\x816$\xff\x816$\xff\x816$\
\xff\x816$\xff\x816$\xff\x816$\xff\x826$\
\xff\x826$\xff\x826$\xff\x826$\xff\x826$\
\xff\x826$\xff\x826$\xff\x826$\xff\x816$\
\xff\x816$\xff\x816$\xff\x816$\xff\x816$\
\xff\x826$\xff\x816$\xff\x816$\xff\x816$\
\xff\x816$\xff\x816$\xff\x826$\xff\x816$\
\xff\x816$\xff\x816$\xff\x816$\xff\x816$\
\xff\x816$\xff\x816$\xff\x826$\xff\x826$\
\xff\x826$\xff\x816$\xff\x816$\xff\x816$\
\xff\x816$\xff\x816$\xff\x816$\xff\x816$\
\xff\x826$\xff\x826$\xff\x816$\xff\x816$\
\xff\x816$\xff\x826$\xff\x826$\xff\x826$\
\xff\x816$\xff\x816$\xff\x816$\xff\x816$\
\xff\x816$\xff\x816#\xff\x816$\xff\x816$\
\xff\x816$\xff\x816$\xff\x816$\xff\x816#\
\xff\x816#\xff\x816$\xff\x816$\xff\x816$\
\xff\x816$\xff\x816$\xff\x816$\xff\x816$\
\xff\x816$\xff\x816$\xff\x816$\xff\x816$\
\xff\x816$\xff\x826$\xff\x816$\xff\x816$\
\xff\x826$\xff\x816$\xff\x816$\xff\x816$\
\xff\x816$\xff\x816$\xff\x816$\xff\x816$\
\xff\x816$\xff\x816$\xff\x816$\xff\x816$\
\xff\x816$\xff\x816$\xff\x816$\xff\x816$\
\xff\x816$\xff\x816$\xff\x816$\xff\x816$\
\xff\x816$\xff\x826$\xff\x826$\xff\x826$\
\xff\x826$\xff\x826$\xff\x826$\xff\x826$\
\xff\x826$\xff\x826$\xff\x816$\xff\x816$\
\xff\x816$\xff\x816$\xff\x816$\xff\x816$\
\xff\x826$\xff\x816$\xff\x816$\xff\x816$\
\xff\x826$\xff\x816$\xff\x826$\xff\x826$\
\xff\x816$\xff\x816$\xff\x826$\xff\x826$\
\xff\x816$\xff\x826$\xff\x826$\xff\x826$\
\xff\x826$\xff\x816$\xff\x816$\xff\x826$\
\xff\x816$\xff\x816#\xff\x826$\xff\x826$\
\xff\x826$\xff\x816$\xff\x816$\xff\x816$\
\xff\x816$\xff\x816$\xff\x826$\xff\x826$\
\xff\x816$\xff\x816$\xff\x826$\xff\x816$\
\xff\x816$\xff\x816$\xff\x816$\xff\x816$\
\xff\x816$\xff\x816$\xff\x816$\xff\x816#\
\xff\x816#\xff\x816#\xff\x826$\xff\x816$\
\xff\x816$\xff\x816$\xff\x816$\xff\x816$\
\xff\x816$\xff\x816$\xff\x826$\xff\x816$\
\xff\x816$\xff\x826$\xff\x826$\xff\x816$\
\xff\x816$\xff\x816$\xff\x816$\xff\x816$\
\xff\x816$\xff\x816$\xff\x816$\xff\x826$\
\xff\x816$\xff\x816$\xff\x816$\xff\x816$\
\xff\x816$\xff\x816$\xff\x816$\xff\x816$\
\xff\x816$\xff\x816$\xff\x826$\xff\x816$\
\xff\x816$\xff\x816$\xff\x826$\xff\x816$\
\xff\x816$\xff\x816$\xff\x826$\xff\x826$\
\xff\x826$\xff\x826$\xff\x816$\xff\x816$\
\xff\x816$\xff\x816$\xff\x816$\xff\x816$\
\xff\x816$\xff\x816$\xff\x816$\xff\x826$\
\xff\x826$\xff\x816$\xff\x816$\xff\x816$\
\xff\x816$\xff\x826$\xff\x816$\xff\x816$\
\xff\x826$\xff\x826$\xff\x826$\xff\x816$\
\xff\x826$\xff\x816$\xff\x816$\xff\x816$\
\xff\x816$\xff\x826$\xff\x816$\xff\x826$\
\xff\x826$\xff\x816$\xff\x816$\xff\x816$\
\xff\x816$\xff\x816$\xff\x816$\xff\x816#\
\xff\x826#\xff\x816$\xff\x816$\xff\x816$\
\xff\x816$\xff\x816$\xff\x816$\xff\x816$\
\xff\x816$\xff\x816$\xff\x816$\xff\x816$\
\xff\x816$\xff\x816$\xff\x816$\xff\x816$\
\xff\x826$\xff\x816$\xff\x816$\xff\x816$\
\xff\x826$\xff\x816$\xff\x826$\xff\x826$\
\xff\x816$\xff\x816$\xff\x816$\xff\x816$\
\xff\x816$\xff\x816$\xff\x816$\xff\x816$\
\xff\x816$\xff\x826$\xff\x826$\xff\x816$\
\xff\x816$\xff\x816$\xff\x816$\xff\x816$\
\xff\x816$\xff\x826$\xff\x826$\xff\x816$\
\xff\x816$\xff\x826$\xff\x826$\xff\x826$\
\xff\x826$\xff\x826$\xff\x816$\xff\x816$\
\xff\x826$\xff\x826$\xff\x826$\xff\x826$\
\xff\x816$\xff\x826$\xff\x826$\xff\x816$\
\xff\x816$\xff\x816$\xff\x826$\xff\x816$\
\xff\x826$\xff\x816$\xff\x826$\xff\x816$\
\xff\x826$\xff\x826$\xff\x826$\xff\x826$\
\xff\x826$\xff\x826$\xff\x826$\xff\x816$\
\xff\x826$\xff\x826$\xff\x826$\xff\x816$\
\xff\x826$\xff\x816$\xff\x816$\xff\x816$\
\xff\x816$\xff\x816$\xff\x816$\xff\x826$\
\xff\x826$\xff\x826$\xff\x816$\xff\x816$\
\xff\x816$\xff\x826$\xff\x816$\xff\x826$\
\xff\x826$\xff\x816$\xff\x816$\xff\x00\x00\x00\
\x00\x00\x00\x00\x00\x00\x00\x00\x00\x00\x00\x00\x00\x00\x00\x00\
\x00\x00\x00\x00\x00\x00\x00\x00\x00\x00\x00\x00\x00\x00\x00\x00\
\x00\x00\x00\x00\x00\x00\x00\x00\x00\x00\x00\x00\x00\x00\x00\x00\
\x00\x00\x00\x00\x00\x00\x00\x00\x00\x00\x00\x00\x00\x00\x00\x00\
\x00\x00\x00\x00\x00\x00\x00\x00\x00\x00\x00\x00\x00\x00\x00\x00\
\x00\x00\x00\x00\x00\x00\x00\x00\x00\x00\x00\x00\x00\x00\x00\x00\
\x00\x00\x00\x00\x00\x00\x00\x00\x00\x00\x00\x00\x00\x00\x00\x00\
\x00\x00\x00\x00\x00\x00\x00\x00\x00\x00\x00\x00\x00\x00\x00\x00\
\x00\x00\x00\x00\x00\x00\x00\x00\x00\x00\x00\x00\x00\x00\x00\x00\
\x00\x00\x00\x00\x00\x00\x00\x00\x00\x00\x00\x00\x00\x00\x00\x00\
\x00\x00\x00\x00\x00\x00\x00\x00\x00\x00\x00\x00\x00\x00\x00\x00\
\x00\x00\x00\x00\x00\x00\x00\x00\x00\x00\x00\x00\x00\x00\x00\x00\
\x00\x00\x00\x00\x00\x00\x00\x00\x00\x00\x00\x00\x00\x00\x00\x00\
\x00\x00\x00\x00\x00\x00\x00\x00\x00\x00\x00\x00\x00\x00\x00\x00\
\x00\x00\x00\x00\x00\x00\x00\x00\x00\x00\x00\x00\x00\x00\x00\x00\
\x00\x00\x00\x00\x00\x00\x00\x00\x00\x00\x00\x00\x00\x00\x00\x00\
\x00\x00\x00\x00\x00\x00\x00\x00\x00\x00\x00\x00\x00\x00\x00\x00\
\x00\x00\x00\x00\x00\x00\x00\x00\x00\x00\x00\x00\x00\x00\x00\x00\
\x00\x00\x00\x00\x00\x00\x00\x00\x00\x00\x00\x00\x00\x00\x00\x00\
\x00\x00\x00\x00\x00\x00\x00\x00\x00\x00\x00\x00\x00\x00\x00\x00\
\x00\x00\x00\x00\x00\x00\x00\x00\x00\x00\x00\x00\x00\x00\x00\x00\
\x00\x00\x00\x00\x00\x00\x00\x00\x00\x00\x00\x00\x00\x00\x00\x00\
\x00\x00\x00\x00\x00\x00\x00\x00\x00\x00\x00\x00\x00\x00\x00\x00\
\x00\x00\x00\x00\x00\x00\x00\x00\x00\x00\x00\x00\x00\x00\x00\x00\
\x00\x00\x00\x00\x00\x00\x00\x00\x00\x00\x00\x00\x00\x00\x00\x00\
\x00\x00\x00\x00\x00\x00\x00\x00\x00\x00\x00\x00\x00\x00\x00\x00\
\x00\x00\x00\x00\x00\x00\x00\x00\x00\x00\x00\x00\x00\x00\x00\x00\
\x00\x00\x00\x00\x00\x00\x00\x00\x00\x00\x00\x00\x00\x00\x00\x00\
\x00\x00\x00\x00\x00\x00\x00\x00\x00\x00\x00\x00\x00\x00\x00\x00\
\x00\x00\x00\x00\x00\x00\x00\x00\x00\x00\x00\x00\x00\x00\x00\x00\
\x00\x00\x00\x00\x00\x00\x00\x00\x00\x00\x00\x00\x00\x00\x00\x00\
\x00\x00\x00\x00\x00\x00\x00\x00\x00\x00\x00\x00\x00\x00\x00\x00\
\x00\x00\x00\x00\x00\x00\x00\x00\x00\x00\x00\x00\x00\x00\x00\x00\
\x00\x00\x00\x00\x00\x00\x00\x00\x00\x00\x00\x00\x00\x00\x00\x00\
\x00\x00\x00\x00\x00\x00\x00\x00\x00\x00\x00\x00\x00\x00\x00\x00\
\x00\x00\x00\x00\x00\x00\x00\x00\x00\x00\x00\x00\x00\x00\x00\x00\
\x00\x00\x00\x00\x00\x00\x00\x00\x00\x00\x00\x00\x00\x00\x00\x00\
\x00\x00\x00\x00\x00\x00\x00\x00\x00\x00\x00\x00\x00\x00\x00\x00\
\x00\x00\x00\x00\x00\x00\x00\x00\x00\x00\x00\x00\x00\x00\x00\x00\
\x00\x00\x00\x00\x00\x00\x00\x00\x00\x00\x00\x00\x00\x00\x00\x00\
\x00\x00\x00\x00\x00\x00\x00\x00\x00\x00\x00\x00\x00\x00\x00\x00\
\x00\x00\x00\x00\x00\x00\x00\x00\x00\x00\x00\x00\x00\x00\x00\x00\
\x00\x00\x00\x00\x00\x00\x00\x00\x00\x00\x00\x00\x00\x00\x00\x00\
\x00\x00\x00\x00\x00\x00\x00\x00\x00\x00\x00\x00\x00\x00\x00\x00\
\x00\x00\x00\x00\x00\x00\x00\x00\x00\x00\x00\x00\x00\x00\x00\x00\
\x00\x00\x00\x00\x00\x00\x00\x00\x00\x00\x00\x00\x00\x00\x00\x00\
\x00\x00\x00\x00\x00\x00\x00\x00\x00\x00\x00\x00\x00\x00\x00\x00\
\x00\x00\x00\x00\x00\x00\x00\x00\x00\x00\x00\x00\x00\x00\x00\x00\
\x00\x00\x00\x00\x00\x00\x00\x00\x00\x00\x00\x00\x00\x00\x00\x00\
\x00\x00\x00\x00\x00\x00\x00\x00\x00\x00\x00\x00\x00\x00\x00\x00\
\x00\x00\x00\x00\x00\x00\x00\x00\x00\x00\x00\x00\x00\x00\x00\x00\
\x00\x00\x00\x00\x00\x00\x00\x00\x00\x00\x00\x00\x00\x00\x00\x00\
\x00\x00\x00\x00\x00\x00\x00\x00\x00\x00\x00\x00\x00\x00\x00\x00\
\x00\x00\x00\x00\x00\x00\x00\x00\x00\x00\x00\x00\x00\x00\x00\x00\
\x00\x00\x00\x00\x00\x00\x00\x00\x00\x00\x00\x00\x00\x00\x00\x00\
\x00\x00\x00\x00\x00\x00\x00\x00\x00\x00\x00\x00\x00\x00\x00\x00\
\x00\x00\x00\x00\x00\x00\x00\x00\x00\x00\x00\x00\x00\x00\x00\x00\
\x00\x00\x00\x00\x00\x00\x00\x00\x00\x00\x00\x00\x00\x00\x00\x00\
\x00\x00\x00\x00\x00\x00\x00\x00\x00\x00\x00\x00\x00\x00\x00\x00\
\x00\x00\x00\x00\x00\x00\x00\x00\x00\x00\x00\x00\x00\x00\x00\x00\
\x00\x00\x00\x00\x00\x00\x00\x00\x00\x00\x00\x00\x00\x00\x00\x00\
\x00\x00\x00\x00\x00\x00\x00\x00\x00\x00\x00\x00\x00\x00\x00\x00\
\x00\x00\x00\x00\x00\x00\x00\x00\x00\x00\x00\x00\x00\x00\x00\x00\
\x00\x00\x00\x00\x00\x00\x00\x00\x00\x00\x00\x00\x00\x00\x00\x00\
\x00\x00\x00\x00\x00\x00\x00\x00\x00\x00\x00\x00\x00\x00\x00\x00\
\x00\x00\x00\x00\x00\x00\x00\x00\x00\x00\x00\x00\x00\x00\x00\x00\
\x00\x00\x00\x00\x00\x00\x00\x00\x00\x00\x00\x00\x00\x00\x00\x00\
\x00\x00\x00\x00\x00\x00\x00\x00\x00\x00\x00\x00\x00\x00\x00\x00\
\x00\x00\x00\x00\x00\x00\x00\x00\x00\x00\x00\x00\x00\x00\x00\x00\
\x00\x00\x00\x00\x00\x00\x00\x00\x00\x00\x00\x00\x00\x00\x00\x00\
\x00\x00\x00\x00\x00\x00\x00\x00\x00\x00\x00\x00\x00\x00\x00\x00\
\x00\x00\x00\x00\x00\x00\x00\x00\x00\x00\x00\x00\x00(\x00\x00\
\x00\x80\x00\x00\x00\x00\x01\x00\x00\x01\x00 \x00\x00\x00\x00\
\x00\x00\x00\x01\x00\xc3\x0e\x00\x00\xc3\x0e\x00\x00\x00\x00\x00\
\x00\x00\x00\x00\x00\x816$\xff\x816$\xff\x816$\
\xff\x816$\xff\x816$\xff\x816$\xff\x816$\
\xff\x816$\xff\x816$\xff\x826$\xff\x816#\
\xff\x816$\xff\x826$\xff\x816$\xff\x826$\
\xff\x826$\xff\x816$\xff\x826$\xff\x826$\
\xff\x826$\xff\x826$\xff\x826$\xff\x826$\
\xff\x826$\xff\x826$\xff\x826$\xff\x826$\
\xff\x826$\xff\x816$\xff\x826$\xff\x826$\
\xff\x826$\xff\x826$\xff\x826$\xff\x826$\
\xff\x816$\xff\x826$\xff\x826$\xff\x826$\
\xff\x826$\xff\x816#\xff\x816$\xff\x816$\
\xff\x826$\xff\x826$\xff\x826$\xff\x816$\
\xff\x816#\xff\x826$\xff\x826$\xff\x816$\
\xff\x826$\xff\x816$\xff\x816$\xff\x826$\
\xff\x826$\xff\x826$\xff\x826$\xff\x826$\
\xff\x816$\xff\x826$\xff\x826$\xff\x826$\
\xff\x826$\xff\x816$\xff\x816$\xff\x816$\
\xff\x816$\xff\x826$\xff\x826$\xff\x816$\
\xff\x816$\xff\x826$\xff\x826$\xff\x816$\
\xff\x826$\xff\x826$\xff\x816$\xff\x816$\
\xff\x826$\xff\x826$\xff\x826$\xff\x816$\
\xff\x816$\xff\x826$\xff\x826$\xff\x816$\
\xff\x816$\xff\x816$\xff\x816$\xff\x826$\
\xff\x816$\xff\x826$\xff\x826$\xff\x816$\
\xff\x816$\xff\x816$\xff\x816$\xff\x816$\
\xff\x826#\xff\x816$\xff\x826$\xff\x826$\
\xff\x816$\xff\x816$\xff\x816$\xff\x816$\
\xff\x826$\xff\x816$\xff\x816$\xff\x816$\
\xff\x816$\xff\x816$\xff\x826$\xff\x826$\
\xff\x816$\xff\x816$\xff\x816$\xff\x816$\
\xff\x816$\xff\x826$\xff\x826$\xff\x816$\
\xff\x826$\xff\x826$\xff\x826$\xff\x826$\
\xff\x816$\xff\x816$\xff\x816$\xff\x816$\
\xff\x816$\xff\x816$\xff\x816$\xff\x816$\
\xff\x816$\xff\x816$\xff\x816$\xff\x816$\
\xff\x816$\xff\x816#\xff\x816#\xff\x826$\
\xff\x816$\xff\x816$\xff\x816$\xff\x816$\
\xff\x826$\xff\x826$\xff\x826$\xff\x826$\
\xff\x826$\xff\x826$\xff\x826$\xff\x826$\
\xff\x826$\xff\x826$\xff\x826$\xff\x826$\
\xff\x826$\xff\x826$\xff\x826$\xff\x826$\
\xff\x816#\xff\x816$\xff\x816$\xff\x816$\
\xff\x826$\xff\x826$\xff\x816$\xff\x816$\
\xff\x816$\xff\x816$\xff\x816$\xff\x816$\
\xff\x826$\xff\x816$\xff\x816$\xff\x816$\
\xff\x826$\xff\x826$\xff\x826$\xff\x826$\
\xff\x816$\xff\x816$\xff\x816$\xff\x816$\
\xff\x816$\xff\x816$\xff\x826$\xff\x816$\
\xff\x816$\xff\x816$\xff\x816$\xff\x816$\
\xff\x816$\xff\x816$\xff\x816$\xff\x816$\
\xff\x816$\xff\x816$\xff\x816$\xff\x816$\
\xff\x816$\xff\x816$\xff\x816$\xff\x816$\
\xff\x816$\xff\x816$\xff\x826$\xff\x816$\
\xff\x816$\xff\x816$\xff\x816$\xff\x816$\
\xff\x816$\xff\x816$\xff\x816$\xff\x826$\
\xff\x816$\xff\x816$\xff\x826$\xff\x816$\
\xff\x816$\xff\x816$\xff\x816$\xff\x816$\
\xff\x816$\xff\x816$\xff\x816$\xff\x816$\
\xff\x816$\xff\x816$\xff\x816$\xff\x816$\
\xff\x826$\xff\x816$\xff\x816$\xff\x816#\
\xff\x816$\xff\x816$\xff\x816$\xff\x816$\
\xff\x816$\xff\x816$\xff\x816$\xff\x826$\
\xff\x816$\xff\x816$\xff\x816$\xff\x816$\
\xff\x816$\xff\x826$\xff\x816$\xff\x826$\
\xff\x816$\xff\x816$\xff\x816$\xff\x816$\
\xff\x816$\xff\x816$\xff\x816$\xff\x816$\
\xff\x816$\xff\x816$\xff\x816$\xff\x816$\
\xff\x816$\xff\x816$\xff\x816#\xff\x816$\
\xff\x816$\xff\x816$\xff\x816$\xff\x816$\
\xff\x816$\xff\x816$\xff\x816$\xff\x826$\
\xff\x826$\xff\x816$\xff\x826$\xff\x826$\
\xff\x826$\xff\x816$\xff\x816$\xff\x826$\
\xff\x826$\xff\x826$\xff\x826$\xff\x816$\
\xff\x816$\xff\x816$\xff\x826$\xff\x826$\
\xff\x826$\xff\x826$\xff\x826#\xff\x826$\
\xff\x816$\xff\x816$\xff\x816$\xff\x826$\
\xff\x826$\xff\x816$\xff\x816$\xff\x826$\
\xff\x826$\xff\x816$\xff\x816$\xff\x816$\
\xff\x816$\xff\x816#\xff\x816$\xff\x826$\
\xff\x826$\xff\x816$\xff\x816$\xff\x816$\
\xff\x816$\xff\x816$\xff\x816$\xff\x816$\
\xff\x826$\xff\x826$\xff\x816$\xff\x816$\
\xff\x826$\xff\x816$\xff\x816$\xff\x816$\
\xff\x816$\xff\x816$\xff\x816$\xff\x816$\
\xff\x816$\xff\x816$\xff\x816$\xff\x816$\
\xff\x816$\xff\x816$\xff\x816$\xff\x816$\
\xff\x816$\xff\x816$\xff\x816$\xff\x816$\
\xff\x826$\xff\x826$\xff\x816$\xff\x816$\
\xff\x816$\xff\x816$\xff\x816$\xff\x816$\
\xff\x816$\xff\x816$\xff\x816$\xff\x816$\
\xff\x816$\xff\x816$\xff\x816$\xff\x816$\
\xff\x816$\xff\x826$\xff\x816$\xff\x816$\
\xff\x816$\xff\x816$\xff\x816$\xff\x816$\
\xff\x826$\xff\x816$\xff\x816$\xff\x826$\
\xff\x816$\xff\x826$\xff\x826$\xff\x816$\
\xff\x826$\xff\x816$\xff\x816$\xff\x816$\
\xff\x816$\xff\x816$\xff\x816$\xff\x816$\
\xff\x816$\xff\x816$\xff\x816$\xff\x816$\
\xff\x816$\xff\x816$\xff\x816$\xff\x816$\
\xff\x816$\xff\x816$\xff\x816$\xff\x816$\
\xff\x816$\xff\x826$\xff\x826$\xff\x826$\
\xff\x816$\xff\x816$\xff\x816$\xff\x826$\
\xff\x816$\xff\x816$\xff\x826$\xff\x826$\
\xff\x826$\xff\x816$\xff\x816$\xff\x826$\
\xff\x826$\xff\x826$\xff\x826$\xff\x816$\
\xff\x816$\xff\x826$\xff\x826$\xff\x826$\
\xff\x816$\xff\x826$\xff\x826$\xff\x826$\
\xff\x816$\xff\x816$\xff\x816#\xff\x826$\
\xff\x826$\xff\x826$\xff\x816$\xff\x816$\
\xff\x816$\xff\x816$\xff\x816$\xff\x816$\
\xff\x816$\xff\x816$\xff\x816$\xff\x826$\
\xff\x816$\xff\x816$\xff\x826$\xff\x816$\
\xff\x816$\xff\x816$\xff\x816$\xff\x816$\
\xff\x826$\xff\x816$\xff\x816$\xff\x816$\
\xff\x816$\xff\x816$\xff\x816$\xff\x816$\
\xff\x816$\xff\x816$\xff\x816$\xff\x816$\
\xff\x816$\xff\x816$\xff\x816$\xff\x816$\
\xff\x816$\xff\x816$\xff\x816$\xff\x816$\
\xff\x816$\xff\x816$\xff\x816$\xff\x816$\
\xff\x816$\xff\x816$\xff\x816$\xff\x816$\
\xff\x816$\xff\x816$\xff\x816$\xff\x816$\
\xff\x816$\xff\x816$\xff\x816$\xff\x826$\
\xff\x816$\xff\x816$\xff\x816$\xff\x816$\
\xff\x816$\xff\x816$\xff\x816$\xff\x816$\
\xff\x816$\xff\x816$\xff\x816$\xff\x816$\
\xff\x816$\xff\x816$\xff\x816$\xff\x816$\
\xff\x826$\xff\x816$\xff\x816$\xff\x826$\
\xff\x826$\xff\x816$\xff\x816$\xff\x816$\
\xff\x816$\xff\x816$\xff\x816$\xff\x816$\
\xff\x816$\xff\x826$\xff\x816$\xff\x816$\
\xff\x816$\xff\x816#\xff\x826$\xff\x816$\
\xff\x816$\xff\x816$\xff\x816#\xff\x816$\
\xff\x816$\xff\x826$\xff\x826$\xff\x816$\
\xff\x826$\xff\x826$\xff\x826$\xff\x816$\
\xff\x826$\xff\x826$\xff\x826$\xff\x826$\
\xff\x816$\xff\x816$\xff\x816$\xff\x826$\
\xff\x826$\xff\x826$\xff\x816$\xff\x816$\
\xff\x826$\xff\x816$\xff\x826$\xff\x826$\
\xff\x826$\xff\x826$\xff\x826$\xff\x816$\
\xff\x816$\xff\x816$\xff\x816$\xff\x826$\
\xff\x826$\xff\x826$\xff\x816$\xff\x816$\
\xff\x816$\xff\x816$\xff\x816$\xff\x816$\
\xff\x826$\xff\x816$\xff\x816$\xff\x816$\
\xff\x816$\xff\x826$\xff\x826$\xff\x816$\
\xff\x816$\xff\x816$\xff\x816$\xff\x816$\
\xff\x816$\xff\x816$\xff\x816$\xff\x816$\
\xff\x816$\xff\x816$\xff\x816$\xff\x826$\
\xff\x816$\xff\x816$\xff\x816$\xff\x816$\
\xff\x816$\xff\x816$\xff\x816$\xff\x816$\
\xff\x816$\xff\x816$\xff\x816$\xff\x826$\
\xff\x816$\xff\x816$\xff\x816$\xff\x826$\
\xff\x826$\xff\x816$\xff\x816$\xff\x816$\
\xff\x816$\xff\x816$\xff\x816$\xff\x816$\
\xff\x816$\xff\x816$\xff\x816$\xff\x816$\
\xff\x816$\xff\x816$\xff\x816$\xff\x816$\
\xff\x816$\xff\x816$\xff\x816$\xff\x826$\
\xff\x816$\xff\x826$\xff\x826$\xff\x826$\
\xff\x816$\xff\x816$\xff\x816$\xff\x816$\
\xff\x826$\xff\x816$\xff\x816$\xff\x816$\
\xff\x816$\xff\x826$\xff\x826$\xff\x816$\
\xff\x816$\xff\x816$\xff\x816$\xff\x816$\
\xff\x816$\xff\x816$\xff\x816$\xff\x816$\
\xff\x816$\xff\x816$\xff\x826$\xff\x826$\
\xff\x816$\xff\x816$\xff\x816$\xff\x816$\
\xff\x816$\xff\x816$\xff\x826$\xff\x826$\
\xff\x826$\xff\x826$\xff\x826$\xff\x826$\
\xff\x826$\xff\x826$\xff\x826$\xff\x826$\
\xff\x816$\xff\x816$\xff\x816$\xff\x826#\
\xff\x826$\xff\x826$\xff\x826$\xff\x826$\
\xff\x816$\xff\x816$\xff\x826$\xff\x826$\
\xff\x826$\xff\x826$\xff\x826$\xff\x826$\
\xff\x816$\xff\x816$\xff\x816$\xff\x816$\
\xff\x826$\xff\x816$\xff\x816$\xff\x816$\
\xff\x816$\xff\x816$\xff\x826$\xff\x826$\
\xff\x816$\xff\x816$\xff\x816$\xff\x816$\
\xff\x816$\xff\x826$\xff\x816$\xff\x816$\
\xff\x816$\xff\x816$\xff\x816$\xff\x816$\
\xff\x816$\xff\x816$\xff\x816$\xff\x816$\
\xff\x816$\xff\x826$\xff\x816$\xff\x816$\
\xff\x816$\xff\x816$\xff\x816$\xff\x816$\
\xff\x816$\xff\x816$\xff\x816$\xff\x816$\
\xff\x816$\xff\x816$\xff\x816$\xff\x816$\
\xff\x816$\xff\x816$\xff\x816$\xff\x816$\
\xff\x826$\xff\x826$\xff\x826$\xff\x816$\
\xff\x816$\xff\x816$\xff\x816$\xff\x816$\
\xff\x816$\xff\x816$\xff\x816$\xff\x826$\
\xff\x816$\xff\x816$\xff\x816$\xff\x816$\
\xff\x816$\xff\x816$\xff\x816$\xff\x826$\
\xff\x816$\xff\x816$\xff\x816$\xff\x816$\
\xff\x826$\xff\x816$\xff\x816$\xff\x816$\
\xff\x816$\xff\x816$\xff\x816$\xff\x816$\
\xff\x816$\xff\x816$\xff\x816$\xff\x816$\
\xff\x816$\xff\x816$\xff\x816$\xff\x816$\
\xff\x816$\xff\x816$\xff\x816$\xff\x816$\
\xff\x826$\xff\x816$\xff\x816$\xff\x816#\
\xff\x816$\xff\x826$\xff\x826$\xff\x816$\
\xff\x816$\xff\x826$\xff\x816$\xff\x816$\
\xff\x826$\xff\x826$\xff\x826$\xff\x826$\
\xff\x816$\xff\x826$\xff\x826$\xff\x826$\
\xff\x826$\xff\x826$\xff\x826$\xff\x826$\
\xff\x826$\xff\x826$\xff\x826$\xff\x826$\
\xff\x816$\xff\x816#\xff\x826$\xff\x826$\
\xff\x826$\xff\x826$\xff\x816$\xff\x826$\
\xff\x826$\xff\x826$\xff\x816$\xff\x826$\
\xff\x816$\xff\x816$\xff\x826$\xff\x826$\
\xff\x816$\xff\x816$\xff\x816$\xff\x826$\
\xff\x826$\xff\x816$\xff\x816$\xff\x816$\
\xff\x816$\xff\x816$\xff\x826$\xff\x816$\
\xff\x816$\xff\x816$\xff\x816$\xff\x816$\
\xff\x816$\xff\x816$\xff\x826$\xff\x826$\
\xff\x816$\xff\x826$\xff\x816$\xff\x816$\
\xff\x816$\xff\x816$\xff\x826$\xff\x816$\
\xff\x816$\xff\x816$\xff\x816$\xff\x816$\
\xff\x816$\xff\x816$\xff\x816$\xff\x816$\
\xff\x816$\xff\x816$\xff\x816$\xff\x826$\
\xff\x826$\xff\x816$\xff\x816$\xff\x816$\
\xff\x816$\xff\x816$\xff\x816#\xff\x816$\
\xff\x816$\xff\x816$\xff\x816$\xff\x816$\
\xff\x816$\xff\x816$\xff\x816$\xff\x816$\
\xff\x816$\xff\x816$\xff\x816$\xff\x816$\
\xff\x816$\xff\x816$\xff\x816$\xff\x816$\
\xff\x826$\xff\x816$\xff\x816$\xff\x826$\
\xff\x816$\xff\x826$\xff\x816$\xff\x816$\
\xff\x816$\xff\x816$\xff\x816$\xff\x816$\
\xff\x816$\xff\x816$\xff\x816$\xff\x816$\
\xff\x816$\xff\x816$\xff\x816$\xff\x816$\
\xff\x826$\xff\x816$\xff\x826$\xff\x826$\
\xff\x826$\xff\x826$\xff\x826$\xff\x816$\
\xff\x816$\xff\x816$\xff\x816$\xff\x826$\
\xff\x826$\xff\x826$\xff\x826$\xff\x826$\
\xff\x826$\xff\x826$\xff\x826$\xff\x826$\
\xff\x826#\xff\x826$\xff\x826$\xff\x826$\
\xff\x826$\xff\x826$\xff\x826$\xff\x816$\
\xff\x826$\xff\x826$\xff\x826$\xff\x826$\
\xff\x816$\xff\x816$\xff\x826$\xff\x826$\
\xff\x816$\xff\x826$\xff\x816$\xff\x826$\
\xff\x826$\xff\x816$\xff\x816$\xff\x816$\
\xff\x816$\xff\x816$\xff\x816$\xff\x816$\
\xff\x816$\xff\x816$\xff\x816$\xff\x816$\
\xff\x816$\xff\x816$\xff\x816$\xff\x816$\
\xff\x816$\xff\x816$\xff\x816$\xff\x816$\
\xff\x816$\xff\x826$\xff\x816$\xff\x826$\
\xff\x816$\xff\x816$\xff\x816$\xff\x816$\
\xff\x816$\xff\x816$\xff\x826$\xff\x816$\
\xff\x816$\xff\x816$\xff\x816$\xff\x826$\
\xff\x826$\xff\x816$\xff\x816$\xff\x816$\
\xff\x816$\xff\x816$\xff\x816$\xff\x826$\
\xff\x826$\xff\x816$\xff\x816$\xff\x816$\
\xff\x816$\xff\x816$\xff\x816$\xff\x816$\
\xff\x816$\xff\x816$\xff\x816$\xff\x816$\
\xff\x816$\xff\x816$\xff\x816$\xff\x816$\
\xff\x816$\xff\x816$\xff\x816$\xff\x816$\
\xff\x816$\xff\x826$\xff\x816$\xff\x816$\
\xff\x816$\xff\x816$\xff\x816$\xff\x826$\
\xff\x816$\xff\x816$\xff\x816$\xff\x816$\
\xff\x816$\xff\x816$\xff\x816$\xff\x816$\
\xff\x816$\xff\x816$\xff\x816#\xff\x816$\
\xff\x816$\xff\x816$\xff\x816$\xff\x816$\
\xff\x816$\xff\x816$\xff\x826$\xff\x816$\
\xff\x826$\xff\x826$\xff\x826$\xff\x826$\
\xff\x826$\xff\x826$\xff\x826$\xff\x826$\
\xff\x826$\xff\x826$\xff\x826$\xff\x826$\
\xff\x826$\xff\x826$\xff\x826$\xff\x826$\
\xff\x826$\xff\x826$\xff\x826$\xff\x826$\
\xff\x826$\xff\x826$\xff\x826$\xff\x826$\
\xff\x826$\xff\x826$\xff\x826$\xff\x826$\
\xff\x826$\xff\x826$\xff\x826$\xff\x826$\
\xff\x826$\xff\x826$\xff\x826$\xff\x826$\
\xff\x826$\xff\x826$\xff\x816$\xff\x816$\
\xff\x816$\xff\x816$\xff\x816$\xff\x826$\
\xff\x826$\xff\x816$\xff\x816$\xff\x816$\
\xff\x816$\xff\x816$\xff\x826$\xff\x816$\
\xff\x826$\xff\x816$\xff\x816$\xff\x816$\
\xff\x816$\xff\x826$\xff\x826$\xff\x816$\
\xff\x816$\xff\x816$\xff\x816$\xff\x816$\
\xff\x816$\xff\x826$\xff\x826$\xff\x816$\
\xff\x816$\xff\x816$\xff\x816$\xff\x826$\
\xff\x816$\xff\x816$\xff\x816$\xff\x816$\
\xff\x816$\xff\x826$\xff\x826$\xff\x826$\
\xff\x826$\xff\x816$\xff\x816$\xff\x816$\
\xff\x816$\xff\x816$\xff\x816$\xff\x826$\
\xff\x816$\xff\x826$\xff\x826$\xff\x826$\
\xff\x816$\xff\x816$\xff\x826$\xff\x826$\
\xff\x816$\xff\x816$\xff\x816$\xff\x816$\
\xff\x816$\xff\x826$\xff\x826$\xff\x816$\
\xff\x816$\xff\x816$\xff\x816$\xff\x816$\
\xff\x816$\xff\x816$\xff\x826$\xff\x816$\
\xff\x816$\xff\x816$\xff\x816$\xff\x816$\
\xff\x816$\xff\x816$\xff\x816$\xff\x816$\
\xff\x816$\xff\x816$\xff\x816$\xff\x816$\
\xff\x816$\xff\x816$\xff\x816$\xff\x816$\
\xff\x816$\xff\x816$\xff\x826$\xff\x826#\
\xff\x835\x22\xff\x835!\xff\x835!\xff\x835!\
\xff\x835\x22\xff\x836#\xff\x826$\xff\x826$\
\xff\x826$\xff\x826$\xff\x826$\xff\x826$\
\xff\x826$\xff\x835\x22\xff\x835!\xff\x835!\
\xff\x835!\xff\x835!\xff\x835\x22\xff\x826#\
\xff\x826$\xff\x826$\xff\x826$\xff\x835\x22\
\xff\x835\x22\xff\x835\x22\xff\x835\x22\xff\x835\x22\
\xff\x835\x22\xff\x835\x22\xff\x836\x22\xff\x836\x22\
\xff\x835\x22\xff\x826#\xff\x826$\xff\x816$\
\xff\x816$\xff\x816$\xff\x816$\xff\x814\x22\
\xff\x814\x22\xff\x814\x22\xff\x826$\xff\x816$\
\xff\x816$\xff\x816$\xff\x826$\xff\x826$\
\xff\x815#\xff\x804\x22\xff\x803!\xff\x804!\
\xff\x814\x22\xff\x815#\xff\x826$\xff\x816$\
\xff\x816$\xff\x816$\xff\x816$\xff\x816$\
\xff\x816#\xff\x815\x22\xff\x804!\xff\x804!\
\xff\x814\x22\xff\x815#\xff\x816$\xff\x816$\
\xff\x816$\xff\x816$\xff\x815#\xff\x814\x22\
\xff\x815\x22\xff\x816#\xff\x826$\xff\x826#\
\xff\x815\x22\xff\x815\x22\xff\x815#\xff\x826$\
\xff\x826$\xff\x816$\xff\x816$\xff\x816$\
\xff\x815#\xff\x815#\xff\x815#\xff\x815#\
\xff\x816$\xff\x826$\xff\x815#\xff\x815\x22\
\xff\x815#\xff\x816$\xff\x826$\xff\x816$\
\xff\x826$\xff\x815#\xff\x815\x22\xff\x814\x22\
\xff\x815\x22\xff\x826#\xff\x816$\xff\x816#\
\xff\x816$\xff\x816$\xff\x816$\xff\x816$\
\xff\x826$\xff\x816$\xff\x816$\xff\x816$\
\xff\x816$\xff\x816$\xff\x816#\xff\x816$\
\xff\x816$\xff\x816$\xff\x816$\xff\x816$\
\xff\x826$\xff\x816$\xff\x826$\xff\x826$\
\xff\x826$\xff\x826$\xff\x835!\xff~9*\
\xffpGG\xffaWh\xff[\x5cs\xff]Zo\
\xffhPX\xffy>5\xff\x825#\xff\x826#\
\xff\x826$\xff\x826$\xff\x827$\xff\x835\x22\
\xff\x807'\xffuB<\xffgQZ\xff_Zm\
\xff\x5c[p\xffbVd\xffpGG\xff}:,\
\xff\x835\x22\xff\x826$\xff\x817&\xffvB<\
\xffsEA\xffsCA\xffsDA\xfftDB\
\xfftDA\xfftDA\xffsDA\xffsDA\
\xfftDA\xff|;/\xff\x826$\xff\x826$\
\xff\x826$\xff\x826$\xff\x839'\xff\x93SE\
\xff\x96YL\xff\x94VH\xff\x86<+\xff\x816#\
\xff\x826$\xff\x826$\xff\x815#\xff\x815#\
\xff\x8cF6\xff\x9edW\xff\xa9vk\xff\xa6rf\
\xff\x96XJ\xff\x86<+\xff\x814\x22\xff\x826$\
\xff\x826$\xff\x826$\xff\x826$\xff\x814\x22\
\xff\x838&\xff\x8fL=\xff\x9ffY\xff\xa4nb\
\xff\x9b^Q\xff\x8aC3\xff\x805\x22\xff\x815#\
\xff\x826$\xff\x815#\xff\x88A0\xff\x91O?\
\xff\x91O@\xff\x8aD3\xff\x826#\xff\x87?-\
\xff\x90M>\xff\x91N?\xff\x8cF6\xff\x827%\
\xff\x826$\xff\x826$\xff\x826$\xff\x826$\
\xff\x89B1\xff\x8fL<\xff\x8fL<\xff\x8fK;\
\xff\x84;)\xff\x85<*\xff\x8fK;\xff\x90M=\
\xff\x8cG7\xff\x828&\xff\x826$\xff\x816$\
\xff\x815\x22\xff\x87>-\xff\x92PA\xff\x98[M\
\xff\x95WI\xff\x88@/\xff\x816#\xff\x826$\
\xff\x826$\xff\x816$\xff\x826$\xff\x826$\
\xff\x826$\xff\x816$\xff\x816$\xff\x816$\
\xff\x816$\xff\x816$\xff\x816$\xff\x816$\
\xff\x816$\xff\x826$\xff\x816$\xff\x816$\
\xff\x816#\xff\x826$\xff\x826$\xff\x826$\
\xff\x826$\xff\x826#\xffjMS\xff<|\xb1\
\xff#\x95\xe8\xff\x1f\x9b\xf6\xff\x1d\x9d\xfa\xff\x1e\x9c\xf8\
\xff \x99\xf0\xff/\x8a\xcf\xffX`w\xff~:+\
\xff\x835#\xff\x826$\xff\x836#\xffqFD\
\xffEr\x9e\xff'\x91\xde\xff \x99\xf2\xff\x1e\x9c\xf8\
\xff\x1d\x9c\xf9\xff\x1f\x9b\xf5\xff#\x96\xe9\xff:~\xb7\
\xffgR[\xff\x826#\xffz=4\xff1\x88\xc9\
\xff#\x98\xea\xff#\x97\xe8\xff$\x96\xe8\xff$\x96\xe8\
\xff$\x96\xe9\xff$\x96\xe8\xff$\x96\xe8\xff#\x97\xe9\
\xff%\x94\xe4\xff][n\xff\x835!\xff\x827$\
\xff\x826$\xff\x815#\xff\x8aE5\xff\xe2\xd1\xce\
\xff\xf5\xf0\xef\xff\xe9\xde\xdb\xff\x97XI\xff\x814\x22\
\xff\x826$\xff\x815#\xff\x86=,\xff\xb2\x84z\
\xff\xe4\xd5\xd1\xff\xf7\xf2\xf1\xff\xfa\xf8\xf7\xff\xfa\xf6\xf6\
\xff\xf2\xeb\xea\xff\xd2\xb6\xb0\xff\x99[M\xff\x815#\
\xff\x826$\xff\x826$\xff\x815\x22\xff\x91N>\
\xff\xc5\xa3\x9b\xff\xec\xe1\xdf\xff\xf7\xf3\xf2\xff\xf9\xf5\xf5\
\xff\xf5\xf0\xef\xff\xe2\xd0\xcd\xff\xb0\x80v\xff\x85<+\
\xff\x815#\xff\x7f2\x1f\xff\xb6\x8a\x80\xff\xf3\xec\xeb\
\xff\xf3\xed\xeb\xff\xc0\x9a\x92\xff\x804\x22\xff\xa8vk\
\xff\xed\xe4\xe2\xff\xf3\xec\xeb\xff\xcc\xae\xa8\xff\x86=+\
\xff\x815#\xff\x826$\xff\x815\x22\xff\x8dH8\
\xff\xd7\xbf\xba\xff\xf2\xea\xe9\xff\xf3\xeb\xe9\xff\xda\xc4\xbf\
\xff\x8dH9\xff\x9fg\x5c\xff\xeb\xdf\xdd\xff\xf3\xec\xea\
\xff\xd6\xbf\xbb\xff\x89B2\xff\x815#\xff\x815#\
\xff\x9ecU\xff\xd9\xc2\xbd\xff\xf1\xe8\xe7\xff\xf5\xef\xed\
\xff\xf1\xe8\xe7\xff\xaaxm\xff\x804!\xff\x826$\
\xff\x826$\xff\x826$\xff\x826$\xff\x826$\
\xff\x816$\xff\x816$\xff\x816$\xff\x816$\
\xff\x826$\xff\x816$\xff\x826$\xff\x826$\
\xff\x816$\xff\x816$\xff\x826$\xff\x816$\
\xff\x816#\xff\x816$\xff\x826$\xff\x826$\
\xff\x835\x22\xffcUb\xff&\x92\xe1\xff\x19\xa1\xff\
\xff\x19\xa1\xff\xff\x1b\x9f\xfd\xff\x1f\x9a\xf4\xff\x1c\x9d\xfb\
\xff\x19\xa1\xff\xff\x19\xa1\xff\xff\x1d\x9c\xf7\xffKm\x93\
\xff\x7f9)\xff\x835!\xffsDA\xff2\x87\xc9\
\xff\x19\xa0\xff\xff\x19\xa0\xff\xff\x19\xa0\xff\xff\x1e\x9b\xf6\
\xff!\x99\xf2\xff\x1c\x9d\xfa\xff\x19\xa1\xff\xff\x19\xa1\xff\
\xff$\x94\xe5\xffeS]\xff{=3\xff)\x8f\xdc\
\xff\x19\xa1\xff\xff\x1a\x9f\xff\xff\x1a\x9f\xff\xff\x19\xa1\xff\
\xff\x18\xa3\xff\xff\x17\xa3\xff\xff\x17\xa3\xff\xff\x17\xa3\xff\
\xff\x19\xa1\xff\xffY_x\xff\x845!\xff\x827$\
\xff\x826$\xff\x815#\xff\x8bF7\xff\xed\xe2\xe0\
\xff\xff\xff\xff\xff\xf5\xef\xee\xff\x99\x5cM\xff\x814\x22\
\xff\x826$\xff\x849(\xff\xbe\x97\x8f\xff\xfb\xf8\xf8\
\xff\xff\xff\xff\xff\xfd\xfc\xfc\xff\xf5\xef\xee\xff\xf8\xf4\xf4\
\xff\xff\xff\xff\xff\xff\xff\xff\xff\xe7\xd9\xd6\xff\x9a]O\
\xff\x814\x22\xff\x815\x22\xff\x91N?\xff\xdc\xc7\xc3\
\xff\xff\xff\xff\xff\xff\xff\xff\xff\xfa\xf7\xf7\xff\xf6\xf1\xf0\
\xff\xfd\xfd\xfc\xff\xff\xff\xff\xff\xfa\xf7\xf7\xff\xbd\x96\x8e\
\xff\x849(\xff\x7f1\x1e\xff\xbd\x95\x8c\xff\xff\xff\xff\
\xff\xff\xff\xff\xff\xc8\xa6\x9f\xff\x813!\xff\xad~t\
\xff\xfb\xfa\xfb\xff\xff\xff\xff\xff\xd6\xbd\xb9\xff\x86=,\
\xff\x816#\xff\x826#\xff\x839'\xff\xc1\x9d\x95\
\xff\xfe\xfe\xfe\xff\xff\xff\xff\xff\xf9\xf5\xf5\xff\xaczp\
\xff\x7f2 \xff\xa4od\xff\xf9\xf6\xf6\xff\xff\xff\xff\
\xff\xe2\xd1\xce\xff\x8aD4\xff\x814\x22\xff\x87?.\
\xff\xd8\xc2\xbd\xff\xff\xff\xff\xff\xff\xff\xff\xff\xff\xff\xff\
\xff\xf6\xf0\xef\xff\xa2k^\xff\x804!\xff\x826$\
\xff\x816$\xff\x816$\xff\x826$\xff\x826$\
\xff\x826$\xff\x816$\xff\x816$\xff\x816$\
\xff\x816$\xff\x816$\xff\x816$\xff\x816$\
\xff\x816#\xff\x816$\xff\x826$\xff\x816$\
\xff\x816$\xff\x816$\xff\x826$\xff\x835\x22\
\xffsD@\xff,\x8c\xd4\xff\x19\xa0\xff\xff\x19\x9f\xff\
\xff,\x8d\xd5\xffUd\x80\xffcUa\xffY^u\
\xff3\x85\xc6\xff\x1a\x9f\xfe\xff\x1a\xa0\xff\xff\x1f\x9a\xf3\
\xff`Xh\xff\x834!\xffMk\x8f\xff\x18\xa1\xff\
\xff\x1a\xa0\xff\xff\x22\x97\xeb\xffHo\x99\xffaWf\
\xfffR\x5c\xffY^t\xff3\x86\xc7\xff\x1b\x9f\xfe\
\xff\x19\xa0\xff\xff6\x82\xbf\xffy>4\xffGp\x9a\
\xff\x1c\x9e\xfa\xff\x1b\x9f\xff\xff\x1a\xa0\xff\xff+\x8e\xd8\
\xffLm\x92\xffOk\x8d\xffOk\x8d\xffNk\x8e\
\xffPj\x8b\xffnJL\xff\x825\x22\xff\x827$\
\xff\x826$\xff\x815#\xff\x8aF7\xff\xec\xe1\xde\
\xff\xff\xff\xff\xff\xf4\xee\xed\xff\x99[M\xff\x814\x22\
\xff\x803!\xff\xa0gZ\xff\xf5\xef\xee\xff\xff\xff\xff\
\xff\xf5\xef\xee\xff\xb9\x90\x86\xff\x99]O\xff\xa4ma\
\xff\xdc\xc7\xc3\xff\xff\xff\xff\xff\xff\xff\xff\xff\xd4\xba\xb4\
\xff\x86=,\xff\x838&\xff\xc5\xa2\x9b\xff\xff\xff\xff\
\xff\xff\xff\xff\xff\xe1\xcf\xcc\xff\xa9ui\xff\x9dbT\
\xff\xbb\x92\x89\xff\xf5\xef\xee\xff\xff\xff\xff\xff\xf5\xef\xef\
\xff\xa1i]\xff}/\x1c\xff\xbc\x94\x8b\xff\xff\xff\xff\
\xff\xff\xff\xff\xff\xc7\xa6\x9e\xff\x813!\xff\xac~t\
\xff\xfa\xf9\xf9\xff\xff\xff\xff\xff\xd5\xbc\xb8\xff\x86=,\
\xff\x816#\xff\x804\x22\xff\xa6qf\xff\xf6\xf0\xef\
\xff\xff\xff\xff\xff\xff\xff\xff\xff\xc8\xa8\xa1\xff\x85;*\
\xff\x803!\xff\xa3oc\xff\xf8\xf4\xf4\xff\xff\xff\xff\
\xff\xe1\xcf\xcd\xff\x8aC4\xff\x804!\xff\x8cF7\
\xff\xed\xe2\xe0\xff\xff\xff\xff\xff\xfc\xfa\xfa\xff\xcb\xad\xa7\
\xff\xabxm\xff\x8bD4\xff\x815#\xff\x826$\
\xff\x816$\xff\x826$\xff\x826$\xff\x826$\
\xff\x826$\xff\x826$\xff\x816$\xff\x816$\
\xff\x816$\xff\x816$\xff\x816$\xff\x816$\
\xff\x816$\xff\x816$\xff\x826$\xff\x816$\
\xff\x816$\xff\x816$\xff\x826$\xff\x825\x22\
\xffPg\x87\xff\x1a\x9f\xff\xff\x19\xa0\xff\xff'\x91\xe0\
\xffkMQ\xff\x844 \xff\x835!\xff\x844\x1f\
\xffsDA\xff.\x8a\xd1\xff\x17\xa3\xff\xff\x16\xa4\xff\
\xff:}\xb6\xffz>3\xff@w\xa9\xff \x98\xf1\
\xff$\x95\xe9\xffWb{\xff\x826$\xff\x844!\
\xff\x835\x22\xff\x843\x1e\xffhOW\xff!\x98\xf0\
\xff\x1a\xa0\xff\xff#\x96\xe9\xffrED\xff}:-\
\xffIn\x97\xff\x1d\x9c\xf7\xff\x19\xa0\xff\xff\x22\x97\xee\
\xffSd\x83\xff\x826%\xff\x862\x1d\xff\x853\x1f\
\xff\x853\x1f\xff\x835\x22\xff\x826$\xff\x826$\
\xff\x826$\xff\x815#\xff\x8aF7\xff\xec\xe1\xde\
\xff\xff\xff\xff\xff\xf4\xee\xed\xff\x99[M\xff\x814\x22\
\xff\x815#\xff\xc3\x9f\x97\xff\xff\xff\xff\xff\xff\xff\xff\
\xff\xcb\xac\xa6\xff\x827%\xff\x804!\xff\x7f2\x1f\
\xff\x9b`S\xff\xf4\xee\xec\xff\xff\xff\xff\xff\xf3\xec\xeb\
\xff\x97XJ\xff\x8eJ;\xff\xec\xe1\xdf\xff\xff\xff\xff\
\xff\xf8\xf3\xf3\xff\xa2k`\xff\x7f1\x1f\xff\x803!\
\xff\x827%\xff\xc9\xa8\xa1\xff\xff\xff\xff\xff\xff\xff\xff\
\xff\xc5\xa3\x9c\xff\x7f2 \xff\xbd\x94\x8b\xff\xff\xff\xff\
\xff\xff\xff\xff\xff\xc8\xa6\x9f\xff\x814\x22\xff\xac}s\
\xff\xfa\xf9\xf9\xff\xff\xff\xff\xff\xd5\xbc\xb7\xff\x86=,\
\xff\x804!\xff\x91O?\xff\xe3\xd3\xd0\xff\xff\xff\xff\
\xff\xff\xff\xff\xff\xe3\xd3\xd0\xff\x91O@\xff\x815\x22\
\xff\x804!\xff\xa4nc\xff\xf8\xf4\xf4\xff\xff\xff\xff\
\xff\xe1\xcf\xcd\xff\x89C3\xff\x804!\xff\x8dH8\
\xff\xf0\xe6\xe4\xff\xff\xff\xff\xff\xf5\xef\xee\xff\x98[N\
\xff\x7f1\x1e\xff\x825#\xff\x826$\xff\x826$\
\xff\x826$\xff\x826$\xff\x816$\xff\x816$\
\xff\x816$\xff\x816$\xff\x816$\xff\x816$\
\xff\x816$\xff\x816$\xff\x816$\xff\x816$\
\xff\x816$\xff\x816$\xff\x816$\xff\x816$\
\xff\x816$\xff\x816$\xff\x826#\xff|</\
\xff3\x84\xc3\xff\x19\xa0\xff\xff\x19\xa0\xff\xffIn\x96\
\xff\x826#\xff\x826$\xff\x826$\xff\x826$\
\xff\x835\x22\xffdT`\xffIp\x98\xffIo\x98\
\xffVb}\xff};.\xffrFC\xffjMS\
\xfflKO\xff~:,\xff\x835\x22\xff\x835\x22\
\xff\x834!\xff\x835\x22\xff\x5c[p\xff\x1e\x9b\xf6\
\xff\x1a\xa0\xff\xff\x22\x97\xed\xffnIL\xff\x834 \
\xff~9+\xffNi\x8c\xff\x1e\x9b\xf4\xff\x19\xa1\xff\
\xff\x1d\x9c\xf6\xffMk\x90\xff~:+\xff\x836#\
\xff\x826$\xff\x826$\xff\x826$\xff\x827$\
\xff\x827$\xff\x815#\xff\x8aF7\xff\xec\xe1\xde\
\xff\xff\xff\xff\xff\xf4\xee\xed\xff\x99[M\xff\x804!\
\xff\x86=,\xff\xd5\xbb\xb6\xff\xff\xff\xff\xff\xfd\xfc\xfc\
\xff\xb2\x84y\xff\x7f2 \xff\x826$\xff\x815#\
\xff\x8aC3\xff\xe2\xd2\xcf\xff\xff\xff\xff\xff\xf9\xf6\xf6\
\xff\xa7rf\xff\x9dbU\xff\xf7\xf2\xf1\xff\xff\xff\xff\
\xff\xea\xde\xdb\xff\x8bF6\xff\x815#\xff\x827$\
\xff\x803 \xff\xad|q\xff\xfb\xf9\xf9\xff\xff\xff\xff\
\xff\xd8\xc0\xbc\xff\x84:)\xff\xbc\x94\x8b\xff\xff\xff\xff\
\xff\xff\xff\xff\xff\xc8\xa6\x9e\xff\x814!\xff\xad}s\
\xff\xfa\xf9\xf9\xff\xff\xff\xff\xff\xd8\xc0\xbc\xff\x87>-\
\xff\x84:)\xff\xc9\xa8\xa2\xff\xff\xff\xff\xff\xff\xff\xff\
\xff\xf5\xf0\xef\xff\xa5pd\xff\x804\x22\xff\x816$\
\xff\x804!\xff\xa4oc\xff\xf8\xf4\xf4\xff\xff\xff\xff\
\xff\xe1\xd0\xcd\xff\x89D4\xff\x804!\xff\x8dH8\
\xff\xf0\xe7\xe4\xff\xff\xff\xff\xff\xf4\xee\xed\xff\x98[M\
\xff\x814\x22\xff\x826$\xff\x816$\xff\x826$\
\xff\x826$\xff\x816$\xff\x816$\xff\x816$\
\xff\x816$\xff\x816$\xff\x826$\xff\x826$\
\xff\x816$\xff\x816$\xff\x826$\xff\x816$\
\xff\x816$\xff\x816$\xff\x826$\xff\x816$\
\xff\x826$\xff\x826$\xff\x835\x22\xffvA<\
\xff%\x93\xe4\xff\x19\xa0\xff\xff\x1f\x9a\xf5\xffaWf\
\xff\x835!\xff\x826$\xff\x826$\xff\x826$\
\xff\x826$\xff\x835\x22\xff\x834\x22\xff\x834\x22\
\xff\x835\x22\xff\x826$\xff\x835#\xff\x835!\
\xff\x844\x1f\xff\x826$\xffz=2\xffqGF\
\xff`Xg\xffHp\x98\xff&\x93\xe4\xff\x1a\x9f\xff\
\xff\x1a\xa0\xff\xff+\x8e\xd9\xffx?8\xff\x836#\
\xff\x836#\xff\x7f8(\xffRd\x83\xff \x99\xf1\
\xff\x19\xa1\xff\xff\x1d\x9c\xf7\xffMk\x8f\xff\x7f9*\
\xff\x826#\xff\x826$\xff\x826$\xff\x827$\
\xff\x827$\xff\x815#\xff\x8aF7\xff\xec\xe0\xde\
\xff\xff\xff\xff\xff\xf4\xee\xed\xff\x98[M\xff\x804!\
\xff\x88@.\xff\xd9\xc3\xbe\xff\xff\xff\xff\xff\xfb\xf8\xf8\
\xff\xaczo\xff\x803!\xff\x826$\xff\x815#\
\xff\x89B1\xff\xdc\xc8\xc4\xff\xff\xff\xff\xff\xfb\xf9\xf9\
\xff\xaczp\xff\xa2l`\xff\xf8\xf4\xf4\xff\xff\xff\xff\
\xff\xe4\xd3\xcf\xff\x8aC2\xff\x815#\xff\x827$\
\xff\x804!\xff\xa7qe\xff\xf9\xf5\xf4\xff\xff\xff\xff\
\xff\xdd\xca\xc5\xff\x86=,\xff\xbc\x94\x8a\xff\xff\xff\xff\
\xff\xff\xff\xff\xff\xc8\xa6\x9e\xff\x814!\xff\xad}s\
\xff\xfa\xf9\xf9\xff\xff\xff\xff\xff\xf5\xef\xee\xff\xae~s\
\xff\xae~s\xff\xf8\xf4\xf4\xff\xff\xff\xff\xff\xfe\xfd\xfe\
\xff\xc2\x9d\x96\xff\x839'\xff\x826$\xff\x826$\
\xff\x804!\xff\xa3oc\xff\xf8\xf4\xf4\xff\xff\xff\xff\
\xff\xe1\xcf\xcd\xff\x89D4\xff\x804!\xff\x8dH8\
\xff\xf0\xe7\xe4\xff\xff\xff\xff\xff\xf4\xee\xed\xff\x98[M\
\xff\x814\x22\xff\x826$\xff\x826$\xff\x826$\
\xff\x826$\xff\x826$\xff\x826$\xff\x826$\
\xff\x826$\xff\x816$\xff\x816#\xff\x816$\
\xff\x816$\xff\x816$\xff\x816$\xff\x816$\
\xff\x816$\xff\x826$\xff\x826$\xff\x816$\
\xff\x816$\xff\x816$\xff\x835\x22\xffnHL\
\xff!\x97\xec\xff\x19\xa0\xff\xff\x22\x98\xee\xffmLP\
\xff\x835\x22\xff\x826$\xff\x826$\xff\x826$\
\xff\x826$\xff\x826$\xff\x826$\xff\x826$\
\xff\x827$\xff\x826$\xff\x826#\xff\x808'\
\xffhPX\xffGp\x9a\xff0\x88\xcb\xff#\x97\xe8\
\xff\x1e\x9b\xf6\xff\x19\xa0\xff\xff\x19\xa0\xff\xff\x19\xa0\xff\
\xff\x1e\x9c\xf6\xffTd\x80\xff\x826%\xff\x826$\
\xff\x826$\xff\x826#\xff\x807'\xffXaz\
\xff\x22\x98\xed\xff\x19\xa0\xff\xff\x1d\x9b\xf6\xffPg\x88\
\xff\x808'\xff\x826$\xff\x826$\xff\x827$\
\xff\x826$\xff\x815#\xff\x8aF7\xff\xec\xe0\xde\
\xff\xff\xff\xff\xff\xf4\xee\xed\xff\x98\x5cM\xff\x804!\
\xff\x87=,\xff\xd5\xbc\xb7\xff\xff\xff\xff\xff\xfe\xfd\xfd\
\xff\xb2\x85{\xff\x7f2 \xff\x826$\xff\x815#\
\xff\x8aC3\xff\xe4\xd4\xd1\xff\xff\xff\xff\xff\xf9\xf6\xf5\
\xff\xa6qe\xff\x9dcV\xff\xf7\xf2\xf1\xff\xff\xff\xff\
\xff\xeb\xde\xdc\xff\x8cF6\xff\x815#\xff\x826$\
\xff\x802 \xff\xad|p\xff\xfb\xf9\xf9\xff\xff\xff\xff\
\xff\xd8\xc2\xbd\xff\x85;)\xff\xbc\x94\x8a\xff\xff\xff\xff\
\xff\xff\xff\xff\xff\xc8\xa6\x9e\xff\x814!\xff\xac}s\
\xff\xfa\xf9\xf9\xff\xff\xff\xff\xff\xff\xff\xff\xff\xf6\xf0\xef\
\xff\xf2\xeb\xea\xff\xff\xff\xff\xff\xff\xff\xff\xff\xdd\xca\xc6\
\xff\x8dI9\xff\x815\x22\xff\x827$\xff\x827$\
\xff\x804!\xff\xa4oc\xff\xf8\xf4\xf4\xff\xff\xff\xff\
\xff\xe1\xd0\xcd\xff\x8aD4\xff\x804!\xff\x8dH8\
\xff\xf0\xe7\xe4\xff\xff\xff\xff\xff\xf4\xee\xed\xff\x98[M\
\xff\x814\x22\xff\x826$\xff\x826$\xff\x826$\
\xff\x816$\xff\x816$\xff\x816#\xff\x826$\
\xff\x816$\xff\x816$\xff\x816$\xff\x816$\
\xff\x816$\xff\x816$\xff\x816$\xff\x816$\
\xff\x816$\xff\x816$\xff\x826$\xff\x826$\
\xff\x816$\xff\x826$\xff\x835\x22\xffkKQ\
\xff!\x97\xee\xff\x19\xa0\xff\xff\x22\x97\xec\xffoGK\
\xff\x835\x22\xff\x826$\xff\x826$\xff\x826$\
\xff\x826$\xff\x826$\xff\x826$\xff\x826$\
\xff\x826$\xff\x826#\xff\x7f9*\xffPh\x88\
\xff!\x97\xec\xff\x18\xa1\xff\xff\x19\xa0\xff\xff\x19\xa1\xff\
\xff\x19\xa1\xff\xff\x19\xa1\xff\xff\x1e\x9b\xf5\xff-\x8c\xd3\
\xffX_x\xff~9*\xff\x826#\xff\x826$\
\xff\x826$\xff\x826$\xff\x826#\xff\x817%\
\xffZ]s\xff!\x98\xed\xff\x19\xa0\xff\xff \x99\xf0\
\xff`Xi\xff\x835\x22\xff\x826$\xff\x826$\
\xff\x826$\xff\x815#\xff\x8aF7\xff\xec\xe0\xde\
\xff\xff\xff\xff\xff\xf4\xee\xed\xff\x99[M\xff\x814\x22\
\xff\x825#\xff\xc3\x9f\x98\xff\xff\xff\xff\xff\xff\xff\xff\
\xff\xce\xb1\xaa\xff\x839'\xff\x803!\xff\x7f1\x1f\
\xff\x9dbU\xff\xf5\xef\xee\xff\xff\xff\xff\xff\xf2\xeb\xe9\
\xff\x95VH\xff\x8eK;\xff\xec\xe0\xde\xff\xff\xff\xff\
\xff\xf7\xf3\xf2\xff\xa2j^\xff\x7f1\x1f\xff\x803!\
\xff\x838&\xff\xca\xaa\xa3\xff\xff\xff\xff\xff\xff\xff\xff\
\xff\xc7\xa6\x9f\xff\x7f3 \xff\xbc\x94\x8a\xff\xff\xff\xff\
\xff\xff\xff\xff\xff\xc7\xa5\x9e\xff\x803!\xff\xac}s\
\xff\xfa\xf9\xf9\xff\xff\xff\xff\xff\xff\xff\xff\xff\xff\xff\xff\
\xff\xff\xff\xff\xff\xff\xff\xff\xff\xf1\xe8\xe6\xff\xa0fY\
\xff\x804!\xff\x816$\xff\x826$\xff\x826$\
\xff\x804!\xff\xa4oc\xff\xf8\xf4\xf4\xff\xff\xff\xff\
\xff\xe1\xd0\xce\xff\x8aD4\xff\x803 \xff\x8bF6\
\xff\xf0\xe6\xe4\xff\xff\xff\xff\xff\xf4\xee\xed\xff\x97ZL\
\xff\x803 \xff\x826#\xff\x826$\xff\x826$\
\xff\x816$\xff\x816$\xff\x816$\xff\x826$\
\xff\x816$\xff\x816$\xff\x816$\xff\x816$\
\xff\x816$\xff\x816$\xff\x816$\xff\x826$\
\xff\x826$\xff\x826$\xff\x826$\xff\x816$\
\xff\x826$\xff\x826$\xff\x835\x22\xffoHJ\
\xff\x22\x97\xec\xff\x19\xa0\xff\xff\x22\x97\xed\xffnJN\
\xff\x835\x22\xff\x826$\xff\x826$\xff\x826$\
\xff\x826$\xff\x826#\xff\x825\x22\xff\x825\x22\
\xff\x836\x22\xff\x845!\xff`Xh\xff\x1e\x9b\xf3\
\xff\x19\xa0\xff\xff\x19\xa0\xff\xff\x1e\x9b\xf6\xff*\x8f\xda\
\xff;}\xb4\xffMl\x90\xffbWe\xffx@9\
\xff\x826#\xff\x826#\xff\x826$\xff\x826#\
\xff\x826#\xff\x826#\xff\x826$\xff\x826#\
\xff\x817%\xffRf\x84\xff\x1c\x9d\xf9\xff\x19\xa1\xff\
\xff2\x88\xca\xffy>5\xff\x835#\xff\x826$\
\xff\x826$\xff\x815#\xff\x8aF7\xff\xeb\xe0\xde\
\xff\xff\xff\xff\xff\xf4\xee\xed\xff\x98[M\xff\x814\x22\
\xff\x804!\xff\x9fdW\xff\xf4\xed\xeb\xff\xff\xff\xff\
\xff\xf7\xf2\xf1\xff\xc0\x9a\x93\xff\xa1i]\xff\xaawl\
\xff\xdf\xcb\xc8\xff\xff\xff\xff\xff\xff\xff\xff\xff\xd1\xb6\xb0\
\xff\x85<+\xff\x837&\xff\xc5\xa2\x9b\xff\xff\xff\xff\
\xff\xff\xff\xff\xff\xe2\xd0\xcd\xff\xabyo\xff\xa1h]\
\xff\xbe\x97\x8f\xff\xf6\xf0\xef\xff\xff\xff\xff\xff\xf7\xf2\xf1\
\xff\xa3m`\xff}/\x1c\xff\xbc\x94\x8b\xff\xff\xff\xff\
\xff\xff\xff\xff\xff\xc7\xa5\x9e\xff\x804!\xff\xac}s\
\xff\xfb\xf9\xf9\xff\xff\xff\xff\xff\xf3\xec\xeb\xff\xf6\xf1\xf0\
\xff\xff\xff\xff\xff\xff\xff\xff\xff\xd1\xb7\xb2\xff\x84:)\
\xff\x825#\xff\x826$\xff\x826$\xff\x826$\
\xff\x804!\xff\xa4nc\xff\xf8\xf4\xf4\xff\xff\xff\xff\
\xff\xe1\xd0\xcd\xff\x8aD4\xff\x8aE5\xff\x9efZ\
\xff\xf2\xeb\xe9\xff\xff\xff\xff\xff\xf6\xf1\xf0\xff\xa7uj\
\xff\x92SD\xff\x87@.\xff\x826$\xff\x816$\
\xff\x826$\xff\x816$\xff\x826$\xff\x826$\
\xff\x816$\xff\x816$\xff\x816$\xff\x816$\
\xff\x816$\xff\x816$\xff\x826$\xff\x826$\
\xff\x816$\xff\x826$\xff\x816$\xff\x816$\
\xff\x816$\xff\x816$\xff\x825\x22\xffw@9\
\xff'\x92\xe0\xff\x19\xa0\xff\xff\x1d\x9b\xf7\xff^Yi\
\xff\x845 \xff\x826$\xff\x826$\xff\x826$\
\xff\x835#\xffz>4\xffoHJ\xffoGJ\
\xffsDB\xff~9*\xffBw\xa8\xff\x19\xa1\xff\
\xff\x19\xa0\xff\xff*\x8f\xda\xff^Zl\xffx@8\
\xff~:+\xff\x835\x22\xff\x844 \xff\x844 \
\xff\x835!\xff\x836\x22\xff\x827%\xff~:+\
\xff|;.\xff}:,\xff\x826$\xff\x826$\
\xff\x835\x22\xffy?7\xff.\x8b\xd2\xff\x19\xa0\xff\
\xff\x1f\x9a\xf3\xffeS^\xff\x835!\xff\x826$\
\xff\x827$\xff\x815#\xff\x8aF7\xff\xeb\xe0\xde\
\xff\xff\xff\xff\xff\xf4\xee\xed\xff\x98[M\xff\x815\x22\
\xff\x826$\xff\x848'\xff\xba\x91\x88\xff\xf9\xf6\xf5\
\xff\xff\xff\xff\xff\xfe\xfe\xfe\xff\xf8\xf3\xf3\xff\xfb\xf8\xf8\
\xff\xff\xff\xff\xff\xff\xff\xff\xff\xe7\xd8\xd5\xff\x99[M\
\xff\x814\x22\xff\x814\x22\xff\x91O@\xff\xde\xcb\xc6\
\xff\xff\xff\xff\xff\xff\xff\xff\xff\xfb\xf9\xf8\xff\xf8\xf3\xf3\
\xff\xfe\xfe\xfe\xff\xff\xff\xff\xff\xfb\xf9\xf8\xff\xc1\x9b\x94\
\xff\x85;)\xff\x7f1\x1e\xff\xbd\x94\x8b\xff\xff\xff\xff\
\xff\xff\xff\xff\xff\xc7\xa6\x9e\xff\x804!\xff\xac~s\
\xff\xfa\xf9\xf9\xff\xff\xff\xff\xff\xd7\xbf\xbb\xff\xb6\x8a\x81\
\xff\xf7\xf2\xf1\xff\xff\xff\xff\xff\xf4\xee\xed\xff\xad|r\
\xff\x816$\xff\x826$\xff\x816$\xff\x826$\
\xff\x804!\xff\xa4od\xff\xf9\xf6\xf6\xff\xff\xff\xff\
\xff\xe2\xd1\xce\xff\x8aD4\xff\xc0\x9b\x94\xff\xf7\xf2\xf2\
\xff\xfe\xfd\xfd\xff\xff\xff\xff\xff\xfe\xfd\xfd\xff\xf6\xf1\xf1\
\xff\xee\xe5\xe3\xff\xa4m`\xff\x804!\xff\x826$\
\xff\x816$\xff\x816$\xff\x826$\xff\x816$\
\xff\x826$\xff\x816$\xff\x816$\xff\x816$\
\xff\x816$\xff\x816$\xff\x816$\xff\x816#\
\xff\x826$\xff\x816$\xff\x816$\xff\x816$\
\xff\x816$\xff\x816$\xff\x826#\xff}:-\
\xff9\x7f\xba\xff\x19\xa1\xff\xff\x18\xa1\xff\xffBv\xa5\
\xff\x817'\xff\x826#\xff\x826$\xff\x826$\
\xff\x835\x22\xffLl\x92\xff!\x99\xef\xff\x22\x98\xee\
\xff8\x80\xbc\xffvA;\xff9\x7f\xb8\xff\x19\xa1\xff\
\xff\x18\xa1\xff\xffMk\x8e\xff\x853\x1e\xff\x835#\
\xff\x826#\xff\x835\x22\xffwB;\xffeR^\
\xffdS_\xffrEC\xff};-\xffKm\x93\
\xff8\x81\xbd\xff@x\xab\xffx?7\xff\x835\x22\
\xff\x826#\xff~:-\xff:\x7f\xba\xff\x19\xa1\xff\
\xff\x1d\x9d\xfa\xff[]t\xff\x834 \xff\x816$\
\xff\x826#\xff\x814\x22\xff\x8aE6\xff\xeb\xe0\xde\
\xff\xff\xff\xff\xff\xf4\xee\xec\xff\x98[M\xff\x814\x22\
\xff\x816#\xff\x815\x22\xff\x85;*\xff\xaf\x7fu\
\xff\xe2\xd0\xcd\xff\xf6\xf0\xef\xff\xfa\xf6\xf6\xff\xf9\xf5\xf5\
\xff\xf1\xe9\xe7\xff\xd0\xb4\xaf\xff\x98[M\xff\x815\x22\
\xff\x826$\xff\x826$\xff\x815\x22\xff\x93QB\
\xff\xca\xaa\xa3\xff\xef\xe6\xe3\xff\xf8\xf4\xf3\xff\xf9\xf6\xf5\
\xff\xf6\xf1\xf0\xff\xe4\xd5\xd2\xff\xb4\x87}\xff\x86=,\
\xff\x815#\xff\x7f2\x1f\xff\xbc\x94\x8b\xff\xff\xff\xff\
\xff\xff\xff\xff\xff\xc8\xa6\x9e\xff\x814!\xff\xac}s\
\xff\xfa\xf9\xf9\xff\xff\xff\xff\xff\xd5\xbc\xb7\xff\x88@0\
\xff\xbb\x92\x8a\xff\xfb\xf8\xf8\xff\xff\xff\xff\xff\xf1\xe9\xe7\
\xff\xa5pd\xff\x815\x22\xff\x816$\xff\x816$\
\xff\x804\x22\xff\x9fh\x5c\xff\xea\xde\xdc\xff\xf2\xea\xe8\
\xff\xd6\xbe\xba\xff\x89B2\xff\xbf\x99\x92\xff\xf5\xef\xed\
\xff\xfd\xfc\xfc\xff\xff\xff\xff\xff\xfe\xfd\xfd\xff\xf5\xef\xed\
\xff\xec\xe1\xde\xff\xa3l_\xff\x804!\xff\x826$\
\xff\x826$\xff\x826$\xff\x826$\xff\x816$\
\xff\x826$\xff\x826$\xff\x826$\xff\x816$\
\xff\x816$\xff\x826$\xff\x816$\xff\x826#\
\xff\x816$\xff\x826$\xff\x816$\xff\x816$\
\xff\x816$\xff\x826$\xff\x826$\xff\x835\x22\
\xffVa{\xff\x1b\x9e\xfc\xff\x19\xa0\xff\xff!\x98\xee\
\xff][o\xff\x817&\xff\x853\x1f\xff\x844!\
\xffmKN\xff)\x8f\xdc\xff\x19\xa0\xff\xff\x18\xa1\xff\
\xffBv\xa7\xff~:,\xffAv\xa6\xff\x19\xa1\xff\
\xff\x19\xa0\xff\xff=z\xb1\xffz>3\xff\x844!\
\xff\x844 \xff{=1\xffBw\xa7\xff \x9a\xf4\
\xff\x1e\x9b\xf5\xffOi\x8b\xff\x808(\xff={\xb2\
\xff\x18\xa2\xff\xff\x1c\x9e\xfb\xffUc\x80\xff\x826$\
\xff\x853\x1e\xffrFE\xff*\x8f\xdb\xff\x19\xa0\xff\
\xff\x1f\x9b\xf5\xffaWe\xff\x857$\xff\x85<*\
\xff\x85;*\xff\x84:)\xff\x8dK<\xff\xec\xe1\xdf\
\xff\xff\xff\xff\xff\xf5\xef\xed\xff\x9b`S\xff\x84:(\
\xff\x85<*\xff\x85;*\xff\x838&\xff\x815#\
\xff\x8aD4\xff\x9dbU\xff\xa7rf\xff\xa5oc\
\xff\x95VG\xff\x85<*\xff\x814\x22\xff\x826$\
\xff\x816$\xff\x826$\xff\x826$\xff\x814\x22\
\xff\x849(\xff\x93RC\xff\xa3l_\xff\xa7re\
\xff\x9edW\xff\x8cF6\xff\x815#\xff\x816#\
\xff\x827$\xff\x7f2\x1f\xff\xbc\x94\x8b\xff\xff\xff\xff\
\xff\xff\xff\xff\xff\xc7\xa6\x9e\xff\x804!\xff\xac}s\
\xff\xfa\xf9\xf9\xff\xff\xff\xff\xff\xd5\xbc\xb8\xff\x85<+\
\xff\x85<+\xff\xc6\xa4\x9d\xff\xfd\xfc\xfc\xff\xff\xff\xff\
\xff\xeb\xdf\xdd\xff\x9edW\xff\x804\x22\xff\x826$\
\xff\x826$\xff\x84;)\xff\x90M=\xff\x94TD\
\xff\x8bF5\xff\x827%\xff\x88@/\xff\x99\x5cN\
\xff\xf2\xe9\xe8\xff\xff\xff\xff\xff\xf5\xf0\xef\xff\xa3mb\
\xff\x8dH8\xff\x85<+\xff\x826$\xff\x826$\
\xff\x826$\xff\x826$\xff\x826$\xff\x816$\
\xff\x826$\xff\x826$\xff\x816$\xff\x826$\
\xff\x816$\xff\x826$\xff\x816$\xff\x826$\
\xff\x826$\xff\x816$\xff\x816$\xff\x816$\
\xff\x816$\xff\x816$\xff\x826$\xff\x825#\
\xffw?8\xff1\x86\xc7\xff\x18\xa1\xff\xff\x1a\x9f\xff\
\xff\x22\x97\xec\xffBv\xa6\xffTe\x81\xffLl\x92\
\xff+\x8e\xd7\xff\x1a\x9f\xff\xff\x19\xa0\xff\xff$\x95\xe6\
\xffhOV\xff\x853\x1f\xff`Wg\xff\x1f\x9a\xf3\
\xff\x1a\xa0\xff\xff\x1d\x9c\xf9\xff4\x84\xc4\xffJn\x94\
\xffKm\x92\xff7\x83\xbf\xff\x1d\x9d\xf8\xff\x1a\xa0\xff\
\xff\x1f\x9b\xf4\xffaVc\xff\x843\x1e\xff]Zm\
\xff\x1e\x9b\xf5\xff\x1a\xa0\xff\xff\x22\x97\xec\xffFs\x9e\
\xffQg\x86\xff3\x85\xc7\xff\x1a\x9f\xfe\xff\x19\xa0\xff\
\xff/\x8a\xd0\xffu>6\xff\xa5l`\xff\xd2\xb6\xb1\
\xff\xd1\xb6\xb0\xff\xd1\xb5\xb0\xff\xd5\xbc\xb7\xff\xf8\xf4\xf4\
\xff\xff\xff\xff\xff\xfb\xf9\xf9\xff\xdb\xc4\xc1\xff\xd1\xb5\xb0\
\xff\xd2\xb6\xb1\xff\xd3\xb8\xb3\xff\xac{p\xff\x815#\
\xff\x815#\xff\x804\x22\xff\x804!\xff\x804!\
\xff\x815\x22\xff\x826#\xff\x826$\xff\x826$\
\xff\x816$\xff\x826$\xff\x816$\xff\x826$\
\xff\x816$\xff\x814\x22\xff\x804!\xff\x804!\
\xff\x804\x22\xff\x816#\xff\x826$\xff\x826$\
\xff\x826$\xff\x7f2\x1f\xff\xbc\x94\x8b\xff\xff\xff\xff\
\xff\xff\xff\xff\xff\xc7\xa5\x9e\xff\x804!\xff\xad~s\
\xff\xfa\xf9\xf9\xff\xff\xff\xff\xff\xd6\xbc\xb8\xff\x86=,\
\xff\x804\x22\xff\x89C3\xff\xd0\xb5\xaf\xff\xff\xff\xff\
\xff\xff\xff\xff\xff\xe5\xd6\xd3\xff\x98ZK\xff\x804\x22\
\xff\x815#\xff\x8eJ:\xff\xc7\xa4\x9d\xff\xd8\xc1\xbc\
\xff\xb1\x83y\xff\x83:(\xff\x804!\xff\x8cG7\
\xff\xf2\xe9\xe7\xff\xff\xff\xff\xff\xf6\xf0\xef\xff\x97[M\
\xff\x803!\xff\x826$\xff\x826$\xff\x826$\
\xff\x826$\xff\x816$\xff\x826$\xff\x816$\
\xff\x816$\xff\x816$\xff\x816$\xff\x816$\
\xff\x816$\xff\x816$\xff\x816$\xff\x816$\
\xff\x816$\xff\x816$\xff\x816$\xff\x816$\
\xff\x816$\xff\x826$\xff\x816$\xff\x816$\
\xff\x825\x22\xffjLQ\xff.\x8a\xd0\xff\x19\xa0\xff\
\xff\x19\xa0\xff\xff\x18\xa1\xff\xff\x19\xa0\xff\xff\x18\xa1\xff\
\xff\x19\xa1\xff\xff\x19\xa0\xff\xff%\x94\xe6\xff[]r\
\xff\x816$\xff\x826#\xff~9+\xffKl\x91\
\xff\x1e\x9a\xf3\xff\x19\xa1\xff\xff\x19\xa1\xff\xff\x17\xa2\xff\
\xff\x17\xa2\xff\xff\x19\xa1\xff\xff\x19\xa1\xff\xff\x1e\x9c\xf7\
\xffIo\x97\xff~9+\xff\x836#\xff~9+\
\xffJm\x94\xff\x1e\x9c\xf5\xff\x19\xa1\xff\xff\x18\xa1\xff\
\xff\x18\xa1\xff\xff\x18\xa1\xff\xff\x19\xa1\xff\xff)\x90\xde\
\xffcUa\xff\x7f0\x1e\xff\xb9\x8f\x87\xff\xff\xff\xff\
\xff\xff\xff\xff\xff\xff\xff\xff\xff\xff\xff\xff\xff\xff\xff\xff\
\xff\xff\xff\xff\xff\xff\xff\xff\xff\xff\xff\xff\xff\xff\xff\xff\
\xff\xff\xff\xff\xff\xff\xff\xff\xff\xc7\xa6\x9f\xff\x815#\
\xff\x816$\xff\x826$\xff\x826$\xff\x826$\
\xff\x826$\xff\x826$\xff\x826$\xff\x826$\
\xff\x816$\xff\x816$\xff\x816$\xff\x826$\
\xff\x826$\xff\x826$\xff\x826$\xff\x826$\
\xff\x826$\xff\x826$\xff\x826$\xff\x826$\
\xff\x827$\xff\x7f2\x1f\xff\xbd\x95\x8c\xff\xff\xff\xff\
\xff\xff\xff\xff\xff\xc9\xa7\xa0\xff\x814!\xff\xad~t\
\xff\xfc\xfb\xfb\xff\xff\xff\xff\xff\xd7\xbe\xb9\xff\x86=,\
\xff\x816#\xff\x814\x22\xff\x8eK;\xff\xd9\xc3\xbe\
\xff\xff\xff\xff\xff\xff\xff\xff\xff\xe0\xcd\xc9\xff\x93SD\
\xff~1\x1e\xff\xb4\x88\x7f\xff\xff\xff\xff\xff\xff\xff\xff\
\xff\xf1\xe8\xe7\xff\x93SD\xff\x804!\xff\x89C2\
\xff\xcd\xb0\xa9\xff\xd9\xc2\xbd\xff\xd0\xb5\xae\xff\x91P@\
\xff\x815#\xff\x826$\xff\x816$\xff\x826$\
\xff\x816$\xff\x816$\xff\x816$\xff\x816$\
\xff\x826$\xff\x816$\xff\x816$\xff\x816$\
\xff\x816$\xff\x816$\xff\x816$\xff\x826$\
\xff\x816$\xff\x816$\xff\x816$\xff\x816$\
\xff\x816$\xff\x826$\xff\x826$\xff\x816$\
\xff\x816$\xff\x825\x22\xffrEB\xffIn\x97\
\xff+\x8c\xd7\xff\x22\x96\xec\xff!\x98\xf0\xff!\x98\xee\
\xff&\x92\xe0\xff?x\xac\xffiNU\xff\x826%\
\xff\x826$\xff\x826$\xff\x825#\xff~9*\
\xff_Wg\xff<{\xb2\xff)\x90\xdc\xff#\x96\xea\
\xff#\x97\xea\xff&\x93\xe2\xff7\x80\xbd\xff[\x5cr\
\xff}:,\xff\x825#\xff\x826$\xff\x836#\
\xff~:+\xff][n\xff9\x7f\xb9\xff(\x91\xde\
\xff$\x95\xe6\xff,\x8d\xd6\xffDs\xa1\xffmKM\
\xff\x826#\xff\x802 \xff\xa9vl\xff\xdd\xc9\xc6\
\xff\xdd\xc9\xc6\xff\xdc\xc8\xc6\xff\xdc\xc8\xc6\xff\xdc\xc8\xc6\
\xff\xdc\xc9\xc6\xff\xdc\xc8\xc6\xff\xdc\xc9\xc6\xff\xdc\xc8\xc6\
\xff\xdc\xc8\xc5\xff\xde\xcb\xc8\xff\xb2\x85|\xff\x815#\
\xff\x826$\xff\x826$\xff\x816$\xff\x826$\
\xff\x816$\xff\x816$\xff\x816$\xff\x826$\
\xff\x826$\xff\x826$\xff\x816$\xff\x826$\
\xff\x816$\xff\x826$\xff\x826$\xff\x826$\
\xff\x816$\xff\x816$\xff\x816$\xff\x826$\
\xff\x827$\xff\x803 \xff\xaczo\xff\xde\xca\xc7\
\xff\xde\xca\xc8\xff\xb4\x87}\xff\x814\x22\xff\xa0j^\
\xff\xd9\xc4\xc0\xff\xde\xcb\xc8\xff\xbe\x97\x90\xff\x85;*\
\xff\x816#\xff\x826$\xff\x804\x22\xff\x94UF\
\xff\xd1\xb6\xb1\xff\xdc\xc8\xc6\xff\xdc\xc8\xc5\xff\xb4\x86~\
\xff\x805#\xff\xad~t\xff\xfc\xfa\xfa\xff\xff\xff\xff\
\xff\xea\xdd\xdb\xff\x90M>\xff\x805\x22\xff\x827%\
\xff\x86>-\xff\x87?.\xff\x87>-\xff\x828%\
\xff\x826$\xff\x816$\xff\x816$\xff\x816$\
\xff\x816$\xff\x816$\xff\x816$\xff\x826$\
\xff\x816$\xff\x816$\xff\x816$\xff\x816$\
\xff\x816$\xff\x816$\xff\x826$\xff\x816$\
\xff\x816$\xff\x816$\xff\x816$\xff\x816$\
\xff\x816$\xff\x816$\xff\x816$\xff\x816#\
\xff\x816$\xff\x826$\xff\x825\x22\xff\x817%\
\xffy?7\xffnIK\xffhOW\xfflLQ\
\xffuB=\xff\x7f8)\xff\x835\x22\xff\x826$\
\xff\x826$\xff\x826$\xff\x826$\xff\x826#\
\xff\x835!\xff\x7f9+\xffx?8\xffrED\
\xffqFF\xffwA<\xff}:-\xff\x835!\
\xff\x826#\xff\x826$\xff\x826$\xff\x826$\
\xff\x826#\xff\x835!\xff}:-\xffx?7\
\xffw@:\xffy>5\xff\x807'\xff\x835\x22\
\xff\x826$\xff\x816$\xff\x84;*\xff\x89B2\
\xff\x89B2\xff\x89B2\xff\x89B2\xff\x89B2\
\xff\x89B2\xff\x89B2\xff\x89B2\xff\x89B2\
\xff\x89B2\xff\x89B2\xff\x86<+\xff\x816$\
\xff\x816$\xff\x816$\xff\x816$\xff\x826$\
\xff\x816$\xff\x816$\xff\x816$\xff\x816$\
\xff\x816$\xff\x826$\xff\x826$\xff\x816$\
\xff\x826$\xff\x826$\xff\x826$\xff\x826$\
\xff\x826$\xff\x816$\xff\x826$\xff\x826$\
\xff\x816$\xff\x816$\xff\x85;*\xff\x89B2\
\xff\x89B2\xff\x86=+\xff\x826$\xff\x84:)\
\xff\x89B1\xff\x89B2\xff\x86>-\xff\x827$\
\xff\x816$\xff\x826$\xff\x826$\xff\x815#\
\xff\x86=,\xff\x89B1\xff\x89B1\xff\x88@/\
\xff\x826$\xff\x88@0\xff\xb5\x89\x7f\xff\xc7\xa6\x9e\
\xff\xa2j^\xff\x827%\xff\x816$\xff\x826$\
\xff\x815#\xff\x815#\xff\x816#\xff\x816$\
\xff\x816$\xff\x826$\xff\x816$\xff\x816$\
\xff\x816$\xff\x816$\xff\x816$\xff\x816$\
\xff\x816$\xff\x816$\xff\x816$\xff\x816$\
\xff\x816$\xff\x816$\xff\x816$\xff\x816$\
\xff\x816$\xff\x816$\xff\x816$\xff\x816$\
\xff\x816$\xff\x816$\xff\x816$\xff\x816$\
\xff\x816$\xff\x826$\xff\x816$\xff\x826$\
\xff\x835#\xff\x835\x22\xff\x835!\xff\x835\x22\
\xff\x825\x22\xff\x826#\xff\x826$\xff\x826$\
\xff\x816$\xff\x826$\xff\x826$\xff\x826$\
\xff\x826$\xff\x826#\xff\x835#\xff\x835\x22\
\xff\x835\x22\xff\x835\x22\xff\x826#\xff\x826$\
\xff\x826$\xff\x826$\xff\x826$\xff\x826$\
\xff\x826$\xff\x826$\xff\x826#\xff\x836#\
\xff\x835\x22\xff\x825#\xff\x826#\xff\x826$\
\xff\x826$\xff\x816$\xff\x816$\xff\x815#\
\xff\x815#\xff\x815#\xff\x815#\xff\x815#\
\xff\x815#\xff\x815#\xff\x815#\xff\x815#\
\xff\x815#\xff\x815#\xff\x816#\xff\x816$\
\xff\x816$\xff\x816$\xff\x816$\xff\x816$\
\xff\x816$\xff\x816$\xff\x816$\xff\x816$\
\xff\x816$\xff\x826$\xff\x816$\xff\x816$\
\xff\x816$\xff\x816$\xff\x816$\xff\x816$\
\xff\x816$\xff\x816$\xff\x826$\xff\x816$\
\xff\x816$\xff\x816$\xff\x816$\xff\x815#\
\xff\x815#\xff\x816#\xff\x826$\xff\x826$\
\xff\x815#\xff\x815#\xff\x816#\xff\x816$\
\xff\x826$\xff\x816$\xff\x826$\xff\x826$\
\xff\x815#\xff\x815#\xff\x815#\xff\x815#\
\xff\x816$\xff\x815#\xff\x804!\xff\x816$\
\xff\x804!\xff\x826$\xff\x816$\xff\x816$\
\xff\x816$\xff\x816$\xff\x816$\xff\x816$\
\xff\x816$\xff\x816$\xff\x816$\xff\x816$\
\xff\x816$\xff\x816$\xff\x816$\xff\x816$\
\xff\x816$\xff\x816$\xff\x816$\xff\x816$\
\xff\x816$\xff\x816$\xff\x816$\xff\x816$\
\xff\x816$\xff\x816$\xff\x816$\xff\x816$\
\xff\x816$\xff\x816$\xff\x816$\xff\x826$\
\xff\x816$\xff\x816$\xff\x816$\xff\x816$\
\xff\x826$\xff\x816$\xff\x826$\xff\x826$\
\xff\x826$\xff\x826$\xff\x826$\xff\x826$\
\xff\x816$\xff\x816$\xff\x826$\xff\x826$\
\xff\x826$\xff\x826#\xff\x815#\xff\x815\x22\
\xff\x815\x22\xff\x815\x22\xff\x815#\xff\x826$\
\xff\x816$\xff\x816$\xff\x816$\xff\x826$\
\xff\x826$\xff\x826$\xff\x826$\xff\x826$\
\xff\x826$\xff\x816#\xff\x826$\xff\x816$\
\xff\x816$\xff\x816$\xff\x826$\xff\x826$\
\xff\x826$\xff\x816$\xff\x826$\xff\x826$\
\xff\x826$\xff\x826$\xff\x826$\xff\x826$\
\xff\x826$\xff\x816$\xff\x826$\xff\x826$\
\xff\x826$\xff\x816$\xff\x816$\xff\x816$\
\xff\x816$\xff\x816$\xff\x816$\xff\x816$\
\xff\x816$\xff\x816$\xff\x816$\xff\x816$\
\xff\x816$\xff\x816$\xff\x826$\xff\x816$\
\xff\x816$\xff\x826$\xff\x826$\xff\x816$\
\xff\x816$\xff\x826$\xff\x816$\xff\x816$\
\xff\x816$\xff\x826$\xff\x816$\xff\x826$\
\xff\x826$\xff\x816$\xff\x816$\xff\x816$\
\xff\x826$\xff\x816$\xff\x816$\xff\x826$\
\xff\x826$\xff\x816$\xff\x816$\xff\x816$\
\xff\x816$\xff\x816$\xff\x826$\xff\x826$\
\xff\x816$\xff\x826$\xff\x816$\xff\x816$\
\xff\x816$\xff\x816$\xff\x816$\xff\x816$\
\xff\x816$\xff\x816$\xff\x816$\xff\x816$\
\xff\x816$\xff\x816$\xff\x816$\xff\x816$\
\xff\x816$\xff\x816$\xff\x816$\xff\x816$\
\xff\x826$\xff\x816$\xff\x816$\xff\x816$\
\xff\x826$\xff\x816$\xff\x816$\xff\x816$\
\xff\x816$\xff\x816$\xff\x816$\xff\x816#\
\xff\x826$\xff\x816$\xff\x826$\xff\x826$\
\xff\x826$\xff\x826$\xff\x816$\xff\x816$\
\xff\x826$\xff\x826$\xff\x816$\xff\x816$\
\xff\x826$\xff\x826$\xff\x826$\xff\x826$\
\xff\x814\x22\xff\x86=,\xff\x8dI9\xff\x93RC\
\xff\x92QB\xff\x8dG7\xff\x86=,\xff\x804\x22\
\xff\x826$\xff\x826$\xff\x826$\xff\x816$\
\xff\x826$\xff\x826$\xff\x816#\xff\x826$\
\xff\x816$\xff\x826$\xff\x816$\xff\x826$\
\xff\x826$\xff\x826$\xff\x826$\xff\x826$\
\xff\x826$\xff\x826$\xff\x826$\xff\x826$\
\xff\x826$\xff\x826$\xff\x826$\xff\x826$\
\xff\x826$\xff\x816$\xff\x826$\xff\x826$\
\xff\x826$\xff\x816$\xff\x816$\xff\x826$\
\xff\x816$\xff\x815#\xff\x814\x22\xff\x804\x22\
\xff\x804!\xff\x804!\xff\x804\x22\xff\x804\x22\
\xff\x804!\xff\x804!\xff\x804\x22\xff\x815\x22\
\xff\x815#\xff\x816$\xff\x826$\xff\x826$\
\xff\x816$\xff\x826$\xff\x826$\xff\x826$\
\xff\x826$\xff\x826$\xff\x816$\xff\x826$\
\xff\x816$\xff\x816$\xff\x827$\xff\x816$\
\xff\x816$\xff\x816$\xff\x826$\xff\x816$\
\xff\x816$\xff\x816$\xff\x816$\xff\x826$\
\xff\x826$\xff\x826$\xff\x826$\xff\x826$\
\xff\x826$\xff\x816$\xff\x816$\xff\x816$\
\xff\x816$\xff\x826$\xff\x816$\xff\x816$\
\xff\x816$\xff\x816$\xff\x816#\xff\x816$\
\xff\x816$\xff\x816$\xff\x816$\xff\x816$\
\xff\x816$\xff\x826$\xff\x816$\xff\x816$\
\xff\x816$\xff\x816$\xff\x816$\xff\x816$\
\xff\x816$\xff\x816$\xff\x816$\xff\x816$\
\xff\x826$\xff\x816$\xff\x826$\xff\x816$\
\xff\x816$\xff\x816$\xff\x826$\xff\x826$\
\xff\x826$\xff\x826$\xff\x816$\xff\x816$\
\xff\x816$\xff\x816$\xff\x826$\xff\x826$\
\xff\x826$\xff\x826$\xff\x826$\xff\x838&\
\xff\xa4na\xff\xd5\xbc\xb7\xff\xed\xe3\xe1\xff\xf2\xeb\xe9\
\xff\xf2\xea\xe9\xff\xec\xe0\xde\xff\xd5\xbb\xb6\xff\xa3k_\
\xff\x827%\xff\x826$\xff\x826$\xff\x826$\
\xff\x826$\xff\x826$\xff\x826$\xff\x826$\
\xff\x826$\xff\x826$\xff\x816$\xff\x826$\
\xff\x826$\xff\x826$\xff\x826$\xff\x826$\
\xff\x826$\xff\x826$\xff\x826$\xff\x826$\
\xff\x826$\xff\x826$\xff\x826$\xff\x826$\
\xff\x826$\xff\x816$\xff\x826$\xff\x826$\
\xff\x826$\xff\x826$\xff\x826$\xff\x816$\
\xff\x827%\xff\x8aD4\xff\x94TE\xff\x9b`R\
\xff\x9cbU\xff\x9dcV\xff\x9dcW\xff\x9dcW\
\xff\x9dcW\xff\x9cbU\xff\x9b`S\xff\x97XJ\
\xff\x8bF6\xff\x826$\xff\x826$\xff\x826$\
\xff\x816$\xff\x826$\xff\x826$\xff\x826$\
\xff\x816$\xff\x826$\xff\x826$\xff\x826$\
\xff\x826$\xff\x816$\xff\x826$\xff\x816$\
\xff\x826$\xff\x816$\xff\x826$\xff\x816$\
\xff\x816$\xff\x816$\xff\x816$\xff\x826$\
\xff\x826$\xff\x816$\xff\x816$\xff\x816$\
\xff\x826$\xff\x816$\xff\x816$\xff\x816$\
\xff\x816$\xff\x816$\xff\x816$\xff\x816$\
\xff\x816$\xff\x816$\xff\x816$\xff\x816$\
\xff\x816$\xff\x816$\xff\x816$\xff\x816$\
\xff\x816$\xff\x816$\xff\x816$\xff\x816$\
\xff\x816$\xff\x816$\xff\x816$\xff\x816$\
\xff\x816$\xff\x826$\xff\x816$\xff\x816$\
\xff\x816$\xff\x816$\xff\x826$\xff\x816$\
\xff\x816$\xff\x816$\xff\x826$\xff\x816$\
\xff\x816$\xff\x826$\xff\x826$\xff\x816$\
\xff\x816$\xff\x816$\xff\x826$\xff\x826#\
\xff\x826$\xff\x826$\xff\x804!\xff\x9feX\
\xff\xf1\xe9\xe7\xff\xff\xff\xff\xff\xff\xff\xff\xff\xff\xff\xff\
\xff\xff\xff\xff\xff\xff\xff\xff\xff\xff\xff\xff\xff\xea\xde\xdc\
\xff\x94SE\xff\x814\x22\xff\x826$\xff\x826$\
\xff\x826$\xff\x826$\xff\x826$\xff\x826$\
\xff\x816$\xff\x816$\xff\x826$\xff\x826$\
\xff\x826$\xff\x826$\xff\x816$\xff\x826$\
\xff\x826$\xff\x816$\xff\x826$\xff\x826$\
\xff\x826$\xff\x826$\xff\x826$\xff\x816$\
\xff\x826$\xff\x826$\xff\x826$\xff\x816$\
\xff\x816$\xff\x816$\xff\x826$\xff\x839'\
\xff\xb3\x85{\xff\xe6\xd6\xd4\xff\xf3\xeb\xea\xff\xf5\xef\xee\
\xff\xf5\xf0\xef\xff\xf5\xf0\xef\xff\xf5\xf0\xef\xff\xf5\xf0\xef\
\xff\xf6\xf0\xf0\xff\xf5\xf0\xef\xff\xf5\xef\xee\xff\xf4\xee\xec\
\xff\xe4\xd4\xd1\xff\x9caT\xff\x804\x22\xff\x826$\
\xff\x816$\xff\x816$\xff\x826$\xff\x826$\
\xff\x816$\xff\x826$\xff\x826$\xff\x816$\
\xff\x816$\xff\x816$\xff\x816$\xff\x826$\
\xff\x826$\xff\x816$\xff\x826$\xff\x816$\
\xff\x816$\xff\x826$\xff\x826$\xff\x826#\
\xff\x826$\xff\x816$\xff\x816$\xff\x816$\
\xff\x816$\xff\x816$\xff\x816$\xff\x816$\
\xff\x816$\xff\x816$\xff\x816$\xff\x816$\
\xff\x816$\xff\x816$\xff\x816$\xff\x816$\
\xff\x816$\xff\x816$\xff\x816$\xff\x816#\
\xff\x816$\xff\x816$\xff\x816$\xff\x816$\
\xff\x816$\xff\x816$\xff\x816$\xff\x826$\
\xff\x826$\xff\x816$\xff\x816$\xff\x816$\
\xff\x816$\xff\x826$\xff\x826$\xff\x816$\
\xff\x816#\xff\x826$\xff\x826$\xff\x826$\
\xff\x816$\xff\x826$\xff\x826$\xff\x816$\
\xff\x816$\xff\x826$\xff\x826$\xff\x826$\
\xff\x826$\xff\x826$\xff\x7f2 \xff\xb6\x8a\x82\
\xff\xff\xff\xff\xff\xff\xff\xff\xff\xff\xff\xff\xff\xff\xff\xff\
\xff\xff\xff\xff\xff\xff\xff\xff\xff\xff\xff\xff\xff\xf7\xf3\xf2\
\xff\x9ffZ\xff\x814!\xff\x826$\xff\x826$\
\xff\x826$\xff\x826$\xff\x826$\xff\x826$\
\xff\x826$\xff\x826$\xff\x826$\xff\x826#\
\xff\x826$\xff\x826$\xff\x826$\xff\x826$\
\xff\x826$\xff\x826$\xff\x826$\xff\x826$\
\xff\x826$\xff\x826$\xff\x826$\xff\x816$\
\xff\x826$\xff\x826$\xff\x826$\xff\x826$\
\xff\x826$\xff\x826$\xff\x815\x22\xff\x8fL=\
\xff\xee\xe3\xe1\xff\xff\xff\xff\xff\xff\xff\xff\xff\xff\xff\xff\
\xff\xff\xff\xff\xff\xff\xff\xff\xff\xff\xff\xff\xff\xff\xff\xff\
\xff\xff\xff\xff\xff\xff\xff\xff\xff\xff\xff\xff\xff\xff\xff\xff\
\xff\xff\xff\xff\xff\xba\x92\x8a\xff\x7f1\x1f\xff\x826$\
\xff\x816$\xff\x826$\xff\x826$\xff\x826$\
\xff\x826$\xff\x826$\xff\x826$\xff\x816$\
\xff\x816$\xff\x826$\xff\x826$\xff\x816$\
\xff\x826$\xff\x816$\xff\x826$\xff\x826$\
\xff\x826$\xff\x826$\xff\x826$\xff\x826$\
\xff\x826$\xff\x816$\xff\x826$\xff\x826$\
\xff\x826$\xff\x816$\xff\x826$\xff\x816$\
\xff\x826$\xff\x826$\xff\x816$\xff\x816$\
\xff\x816$\xff\x816$\xff\x816$\xff\x816$\
\xff\x816$\xff\x816$\xff\x816$\xff\x816#\
\xff\x816$\xff\x816$\xff\x816$\xff\x816$\
\xff\x826$\xff\x816$\xff\x816$\xff\x816$\
\xff\x816$\xff\x816$\xff\x816$\xff\x816$\
\xff\x816$\xff\x816$\xff\x816$\xff\x816$\
\xff\x816$\xff\x816#\xff\x826$\xff\x826$\
\xff\x816$\xff\x816$\xff\x816$\xff\x816$\
\xff\x826$\xff\x826$\xff\x826$\xff\x826$\
\xff\x826$\xff\x826$\xff\x804!\xff\xabyn\
\xff\xfa\xf8\xf8\xff\xff\xff\xff\xff\xff\xff\xff\xff\xff\xff\xff\
\xff\xff\xff\xff\xff\xff\xff\xff\xff\xff\xff\xff\xff\xe1\xcf\xcc\
\xff\x8cG7\xff\x815#\xff\x816$\xff\x826$\
\xff\x826$\xff\x826$\xff\x826$\xff\x826$\
\xff\x826$\xff\x826$\xff\x826$\xff\x816$\
\xff\x816$\xff\x826$\xff\x826$\xff\x816$\
\xff\x826$\xff\x826$\xff\x816$\xff\x816$\
\xff\x826$\xff\x826$\xff\x816$\xff\x826$\
\xff\x826$\xff\x826$\xff\x816$\xff\x826$\
\xff\x826$\xff\x826$\xff\x814\x22\xff\x95TF\
\xff\xf3\xec\xeb\xff\xff\xff\xff\xff\xff\xff\xff\xff\xff\xff\xff\
\xff\xff\xff\xff\xff\xff\xff\xff\xff\xff\xff\xff\xff\xff\xff\xff\
\xff\xff\xff\xff\xff\xff\xff\xff\xff\xff\xff\xff\xff\xff\xff\xff\
\xff\xf0\xe8\xe6\xff\xa2k^\xff\x803!\xff\x816$\
\xff\x816$\xff\x826$\xff\x826$\xff\x816$\
\xff\x826$\xff\x826$\xff\x826$\xff\x816$\
\xff\x826$\xff\x816$\xff\x816$\xff\x826$\
\xff\x826$\xff\x816$\xff\x816$\xff\x826$\
\xff\x826$\xff\x826$\xff\x816$\xff\x826$\
\xff\x826#\xff\x826$\xff\x816$\xff\x816$\
\xff\x816$\xff\x816$\xff\x816$\xff\x816$\
\xff\x816$\xff\x826$\xff\x816$\xff\x826$\
\xff\x826$\xff\x816$\xff\x816$\xff\x816$\
\xff\x816$\xff\x816$\xff\x816#\xff\x816#\
\xff\x816$\xff\x826$\xff\x816$\xff\x816$\
\xff\x816$\xff\x816$\xff\x816$\xff\x816$\
\xff\x816$\xff\x816$\xff\x816$\xff\x816$\
\xff\x826$\xff\x816$\xff\x816$\xff\x816#\
\xff\x816#\xff\x826$\xff\x816$\xff\x816$\
\xff\x816$\xff\x816$\xff\x826$\xff\x816$\
\xff\x826$\xff\x826$\xff\x826$\xff\x826$\
\xff\x826$\xff\x826$\xff\x814!\xff\xa1j^\
\xff\xf7\xf3\xf2\xff\xff\xff\xff\xff\xff\xff\xff\xff\xff\xff\xff\
\xff\xff\xff\xff\xff\xff\xff\xff\xff\xff\xff\xff\xff\xbe\x99\x91\
\xff\x7f2 \xff\x826$\xff\x826$\xff\x826$\
\xff\x826$\xff\x826$\xff\x826$\xff\x826$\
\xff\x826$\xff\x826$\xff\x826#\xff\x816$\
\xff\x826$\xff\x826$\xff\x816$\xff\x816$\
\xff\x826$\xff\x816$\xff\x826$\xff\x826$\
\xff\x826$\xff\x826$\xff\x826$\xff\x826$\
\xff\x826$\xff\x826$\xff\x826$\xff\x816$\
\xff\x816$\xff\x826$\xff\x815\x22\xff\x8fK<\
\xff\xf1\xe8\xe6\xff\xff\xff\xff\xff\xff\xff\xff\xff\xff\xff\xff\
\xff\xff\xff\xff\xff\xff\xff\xff\xff\xff\xff\xff\xff\xff\xff\xff\
\xff\xff\xff\xff\xff\xf7\xf2\xf1\xff\xd6\xbe\xb9\xff\xbc\x93\x8b\
\xff\x9dbT\xff\x838&\xff\x816$\xff\x826$\
\xff\x816$\xff\x826$\xff\x826$\xff\x816$\
\xff\x826$\xff\x826$\xff\x826$\xff\x816$\
\xff\x816$\xff\x816$\xff\x826$\xff\x816$\
\xff\x816$\xff\x826$\xff\x816$\xff\x816$\
\xff\x826$\xff\x816$\xff\x816$\xff\x816$\
\xff\x816#\xff\x816#\xff\x816#\xff\x816$\
\xff\x816$\xff\x816$\xff\x826$\xff\x816$\
\xff\x816$\xff\x826$\xff\x826#\xff\x826#\
\xff\x816$\xff\x816#\xff\x816$\xff\x816$\
\xff\x816$\xff\x816$\xff\x816$\xff\x816$\
\xff\x816$\xff\x826$\xff\x816$\xff\x816$\
\xff\x826$\xff\x816$\xff\x816$\xff\x816$\
\xff\x816#\xff\x816$\xff\x816$\xff\x816$\
\xff\x816$\xff\x816$\xff\x816$\xff\x816$\
\xff\x816#\xff\x826$\xff\x826$\xff\x826$\
\xff\x816$\xff\x816$\xff\x816$\xff\x816$\
\xff\x826$\xff\x826$\xff\x826#\xff\x826$\
\xff\x826$\xff\x826$\xff\x814\x22\xff\x97YL\
\xff\xf4\xee\xec\xff\xff\xff\xff\xff\xff\xff\xff\xff\xff\xff\xff\
\xff\xff\xff\xff\xff\xff\xff\xff\xff\xff\xff\xff\xff\xbd\x96\x8e\
\xff\x7f1\x1f\xff\x826#\xff\x826$\xff\x826$\
\xff\x826$\xff\x826$\xff\x826$\xff\x816$\
\xff\x826$\xff\x826$\xff\x826$\xff\x826$\
\xff\x826$\xff\x826$\xff\x816$\xff\x826$\
\xff\x826$\xff\x826$\xff\x816$\xff\x826$\
\xff\x826$\xff\x826$\xff\x826$\xff\x826$\
\xff\x826$\xff\x826$\xff\x826$\xff\x826$\
\xff\x826$\xff\x816$\xff\x815\x22\xff\x8bF6\
\xff\xeb\xe0\xdd\xff\xff\xff\xff\xff\xff\xff\xff\xff\xff\xff\xff\
\xff\xff\xff\xff\xff\xff\xff\xff\xff\xff\xff\xff\xff\xff\xff\xff\
\xff\xee\xe4\xe2\xff\xaavk\xff\x86=,\xff\x7f2 \
\xff\x804!\xff\x826$\xff\x826$\xff\x826$\
\xff\x826$\xff\x826$\xff\x826$\xff\x826$\
\xff\x816$\xff\x826$\xff\x826$\xff\x826$\
\xff\x826$\xff\x816$\xff\x816$\xff\x816$\
\xff\x816$\xff\x826$\xff\x816$\xff\x826$\
\xff\x826$\xff\x816$\xff\x826$\xff\x816$\
\xff\x816$\xff\x816#\xff\x816#\xff\x816#\
\xff\x816#\xff\x826$\xff\x816$\xff\x816$\
\xff\x826$\xff\x816$\xff\x816$\xff\x816$\
\xff\x816$\xff\x816$\xff\x816$\xff\x816$\
\xff\x816$\xff\x816$\xff\x816$\xff\x816$\
\xff\x816$\xff\x826$\xff\x826$\xff\x816$\
\xff\x816$\xff\x816$\xff\x826$\xff\x816$\
\xff\x816$\xff\x816$\xff\x816$\xff\x816$\
\xff\x816$\xff\x816$\xff\x826$\xff\x816$\
\xff\x816$\xff\x816$\xff\x816$\xff\x816$\
\xff\x816$\xff\x816$\xff\x826$\xff\x816$\
\xff\x826$\xff\x826$\xff\x826$\xff\x826$\
\xff\x826$\xff\x826$\xff\x815#\xff\x8cG7\
\xff\xe9\xdd\xdb\xff\xff\xff\xff\xff\xff\xff\xff\xff\xff\xff\xff\
\xff\xff\xff\xff\xff\xff\xff\xff\xff\xff\xff\xff\xff\xca\xab\xa4\
\xff\x827&\xff\x816#\xff\x826$\xff\x826$\
\xff\x826$\xff\x826$\xff\x826$\xff\x826$\
\xff\x826$\xff\x826$\xff\x826$\xff\x826$\
\xff\x826$\xff\x826$\xff\x826$\xff\x826$\
\xff\x826$\xff\x826$\xff\x826$\xff\x826$\
\xff\x826$\xff\x826$\xff\x816$\xff\x816$\
\xff\x826$\xff\x816$\xff\x826$\xff\x826$\
\xff\x826$\xff\x826$\xff\x815#\xff\x8aC3\
\xff\xe5\xd6\xd3\xff\xff\xff\xff\xff\xff\xff\xff\xff\xff\xff\xff\
\xff\xff\xff\xff\xff\xff\xff\xff\xff\xff\xff\xff\xff\xfb\xf8\xf8\
\xff\xb0\x80v\xff\x803!\xff\x815#\xff\x826$\
\xff\x816$\xff\x826$\xff\x826$\xff\x826$\
\xff\x826$\xff\x826$\xff\x816$\xff\x816$\
\xff\x826$\xff\x826$\xff\x826$\xff\x826$\
\xff\x826$\xff\x816$\xff\x816$\xff\x816$\
\xff\x816$\xff\x826$\xff\x826$\xff\x816$\
\xff\x826$\xff\x826$\xff\x826$\xff\x826$\
\xff\x816#\xff\x816$\xff\x816$\xff\x816$\
\xff\x816$\xff\x816$\xff\x816$\xff\x816$\
\xff\x826$\xff\x826$\xff\x826$\xff\x816$\
\xff\x816$\xff\x816$\xff\x816$\xff\x816$\
\xff\x816$\xff\x816$\xff\x816$\xff\x816$\
\xff\x816$\xff\x816$\xff\x816$\xff\x816$\
\xff\x816$\xff\x816$\xff\x826$\xff\x826$\
\xff\x816$\xff\x816$\xff\x816$\xff\x816$\
\xff\x816$\xff\x816$\xff\x826$\xff\x816$\
\xff\x816$\xff\x816$\xff\x816$\xff\x816$\
\xff\x816$\xff\x816$\xff\x826$\xff\x826$\
\xff\x826$\xff\x816$\xff\x826$\xff\x826$\
\xff\x826$\xff\x826$\xff\x826#\xff\x86=,\
\xff\xd5\xbd\xb8\xff\xff\xff\xff\xff\xff\xff\xff\xff\xff\xff\xff\
\xff\xff\xff\xff\xff\xff\xff\xff\xff\xff\xff\xff\xff\xdb\xc7\xc3\
\xff\x87@/\xff\x815#\xff\x826$\xff\x826$\
\xff\x826$\xff\x826$\xff\x816$\xff\x826$\
\xff\x826$\xff\x826$\xff\x826$\xff\x826$\
\xff\x826$\xff\x816$\xff\x826$\xff\x826$\
\xff\x826$\xff\x826$\xff\x826$\xff\x826$\
\xff\x826$\xff\x816$\xff\x816$\xff\x816$\
\xff\x816$\xff\x816$\xff\x816$\xff\x826$\
\xff\x826$\xff\x826$\xff\x815#\xff\x8aC3\
\xff\xe4\xd4\xd1\xff\xff\xff\xff\xff\xff\xff\xff\xff\xff\xff\xff\
\xff\xff\xff\xff\xff\xff\xff\xff\xff\xff\xff\xff\xff\xea\xdd\xda\
\xff\x8dH8\xff\x815\x22\xff\x826$\xff\x826$\
\xff\x816$\xff\x826$\xff\x826$\xff\x816$\
\xff\x826$\xff\x826$\xff\x826$\xff\x826$\
\xff\x816$\xff\x817$\xff\x816$\xff\x816$\
\xff\x816$\xff\x826$\xff\x816$\xff\x816$\
\xff\x826$\xff\x826$\xff\x826$\xff\x816$\
\xff\x816$\xff\x826$\xff\x826$\xff\x826$\
\xff\x816$\xff\x816$\xff\x816$\xff\x816$\
\xff\x816#\xff\x816$\xff\x826$\xff\x816$\
\xff\x816#\xff\x816#\xff\x816$\xff\x816$\
\xff\x816$\xff\x816$\xff\x816$\xff\x816$\
\xff\x816$\xff\x816$\xff\x816$\xff\x826$\
\xff\x826$\xff\x816$\xff\x816$\xff\x816$\
\xff\x826$\xff\x816$\xff\x816$\xff\x816$\
\xff\x816$\xff\x826$\xff\x816$\xff\x816$\
\xff\x816$\xff\x816$\xff\x816$\xff\x816#\
\xff\x826$\xff\x816$\xff\x826$\xff\x826$\
\xff\x816$\xff\x816$\xff\x816$\xff\x826$\
\xff\x826$\xff\x826$\xff\x826$\xff\x826$\
\xff\x826$\xff\x826$\xff\x826$\xff\x814!\
\xff\xbf\x98\x90\xff\xff\xff\xff\xff\xff\xff\xff\xff\xff\xff\xff\
\xff\xff\xff\xff\xff\xff\xff\xff\xff\xff\xff\xff\xff\xf5\xf0\xef\
\xff\xaczo\xff\x816$\xff\x826#\xff\x827$\
\xff\x826$\xff\x826$\xff\x826$\xff\x826$\
\xff\x826$\xff\x826$\xff\x826$\xff\x826$\
\xff\x826$\xff\x826$\xff\x816$\xff\x816$\
\xff\x826$\xff\x816$\xff\x816$\xff\x826$\
\xff\x826$\xff\x816$\xff\x826$\xff\x816$\
\xff\x816$\xff\x826$\xff\x826$\xff\x826$\
\xff\x816$\xff\x816$\xff\x815#\xff\x8aC3\
\xff\xe7\xd8\xd5\xff\xff\xff\xff\xff\xff\xff\xff\xff\xff\xff\xff\
\xff\xff\xff\xff\xff\xff\xff\xff\xff\xff\xff\xff\xff\xd9\xc3\xbe\
\xff\x87?.\xff\x825#\xff\x826$\xff\x826$\
\xff\x826$\xff\x826$\xff\x826$\xff\x826$\
\xff\x826$\xff\x826$\xff\x826$\xff\x816$\
\xff\x826$\xff\x817$\xff\x816$\xff\x826$\
\xff\x826$\xff\x826$\xff\x816$\xff\x826$\
\xff\x816$\xff\x816$\xff\x816$\xff\x816$\
\xff\x816$\xff\x816$\xff\x826$\xff\x826$\
\xff\x816$\xff\x816$\xff\x826$\xff\x816$\
\xff\x816$\xff\x816$\xff\x816$\xff\x816$\
\xff\x816$\xff\x816$\xff\x816$\xff\x816$\
\xff\x816$\xff\x816$\xff\x816$\xff\x816$\
\xff\x816$\xff\x816$\xff\x816$\xff\x816$\
\xff\x826$\xff\x816$\xff\x816$\xff\x816$\
\xff\x816$\xff\x816$\xff\x816$\xff\x816$\
\xff\x816$\xff\x816$\xff\x816$\xff\x816$\
\xff\x816$\xff\x816$\xff\x816$\xff\x816$\
\xff\x826$\xff\x816$\xff\x826$\xff\x816$\
\xff\x816$\xff\x816$\xff\x816$\xff\x816$\
\xff\x816$\xff\x826$\xff\x827$\xff\x816$\
\xff\x826$\xff\x826$\xff\x826$\xff\x803!\
\xff\xa6qe\xff\xf9\xf6\xf5\xff\xff\xff\xff\xff\xff\xff\xff\
\xff\xff\xff\xff\xff\xff\xff\xff\xff\xff\xff\xff\xff\xff\xff\xff\
\xff\xf3\xec\xeb\xff\xaf\x7fu\xff\x827&\xff\x816#\
\xff\x826$\xff\x826$\xff\x826$\xff\x826$\
\xff\x826$\xff\x826$\xff\x826$\xff\x816$\
\xff\x826$\xff\x826$\xff\x816$\xff\x816$\
\xff\x826$\xff\x816$\xff\x816$\xff\x826$\
\xff\x826$\xff\x816$\xff\x816$\xff\x816$\
\xff\x826$\xff\x816$\xff\x826$\xff\x826$\
\xff\x816$\xff\x816$\xff\x815#\xff\x8cG7\
\xff\xed\xe2\xe0\xff\xff\xff\xff\xff\xff\xff\xff\xff\xff\xff\xff\
\xff\xff\xff\xff\xff\xff\xff\xff\xff\xff\xff\xff\xff\xd1\xb5\xb0\
\xff\x85;*\xff\x815#\xff\x826$\xff\x826$\
\xff\x826$\xff\x826$\xff\x816$\xff\x816$\
\xff\x816$\xff\x826$\xff\x816$\xff\x826$\
\xff\x826$\xff\x816$\xff\x816$\xff\x826$\
\xff\x816$\xff\x816$\xff\x816$\xff\x816$\
\xff\x816$\xff\x816#\xff\x816$\xff\x816$\
\xff\x826$\xff\x816$\xff\x816$\xff\x816$\
\xff\x816$\xff\x816$\xff\x816$\xff\x816$\
\xff\x816$\xff\x816$\xff\x816$\xff\x816$\
\xff\x816#\xff\x816$\xff\x816$\xff\x816$\
\xff\x816$\xff\x816$\xff\x816$\xff\x826$\
\xff\x827$\xff\x816$\xff\x816$\xff\x816$\
\xff\x826$\xff\x816$\xff\x816$\xff\x816$\
\xff\x816$\xff\x826$\xff\x816$\xff\x816$\
\xff\x816$\xff\x816$\xff\x816$\xff\x816$\
\xff\x816$\xff\x816$\xff\x816$\xff\x816#\
\xff\x816$\xff\x816$\xff\x816$\xff\x816$\
\xff\x826$\xff\x816$\xff\x816$\xff\x816$\
\xff\x826$\xff\x816$\xff\x826$\xff\x826$\
\xff\x826$\xff\x826$\xff\x826$\xff\x815\x22\
\xff\x8fL=\xff\xec\xe1\xdf\xff\xff\xff\xff\xff\xff\xff\xff\
\xff\xff\xff\xff\xff\xff\xff\xff\xff\xff\xff\xff\xff\xff\xff\xff\
\xff\xff\xff\xff\xff\xf5\xef\xee\xff\xaf\x81w\xff\x827%\
\xff\x816#\xff\x826$\xff\x826$\xff\x826$\
\xff\x826$\xff\x826$\xff\x826$\xff\x826$\
\xff\x826$\xff\x826$\xff\x826$\xff\x826$\
\xff\x826$\xff\x826$\xff\x826$\xff\x826$\
\xff\x826$\xff\x826$\xff\x826$\xff\x816$\
\xff\x826$\xff\x826$\xff\x826$\xff\x826$\
\xff\x826$\xff\x826$\xff\x815\x22\xff\x92PA\
\xff\xf2\xea\xe8\xff\xff\xff\xff\xff\xff\xff\xff\xff\xff\xff\xff\
\xff\xff\xff\xff\xff\xff\xff\xff\xff\xff\xff\xff\xff\xcc\xae\xa8\
\xff\x839'\xff\x826$\xff\x816$\xff\x816$\
\xff\x816$\xff\x816$\xff\x816$\xff\x816$\
\xff\x826$\xff\x826$\xff\x816$\xff\x816$\
\xff\x826$\xff\x816$\xff\x826$\xff\x826$\
\xff\x826$\xff\x816$\xff\x816$\xff\x826$\
\xff\x816$\xff\x826$\xff\x816$\xff\x826$\
\xff\x826$\xff\x826$\xff\x816$\xff\x816$\
\xff\x816$\xff\x816$\xff\x816$\xff\x816$\
\xff\x816$\xff\x816$\xff\x816$\xff\x816#\
\xff\x816#\xff\x826#\xff\x816$\xff\x816$\
\xff\x816$\xff\x816$\xff\x816$\xff\x816$\
\xff\x816$\xff\x816$\xff\x826$\xff\x826$\
\xff\x816$\xff\x816$\xff\x816$\xff\x816$\
\xff\x816$\xff\x826$\xff\x816$\xff\x816$\
\xff\x816$\xff\x816$\xff\x816$\xff\x816$\
\xff\x816$\xff\x816$\xff\x816$\xff\x816$\
\xff\x816$\xff\x816$\xff\x816$\xff\x816$\
\xff\x816$\xff\x826$\xff\x826$\xff\x826$\
\xff\x816$\xff\x816$\xff\x826$\xff\x816$\
\xff\x816$\xff\x826$\xff\x826$\xff\x815#\
\xff\x89B1\xff\xe1\xcf\xcb\xff\xff\xff\xff\xff\xff\xff\xff\
\xff\xff\xff\xff\xff\xff\xff\xff\xff\xff\xff\xff\xff\xff\xff\xff\
\xff\xff\xff\xff\xff\xff\xff\xff\xff\xf5\xef\xed\xff\xaf\x80u\
\xff\x827%\xff\x826#\xff\x826$\xff\x826$\
\xff\x826$\xff\x826$\xff\x826$\xff\x826$\
\xff\x826$\xff\x826$\xff\x816$\xff\x826$\
\xff\x826$\xff\x816$\xff\x826$\xff\x826$\
\xff\x826$\xff\x826$\xff\x816$\xff\x816$\
\xff\x816$\xff\x816$\xff\x826$\xff\x826$\
\xff\x826$\xff\x826$\xff\x814\x22\xff\x9caT\
\xff\xf5\xf0\xef\xff\xff\xff\xff\xff\xff\xff\xff\xff\xff\xff\xff\
\xff\xff\xff\xff\xff\xff\xff\xff\xff\xff\xff\xff\xff\xcb\xac\xa5\
\xff\x838&\xff\x816$\xff\x816$\xff\x816$\
\xff\x816$\xff\x816$\xff\x816$\xff\x816$\
\xff\x816$\xff\x826$\xff\x816$\xff\x826$\
\xff\x816$\xff\x816$\xff\x826$\xff\x816$\
\xff\x816$\xff\x816$\xff\x816$\xff\x816$\
\xff\x816$\xff\x826#\xff\x816$\xff\x826$\
\xff\x816$\xff\x816$\xff\x816$\xff\x816$\
\xff\x816$\xff\x816$\xff\x816$\xff\x816$\
\xff\x816$\xff\x816$\xff\x816$\xff\x816$\
\xff\x816$\xff\x816$\xff\x816$\xff\x816$\
\xff\x816$\xff\x816$\xff\x816$\xff\x826$\
\xff\x816$\xff\x816$\xff\x816#\xff\x816$\
\xff\x816$\xff\x816$\xff\x816$\xff\x816$\
\xff\x816$\xff\x816$\xff\x816$\xff\x816$\
\xff\x816$\xff\x816$\xff\x816$\xff\x816$\
\xff\x816#\xff\x816$\xff\x816$\xff\x816$\
\xff\x826#\xff\x816$\xff\x816#\xff\x816$\
\xff\x816$\xff\x816$\xff\x816$\xff\x826$\
\xff\x826$\xff\x816$\xff\x826$\xff\x826$\
\xff\x826$\xff\x826$\xff\x826$\xff\x825#\
\xff\x88?.\xff\xd9\xc3\xbf\xff\xff\xff\xff\xff\xff\xff\xff\
\xff\xff\xff\xff\xff\xff\xff\xff\xff\xff\xff\xff\xff\xff\xff\xff\
\xff\xff\xff\xff\xff\xff\xff\xff\xff\xff\xff\xff\xff\xf4\xee\xed\
\xff\xac{p\xff\x815$\xff\x826$\xff\x826$\
\xff\x826$\xff\x826$\xff\x826$\xff\x826$\
\xff\x826$\xff\x816$\xff\x816$\xff\x816$\
\xff\x826$\xff\x826$\xff\x816$\xff\x826$\
\xff\x826$\xff\x816$\xff\x816$\xff\x816$\
\xff\x826$\xff\x826$\xff\x826$\xff\x816$\
\xff\x826$\xff\x826$\xff\x803!\xff\xaawk\
\xff\xfa\xf7\xf7\xff\xff\xff\xff\xff\xff\xff\xff\xff\xff\xff\xff\
\xff\xff\xff\xff\xff\xff\xff\xff\xff\xff\xff\xff\xff\xcb\xab\xa4\
\xff\x838&\xff\x816$\xff\x816$\xff\x816$\
\xff\x816$\xff\x816$\xff\x826$\xff\x816$\
\xff\x816$\xff\x816$\xff\x826$\xff\x816$\
\xff\x816$\xff\x816$\xff\x816$\xff\x816$\
\xff\x816$\xff\x816$\xff\x826$\xff\x826$\
\xff\x826$\xff\x826$\xff\x816#\xff\x816$\
\xff\x816$\xff\x816$\xff\x816$\xff\x816$\
\xff\x816$\xff\x816$\xff\x816$\xff\x816$\
\xff\x816$\xff\x816#\xff\x816$\xff\x816$\
\xff\x816$\xff\x816$\xff\x816$\xff\x816#\
\xff\x816$\xff\x816$\xff\x816$\xff\x816$\
\xff\x816$\xff\x816$\xff\x816$\xff\x816$\
\xff\x816$\xff\x816$\xff\x816$\xff\x816$\
\xff\x816$\xff\x816$\xff\x816$\xff\x816$\
\xff\x816$\xff\x816$\xff\x816$\xff\x826$\
\xff\x816$\xff\x816$\xff\x816$\xff\x816$\
\xff\x816#\xff\x816$\xff\x816$\xff\x816$\
\xff\x816$\xff\x816$\xff\x826$\xff\x816$\
\xff\x826$\xff\x816$\xff\x816$\xff\x826$\
\xff\x826$\xff\x826$\xff\x826$\xff\x826$\
\xff\x815$\xff\xbc\x95\x8c\xff\xff\xff\xff\xff\xff\xff\xff\
\xff\xff\xff\xff\xff\xff\xff\xff\xff\xff\xff\xff\xff\xff\xff\xff\
\xff\xff\xff\xff\xff\xff\xff\xff\xff\xff\xff\xff\xff\xff\xff\xff\
\xff\xf1\xe9\xe8\xff\xa6pe\xff\x804\x22\xff\x826$\
\xff\x826$\xff\x826$\xff\x826$\xff\x826$\
\xff\x816$\xff\x826$\xff\x816$\xff\x816$\
\xff\x826$\xff\x826$\xff\x816#\xff\x826$\
\xff\x826$\xff\x826$\xff\x816$\xff\x816$\
\xff\x816$\xff\x826$\xff\x826$\xff\x826$\
\xff\x826$\xff\x826$\xff\x7f2 \xff\xb9\x8f\x87\
\xff\xff\xff\xff\xff\xff\xff\xff\xff\xff\xff\xff\xff\xff\xff\xff\
\xff\xff\xff\xff\xff\xff\xff\xff\xff\xff\xff\xff\xff\xca\xac\xa5\
\xff\x828&\xff\x816$\xff\x826$\xff\x816$\
\xff\x816$\xff\x816$\xff\x816$\xff\x816$\
\xff\x816$\xff\x816$\xff\x816$\xff\x816$\
\xff\x816$\xff\x816$\xff\x816$\xff\x816$\
\xff\x816$\xff\x816$\xff\x826$\xff\x816$\
\xff\x816$\xff\x826$\xff\x816$\xff\x816$\
\xff\x816$\xff\x816$\xff\x816$\xff\x816#\
\xff\x816#\xff\x816$\xff\x816#\xff\x816$\
\xff\x816$\xff\x816$\xff\x816#\xff\x816$\
\xff\x816$\xff\x816$\xff\x816$\xff\x816$\
\xff\x816$\xff\x816$\xff\x816$\xff\x816$\
\xff\x816$\xff\x816$\xff\x816$\xff\x816$\
\xff\x816$\xff\x816$\xff\x816$\xff\x816$\
\xff\x816$\xff\x826$\xff\x816$\xff\x816$\
\xff\x816$\xff\x816$\xff\x816$\xff\x816$\
\xff\x816$\xff\x816$\xff\x816$\xff\x816#\
\xff\x816$\xff\x816$\xff\x816$\xff\x816$\
\xff\x816$\xff\x826$\xff\x826$\xff\x826$\
\xff\x826$\xff\x826$\xff\x826$\xff\x826$\
\xff\x826$\xff\x826$\xff\x826$\xff\x826$\
\xff\x814\x22\xff\x91N?\xff\xe3\xd3\xd0\xff\xff\xff\xff\
\xff\xff\xff\xff\xff\xff\xff\xff\xff\xff\xff\xff\xff\xff\xff\xff\
\xff\xff\xff\xff\xff\xff\xff\xff\xff\xff\xff\xff\xff\xff\xff\xff\
\xff\xff\xff\xff\xff\xec\xe1\xdf\xff\x9feY\xff\x804\x22\
\xff\x826$\xff\x826$\xff\x826$\xff\x827$\
\xff\x826$\xff\x826$\xff\x826$\xff\x826$\
\xff\x826$\xff\x826$\xff\x816$\xff\x826$\
\xff\x816$\xff\x816$\xff\x826$\xff\x816$\
\xff\x826$\xff\x826$\xff\x826$\xff\x826$\
\xff\x826$\xff\x826$\xff\x838&\xff\xca\xab\xa5\
\xff\xff\xff\xff\xff\xff\xff\xff\xff\xff\xff\xff\xff\xff\xff\xff\
\xff\xff\xff\xff\xff\xff\xff\xff\xff\xff\xff\xff\xff\xcb\xad\xa5\
\xff\x838&\xff\x826$\xff\x826$\xff\x816$\
\xff\x826$\xff\x816$\xff\x816$\xff\x826$\
\xff\x826$\xff\x816$\xff\x826$\xff\x816$\
\xff\x816$\xff\x816$\xff\x816$\xff\x816$\
\xff\x826$\xff\x816$\xff\x816$\xff\x826$\
\xff\x826$\xff\x826$\xff\x816$\xff\x826$\
\xff\x826$\xff\x826$\xff\x826$\xff\x816$\
\xff\x816$\xff\x816$\xff\x816$\xff\x816$\
\xff\x816$\xff\x816$\xff\x816$\xff\x816#\
\xff\x816$\xff\x816$\xff\x816$\xff\x816#\
\xff\x816$\xff\x816$\xff\x816$\xff\x816$\
\xff\x816$\xff\x816$\xff\x816#\xff\x816$\
\xff\x816$\xff\x826$\xff\x826$\xff\x816$\
\xff\x816$\xff\x816$\xff\x816$\xff\x816$\
\xff\x816$\xff\x816$\xff\x816$\xff\x816$\
\xff\x816$\xff\x816$\xff\x816$\xff\x816$\
\xff\x816$\xff\x816$\xff\x826$\xff\x826$\
\xff\x816$\xff\x826$\xff\x826$\xff\x826$\
\xff\x827$\xff\x826$\xff\x826$\xff\x826$\
\xff\x826$\xff\x826$\xff\x826$\xff\x826$\
\xff\x826$\xff\x814\x22\xff\xa5oc\xff\xf4\xee\xec\
\xff\xff\xff\xff\xff\xff\xff\xff\xff\xff\xff\xff\xff\xff\xff\xff\
\xff\xff\xff\xff\xff\xff\xff\xff\xff\xff\xff\xff\xff\xff\xff\xff\
\xff\xff\xff\xff\xff\xff\xff\xff\xff\xe6\xd7\xd4\xff\x97XJ\
\xff\x814\x22\xff\x826$\xff\x826$\xff\x826$\
\xff\x826$\xff\x826$\xff\x826$\xff\x826$\
\xff\x826$\xff\x826$\xff\x826$\xff\x826$\
\xff\x826$\xff\x826$\xff\x826$\xff\x826$\
\xff\x826$\xff\x826$\xff\x826$\xff\x826$\
\xff\x826$\xff\x815#\xff\x88A0\xff\xdd\xca\xc6\
\xff\xff\xff\xff\xff\xff\xff\xff\xff\xff\xff\xff\xff\xff\xff\xff\
\xff\xff\xff\xff\xff\xff\xff\xff\xff\xff\xff\xff\xff\xcd\xaf\xa8\
\xff\x849'\xff\x826$\xff\x826$\xff\x826$\
\xff\x826$\xff\x826$\xff\x826$\xff\x826$\
\xff\x816$\xff\x826$\xff\x826$\xff\x826$\
\xff\x816$\xff\x816$\xff\x816$\xff\x826$\
\xff\x826$\xff\x826$\xff\x816$\xff\x826$\
\xff\x826$\xff\x826$\xff\x826$\xff\x826$\
\xff\x826$\xff\x826$\xff\x826$\xff\x826$\
\xff\x826$\xff\x826$\xff\x816$\xff\x816$\
\xff\x816$\xff\x816$\xff\x816$\xff\x816$\
\xff\x816$\xff\x816$\xff\x816$\xff\x826$\
\xff\x816$\xff\x816$\xff\x816$\xff\x816$\
\xff\x816$\xff\x816$\xff\x827$\xff\x826$\
\xff\x816$\xff\x816$\xff\x816$\xff\x816$\
\xff\x816$\xff\x816$\xff\x816$\xff\x816$\
\xff\x816$\xff\x826$\xff\x816$\xff\x816$\
\xff\x816$\xff\x816$\xff\x816$\xff\x826$\
\xff\x826$\xff\x826$\xff\x826$\xff\x826$\
\xff\x826$\xff\x826$\xff\x826$\xff\x826$\
\xff\x826$\xff\x826$\xff\x826$\xff\x826$\
\xff\x826$\xff\x826$\xff\x826$\xff\x826$\
\xff\x826$\xff\x826$\xff\x837&\xff\xbb\x92\x89\
\xff\xfc\xfa\xf9\xff\xff\xff\xff\xff\xff\xff\xff\xff\xff\xff\xff\
\xff\xff\xff\xff\xff\xff\xff\xff\xff\xff\xff\xff\xff\xff\xff\xff\
\xff\xff\xff\xff\xff\xff\xff\xff\xff\xff\xff\xff\xff\xd6\xbe\xb8\
\xff\x88A0\xff\x815#\xff\x826$\xff\x826$\
\xff\x826$\xff\x826$\xff\x826$\xff\x826$\
\xff\x826$\xff\x826$\xff\x826$\xff\x826$\
\xff\x826$\xff\x816$\xff\x826$\xff\x816$\
\xff\x826$\xff\x826$\xff\x826$\xff\x826$\
\xff\x816$\xff\x815\x22\xff\x91PA\xff\xf0\xe7\xe6\
\xff\xff\xff\xff\xff\xff\xff\xff\xff\xff\xff\xff\xff\xff\xff\xff\
\xff\xff\xff\xff\xff\xff\xff\xff\xff\xff\xff\xff\xff\xd1\xb6\xb0\
\xff\x85;*\xff\x826#\xff\x826$\xff\x826$\
\xff\x816$\xff\x827$\xff\x826$\xff\x816$\
\xff\x816$\xff\x816$\xff\x826$\xff\x826$\
\xff\x816$\xff\x816$\xff\x816$\xff\x816$\
\xff\x816$\xff\x816$\xff\x816$\xff\x816$\
\xff\x826$\xff\x826$\xff\x826$\xff\x826$\
\xff\x826$\xff\x816$\xff\x816$\xff\x816$\
\xff\x816$\xff\x816$\xff\x816$\xff\x816$\
\xff\x816$\xff\x816$\xff\x816$\xff\x816$\
\xff\x816$\xff\x816$\xff\x826$\xff\x816$\
\xff\x816$\xff\x816$\xff\x816$\xff\x816$\
\xff\x816$\xff\x816$\xff\x826$\xff\x816$\
\xff\x816$\xff\x816$\xff\x816$\xff\x826$\
\xff\x826$\xff\x816$\xff\x816$\xff\x826$\
\xff\x826$\xff\x816$\xff\x816$\xff\x816$\
\xff\x816$\xff\x826$\xff\x826$\xff\x816$\
\xff\x816$\xff\x826$\xff\x816$\xff\x816$\
\xff\x826$\xff\x826$\xff\x826$\xff\x826$\
\xff\x826$\xff\x826$\xff\x826$\xff\x826$\
\xff\x826$\xff\x826$\xff\x826$\xff\x826$\
\xff\x826$\xff\x826$\xff\x815#\xff\x87?/\
\xff\xce\xb1\xab\xff\xff\xff\xff\xff\xff\xff\xff\xff\xff\xff\xff\
\xff\xff\xff\xff\xff\xff\xff\xff\xff\xff\xff\xff\xff\xff\xff\xff\
\xff\xff\xff\xff\xff\xff\xff\xff\xff\xff\xff\xff\xff\xfc\xfa\xfa\
\xff\xb4\x88\x7f\xff\x815#\xff\x826$\xff\x826$\
\xff\x826$\xff\x826$\xff\x826$\xff\x826$\
\xff\x816$\xff\x826$\xff\x826$\xff\x816$\
\xff\x816$\xff\x816$\xff\x816$\xff\x826$\
\xff\x816$\xff\x826$\xff\x816$\xff\x826$\
\xff\x826$\xff\x803!\xff\xa5oc\xff\xf9\xf5\xf4\
\xff\xff\xff\xff\xff\xff\xff\xff\xff\xff\xff\xff\xff\xff\xff\xff\
\xff\xff\xff\xff\xff\xff\xff\xff\xff\xff\xff\xff\xff\xd7\xbe\xb9\
\xff\x87>-\xff\x816#\xff\x826$\xff\x816$\
\xff\x816$\xff\x816$\xff\x827$\xff\x826$\
\xff\x816$\xff\x826$\xff\x826$\xff\x826$\
\xff\x816$\xff\x826$\xff\x816$\xff\x826$\
\xff\x826$\xff\x816$\xff\x816$\xff\x816$\
\xff\x816$\xff\x816$\xff\x816$\xff\x816#\
\xff\x816$\xff\x816#\xff\x826$\xff\x826$\
\xff\x816$\xff\x816$\xff\x816$\xff\x816$\
\xff\x826$\xff\x816$\xff\x816$\xff\x816$\
\xff\x816$\xff\x816$\xff\x816$\xff\x816$\
\xff\x816$\xff\x816$\xff\x816$\xff\x816$\
\xff\x816$\xff\x826$\xff\x816$\xff\x826$\
\xff\x816$\xff\x826$\xff\x816$\xff\x816$\
\xff\x826$\xff\x816$\xff\x816$\xff\x816$\
\xff\x816$\xff\x816$\xff\x816$\xff\x816$\
\xff\x816$\xff\x816$\xff\x816$\xff\x816$\
\xff\x816$\xff\x826$\xff\x826$\xff\x816$\
\xff\x826$\xff\x826$\xff\x826$\xff\x826$\
\xff\x826$\xff\x826$\xff\x826$\xff\x826$\
\xff\x816$\xff\x816$\xff\x826$\xff\x826$\
\xff\x826$\xff\x826$\xff\x826$\xff\x814\x22\
\xff\x90M>\xff\xde\xcb\xc7\xff\xff\xff\xff\xff\xff\xff\xff\
\xff\xff\xff\xff\xff\xff\xff\xff\xff\xff\xff\xff\xff\xff\xff\xff\
\xff\xff\xff\xff\xff\xff\xff\xff\xff\xff\xff\xff\xff\xff\xff\xff\
\xff\xe9\xdc\xda\xff\x92PB\xff\x815\x22\xff\x826$\
\xff\x826$\xff\x816$\xff\x826$\xff\x826$\
\xff\x826$\xff\x816$\xff\x816$\xff\x826$\
\xff\x826$\xff\x826$\xff\x816$\xff\x826$\
\xff\x826$\xff\x826$\xff\x816$\xff\x826$\
\xff\x826$\xff\x803!\xff\xbb\x91\x88\xff\xff\xff\xff\
\xff\xff\xff\xff\xff\xff\xff\xff\xff\xff\xff\xff\xff\xff\xff\xff\
\xff\xff\xff\xff\xff\xff\xff\xff\xff\xff\xff\xff\xff\xdc\xc7\xc3\
\xff\x88A/\xff\x815#\xff\x826$\xff\x816$\
\xff\x816$\xff\x816$\xff\x826$\xff\x816$\
\xff\x816$\xff\x826$\xff\x816$\xff\x816$\
\xff\x816$\xff\x826$\xff\x826$\xff\x826$\
\xff\x816$\xff\x816$\xff\x816$\xff\x816$\
\xff\x816$\xff\x826$\xff\x816$\xff\x826$\
\xff\x816$\xff\x816$\xff\x826$\xff\x816#\
\xff\x816$\xff\x816$\xff\x816$\xff\x816$\
\xff\x816$\xff\x816$\xff\x816$\xff\x816$\
\xff\x816$\xff\x816$\xff\x816$\xff\x816$\
\xff\x816$\xff\x816$\xff\x816$\xff\x816$\
\xff\x826$\xff\x816$\xff\x816$\xff\x816$\
\xff\x816$\xff\x826$\xff\x826$\xff\x816$\
\xff\x816$\xff\x816$\xff\x816$\xff\x816$\
\xff\x816$\xff\x816$\xff\x816$\xff\x816$\
\xff\x816$\xff\x826$\xff\x816$\xff\x816$\
\xff\x816$\xff\x816$\xff\x826$\xff\x826$\
\xff\x826$\xff\x826$\xff\x826$\xff\x826$\
\xff\x826$\xff\x826$\xff\x816$\xff\x826$\
\xff\x826$\xff\x816$\xff\x826$\xff\x826$\
\xff\x816$\xff\x816$\xff\x826$\xff\x826$\
\xff\x804!\xff\xa1i\x5c\xff\xf6\xf1\xf0\xff\xff\xff\xff\
\xff\xff\xff\xff\xff\xff\xff\xff\xff\xff\xff\xff\xff\xff\xff\xff\
\xff\xff\xff\xff\xff\xff\xff\xff\xff\xff\xff\xff\xff\xff\xff\xff\
\xff\xfe\xfe\xfe\xff\xba\x90\x87\xff\x815#\xff\x826$\
\xff\x826$\xff\x816$\xff\x826$\xff\x826$\
\xff\x826$\xff\x816$\xff\x826$\xff\x826$\
\xff\x826$\xff\x826$\xff\x826$\xff\x826$\
\xff\x826$\xff\x826$\xff\x816$\xff\x826$\
\xff\x816#\xff\x85;*\xff\xd1\xb5\xb0\xff\xff\xff\xff\
\xff\xff\xff\xff\xff\xff\xff\xff\xff\xff\xff\xff\xff\xff\xff\xff\
\xff\xff\xff\xff\xff\xff\xff\xff\xff\xff\xff\xff\xff\xe2\xd0\xcd\
\xff\x8aC2\xff\x815#\xff\x826$\xff\x816$\
\xff\x816$\xff\x826$\xff\x826$\xff\x816$\
\xff\x816$\xff\x816$\xff\x816$\xff\x816$\
\xff\x826$\xff\x816$\xff\x816$\xff\x816$\
\xff\x816$\xff\x816$\xff\x816$\xff\x816#\
\xff\x816$\xff\x816$\xff\x816$\xff\x816$\
\xff\x816$\xff\x816$\xff\x816$\xff\x816#\
\xff\x816$\xff\x816$\xff\x816$\xff\x816$\
\xff\x816$\xff\x816$\xff\x816$\xff\x816$\
\xff\x816$\xff\x816$\xff\x816$\xff\x816$\
\xff\x816$\xff\x816$\xff\x816$\xff\x816$\
\xff\x826$\xff\x826$\xff\x826$\xff\x816$\
\xff\x816$\xff\x826$\xff\x816$\xff\x816$\
\xff\x816$\xff\x816$\xff\x816$\xff\x816$\
\xff\x826$\xff\x816$\xff\x816$\xff\x816$\
\xff\x816$\xff\x826$\xff\x826$\xff\x826$\
\xff\x816$\xff\x826$\xff\x826$\xff\x826$\
\xff\x826$\xff\x816$\xff\x816$\xff\x826$\
\xff\x816$\xff\x826$\xff\x826$\xff\x826$\
\xff\x826$\xff\x826$\xff\x827$\xff\x826$\
\xff\x826$\xff\x826$\xff\x826$\xff\x826$\
\xff\x815#\xff\x88@/\xff\xdc\xc8\xc4\xff\xff\xff\xff\
\xff\xff\xff\xff\xff\xff\xff\xff\xff\xff\xff\xff\xff\xff\xff\xff\
\xff\xff\xff\xff\xff\xff\xff\xff\xff\xff\xff\xff\xff\xff\xff\xff\
\xff\xff\xff\xff\xff\xe5\xd5\xd2\xff\x8eJ9\xff\x815#\
\xff\x826$\xff\x816$\xff\x826$\xff\x826$\
\xff\x826$\xff\x826$\xff\x826$\xff\x826$\
\xff\x826$\xff\x826$\xff\x826$\xff\x826$\
\xff\x826$\xff\x826$\xff\x826$\xff\x826$\
\xff\x815#\xff\x8cF6\xff\xe7\xd9\xd7\xff\xff\xff\xff\
\xff\xff\xff\xff\xff\xff\xff\xff\xff\xff\xff\xff\xff\xff\xff\xff\
\xff\xff\xff\xff\xff\xff\xff\xff\xff\xff\xff\xff\xff\xdf\xcd\xc9\
\xff\x89B1\xff\x815#\xff\x826$\xff\x816$\
\xff\x816$\xff\x816$\xff\x816$\xff\x816$\
\xff\x826$\xff\x826$\xff\x826$\xff\x816$\
\xff\x816$\xff\x816$\xff\x816$\xff\x826$\
\xff\x826$\xff\x816$\xff\x816$\xff\x816$\
\xff\x816$\xff\x826$\xff\x816$\xff\x816$\
\xff\x816$\xff\x816$\xff\x826$\xff\x816$\
\xff\x816$\xff\x816$\xff\x816$\xff\x816$\
\xff\x816$\xff\x816$\xff\x816$\xff\x816$\
\xff\x816$\xff\x816$\xff\x816$\xff\x826$\
\xff\x816$\xff\x816$\xff\x816$\xff\x826$\
\xff\x816$\xff\x826$\xff\x826$\xff\x826$\
\xff\x826$\xff\x816$\xff\x816$\xff\x816$\
\xff\x826$\xff\x826$\xff\x826$\xff\x816$\
\xff\x816$\xff\x816$\xff\x816$\xff\x816$\
\xff\x816$\xff\x816$\xff\x816$\xff\x816#\
\xff\x816$\xff\x816$\xff\x826$\xff\x826$\
\xff\x826$\xff\x826$\xff\x826$\xff\x816$\
\xff\x816$\xff\x826$\xff\x826$\xff\x826$\
\xff\x816$\xff\x816$\xff\x827$\xff\x826$\
\xff\x826$\xff\x826$\xff\x826$\xff\x826$\
\xff\x826$\xff\x814\x22\xff\xb8\x8e\x85\xff\xfe\xfe\xfe\
\xff\xff\xff\xff\xff\xff\xff\xff\xff\xff\xff\xff\xff\xff\xff\xff\
\xff\xff\xff\xff\xff\xff\xff\xff\xff\xff\xff\xff\xff\xff\xff\xff\
\xff\xff\xff\xff\xff\xfc\xfb\xfb\xff\xb2\x84z\xff\x804\x22\
\xff\x826$\xff\x826$\xff\x826$\xff\x826$\
\xff\x826$\xff\x826$\xff\x826$\xff\x826$\
\xff\x826$\xff\x826$\xff\x826$\xff\x826$\
\xff\x826$\xff\x826$\xff\x826$\xff\x826$\
\xff\x814\x22\xff\x9daS\xff\xf5\xf0\xee\xff\xff\xff\xff\
\xff\xff\xff\xff\xff\xff\xff\xff\xff\xff\xff\xff\xff\xff\xff\xff\
\xff\xff\xff\xff\xff\xff\xff\xff\xff\xff\xff\xff\xff\xd9\xc2\xbd\
\xff\x87?.\xff\x815#\xff\x826$\xff\x816$\
\xff\x816$\xff\x816$\xff\x816$\xff\x816$\
\xff\x826$\xff\x826$\xff\x826$\xff\x816$\
\xff\x826$\xff\x816$\xff\x816$\xff\x826$\
\xff\x826$\xff\x816$\xff\x816$\xff\x816$\
\xff\x816$\xff\x826$\xff\x816$\xff\x816$\
\xff\x816$\xff\x826$\xff\x816$\xff\x816$\
\xff\x816$\xff\x816$\xff\x816$\xff\x816$\
\xff\x816$\xff\x816$\xff\x816$\xff\x816$\
\xff\x816$\xff\x816$\xff\x816$\xff\x816$\
\xff\x816$\xff\x816$\xff\x816$\xff\x816$\
\xff\x816$\xff\x816$\xff\x826$\xff\x826$\
\xff\x816$\xff\x826$\xff\x816$\xff\x816$\
\xff\x826$\xff\x816$\xff\x816$\xff\x816$\
\xff\x816$\xff\x816$\xff\x816$\xff\x816$\
\xff\x816$\xff\x826$\xff\x816$\xff\x816$\
\xff\x816$\xff\x826$\xff\x826$\xff\x826$\
\xff\x826$\xff\x826$\xff\x826$\xff\x826$\
\xff\x826$\xff\x826$\xff\x826$\xff\x826$\
\xff\x816$\xff\x816$\xff\x826$\xff\x826$\
\xff\x826$\xff\x826$\xff\x826$\xff\x826$\
\xff\x826$\xff\x814\x22\xff\x95VG\xff\xef\xe6\xe4\
\xff\xff\xff\xff\xff\xff\xff\xff\xff\xff\xff\xff\xff\xff\xff\xff\
\xff\xff\xff\xff\xff\xff\xff\xff\xff\xff\xff\xff\xff\xff\xff\xff\
\xff\xff\xff\xff\xff\xff\xff\xff\xff\xe0\xcd\xc9\xff\x8bD4\
\xff\x815#\xff\x826$\xff\x826$\xff\x826$\
\xff\x826$\xff\x826$\xff\x826$\xff\x826$\
\xff\x826$\xff\x826$\xff\x826$\xff\x827$\
\xff\x826$\xff\x826$\xff\x826$\xff\x826$\
\xff\x802 \xff\xb4\x86|\xff\xfe\xfd\xfd\xff\xff\xff\xff\
\xff\xff\xff\xff\xff\xff\xff\xff\xff\xff\xff\xff\xff\xff\xff\xff\
\xff\xff\xff\xff\xff\xff\xff\xff\xff\xff\xff\xff\xff\xd1\xb5\xaf\
\xff\x85;)\xff\x815#\xff\x816$\xff\x816$\
\xff\x826$\xff\x826$\xff\x826$\xff\x816$\
\xff\x816$\xff\x826$\xff\x826$\xff\x826$\
\xff\x826$\xff\x826$\xff\x816$\xff\x816$\
\xff\x816$\xff\x816$\xff\x816$\xff\x816$\
\xff\x826$\xff\x826$\xff\x816$\xff\x816$\
\xff\x816$\xff\x816$\xff\x826$\xff\x816$\
\xff\x816$\xff\x816$\xff\x816$\xff\x816$\
\xff\x816$\xff\x826$\xff\x816$\xff\x816$\
\xff\x816$\xff\x816$\xff\x816$\xff\x816$\
\xff\x816$\xff\x816$\xff\x816$\xff\x816$\
\xff\x816$\xff\x816$\xff\x826$\xff\x816$\
\xff\x816$\xff\x816$\xff\x826$\xff\x816$\
\xff\x816$\xff\x816$\xff\x816$\xff\x816$\
\xff\x816$\xff\x816$\xff\x816$\xff\x816$\
\xff\x816$\xff\x816$\xff\x816$\xff\x816$\
\xff\x826$\xff\x826$\xff\x826$\xff\x826$\
\xff\x826$\xff\x816$\xff\x826$\xff\x826$\
\xff\x826$\xff\x826$\xff\x826$\xff\x826$\
\xff\x826$\xff\x826$\xff\x826$\xff\x826$\
\xff\x816$\xff\x826$\xff\x826$\xff\x826$\
\xff\x826$\xff\x816$\xff\x839'\xff\xc9\xa9\xa2\
\xff\xff\xff\xff\xff\xff\xff\xff\xff\xff\xff\xff\xff\xff\xff\xff\
\xff\xff\xff\xff\xff\xff\xff\xff\xff\xff\xff\xff\xff\xff\xff\xff\
\xff\xff\xff\xff\xff\xff\xff\xff\xff\xfb\xf8\xf8\xff\xad{p\
\xff\x804!\xff\x816$\xff\x826$\xff\x826$\
\xff\x826$\xff\x826$\xff\x826$\xff\x826$\
\xff\x826$\xff\x826$\xff\x826$\xff\x826$\
\xff\x826$\xff\x816$\xff\x826$\xff\x826#\
\xff\x827%\xff\xcb\xac\xa5\xff\xff\xff\xff\xff\xff\xff\xff\
\xff\xff\xff\xff\xff\xff\xff\xff\xff\xff\xff\xff\xff\xff\xff\xff\
\xff\xff\xff\xff\xff\xff\xff\xff\xff\xff\xff\xff\xff\xc7\xa5\x9d\
\xff\x826$\xff\x826$\xff\x826$\xff\x816$\
\xff\x816$\xff\x826$\xff\x816$\xff\x816$\
\xff\x816$\xff\x816$\xff\x816$\xff\x816$\
\xff\x816$\xff\x826$\xff\x816$\xff\x816$\
\xff\x826$\xff\x816$\xff\x816$\xff\x816$\
\xff\x816$\xff\x816$\xff\x816$\xff\x816$\
\xff\x816$\xff\x816$\xff\x816$\xff\x826$\
\xff\x816$\xff\x816$\xff\x816$\xff\x816$\
\xff\x816$\xff\x816$\xff\x816$\xff\x816$\
\xff\x816$\xff\x816$\xff\x816$\xff\x816$\
\xff\x816$\xff\x816$\xff\x816$\xff\x826$\
\xff\x816$\xff\x816$\xff\x826$\xff\x816$\
\xff\x826$\xff\x816$\xff\x816$\xff\x816$\
\xff\x816$\xff\x816$\xff\x816$\xff\x816$\
\xff\x816$\xff\x816$\xff\x816$\xff\x816$\
\xff\x816$\xff\x816$\xff\x826$\xff\x816$\
\xff\x816$\xff\x816$\xff\x816$\xff\x826$\
\xff\x816$\xff\x816$\xff\x816$\xff\x816$\
\xff\x816$\xff\x816$\xff\x816$\xff\x816$\
\xff\x816$\xff\x816$\xff\x816$\xff\x826$\
\xff\x826$\xff\x816$\xff\x816$\xff\x816$\
\xff\x826$\xff\x826$\xff\x814\x22\xff\x95UF\
\xff\xe6\xd6\xd4\xff\xff\xff\xff\xff\xff\xff\xff\xff\xff\xff\xff\
\xff\xff\xff\xff\xff\xff\xff\xff\xff\xff\xff\xff\xff\xff\xff\xff\
\xff\xff\xff\xff\xff\xff\xff\xff\xff\xff\xff\xff\xff\xda\xc4\xc0\
\xff\x88@0\xff\x816#\xff\x826$\xff\x817$\
\xff\x816$\xff\x816$\xff\x826$\xff\x826$\
\xff\x826$\xff\x827$\xff\x827$\xff\x826$\
\xff\x826$\xff\x816$\xff\x816#\xff\x814\x22\
\xff\x9edW\xff\xec\xe1\xdf\xff\xff\xff\xff\xff\xff\xff\xff\
\xff\xff\xff\xff\xff\xff\xff\xff\xff\xff\xff\xff\xff\xff\xff\xff\
\xff\xff\xff\xff\xff\xff\xff\xff\xff\xff\xff\xff\xff\xba\x90\x87\
\xff\x7f2 \xff\x826$\xff\x816$\xff\x816$\
\xff\x816$\xff\x816$\xff\x816$\xff\x816$\
\xff\x816$\xff\x816$\xff\x816$\xff\x816$\
\xff\x816$\xff\x816$\xff\x816$\xff\x816$\
\xff\x826$\xff\x816$\xff\x816$\xff\x816$\
\xff\x816$\xff\x816$\xff\x816$\xff\x816$\
\xff\x816$\xff\x816$\xff\x816$\xff\x816$\
\xff\x816$\xff\x816$\xff\x816$\xff\x816$\
\xff\x816$\xff\x816$\xff\x816$\xff\x816$\
\xff\x816$\xff\x816$\xff\x816$\xff\x816$\
\xff\x816$\xff\x816$\xff\x816$\xff\x816$\
\xff\x816$\xff\x816$\xff\x816$\xff\x816$\
\xff\x816$\xff\x816$\xff\x816$\xff\x816$\
\xff\x816$\xff\x816$\xff\x816$\xff\x816$\
\xff\x826$\xff\x816$\xff\x816$\xff\x816$\
\xff\x816$\xff\x816$\xff\x816$\xff\x816$\
\xff\x816$\xff\x826$\xff\x826$\xff\x826$\
\xff\x816$\xff\x816$\xff\x816$\xff\x816$\
\xff\x816$\xff\x816$\xff\x826$\xff\x826$\
\xff\x816$\xff\x816$\xff\x816$\xff\x826$\
\xff\x816$\xff\x816$\xff\x816$\xff\x816$\
\xff\x826$\xff\x826$\xff\x826$\xff\x802 \
\xff\xb7\x8b\x82\xff\xfe\xfd\xfd\xff\xff\xff\xff\xff\xff\xff\xff\
\xff\xff\xff\xff\xff\xff\xff\xff\xff\xff\xff\xff\xff\xff\xff\xff\
\xff\xff\xff\xff\xff\xff\xff\xff\xff\xff\xff\xff\xff\xf9\xf5\xf4\
\xff\xa7rf\xff\x803!\xff\x826$\xff\x826$\
\xff\x816$\xff\x826$\xff\x816$\xff\x826$\
\xff\x826$\xff\x826$\xff\x826$\xff\x816$\
\xff\x816$\xff\x815#\xff\x839(\xff\xad|r\
\xff\xec\xe2\xe0\xff\xff\xff\xff\xff\xff\xff\xff\xff\xff\xff\xff\
\xff\xff\xff\xff\xff\xff\xff\xff\xff\xff\xff\xff\xff\xff\xff\xff\
\xff\xff\xff\xff\xff\xff\xff\xff\xff\xfa\xf8\xf7\xff\xaawl\
\xff\x7f3!\xff\x826$\xff\x816$\xff\x816$\
\xff\x816$\xff\x816$\xff\x816$\xff\x816$\
\xff\x816$\xff\x816$\xff\x816$\xff\x816$\
\xff\x816$\xff\x816$\xff\x816$\xff\x816$\
\xff\x816$\xff\x816$\xff\x816$\xff\x816$\
\xff\x816$\xff\x816$\xff\x816$\xff\x816$\
\xff\x816$\xff\x816$\xff\x816$\xff\x816$\
\xff\x816$\xff\x816$\xff\x816$\xff\x816$\
\xff\x816$\xff\x816$\xff\x816$\xff\x816$\
\xff\x816$\xff\x816$\xff\x816$\xff\x816$\
\xff\x816$\xff\x816$\xff\x816$\xff\x816$\
\xff\x816$\xff\x816$\xff\x816$\xff\x816$\
\xff\x826$\xff\x826$\xff\x826$\xff\x816$\
\xff\x816$\xff\x816$\xff\x816$\xff\x816$\
\xff\x816$\xff\x816$\xff\x816$\xff\x816$\
\xff\x816$\xff\x816$\xff\x826$\xff\x826$\
\xff\x826$\xff\x826$\xff\x826#\xff\x826$\
\xff\x826$\xff\x816$\xff\x816$\xff\x826$\
\xff\x826$\xff\x826$\xff\x826$\xff\x816$\
\xff\x826$\xff\x816$\xff\x816$\xff\x826$\
\xff\x816$\xff\x816$\xff\x816$\xff\x826$\
\xff\x826$\xff\x826$\xff\x826$\xff\x804!\
\xff\xa4nb\xff\xf8\xf4\xf3\xff\xff\xff\xff\xff\xff\xff\xff\
\xff\xff\xff\xff\xff\xff\xff\xff\xff\xff\xff\xff\xff\xff\xff\xff\
\xff\xff\xff\xff\xff\xff\xff\xff\xff\xff\xff\xff\xff\xff\xff\xff\
\xff\xd5\xbb\xb6\xff\x86=,\xff\x815#\xff\x826$\
\xff\x826$\xff\x826$\xff\x826$\xff\x826$\
\xff\x826$\xff\x826$\xff\x827$\xff\x826$\
\xff\x815#\xff\x87>-\xff\xbd\x95\x8d\xff\xf7\xf2\xf1\
\xff\xff\xff\xff\xff\xff\xff\xff\xff\xff\xff\xff\xff\xff\xff\xff\
\xff\xff\xff\xff\xff\xff\xff\xff\xff\xff\xff\xff\xff\xff\xff\xff\
\xff\xff\xff\xff\xff\xff\xff\xff\xff\xf2\xea\xe9\xff\x96WI\
\xff\x814\x22\xff\x816$\xff\x816$\xff\x816$\
\xff\x816$\xff\x816$\xff\x816$\xff\x826$\
\xff\x816$\xff\x816$\xff\x826$\xff\x816$\
\xff\x816$\xff\x816$\xff\x816$\xff\x816$\
\xff\x816$\xff\x816$\xff\x816$\xff\x816$\
\xff\x816$\xff\x816$\xff\x816$\xff\x816$\
\xff\x816$\xff\x826$\xff\x816$\xff\x816$\
\xff\x816$\xff\x816#\xff\x816$\xff\x826$\
\xff\x816$\xff\x816$\xff\x816$\xff\x816$\
\xff\x816$\xff\x816$\xff\x826$\xff\x816$\
\xff\x816$\xff\x816$\xff\x816$\xff\x826$\
\xff\x816$\xff\x816$\xff\x816$\xff\x816$\
\xff\x816$\xff\x826$\xff\x826$\xff\x816$\
\xff\x816$\xff\x816$\xff\x816$\xff\x816$\
\xff\x816$\xff\x816$\xff\x816$\xff\x816$\
\xff\x816$\xff\x816$\xff\x816$\xff\x826$\
\xff\x826$\xff\x826$\xff\x826$\xff\x826$\
\xff\x816$\xff\x826$\xff\x826$\xff\x816$\
\xff\x826$\xff\x826$\xff\x826$\xff\x826$\
\xff\x816$\xff\x816$\xff\x816$\xff\x816$\
\xff\x816$\xff\x816$\xff\x816$\xff\x826$\
\xff\x826$\xff\x826$\xff\x826$\xff\x814\x22\
\xff\x96WI\xff\xf3\xec\xeb\xff\xff\xff\xff\xff\xff\xff\xff\
\xff\xff\xff\xff\xff\xff\xff\xff\xff\xff\xff\xff\xff\xff\xff\xff\
\xff\xff\xff\xff\xff\xff\xff\xff\xff\xff\xff\xff\xff\xff\xff\xff\
\xff\xf7\xf2\xf1\xff\xa2k_\xff\x804!\xff\x827$\
\xff\x826$\xff\x826$\xff\x827$\xff\x826$\
\xff\x826$\xff\x826$\xff\x826$\xff\x814\x22\
\xff\x8aE4\xff\xca\xa9\xa2\xff\xfc\xf9\xf9\xff\xff\xff\xff\
\xff\xff\xff\xff\xff\xff\xff\xff\xff\xff\xff\xff\xff\xff\xff\xff\
\xff\xff\xff\xff\xff\xff\xff\xff\xff\xff\xff\xff\xff\xff\xff\xff\
\xff\xff\xff\xff\xff\xff\xff\xff\xff\xd5\xbd\xb8\xff\x86=,\
\xff\x815#\xff\x816$\xff\x816$\xff\x816$\
\xff\x816$\xff\x816$\xff\x816$\xff\x816$\
\xff\x816$\xff\x816$\xff\x816$\xff\x816$\
\xff\x816$\xff\x816$\xff\x816$\xff\x816$\
\xff\x816$\xff\x816$\xff\x816$\xff\x816$\
\xff\x816$\xff\x816$\xff\x816$\xff\x816$\
\xff\x816$\xff\x826$\xff\x816$\xff\x826$\
\xff\x816$\xff\x816$\xff\x816$\xff\x816$\
\xff\x816$\xff\x816$\xff\x816$\xff\x816$\
\xff\x816$\xff\x816$\xff\x816$\xff\x816$\
\xff\x816$\xff\x816$\xff\x816$\xff\x816$\
\xff\x816$\xff\x816$\xff\x816$\xff\x816$\
\xff\x816$\xff\x826$\xff\x816$\xff\x816$\
\xff\x816$\xff\x826$\xff\x816$\xff\x816$\
\xff\x816$\xff\x816$\xff\x816$\xff\x816$\
\xff\x816$\xff\x816$\xff\x816$\xff\x826$\
\xff\x826$\xff\x826$\xff\x826$\xff\x816$\
\xff\x816$\xff\x816$\xff\x816$\xff\x816$\
\xff\x816$\xff\x826$\xff\x826$\xff\x816$\
\xff\x816$\xff\x816$\xff\x816$\xff\x826$\
\xff\x826$\xff\x816$\xff\x826$\xff\x826$\
\xff\x816$\xff\x826$\xff\x826$\xff\x815#\
\xff\x8bF6\xff\xe9\xdc\xda\xff\xff\xff\xff\xff\xff\xff\xff\
\xff\xff\xff\xff\xff\xff\xff\xff\xff\xff\xff\xff\xff\xff\xff\xff\
\xff\xff\xff\xff\xff\xff\xff\xff\xff\xff\xff\xff\xff\xff\xff\xff\
\xff\xff\xff\xff\xff\xd1\xb6\xb1\xff\x85<+\xff\x816#\
\xff\x826$\xff\x826$\xff\x826$\xff\x826$\
\xff\x826$\xff\x826$\xff\x814\x22\xff\x8fK<\
\xff\xd2\xb7\xb1\xff\xfe\xfd\xfd\xff\xff\xff\xff\xff\xff\xff\xff\
\xff\xff\xff\xff\xff\xff\xff\xff\xff\xff\xff\xff\xff\xff\xff\xff\
\xff\xff\xff\xff\xff\xff\xff\xff\xff\xff\xff\xff\xff\xff\xff\xff\
\xff\xff\xff\xff\xff\xfb\xf8\xf8\xff\xabyn\xff\x803!\
\xff\x816$\xff\x816$\xff\x816$\xff\x816$\
\xff\x816$\xff\x816$\xff\x816$\xff\x816$\
\xff\x816$\xff\x816$\xff\x816$\xff\x816$\
\xff\x816$\xff\x826$\xff\x816$\xff\x816$\
\xff\x816$\xff\x816$\xff\x816$\xff\x816$\
\xff\x816$\xff\x816$\xff\x816$\xff\x816$\
\xff\x816$\xff\x816$\xff\x816$\xff\x816$\
\xff\x816$\xff\x816$\xff\x816$\xff\x816$\
\xff\x816$\xff\x816$\xff\x816$\xff\x816$\
\xff\x816$\xff\x816$\xff\x816$\xff\x816$\
\xff\x816$\xff\x816$\xff\x816$\xff\x816$\
\xff\x816$\xff\x816$\xff\x816$\xff\x826$\
\xff\x826$\xff\x816$\xff\x816$\xff\x816$\
\xff\x816$\xff\x816$\xff\x816$\xff\x816$\
\xff\x816$\xff\x816$\xff\x816$\xff\x816#\
\xff\x816$\xff\x816$\xff\x816$\xff\x816$\
\xff\x816#\xff\x826$\xff\x816$\xff\x826$\
\xff\x816$\xff\x816$\xff\x816$\xff\x816$\
\xff\x816$\xff\x816$\xff\x816$\xff\x816$\
\xff\x826$\xff\x826$\xff\x816$\xff\x826$\
\xff\x826$\xff\x816$\xff\x816$\xff\x816$\
\xff\x816$\xff\x816$\xff\x816$\xff\x825#\
\xff\x87?.\xff\xd8\xc1\xbd\xff\xff\xff\xff\xff\xff\xff\xff\
\xff\xff\xff\xff\xff\xff\xff\xff\xff\xff\xff\xff\xff\xff\xff\xff\
\xff\xff\xff\xff\xff\xff\xff\xff\xff\xff\xff\xff\xff\xff\xff\xff\
\xff\xff\xff\xff\xff\xf5\xef\xee\xff\x9ffY\xff\x804!\
\xff\x826$\xff\x816$\xff\x826$\xff\x826$\
\xff\x816$\xff\x814\x22\xff\x91O@\xff\xd8\xc1\xbd\
\xff\xff\xff\xff\xff\xff\xff\xff\xff\xff\xff\xff\xff\xff\xff\xff\
\xff\xff\xff\xff\xff\xff\xff\xff\xff\xff\xff\xff\xff\xff\xff\xff\
\xff\xff\xff\xff\xff\xff\xff\xff\xff\xff\xff\xff\xff\xff\xff\xff\
\xff\xff\xff\xff\xff\xde\xcb\xc6\xff\x8aD3\xff\x815#\
\xff\x816$\xff\x816$\xff\x816$\xff\x816$\
\xff\x816$\xff\x816$\xff\x816$\xff\x816$\
\xff\x816$\xff\x816$\xff\x816$\xff\x816$\
\xff\x816$\xff\x816$\xff\x816#\xff\x816#\
\xff\x816#\xff\x816$\xff\x816$\xff\x816#\
\xff\x816$\xff\x816$\xff\x826$\xff\x816$\
\xff\x816$\xff\x816$\xff\x816$\xff\x816$\
\xff\x816#\xff\x816#\xff\x816$\xff\x816$\
\xff\x816$\xff\x816$\xff\x816#\xff\x816$\
\xff\x816$\xff\x816$\xff\x816$\xff\x816$\
\xff\x816$\xff\x816$\xff\x816$\xff\x816$\
\xff\x816$\xff\x816$\xff\x816$\xff\x816$\
\xff\x826$\xff\x816$\xff\x816$\xff\x816$\
\xff\x816$\xff\x816$\xff\x816$\xff\x816$\
\xff\x816$\xff\x816$\xff\x816$\xff\x816$\
\xff\x816#\xff\x816$\xff\x816$\xff\x816#\
\xff\x816#\xff\x826$\xff\x826$\xff\x816#\
\xff\x816$\xff\x816$\xff\x826$\xff\x816$\
\xff\x816$\xff\x816$\xff\x816$\xff\x816$\
\xff\x826$\xff\x826$\xff\x826$\xff\x826$\
\xff\x816$\xff\x816$\xff\x826$\xff\x816$\
\xff\x816$\xff\x816$\xff\x816$\xff\x826$\
\xff\x826$\xff\xc7\xa6\x9f\xff\xff\xff\xff\xff\xff\xff\xff\
\xff\xff\xff\xff\xff\xff\xff\xff\xff\xff\xff\xff\xff\xff\xff\xff\
\xff\xff\xff\xff\xff\xff\xff\xff\xff\xff\xff\xff\xff\xff\xff\xff\
\xff\xff\xff\xff\xff\xff\xff\xff\xff\xcd\xb0\xaa\xff\x84:)\
\xff\x826#\xff\x826$\xff\x816$\xff\x826$\
\xff\x804\x22\xff\x92PA\xff\xda\xc4\xc0\xff\xff\xff\xff\
\xff\xff\xff\xff\xff\xff\xff\xff\xff\xff\xff\xff\xff\xff\xff\xff\
\xff\xff\xff\xff\xff\xff\xff\xff\xff\xff\xff\xff\xff\xff\xff\xff\
\xff\xff\xff\xff\xff\xff\xff\xff\xff\xff\xff\xff\xff\xff\xff\xff\
\xff\xfb\xf8\xf7\xff\xad|q\xff\x804!\xff\x826$\
\xff\x826$\xff\x816$\xff\x816$\xff\x816$\
\xff\x816$\xff\x816$\xff\x816$\xff\x816$\
\xff\x816$\xff\x826$\xff\x816#\xff\x816$\
\xff\x816$\xff\x816$\xff\x816$\xff\x816$\
\xff\x816#\xff\x816$\xff\x816$\xff\x816$\
\xff\x816$\xff\x816$\xff\x816$\xff\x816$\
\xff\x816$\xff\x826$\xff\x826$\xff\x826$\
\xff\x816$\xff\x816$\xff\x816$\xff\x816$\
\xff\x826$\xff\x816$\xff\x816$\xff\x816$\
\xff\x816$\xff\x826$\xff\x816$\xff\x816$\
\xff\x816$\xff\x816$\xff\x816$\xff\x816$\
\xff\x816$\xff\x816$\xff\x816$\xff\x816$\
\xff\x816$\xff\x826$\xff\x816$\xff\x816$\
\xff\x816$\xff\x816$\xff\x816$\xff\x816$\
\xff\x816$\xff\x816$\xff\x816$\xff\x816$\
\xff\x826$\xff\x816$\xff\x816$\xff\x816$\
\xff\x816$\xff\x816$\xff\x826$\xff\x816$\
\xff\x816$\xff\x816$\xff\x816$\xff\x816$\
\xff\x816$\xff\x816$\xff\x816$\xff\x826$\
\xff\x816$\xff\x826$\xff\x826$\xff\x816$\
\xff\x816$\xff\x816$\xff\x826$\xff\x826$\
\xff\x816$\xff\x826$\xff\x826$\xff\x826$\
\xff\x7f2 \xff\xb6\x8a\x81\xff\xfe\xfe\xfe\xff\xff\xff\xff\
\xff\xff\xff\xff\xff\xff\xff\xff\xff\xff\xff\xff\xff\xff\xff\xff\
\xff\xff\xff\xff\xff\xff\xff\xff\xff\xff\xff\xff\xff\xff\xff\xff\
\xff\xff\xff\xff\xff\xff\xff\xff\xff\xf4\xed\xec\xff\x9dcU\
\xff\x804!\xff\x826$\xff\x826$\xff\x814\x22\
\xff\x92QB\xff\xdb\xc5\xc1\xff\xff\xff\xff\xff\xff\xff\xff\
\xff\xff\xff\xff\xff\xff\xff\xff\xff\xff\xff\xff\xff\xff\xff\xff\
\xff\xff\xff\xff\xff\xff\xff\xff\xff\xff\xff\xff\xff\xff\xff\xff\
\xff\xff\xff\xff\xff\xff\xff\xff\xff\xff\xff\xff\xff\xff\xff\xff\
\xff\xd9\xc2\xbe\xff\x88A1\xff\x815#\xff\x816$\
\xff\x816$\xff\x816$\xff\x826$\xff\x816$\
\xff\x816$\xff\x816$\xff\x816$\xff\x816$\
\xff\x816$\xff\x826$\xff\x816$\xff\x816$\
\xff\x816$\xff\x816$\xff\x826$\xff\x816$\
\xff\x816#\xff\x816$\xff\x816$\xff\x816$\
\xff\x816$\xff\x816$\xff\x816$\xff\x816$\
\xff\x816$\xff\x816$\xff\x826$\xff\x816$\
\xff\x826$\xff\x816$\xff\x816$\xff\x816$\
\xff\x816$\xff\x826$\xff\x816$\xff\x816$\
\xff\x816$\xff\x816$\xff\x816$\xff\x816$\
\xff\x816$\xff\x816$\xff\x816$\xff\x816$\
\xff\x816$\xff\x816$\xff\x816$\xff\x826$\
\xff\x826$\xff\x826$\xff\x816$\xff\x816$\
\xff\x816$\xff\x816$\xff\x816$\xff\x816$\
\xff\x816$\xff\x816$\xff\x816$\xff\x816$\
\xff\x816$\xff\x816$\xff\x816$\xff\x816$\
\xff\x816$\xff\x816$\xff\x816#\xff\x826$\
\xff\x816$\xff\x816$\xff\x826$\xff\x826$\
\xff\x826$\xff\x826$\xff\x816$\xff\x816$\
\xff\x826$\xff\x826$\xff\x816$\xff\x816$\
\xff\x826$\xff\x816$\xff\x816$\xff\x816$\
\xff\x816$\xff\x816$\xff\x816$\xff\x816$\
\xff\x804!\xff\xa3k^\xff\xf8\xf3\xf3\xff\xff\xff\xff\
\xff\xff\xff\xff\xff\xff\xff\xff\xff\xff\xff\xff\xff\xff\xff\xff\
\xff\xff\xff\xff\xff\xff\xff\xff\xff\xff\xff\xff\xff\xff\xff\xff\
\xff\xff\xff\xff\xff\xff\xff\xff\xff\xff\xff\xff\xff\xcb\xad\xa7\
\xff\x849(\xff\x826$\xff\x814\x22\xff\x94RD\
\xff\xdc\xc7\xc2\xff\xff\xff\xff\xff\xff\xff\xff\xff\xff\xff\xff\
\xff\xff\xff\xff\xff\xff\xff\xff\xff\xff\xff\xff\xff\xff\xff\xff\
\xff\xff\xff\xff\xff\xff\xff\xff\xff\xff\xff\xff\xff\xff\xff\xff\
\xff\xff\xff\xff\xff\xff\xff\xff\xff\xff\xff\xff\xff\xf5\xef\xee\
\xff\xa2k^\xff\x804!\xff\x816$\xff\x826$\
\xff\x816$\xff\x816#\xff\x826$\xff\x816$\
\xff\x816$\xff\x816$\xff\x816$\xff\x816$\
\xff\x816$\xff\x816$\xff\x816$\xff\x816$\
\xff\x816$\xff\x816$\xff\x816$\xff\x816$\
\xff\x816$\xff\x816$\xff\x816$\xff\x816$\
\xff\x816$\xff\x816$\xff\x816$\xff\x826$\
\xff\x826$\xff\x816$\xff\x816$\xff\x816$\
\xff\x816#\xff\x816#\xff\x816$\xff\x816$\
\xff\x816$\xff\x816$\xff\x816$\xff\x816$\
\xff\x816$\xff\x816$\xff\x816$\xff\x816#\
\xff\x816#\xff\x816$\xff\x816$\xff\x816$\
\xff\x816$\xff\x816$\xff\x816$\xff\x816$\
\xff\x816$\xff\x816$\xff\x826$\xff\x816$\
\xff\x816$\xff\x816$\xff\x816$\xff\x816$\
\xff\x816$\xff\x816$\xff\x816$\xff\x816$\
\xff\x816$\xff\x816$\xff\x816$\xff\x816#\
\xff\x816$\xff\x816$\xff\x816$\xff\x826$\
\xff\x827$\xff\x816$\xff\x816$\xff\x816$\
\xff\x826$\xff\x826$\xff\x826$\xff\x816$\
\xff\x826$\xff\x816$\xff\x816$\xff\x816$\
\xff\x826$\xff\x816$\xff\x816$\xff\x816$\
\xff\x826$\xff\x826$\xff\x816$\xff\x826$\
\xff\x815\x22\xff\x91N>\xff\xef\xe5\xe3\xff\xff\xff\xff\
\xff\xff\xff\xff\xff\xff\xff\xff\xff\xff\xff\xff\xff\xff\xff\xff\
\xff\xff\xff\xff\xff\xff\xff\xff\xff\xff\xff\xff\xff\xff\xff\xff\
\xff\xff\xff\xff\xff\xff\xff\xff\xff\xff\xff\xff\xff\xf2\xea\xe9\
\xff\x9a]P\xff\x7f2\x1f\xff\x94SD\xff\xdd\xc8\xc4\
\xff\xff\xff\xff\xff\xff\xff\xff\xff\xff\xff\xff\xff\xff\xff\xff\
\xff\xff\xff\xff\xff\xff\xff\xff\xff\xff\xff\xff\xff\xff\xff\xff\
\xff\xff\xff\xff\xff\xff\xff\xff\xff\xff\xff\xff\xff\xff\xff\xff\
\xff\xff\xff\xff\xff\xff\xff\xff\xff\xff\xff\xff\xff\xc7\xa5\x9e\
\xff\x839'\xff\x816#\xff\x826$\xff\x826#\
\xff\x816$\xff\x816$\xff\x816$\xff\x816$\
\xff\x816$\xff\x816$\xff\x816$\xff\x816$\
\xff\x816$\xff\x826$\xff\x826$\xff\x816$\
\xff\x826$\xff\x816$\xff\x816$\xff\x816$\
\xff\x816$\xff\x816$\xff\x816$\xff\x816$\
\xff\x826$\xff\x826$\xff\x816$\xff\x826$\
\xff\x816$\xff\x816$\xff\x816$\xff\x816$\
\xff\x816#\xff\x816$\xff\x816$\xff\x816$\
\xff\x816$\xff\x816$\xff\x816$\xff\x816#\
\xff\x816#\xff\x816$\xff\x826$\xff\x816$\
\xff\x826$\xff\x816$\xff\x816$\xff\x816$\
\xff\x816$\xff\x816$\xff\x816$\xff\x816$\
\xff\x816$\xff\x816$\xff\x816$\xff\x816$\
\xff\x816$\xff\x816$\xff\x816$\xff\x826$\
\xff\x816$\xff\x816$\xff\x816$\xff\x826$\
\xff\x816$\xff\x816$\xff\x816$\xff\x816#\
\xff\x816$\xff\x816$\xff\x826$\xff\x826$\
\xff\x826$\xff\x816$\xff\x826$\xff\x816$\
\xff\x826$\xff\x826$\xff\x826$\xff\x826$\
\xff\x816$\xff\x826$\xff\x826$\xff\x816$\
\xff\x826$\xff\x826$\xff\x826$\xff\x826$\
\xff\x826$\xff\x826$\xff\x826$\xff\x826$\
\xff\x825#\xff\x87@.\xff\xdb\xc5\xc1\xff\xff\xff\xff\
\xff\xff\xff\xff\xff\xff\xff\xff\xff\xff\xff\xff\xff\xff\xff\xff\
\xff\xff\xff\xff\xff\xff\xff\xff\xff\xff\xff\xff\xff\xff\xff\xff\
\xff\xff\xff\xff\xff\xff\xff\xff\xff\xff\xff\xff\xff\xff\xff\xff\
\xff\xc4\xa0\x99\xff\x96WI\xff\xdc\xc7\xc3\xff\xff\xff\xff\
\xff\xff\xff\xff\xff\xff\xff\xff\xff\xff\xff\xff\xff\xff\xff\xff\
\xff\xff\xff\xff\xff\xff\xff\xff\xff\xff\xff\xff\xff\xff\xff\xff\
\xff\xff\xff\xff\xff\xff\xff\xff\xff\xff\xff\xff\xff\xff\xff\xff\
\xff\xff\xff\xff\xff\xff\xff\xff\xff\xe9\xdc\xda\xff\x94SD\
\xff\x804\x22\xff\x816$\xff\x816$\xff\x826$\
\xff\x816$\xff\x816$\xff\x816$\xff\x816$\
\xff\x816$\xff\x816$\xff\x816$\xff\x826$\
\xff\x816$\xff\x816$\xff\x816$\xff\x816$\
\xff\x826$\xff\x816$\xff\x816#\xff\x816$\
\xff\x816$\xff\x816$\xff\x816$\xff\x816$\
\xff\x816$\xff\x816$\xff\x816$\xff\x816$\
\xff\x816$\xff\x816$\xff\x816$\xff\x816$\
\xff\x816$\xff\x816$\xff\x816$\xff\x816$\
\xff\x816$\xff\x816$\xff\x816$\xff\x816$\
\xff\x816$\xff\x816$\xff\x826#\xff\x816$\
\xff\x816$\xff\x816$\xff\x816$\xff\x816$\
\xff\x816$\xff\x816$\xff\x826$\xff\x816$\
\xff\x816$\xff\x816$\xff\x816$\xff\x816$\
\xff\x816$\xff\x816$\xff\x826$\xff\x816$\
\xff\x816$\xff\x826$\xff\x816$\xff\x816#\
\xff\x816$\xff\x816$\xff\x816$\xff\x816$\
\xff\x826$\xff\x816$\xff\x816#\xff\x826$\
\xff\x816$\xff\x816$\xff\x826$\xff\x816$\
\xff\x816$\xff\x816$\xff\x826$\xff\x826$\
\xff\x816$\xff\x816$\xff\x826$\xff\x816$\
\xff\x826$\xff\x816$\xff\x816$\xff\x816$\
\xff\x826$\xff\x816$\xff\x826$\xff\x826$\
\xff\x826$\xff\x815#\xff\xc4\xa0\x98\xff\xff\xff\xff\
\xff\xff\xff\xff\xff\xff\xff\xff\xff\xff\xff\xff\xff\xff\xff\xff\
\xff\xff\xff\xff\xff\xff\xff\xff\xff\xff\xff\xff\xff\xff\xff\xff\
\xff\xff\xff\xff\xff\xff\xff\xff\xff\xff\xff\xff\xff\xff\xff\xff\
\xff\xf4\xee\xed\xff\xeb\xdf\xdd\xff\xff\xff\xff\xff\xff\xff\xff\
\xff\xff\xff\xff\xff\xff\xff\xff\xff\xff\xff\xff\xff\xff\xff\xff\
\xff\xff\xff\xff\xff\xff\xff\xff\xff\xff\xff\xff\xff\xff\xff\xff\
\xff\xff\xff\xff\xff\xff\xff\xff\xff\xff\xff\xff\xff\xff\xff\xff\
\xff\xff\xff\xff\xff\xfc\xfa\xfa\xff\xb4\x87~\xff\x815#\
\xff\x816$\xff\x826$\xff\x816$\xff\x826$\
\xff\x826$\xff\x816$\xff\x816$\xff\x816$\
\xff\x816$\xff\x816$\xff\x816$\xff\x816$\
\xff\x816$\xff\x816$\xff\x816$\xff\x826$\
\xff\x816$\xff\x816$\xff\x816$\xff\x826$\
\xff\x816$\xff\x816$\xff\x816$\xff\x816$\
\xff\x816$\xff\x816$\xff\x816$\xff\x816#\
\xff\x816#\xff\x826$\xff\x816$\xff\x816$\
\xff\x826$\xff\x816$\xff\x816$\xff\x816$\
\xff\x816$\xff\x816$\xff\x816$\xff\x816$\
\xff\x816$\xff\x816$\xff\x816$\xff\x816$\
\xff\x816$\xff\x816$\xff\x816$\xff\x816$\
\xff\x816$\xff\x826$\xff\x826$\xff\x826$\
\xff\x816$\xff\x816$\xff\x816$\xff\x816$\
\xff\x816$\xff\x816$\xff\x816$\xff\x816$\
\xff\x816#\xff\x816$\xff\x816$\xff\x816$\
\xff\x816$\xff\x816$\xff\x826$\xff\x826$\
\xff\x816$\xff\x816$\xff\x816$\xff\x826$\
\xff\x816$\xff\x816$\xff\x816$\xff\x816$\
\xff\x816$\xff\x816$\xff\x816$\xff\x816$\
\xff\x826$\xff\x816$\xff\x826$\xff\x826#\
\xff\x816$\xff\x816$\xff\x816$\xff\x816#\
\xff\x816$\xff\x816$\xff\x816$\xff\x826$\
\xff\x826$\xff\x7f3 \xff\xac{p\xff\xfb\xf9\xf9\
\xff\xff\xff\xff\xff\xff\xff\xff\xff\xff\xff\xff\xff\xff\xff\xff\
\xff\xff\xff\xff\xff\xff\xff\xff\xff\xff\xff\xff\xff\xff\xff\xff\
\xff\xff\xff\xff\xff\xff\xff\xff\xff\xff\xff\xff\xff\xff\xff\xff\
\xff\xff\xff\xff\xff\xff\xff\xff\xff\xff\xff\xff\xff\xff\xff\xff\
\xff\xff\xff\xff\xff\xff\xff\xff\xff\xff\xff\xff\xff\xff\xff\xff\
\xff\xff\xff\xff\xff\xff\xff\xff\xff\xff\xff\xff\xff\xff\xff\xff\
\xff\xff\xff\xff\xff\xff\xff\xff\xff\xff\xff\xff\xff\xff\xff\xff\
\xff\xff\xff\xff\xff\xd8\xc2\xbd\xff\x89B1\xff\x815#\
\xff\x816$\xff\x816$\xff\x826$\xff\x816$\
\xff\x816$\xff\x816$\xff\x816$\xff\x816$\
\xff\x816$\xff\x816$\xff\x816$\xff\x816$\
\xff\x826$\xff\x826$\xff\x826$\xff\x816$\
\xff\x816$\xff\x816$\xff\x816$\xff\x816$\
\xff\x816$\xff\x816$\xff\x816$\xff\x816$\
\xff\x816$\xff\x816$\xff\x816$\xff\x816#\
\xff\x816$\xff\x826$\xff\x826$\xff\x816$\
\xff\x826$\xff\x816$\xff\x816$\xff\x816$\
\xff\x816$\xff\x816$\xff\x816$\xff\x816$\
\xff\x816$\xff\x816$\xff\x816$\xff\x816#\
\xff\x816$\xff\x816$\xff\x816$\xff\x816$\
\xff\x826$\xff\x816$\xff\x826$\xff\x826$\
\xff\x816$\xff\x816$\xff\x816$\xff\x816$\
\xff\x816$\xff\x816$\xff\x816$\xff\x816$\
\xff\x826$\xff\x816$\xff\x816$\xff\x816$\
\xff\x816$\xff\x816$\xff\x816$\xff\x816$\
\xff\x816#\xff\x816$\xff\x816$\xff\x816$\
\xff\x816$\xff\x816$\xff\x816$\xff\x816$\
\xff\x816$\xff\x816$\xff\x816$\xff\x816$\
\xff\x816$\xff\x816$\xff\x826$\xff\x816$\
\xff\x816$\xff\x826$\xff\x826$\xff\x826$\
\xff\x826$\xff\x816$\xff\x816$\xff\x826$\
\xff\x826$\xff\x815\x22\xff\x95UG\xff\xf1\xe9\xe8\
\xff\xff\xff\xff\xff\xff\xff\xff\xff\xff\xff\xff\xff\xff\xff\xff\
\xff\xff\xff\xff\xff\xff\xff\xff\xff\xff\xff\xff\xff\xff\xff\xff\
\xff\xff\xff\xff\xff\xff\xff\xff\xff\xff\xff\xff\xff\xff\xff\xff\
\xff\xff\xff\xff\xff\xff\xff\xff\xff\xff\xff\xff\xff\xff\xff\xff\
\xff\xff\xff\xff\xff\xff\xff\xff\xff\xff\xff\xff\xff\xff\xff\xff\
\xff\xff\xff\xff\xff\xff\xff\xff\xff\xff\xff\xff\xff\xff\xff\xff\
\xff\xff\xff\xff\xff\xff\xff\xff\xff\xff\xff\xff\xff\xff\xff\xff\
\xff\xf2\xea\xe8\xff\x9eeW\xff\x804!\xff\x826$\
\xff\x826$\xff\x826$\xff\x816$\xff\x816$\
\xff\x816$\xff\x826$\xff\x816$\xff\x816$\
\xff\x816$\xff\x816$\xff\x816$\xff\x816$\
\xff\x816$\xff\x816$\xff\x816$\xff\x816$\
\xff\x816$\xff\x826$\xff\x816$\xff\x816$\
\xff\x816$\xff\x816$\xff\x816$\xff\x816$\
\xff\x816$\xff\x816$\xff\x816$\xff\x816$\
\xff\x826$\xff\x816$\xff\x826$\xff\x816$\
\xff\x816$\xff\x816$\xff\x816$\xff\x816$\
\xff\x826$\xff\x816$\xff\x816$\xff\x816$\
\xff\x816$\xff\x816$\xff\x816$\xff\x816$\
\xff\x816$\xff\x816$\xff\x816$\xff\x816$\
\xff\x816$\xff\x816$\xff\x816$\xff\x816$\
\xff\x816$\xff\x826$\xff\x816$\xff\x816$\
\xff\x816$\xff\x816$\xff\x816$\xff\x816$\
\xff\x816$\xff\x826$\xff\x826$\xff\x816$\
\xff\x816$\xff\x816$\xff\x816#\xff\x816$\
\xff\x816$\xff\x816$\xff\x816$\xff\x816$\
\xff\x816$\xff\x816$\xff\x826$\xff\x816$\
\xff\x816$\xff\x816$\xff\x816$\xff\x816$\
\xff\x816$\xff\x816$\xff\x816$\xff\x816$\
\xff\x816$\xff\x826$\xff\x826$\xff\x826$\
\xff\x826$\xff\x816$\xff\x816$\xff\x826$\
\xff\x826$\xff\x815#\xff\x87?.\xff\xdb\xc5\xc2\
\xff\xff\xff\xff\xff\xff\xff\xff\xff\xff\xff\xff\xff\xff\xff\xff\
\xff\xff\xff\xff\xff\xff\xff\xff\xff\xff\xff\xff\xff\xff\xff\xff\
\xff\xff\xff\xff\xff\xff\xff\xff\xff\xff\xff\xff\xff\xff\xff\xff\
\xff\xff\xff\xff\xff\xff\xff\xff\xff\xff\xff\xff\xff\xff\xff\xff\
\xff\xff\xff\xff\xff\xff\xff\xff\xff\xff\xff\xff\xff\xff\xff\xff\
\xff\xff\xff\xff\xff\xff\xff\xff\xff\xff\xff\xff\xff\xff\xff\xff\
\xff\xff\xff\xff\xff\xff\xff\xff\xff\xff\xff\xff\xff\xfd\xfc\xfc\
\xff\xbc\x93\x8b\xff\x827%\xff\x816$\xff\x826$\
\xff\x816$\xff\x816$\xff\x816$\xff\x816$\
\xff\x826$\xff\x826$\xff\x816$\xff\x816$\
\xff\x816$\xff\x816$\xff\x816$\xff\x816$\
\xff\x816$\xff\x826$\xff\x826#\xff\x816$\
\xff\x826$\xff\x826$\xff\x816$\xff\x816$\
\xff\x816$\xff\x816$\xff\x816$\xff\x816$\
\xff\x816$\xff\x816$\xff\x816$\xff\x816$\
\xff\x816$\xff\x816$\xff\x826$\xff\x826$\
\xff\x816$\xff\x816#\xff\x816#\xff\x826$\
\xff\x816$\xff\x816$\xff\x816$\xff\x826$\
\xff\x816$\xff\x816$\xff\x816$\xff\x826$\
\xff\x816$\xff\x816$\xff\x826$\xff\x826$\
\xff\x816$\xff\x816$\xff\x816$\xff\x816$\
\xff\x816$\xff\x826$\xff\x816$\xff\x816$\
\xff\x816$\xff\x816$\xff\x816$\xff\x816$\
\xff\x816#\xff\x816$\xff\x816$\xff\x816$\
\xff\x816$\xff\x816$\xff\x816$\xff\x816$\
\xff\x816$\xff\x816$\xff\x816$\xff\x816$\
\xff\x816$\xff\x816$\xff\x816$\xff\x816$\
\xff\x816$\xff\x816$\xff\x816$\xff\x816$\
\xff\x816$\xff\x816$\xff\x826#\xff\x816$\
\xff\x816$\xff\x826$\xff\x826$\xff\x826$\
\xff\x826$\xff\x816$\xff\x816$\xff\x826$\
\xff\x826$\xff\x826$\xff\x814\x22\xff\xbd\x97\x8e\
\xff\xff\xff\xff\xff\xff\xff\xff\xff\xff\xff\xff\xff\xff\xff\xff\
\xff\xff\xff\xff\xff\xff\xff\xff\xff\xff\xff\xff\xff\xff\xff\xff\
\xff\xff\xff\xff\xff\xff\xff\xff\xff\xff\xff\xff\xff\xff\xff\xff\
\xff\xff\xff\xff\xff\xff\xff\xff\xff\xff\xff\xff\xff\xff\xff\xff\
\xff\xff\xff\xff\xff\xff\xff\xff\xff\xff\xff\xff\xff\xff\xff\xff\
\xff\xff\xff\xff\xff\xff\xff\xff\xff\xff\xff\xff\xff\xff\xff\xff\
\xff\xff\xff\xff\xff\xff\xff\xff\xff\xff\xff\xff\xff\xd5\xbc\xb7\
\xff\x89C2\xff\x815#\xff\x826$\xff\x826$\
\xff\x816$\xff\x816$\xff\x826$\xff\x816$\
\xff\x816$\xff\x826$\xff\x816$\xff\x816$\
\xff\x816$\xff\x826$\xff\x826$\xff\x816$\
\xff\x816$\xff\x816$\xff\x816$\xff\x816$\
\xff\x826$\xff\x826$\xff\x816$\xff\x816$\
\xff\x826$\xff\x816$\xff\x816$\xff\x816$\
\xff\x816$\xff\x816$\xff\x816$\xff\x816$\
\xff\x826$\xff\x816$\xff\x816$\xff\x826$\
\xff\x816$\xff\x816$\xff\x816$\xff\x826$\
\xff\x816$\xff\x816$\xff\x816$\xff\x816$\
\xff\x816$\xff\x826$\xff\x816$\xff\x816$\
\xff\x816$\xff\x816$\xff\x816$\xff\x816$\
\xff\x816$\xff\x826$\xff\x826$\xff\x816$\
\xff\x816$\xff\x816$\xff\x816$\xff\x816$\
\xff\x816$\xff\x816$\xff\x816#\xff\x816$\
\xff\x816$\xff\x816$\xff\x816$\xff\x816$\
\xff\x816$\xff\x816$\xff\x816$\xff\x816$\
\xff\x816$\xff\x826$\xff\x826$\xff\x816$\
\xff\x816$\xff\x816$\xff\x816$\xff\x826$\
\xff\x826$\xff\x816$\xff\x816$\xff\x816$\
\xff\x826$\xff\x816$\xff\x826$\xff\x826$\
\xff\x816$\xff\x816$\xff\x826$\xff\x826$\
\xff\x827$\xff\x816$\xff\x816$\xff\x816$\
\xff\x826$\xff\x826$\xff\x814!\xff\x9dbU\
\xff\xf5\xef\xee\xff\xff\xff\xff\xff\xff\xff\xff\xff\xff\xff\xff\
\xff\xff\xff\xff\xff\xff\xff\xff\xff\xff\xff\xff\xff\xff\xff\xff\
\xff\xff\xff\xff\xff\xff\xff\xff\xff\xff\xff\xff\xff\xff\xff\xff\
\xff\xff\xff\xff\xff\xff\xff\xff\xff\xff\xff\xff\xff\xff\xff\xff\
\xff\xff\xff\xff\xff\xff\xff\xff\xff\xff\xff\xff\xff\xff\xff\xff\
\xff\xff\xff\xff\xff\xff\xff\xff\xff\xff\xff\xff\xff\xff\xff\xff\
\xff\xff\xff\xff\xff\xff\xff\xff\xff\xe3\xd3\xcf\xff\x94TE\
\xff\x804\x22\xff\x816$\xff\x816$\xff\x816$\
\xff\x816$\xff\x826$\xff\x816$\xff\x826$\
\xff\x816$\xff\x816$\xff\x816$\xff\x816$\
\xff\x826$\xff\x816$\xff\x816$\xff\x816$\
\xff\x826$\xff\x816$\xff\x826$\xff\x816$\
\xff\x826$\xff\x816$\xff\x816$\xff\x817$\
\xff\x826$\xff\x826$\xff\x826$\xff\x816$\
\xff\x816$\xff\x816$\xff\x826$\xff\x816$\
\xff\x826$\xff\x826$\xff\x816$\xff\x826$\
\xff\x816$\xff\x816$\xff\x826#\xff\x826$\
\xff\x816$\xff\x816$\xff\x816$\xff\x816$\
\xff\x816$\xff\x826$\xff\x826$\xff\x826$\
\xff\x816$\xff\x816$\xff\x816$\xff\x816$\
\xff\x816$\xff\x826$\xff\x826$\xff\x816$\
\xff\x816$\xff\x816$\xff\x816$\xff\x826$\
\xff\x816$\xff\x816$\xff\x816$\xff\x816$\
\xff\x816$\xff\x816$\xff\x816$\xff\x816$\
\xff\x816$\xff\x816$\xff\x816$\xff\x816$\
\xff\x816$\xff\x826$\xff\x816$\xff\x816$\
\xff\x816$\xff\x816$\xff\x816$\xff\x816$\
\xff\x816$\xff\x816$\xff\x816$\xff\x817$\
\xff\x826$\xff\x816$\xff\x826$\xff\x826$\
\xff\x816$\xff\x816$\xff\x816$\xff\x826$\
\xff\x826$\xff\x816$\xff\x816$\xff\x816$\
\xff\x816$\xff\x816$\xff\x816#\xff\x86>,\
\xff\xd5\xbc\xb7\xff\xff\xff\xff\xff\xff\xff\xff\xff\xff\xff\xff\
\xff\xff\xff\xff\xff\xff\xff\xff\xff\xff\xff\xff\xff\xff\xff\xff\
\xff\xff\xff\xff\xff\xff\xff\xff\xff\xff\xff\xff\xff\xff\xff\xff\
\xff\xff\xff\xff\xff\xff\xff\xff\xff\xff\xff\xff\xff\xff\xff\xff\
\xff\xff\xff\xff\xff\xff\xff\xff\xff\xff\xff\xff\xff\xff\xff\xff\
\xff\xff\xff\xff\xff\xff\xff\xff\xff\xff\xff\xff\xff\xff\xff\xff\
\xff\xff\xff\xff\xff\xec\xe1\xdf\xff\x9edW\xff\x804!\
\xff\x816$\xff\x816$\xff\x816$\xff\x826$\
\xff\x816$\xff\x816$\xff\x816$\xff\x816$\
\xff\x816$\xff\x816$\xff\x816$\xff\x816$\
\xff\x816$\xff\x816$\xff\x816$\xff\x816$\
\xff\x816$\xff\x816$\xff\x816$\xff\x816$\
\xff\x826$\xff\x816$\xff\x816$\xff\x826$\
\xff\x816$\xff\x816$\xff\x826$\xff\x826$\
\xff\x826$\xff\x816$\xff\x826$\xff\x816$\
\xff\x826$\xff\x826$\xff\x816$\xff\x826$\
\xff\x816$\xff\x816$\xff\x816#\xff\x826$\
\xff\x826$\xff\x816$\xff\x816$\xff\x816$\
\xff\x816$\xff\x816$\xff\x826$\xff\x816$\
\xff\x826$\xff\x816$\xff\x816$\xff\x816$\
\xff\x816$\xff\x816$\xff\x816$\xff\x826$\
\xff\x826$\xff\x816$\xff\x816$\xff\x816$\
\xff\x816$\xff\x816$\xff\x816$\xff\x816$\
\xff\x816$\xff\x816$\xff\x816$\xff\x816$\
\xff\x816$\xff\x816$\xff\x816$\xff\x816$\
\xff\x816$\xff\x826$\xff\x816$\xff\x816$\
\xff\x816$\xff\x816$\xff\x826$\xff\x816$\
\xff\x816$\xff\x826$\xff\x816$\xff\x817$\
\xff\x816$\xff\x816$\xff\x816$\xff\x826$\
\xff\x816$\xff\x816$\xff\x816$\xff\x826$\
\xff\x826$\xff\x816$\xff\x816$\xff\x816$\
\xff\x816$\xff\x816$\xff\x826$\xff\x803 \
\xff\xb2\x84z\xff\xfd\xfc\xfb\xff\xff\xff\xff\xff\xff\xff\xff\
\xff\xff\xff\xff\xff\xff\xff\xff\xff\xff\xff\xff\xff\xff\xff\xff\
\xff\xff\xff\xff\xff\xff\xff\xff\xff\xff\xff\xff\xff\xff\xff\xff\
\xff\xff\xff\xff\xff\xff\xff\xff\xff\xff\xff\xff\xff\xff\xff\xff\
\xff\xff\xff\xff\xff\xff\xff\xff\xff\xff\xff\xff\xff\xff\xff\xff\
\xff\xff\xff\xff\xff\xff\xff\xff\xff\xff\xff\xff\xff\xff\xff\xff\
\xff\xf2\xea\xe8\xff\xa7rf\xff\x814\x22\xff\x816$\
\xff\x826$\xff\x816$\xff\x816$\xff\x816$\
\xff\x816$\xff\x816$\xff\x816$\xff\x816$\
\xff\x816$\xff\x816$\xff\x816$\xff\x816$\
\xff\x816$\xff\x816$\xff\x816$\xff\x826$\
\xff\x826$\xff\x826$\xff\x826$\xff\x826$\
\xff\x816$\xff\x816$\xff\x816$\xff\x816$\
\xff\x816$\xff\x816$\xff\x816$\xff\x816$\
\xff\x816$\xff\x816$\xff\x816$\xff\x826$\
\xff\x816$\xff\x816$\xff\x816$\xff\x826$\
\xff\x816$\xff\x816$\xff\x816$\xff\x816$\
\xff\x816$\xff\x816$\xff\x816$\xff\x816$\
\xff\x816$\xff\x816$\xff\x826$\xff\x816$\
\xff\x816$\xff\x816$\xff\x816$\xff\x816$\
\xff\x816$\xff\x816$\xff\x816$\xff\x826$\
\xff\x826$\xff\x826$\xff\x816$\xff\x816$\
\xff\x816$\xff\x816$\xff\x816#\xff\x816$\
\xff\x816$\xff\x816$\xff\x816$\xff\x816$\
\xff\x816#\xff\x816$\xff\x816$\xff\x816$\
\xff\x826$\xff\x816$\xff\x816$\xff\x816$\
\xff\x816$\xff\x816$\xff\x816$\xff\x816$\
\xff\x816$\xff\x826$\xff\x826$\xff\x816$\
\xff\x826$\xff\x826$\xff\x816$\xff\x816$\
\xff\x816$\xff\x816$\xff\x826$\xff\x826$\
\xff\x826$\xff\x816$\xff\x816$\xff\x826$\
\xff\x816$\xff\x816$\xff\x816$\xff\x804!\
\xff\xa8uj\xff\xf9\xf6\xf6\xff\xff\xff\xff\xff\xff\xff\xff\
\xff\xff\xff\xff\xff\xff\xff\xff\xff\xff\xff\xff\xff\xff\xff\xff\
\xff\xff\xff\xff\xff\xff\xff\xff\xff\xff\xff\xff\xff\xff\xff\xff\
\xff\xff\xff\xff\xff\xff\xff\xff\xff\xff\xff\xff\xff\xff\xff\xff\
\xff\xff\xff\xff\xff\xff\xff\xff\xff\xff\xff\xff\xff\xff\xff\xff\
\xff\xff\xff\xff\xff\xff\xff\xff\xff\xff\xff\xff\xff\xf3\xec\xeb\
\xff\xac{p\xff\x816$\xff\x816#\xff\x816$\
\xff\x816$\xff\x816$\xff\x816$\xff\x816$\
\xff\x816$\xff\x816$\xff\x816$\xff\x816$\
\xff\x816$\xff\x816$\xff\x816$\xff\x816$\
\xff\x816$\xff\x816$\xff\x816$\xff\x816$\
\xff\x826$\xff\x816$\xff\x826$\xff\x816$\
\xff\x816$\xff\x816$\xff\x816$\xff\x816$\
\xff\x816$\xff\x816$\xff\x816$\xff\x816$\
\xff\x816$\xff\x816$\xff\x816$\xff\x816$\
\xff\x816$\xff\x816$\xff\x816$\xff\x816$\
\xff\x816$\xff\x816$\xff\x816$\xff\x816$\
\xff\x816$\xff\x816$\xff\x816$\xff\x816$\
\xff\x826$\xff\x816$\xff\x816$\xff\x816$\
\xff\x816$\xff\x816$\xff\x816$\xff\x816$\
\xff\x816$\xff\x816$\xff\x816$\xff\x816$\
\xff\x826$\xff\x816$\xff\x816#\xff\x816$\
\xff\x816$\xff\x816$\xff\x816#\xff\x816$\
\xff\x816#\xff\x816$\xff\x816$\xff\x816$\
\xff\x816$\xff\x816$\xff\x816$\xff\x816$\
\xff\x816$\xff\x816$\xff\x816$\xff\x816$\
\xff\x816$\xff\x816$\xff\x826$\xff\x816$\
\xff\x816$\xff\x816$\xff\x826$\xff\x816$\
\xff\x816$\xff\x816$\xff\x816$\xff\x816$\
\xff\x816$\xff\x816$\xff\x816$\xff\x826$\
\xff\x826$\xff\x826$\xff\x826$\xff\x826$\
\xff\x826$\xff\x826$\xff\x826$\xff\x804!\
\xff\xa8ti\xff\xf9\xf6\xf5\xff\xff\xff\xff\xff\xff\xff\xff\
\xff\xff\xff\xff\xff\xff\xff\xff\xff\xff\xff\xff\xff\xff\xff\xff\
\xff\xff\xff\xff\xff\xff\xff\xff\xff\xff\xff\xff\xff\xff\xff\xff\
\xff\xff\xff\xff\xff\xff\xff\xff\xff\xff\xff\xff\xff\xff\xff\xff\
\xff\xff\xff\xff\xff\xff\xff\xff\xff\xff\xff\xff\xff\xff\xff\xff\
\xff\xff\xff\xff\xff\xff\xff\xff\xff\xfb\xf8\xf8\xff\xb4\x87}\
\xff\x816$\xff\x816#\xff\x816$\xff\x826$\
\xff\x826$\xff\x826$\xff\x816$\xff\x816$\
\xff\x826$\xff\x826$\xff\x826$\xff\x816$\
\xff\x816$\xff\x816$\xff\x826$\xff\x816$\
\xff\x816$\xff\x816$\xff\x816$\xff\x826$\
\xff\x826$\xff\x826$\xff\x816$\xff\x816$\
\xff\x826$\xff\x816$\xff\x816$\xff\x816$\
\xff\x816$\xff\x816#\xff\x816$\xff\x816$\
\xff\x816$\xff\x816$\xff\x816$\xff\x816$\
\xff\x816$\xff\x816$\xff\x826$\xff\x816$\
\xff\x816$\xff\x816$\xff\x816$\xff\x816$\
\xff\x816$\xff\x816$\xff\x816$\xff\x816$\
\xff\x816$\xff\x816$\xff\x816$\xff\x826$\
\xff\x816$\xff\x816$\xff\x816$\xff\x816$\
\xff\x816$\xff\x816$\xff\x826$\xff\x816$\
\xff\x816$\xff\x816$\xff\x816$\xff\x816$\
\xff\x816$\xff\x816$\xff\x816$\xff\x816$\
\xff\x816$\xff\x816$\xff\x816$\xff\x816$\
\xff\x816$\xff\x816$\xff\x816$\xff\x816$\
\xff\x816#\xff\x816$\xff\x816$\xff\x816$\
\xff\x816$\xff\x816$\xff\x826$\xff\x816$\
\xff\x826$\xff\x826$\xff\x816$\xff\x816$\
\xff\x816$\xff\x826$\xff\x826$\xff\x816$\
\xff\x816$\xff\x826$\xff\x816$\xff\x816$\
\xff\x826$\xff\x826$\xff\x826$\xff\x826$\
\xff\x826$\xff\x826$\xff\x826$\xff\x804!\
\xff\xa8ui\xff\xf9\xf6\xf6\xff\xff\xff\xff\xff\xff\xff\xff\
\xff\xff\xff\xff\xff\xff\xff\xff\xff\xff\xff\xff\xff\xff\xff\xff\
\xff\xff\xff\xff\xff\xff\xff\xff\xff\xff\xff\xff\xff\xff\xff\xff\
\xff\xff\xff\xff\xff\xff\xff\xff\xff\xff\xff\xff\xff\xff\xff\xff\
\xff\xff\xff\xff\xff\xff\xff\xff\xff\xff\xff\xff\xff\xff\xff\xff\
\xff\xff\xff\xff\xff\xff\xff\xff\xff\xf5\xef\xed\xff\x98[M\
\xff\x7f2\x1f\xff\x815#\xff\x826$\xff\x826$\
\xff\x816$\xff\x816$\xff\x816$\xff\x826$\
\xff\x816#\xff\x816$\xff\x816$\xff\x816$\
\xff\x816$\xff\x816$\xff\x816$\xff\x816$\
\xff\x816$\xff\x816$\xff\x826$\xff\x816$\
\xff\x826$\xff\x816$\xff\x826$\xff\x826$\
\xff\x826$\xff\x816$\xff\x816$\xff\x826$\
\xff\x826$\xff\x816$\xff\x816$\xff\x816$\
\xff\x816$\xff\x816$\xff\x816$\xff\x816$\
\xff\x816$\xff\x816$\xff\x826$\xff\x816$\
\xff\x816$\xff\x816$\xff\x816$\xff\x816$\
\xff\x816$\xff\x816$\xff\x816$\xff\x816$\
\xff\x816#\xff\x816$\xff\x826$\xff\x816$\
\xff\x816$\xff\x816$\xff\x816$\xff\x816$\
\xff\x816$\xff\x816$\xff\x816$\xff\x816$\
\xff\x816$\xff\x816$\xff\x816$\xff\x816$\
\xff\x816$\xff\x816$\xff\x816$\xff\x816$\
\xff\x816$\xff\x816$\xff\x816$\xff\x816$\
\xff\x816$\xff\x816$\xff\x816$\xff\x816$\
\xff\x816$\xff\x816$\xff\x816$\xff\x816$\
\xff\x816$\xff\x816$\xff\x826$\xff\x816$\
\xff\x826$\xff\x826$\xff\x816$\xff\x816$\
\xff\x816$\xff\x826$\xff\x826$\xff\x826$\
\xff\x826$\xff\x826$\xff\x826$\xff\x816$\
\xff\x826$\xff\x826$\xff\x816$\xff\x816$\
\xff\x826$\xff\x826$\xff\x826$\xff\x804\x22\
\xff\x9caS\xff\xf5\xef\xee\xff\xff\xff\xff\xff\xff\xff\xff\
\xff\xff\xff\xff\xff\xff\xff\xff\xff\xff\xff\xff\xff\xff\xff\xff\
\xff\xff\xff\xff\xff\xff\xff\xff\xff\xff\xff\xff\xff\xff\xff\xff\
\xff\xff\xff\xff\xff\xff\xff\xff\xff\xff\xff\xff\xff\xff\xff\xff\
\xff\xff\xff\xff\xff\xff\xff\xff\xff\xff\xff\xff\xff\xff\xff\xff\
\xff\xff\xff\xff\xff\xff\xff\xff\xff\xf8\xf4\xf3\xff\xad}s\
\xff\x94UF\xff\x85=,\xff\x815#\xff\x826$\
\xff\x816$\xff\x816$\xff\x816$\xff\x816$\
\xff\x816$\xff\x816$\xff\x816$\xff\x816$\
\xff\x816$\xff\x816$\xff\x816$\xff\x816$\
\xff\x826$\xff\x816$\xff\x826$\xff\x826$\
\xff\x826$\xff\x826$\xff\x826$\xff\x826$\
\xff\x816$\xff\x816$\xff\x816$\xff\x816$\
\xff\x826$\xff\x816$\xff\x816$\xff\x816$\
\xff\x816$\xff\x816$\xff\x816$\xff\x816$\
\xff\x826$\xff\x826$\xff\x826$\xff\x816$\
\xff\x816$\xff\x816$\xff\x816$\xff\x816$\
\xff\x816$\xff\x816$\xff\x816$\xff\x816$\
\xff\x816$\xff\x826$\xff\x816$\xff\x816$\
\xff\x816$\xff\x816$\xff\x816$\xff\x816$\
\xff\x816$\xff\x816$\xff\x816$\xff\x826$\
\xff\x816$\xff\x816$\xff\x816$\xff\x816$\
\xff\x816$\xff\x816$\xff\x816$\xff\x816$\
\xff\x816$\xff\x816$\xff\x816$\xff\x816$\
\xff\x816$\xff\x816$\xff\x816$\xff\x816$\
\xff\x816$\xff\x816$\xff\x816$\xff\x816$\
\xff\x816$\xff\x816$\xff\x816$\xff\x816$\
\xff\x826$\xff\x827$\xff\x816$\xff\x816$\
\xff\x816#\xff\x826$\xff\x816$\xff\x826$\
\xff\x816$\xff\x816$\xff\x826$\xff\x826$\
\xff\x826$\xff\x826$\xff\x826$\xff\x826$\
\xff\x826$\xff\x826$\xff\x826$\xff\x814\x22\
\xff\xa3k^\xff\xf7\xf2\xf2\xff\xff\xff\xff\xff\xff\xff\xff\
\xff\xff\xff\xff\xff\xff\xff\xff\xff\xff\xff\xff\xff\xff\xff\xff\
\xff\xff\xff\xff\xff\xff\xff\xff\xff\xff\xff\xff\xff\xff\xff\xff\
\xff\xff\xff\xff\xff\xff\xff\xff\xff\xff\xff\xff\xff\xff\xff\xff\
\xff\xff\xff\xff\xff\xff\xff\xff\xff\xff\xff\xff\xff\xff\xff\xff\
\xff\xff\xff\xff\xff\xff\xff\xff\xff\xfe\xfe\xfe\xff\xf6\xf1\xf0\
\xff\xf3\xec\xea\xff\xc7\xa6\x9f\xff\x87?.\xff\x815#\
\xff\x816$\xff\x816$\xff\x816$\xff\x816$\
\xff\x816$\xff\x816$\xff\x816$\xff\x816$\
\xff\x816$\xff\x816$\xff\x816$\xff\x826$\
\xff\x816$\xff\x826$\xff\x816$\xff\x826$\
\xff\x826$\xff\x826$\xff\x816$\xff\x826$\
\xff\x826$\xff\x826$\xff\x816$\xff\x816$\
\xff\x816$\xff\x816$\xff\x826$\xff\x816$\
\xff\x826$\xff\x816$\xff\x816$\xff\x816$\
\xff\x816$\xff\x816$\xff\x816$\xff\x816$\
\xff\x816$\xff\x816$\xff\x816$\xff\x816$\
\xff\x816$\xff\x816$\xff\x816$\xff\x816$\
\xff\x816$\xff\x816$\xff\x826$\xff\x826$\
\xff\x816$\xff\x816$\xff\x816$\xff\x816$\
\xff\x816$\xff\x816$\xff\x816$\xff\x816$\
\xff\x816$\xff\x816$\xff\x816$\xff\x826$\
\xff\x816$\xff\x816$\xff\x816$\xff\x816$\
\xff\x816$\xff\x816$\xff\x816$\xff\x816$\
\xff\x816$\xff\x816$\xff\x816$\xff\x816$\
\xff\x816$\xff\x816$\xff\x816$\xff\x816$\
\xff\x816$\xff\x816$\xff\x816$\xff\x816$\
\xff\x816$\xff\x826$\xff\x816$\xff\x816$\
\xff\x816$\xff\x816$\xff\x826$\xff\x816$\
\xff\x816$\xff\x816$\xff\x816$\xff\x826$\
\xff\x826$\xff\x826$\xff\x826$\xff\x826$\
\xff\x826$\xff\x826$\xff\x815#\xff\x8bE4\
\xff\xde\xca\xc6\xff\xff\xff\xff\xff\xff\xff\xff\xff\xff\xff\xff\
\xff\xff\xff\xff\xff\xff\xff\xff\xff\xff\xff\xff\xff\xff\xff\xff\
\xff\xff\xff\xff\xff\xff\xff\xff\xff\xff\xff\xff\xff\xff\xff\xff\
\xff\xff\xff\xff\xff\xff\xff\xff\xff\xff\xff\xff\xff\xff\xff\xff\
\xff\xff\xff\xff\xff\xff\xff\xff\xff\xff\xff\xff\xff\xff\xff\xff\
\xff\xff\xff\xff\xff\xff\xff\xff\xff\xff\xff\xff\xff\xff\xff\xff\
\xff\xff\xff\xff\xff\xfb\xf9\xf9\xff\xb1\x82x\xff\x814\x22\
\xff\x816$\xff\x816$\xff\x816$\xff\x826$\
\xff\x816$\xff\x826$\xff\x816$\xff\x816$\
\xff\x816$\xff\x816$\xff\x816$\xff\x816$\
\xff\x816$\xff\x816$\xff\x816$\xff\x826$\
\xff\x826$\xff\x816$\xff\x826$\xff\x826$\
\xff\x826$\xff\x826$\xff\x826$\xff\x826$\
\xff\x826$\xff\x816$\xff\x816$\xff\x816$\
\xff\x816$\xff\x816$\xff\x816$\xff\x826$\
\xff\x816$\xff\x816$\xff\x816$\xff\x816$\
\xff\x816$\xff\x816$\xff\x816$\xff\x816$\
\xff\x816$\xff\x816$\xff\x816$\xff\x816$\
\xff\x816$\xff\x816$\xff\x826$\xff\x816$\
\xff\x826$\xff\x816$\xff\x816$\xff\x816$\
\xff\x816$\xff\x816$\xff\x816$\xff\x816$\
\xff\x816$\xff\x816$\xff\x816$\xff\x816$\
\xff\x816$\xff\x816$\xff\x816$\xff\x816$\
\xff\x816$\xff\x816$\xff\x816$\xff\x816$\
\xff\x816$\xff\x816$\xff\x816$\xff\x816$\
\xff\x816$\xff\x816$\xff\x816$\xff\x816$\
\xff\x816$\xff\x816$\xff\x826$\xff\x816$\
\xff\x816$\xff\x826$\xff\x816$\xff\x816$\
\xff\x816$\xff\x816$\xff\x826$\xff\x816$\
\xff\x816$\xff\x816$\xff\x826#\xff\x826$\
\xff\x826$\xff\x826$\xff\x826$\xff\x826$\
\xff\x826$\xff\x826$\xff\x814\x22\xff\x95UG\
\xff\xf4\xed\xec\xff\xff\xff\xff\xff\xff\xff\xff\xff\xff\xff\xff\
\xff\xff\xff\xff\xff\xff\xff\xff\xff\xff\xff\xff\xff\xff\xff\xff\
\xff\xff\xff\xff\xff\xff\xff\xff\xff\xff\xff\xff\xff\xff\xff\xff\
\xff\xff\xff\xff\xff\xff\xff\xff\xff\xff\xff\xff\xff\xff\xff\xff\
\xff\xff\xff\xff\xff\xff\xff\xff\xff\xff\xff\xff\xff\xff\xff\xff\
\xff\xff\xff\xff\xff\xff\xff\xff\xff\xff\xff\xff\xff\xff\xff\xff\
\xff\xff\xff\xff\xff\xff\xff\xff\xff\xe3\xd2\xce\xff\x8cG7\
\xff\x815#\xff\x826$\xff\x816$\xff\x816$\
\xff\x816$\xff\x826$\xff\x816$\xff\x816$\
\xff\x816$\xff\x816$\xff\x816$\xff\x816$\
\xff\x826$\xff\x816$\xff\x826$\xff\x826$\
\xff\x816$\xff\x826$\xff\x826$\xff\x826$\
\xff\x826$\xff\x826$\xff\x826$\xff\x816$\
\xff\x816$\xff\x826$\xff\x826$\xff\x826$\
\xff\x816$\xff\x816$\xff\x816$\xff\x816$\
\xff\x816$\xff\x826$\xff\x826$\xff\x816$\
\xff\x816$\xff\x816$\xff\x816$\xff\x816$\
\xff\x816$\xff\x816$\xff\x816$\xff\x816$\
\xff\x816$\xff\x816$\xff\x826$\xff\x826$\
\xff\x816$\xff\x816$\xff\x816$\xff\x816$\
\xff\x816$\xff\x816$\xff\x816$\xff\x826$\
\xff\x816$\xff\x816$\xff\x816$\xff\x816$\
\xff\x816$\xff\x816$\xff\x816$\xff\x816$\
\xff\x816$\xff\x816$\xff\x816$\xff\x816#\
\xff\x816#\xff\x816$\xff\x816$\xff\x816#\
\xff\x816$\xff\x816$\xff\x816$\xff\x816$\
\xff\x816$\xff\x816$\xff\x816$\xff\x816$\
\xff\x816$\xff\x826$\xff\x826$\xff\x816$\
\xff\x816$\xff\x826$\xff\x826$\xff\x816$\
\xff\x816$\xff\x826$\xff\x826#\xff\x826$\
\xff\x826$\xff\x826$\xff\x826$\xff\x826$\
\xff\x826$\xff\x826$\xff\x815\x22\xff\x8cG6\
\xff\xe9\xdb\xd9\xff\xff\xff\xff\xff\xff\xff\xff\xff\xff\xff\xff\
\xff\xff\xff\xff\xff\xff\xff\xff\xff\xff\xff\xff\xff\xff\xff\xff\
\xff\xff\xff\xff\xff\xff\xff\xff\xff\xff\xff\xff\xff\xff\xff\xff\
\xff\xff\xff\xff\xff\xff\xff\xff\xff\xff\xff\xff\xff\xff\xff\xff\
\xff\xff\xff\xff\xff\xff\xff\xff\xff\xff\xff\xff\xff\xff\xff\xff\
\xff\xff\xff\xff\xff\xff\xff\xff\xff\xff\xff\xff\xff\xff\xff\xff\
\xff\xff\xff\xff\xff\xff\xff\xff\xff\xfb\xf9\xf8\xff\xaczo\
\xff\x803 \xff\x826$\xff\x816$\xff\x826$\
\xff\x816$\xff\x826$\xff\x816$\xff\x816$\
\xff\x816$\xff\x826$\xff\x826$\xff\x816$\
\xff\x816$\xff\x816$\xff\x816$\xff\x826$\
\xff\x816$\xff\x826$\xff\x826$\xff\x816$\
\xff\x826$\xff\x826$\xff\x826$\xff\x816$\
\xff\x826$\xff\x816$\xff\x816$\xff\x816$\
\xff\x816$\xff\x816$\xff\x816$\xff\x826$\
\xff\x826$\xff\x826$\xff\x816$\xff\x826$\
\xff\x826$\xff\x816$\xff\x816$\xff\x816$\
\xff\x816$\xff\x816$\xff\x816$\xff\x816$\
\xff\x816$\xff\x816$\xff\x816$\xff\x826$\
\xff\x816$\xff\x816$\xff\x816$\xff\x816$\
\xff\x816$\xff\x816$\xff\x816#\xff\x826$\
\xff\x816$\xff\x816$\xff\x816$\xff\x816$\
\xff\x816$\xff\x816$\xff\x816$\xff\x816$\
\xff\x816$\xff\x816$\xff\x816#\xff\x816$\
\xff\x816$\xff\x816$\xff\x816$\xff\x816$\
\xff\x816$\xff\x816$\xff\x816$\xff\x816$\
\xff\x816$\xff\x816$\xff\x816$\xff\x816$\
\xff\x816$\xff\x816$\xff\x816$\xff\x816$\
\xff\x826$\xff\x816$\xff\x816$\xff\x816$\
\xff\x816$\xff\x816$\xff\x816$\xff\x826$\
\xff\x826$\xff\x826$\xff\x826$\xff\x826$\
\xff\x826$\xff\x826$\xff\x816#\xff\x85:)\
\xff\xd0\xb4\xae\xff\xff\xff\xff\xff\xff\xff\xff\xff\xff\xff\xff\
\xff\xff\xff\xff\xff\xff\xff\xff\xff\xff\xff\xff\xff\xff\xff\xff\
\xff\xff\xff\xff\xff\xff\xff\xff\xff\xff\xff\xff\xff\xff\xff\xff\
\xff\xff\xff\xff\xff\xff\xff\xff\xff\xff\xff\xff\xff\xff\xff\xff\
\xff\xff\xff\xff\xff\xff\xff\xff\xff\xff\xff\xff\xff\xff\xff\xff\
\xff\xff\xff\xff\xff\xff\xff\xff\xff\xff\xff\xff\xff\xff\xff\xff\
\xff\xff\xff\xff\xff\xff\xff\xff\xff\xff\xff\xff\xff\xd0\xb4\xae\
\xff\x85:)\xff\x826#\xff\x816$\xff\x816$\
\xff\x826$\xff\x826$\xff\x816$\xff\x816$\
\xff\x816$\xff\x816$\xff\x816$\xff\x816$\
\xff\x816$\xff\x816$\xff\x826$\xff\x826$\
\xff\x826$\xff\x826$\xff\x816$\xff\x816$\
\xff\x816$\xff\x816$\xff\x826$\xff\x826$\
\xff\x816$\xff\x816$\xff\x816$\xff\x816$\
\xff\x816$\xff\x816$\xff\x816$\xff\x826$\
\xff\x826$\xff\x826$\xff\x826$\xff\x816$\
\xff\x816$\xff\x816$\xff\x816$\xff\x816$\
\xff\x816$\xff\x816$\xff\x816$\xff\x816$\
\xff\x816$\xff\x826$\xff\x816$\xff\x816$\
\xff\x816$\xff\x816$\xff\x816$\xff\x826$\
\xff\x816$\xff\x816$\xff\x816$\xff\x816$\
\xff\x816#\xff\x816$\xff\x816$\xff\x816$\
\xff\x816$\xff\x816$\xff\x816#\xff\x816$\
\xff\x816$\xff\x816$\xff\x816$\xff\x816$\
\xff\x816$\xff\x816$\xff\x816$\xff\x816$\
\xff\x816#\xff\x816$\xff\x816$\xff\x816$\
\xff\x816$\xff\x816$\xff\x816$\xff\x816$\
\xff\x826$\xff\x826$\xff\x816$\xff\x826$\
\xff\x816$\xff\x816$\xff\x826$\xff\x816$\
\xff\x816$\xff\x816$\xff\x816$\xff\x826$\
\xff\x826$\xff\x826$\xff\x816$\xff\x826$\
\xff\x826$\xff\x816$\xff\x826$\xff\x803 \
\xff\xb6\x8a\x80\xff\xfe\xfd\xfe\xff\xff\xff\xff\xff\xff\xff\xff\
\xff\xff\xff\xff\xff\xff\xff\xff\xff\xff\xff\xff\xff\xff\xff\xff\
\xff\xff\xff\xff\xff\xff\xff\xff\xff\xff\xff\xff\xff\xff\xff\xff\
\xff\xff\xff\xff\xff\xff\xff\xff\xff\xff\xff\xff\xff\xff\xff\xff\
\xff\xff\xff\xff\xff\xff\xff\xff\xff\xff\xff\xff\xff\xff\xff\xff\
\xff\xff\xff\xff\xff\xff\xff\xff\xff\xff\xff\xff\xff\xff\xff\xff\
\xff\xff\xff\xff\xff\xff\xff\xff\xff\xff\xff\xff\xff\xed\xe2\xe0\
\xff\x90M>\xff\x815\x22\xff\x816$\xff\x816$\
\xff\x816$\xff\x826$\xff\x826$\xff\x816$\
\xff\x816$\xff\x816$\xff\x815\x22\xff\x7f3!\
\xff\x7f3 \xff\x805\x22\xff\x816$\xff\x826$\
\xff\x826$\xff\x826$\xff\x816$\xff\x826#\
\xff\x826$\xff\x816$\xff\x816$\xff\x826$\
\xff\x826$\xff\x816$\xff\x816$\xff\x816$\
\xff\x816$\xff\x816$\xff\x816$\xff\x816$\
\xff\x826$\xff\x826$\xff\x826$\xff\x816$\
\xff\x816$\xff\x816#\xff\x816$\xff\x816$\
\xff\x816$\xff\x816$\xff\x816$\xff\x816$\
\xff\x816$\xff\x826$\xff\x816$\xff\x826$\
\xff\x816$\xff\x816$\xff\x816$\xff\x826$\
\xff\x826$\xff\x816$\xff\x816$\xff\x816$\
\xff\x826$\xff\x826$\xff\x816$\xff\x816$\
\xff\x816$\xff\x816$\xff\x816$\xff\x816$\
\xff\x816$\xff\x816$\xff\x816$\xff\x816$\
\xff\x816$\xff\x816$\xff\x816$\xff\x816$\
\xff\x816$\xff\x816$\xff\x816$\xff\x816$\
\xff\x816$\xff\x816$\xff\x826$\xff\x816$\
\xff\x826$\xff\x816$\xff\x827$\xff\x826$\
\xff\x826$\xff\x816$\xff\x826$\xff\x826$\
\xff\x816$\xff\x816$\xff\x826$\xff\x826$\
\xff\x816$\xff\x826$\xff\x816$\xff\x826$\
\xff\x826$\xff\x816$\xff\x826$\xff\x814\x22\
\xff\x9daT\xff\xf5\xf0\xef\xff\xff\xff\xff\xff\xff\xff\xff\
\xff\xff\xff\xff\xff\xff\xff\xff\xff\xff\xff\xff\xff\xff\xff\xff\
\xff\xff\xff\xff\xff\xff\xff\xff\xff\xff\xff\xff\xff\xff\xff\xff\
\xff\xff\xff\xff\xff\xff\xff\xff\xff\xff\xff\xff\xff\xff\xff\xff\
\xff\xff\xff\xff\xff\xff\xff\xff\xff\xff\xff\xff\xff\xff\xff\xff\
\xff\xff\xff\xff\xff\xff\xff\xff\xff\xff\xff\xff\xff\xff\xff\xff\
\xff\xff\xff\xff\xff\xff\xff\xff\xff\xff\xff\xff\xff\xf9\xf5\xf4\
\xff\xa5oc\xff\x803!\xff\x826$\xff\x826$\
\xff\x826$\xff\x826$\xff\x826$\xff\x816$\
\xff\x804\x22\xff\x827%\xff\x91O@\xff\xabxm\
\xff\xb0\x80v\xff\x96WH\xff\x827%\xff\x815#\
\xff\x826$\xff\x826$\xff\x826$\xff\x826$\
\xff\x826$\xff\x826$\xff\x826$\xff\x826$\
\xff\x826$\xff\x816$\xff\x826$\xff\x826$\
\xff\x816$\xff\x826$\xff\x816$\xff\x816$\
\xff\x826$\xff\x816$\xff\x826$\xff\x826$\
\xff\x816$\xff\x816$\xff\x816$\xff\x816$\
\xff\x816$\xff\x816$\xff\x816$\xff\x816$\
\xff\x816$\xff\x816$\xff\x816#\xff\x816$\
\xff\x816$\xff\x816$\xff\x826$\xff\x826$\
\xff\x826$\xff\x816$\xff\x826$\xff\x816$\
\xff\x826$\xff\x816#\xff\x816$\xff\x816$\
\xff\x826$\xff\x816$\xff\x816$\xff\x816$\
\xff\x816$\xff\x816$\xff\x816$\xff\x816$\
\xff\x816#\xff\x816$\xff\x816$\xff\x816#\
\xff\x816$\xff\x816$\xff\x816$\xff\x816$\
\xff\x816$\xff\x826$\xff\x826$\xff\x816$\
\xff\x826$\xff\x826$\xff\x826$\xff\x826$\
\xff\x826$\xff\x816$\xff\x826$\xff\x816$\
\xff\x816$\xff\x816$\xff\x826$\xff\x826$\
\xff\x826$\xff\x826$\xff\x826$\xff\x816$\
\xff\x826$\xff\x826$\xff\x826$\xff\x815#\
\xff\x8bE5\xff\xe5\xd6\xd3\xff\xff\xff\xff\xff\xff\xff\xff\
\xff\xff\xff\xff\xff\xff\xff\xff\xff\xff\xff\xff\xff\xff\xff\xff\
\xff\xff\xff\xff\xff\xff\xff\xff\xff\xff\xff\xff\xff\xff\xff\xff\
\xff\xff\xff\xff\xff\xff\xff\xff\xff\xff\xff\xff\xff\xff\xff\xff\
\xff\xff\xff\xff\xff\xff\xff\xff\xff\xff\xff\xff\xff\xff\xff\xff\
\xff\xff\xff\xff\xff\xff\xff\xff\xff\xff\xff\xff\xff\xff\xff\xff\
\xff\xff\xff\xff\xff\xff\xff\xff\xff\xff\xff\xff\xff\xff\xff\xff\
\xff\xb8\x8e\x85\xff\x7f2 \xff\x827$\xff\x826$\
\xff\x826$\xff\x826$\xff\x814\x22\xff\x837&\
\xff\x98ZL\xff\xc4\xa0\x99\xff\xeb\xdf\xdd\xff\xfb\xf8\xf8\
\xff\xfd\xfb\xfb\xff\xee\xe4\xe2\xff\xb4\x88~\xff\x839(\
\xff\x826#\xff\x826$\xff\x826$\xff\x826$\
\xff\x826$\xff\x826$\xff\x826$\xff\x826$\
\xff\x816$\xff\x816$\xff\x826$\xff\x826$\
\xff\x816$\xff\x826$\xff\x816$\xff\x816$\
\xff\x826$\xff\x826$\xff\x826$\xff\x826$\
\xff\x816$\xff\x816$\xff\x816$\xff\x816$\
\xff\x816$\xff\x816$\xff\x816$\xff\x816#\
\xff\x816$\xff\x816$\xff\x816#\xff\x816#\
\xff\x826$\xff\x826$\xff\x826$\xff\x826$\
\xff\x826$\xff\x826$\xff\x826$\xff\x816#\
\xff\x826#\xff\x816$\xff\x816$\xff\x826$\
\xff\x816$\xff\x816$\xff\x816$\xff\x816$\
\xff\x816$\xff\x816$\xff\x816$\xff\x816$\
\xff\x816$\xff\x816$\xff\x816$\xff\x816$\
\xff\x816$\xff\x816$\xff\x816$\xff\x816$\
\xff\x816$\xff\x816$\xff\x826$\xff\x816$\
\xff\x816$\xff\x816$\xff\x826$\xff\x826$\
\xff\x826$\xff\x826$\xff\x826$\xff\x826$\
\xff\x816$\xff\x816$\xff\x816$\xff\x826$\
\xff\x826$\xff\x826$\xff\x826$\xff\x816$\
\xff\x816$\xff\x826$\xff\x826$\xff\x826$\
\xff\x838&\xff\xcb\xac\xa6\xff\xff\xff\xff\xff\xff\xff\xff\
\xff\xff\xff\xff\xff\xff\xff\xff\xff\xff\xff\xff\xff\xff\xff\xff\
\xff\xff\xff\xff\xff\xff\xff\xff\xff\xff\xff\xff\xff\xff\xff\xff\
\xff\xff\xff\xff\xff\xff\xff\xff\xff\xff\xff\xff\xff\xff\xff\xff\
\xff\xff\xff\xff\xff\xff\xff\xff\xff\xff\xff\xff\xff\xff\xff\xff\
\xff\xff\xff\xff\xff\xff\xff\xff\xff\xff\xff\xff\xff\xff\xff\xff\
\xff\xff\xff\xff\xff\xff\xff\xff\xff\xff\xff\xff\xff\xff\xff\xff\
\xff\xc2\x9e\x96\xff\x803!\xff\x826$\xff\x826$\
\xff\x815\x22\xff\x826$\xff\x96WH\xff\xc5\xa2\x9b\
\xff\xf0\xe7\xe5\xff\xff\xff\xff\xff\xff\xff\xff\xff\xff\xff\xff\
\xff\xff\xff\xff\xff\xff\xff\xff\xff\xf7\xf3\xf2\xff\xaf~t\
\xff\x815#\xff\x826$\xff\x826$\xff\x826$\
\xff\x826$\xff\x826$\xff\x826$\xff\x826$\
\xff\x826$\xff\x826$\xff\x816$\xff\x826$\
\xff\x826$\xff\x826$\xff\x816$\xff\x816$\
\xff\x826$\xff\x826$\xff\x827$\xff\x826$\
\xff\x816$\xff\x816$\xff\x826$\xff\x826$\
\xff\x816$\xff\x816$\xff\x816$\xff\x816$\
\xff\x816$\xff\x826$\xff\x826$\xff\x816$\
\xff\x826$\xff\x826$\xff\x826$\xff\x826$\
\xff\x826$\xff\x826$\xff\x826$\xff\x826$\
\xff\x826#\xff\x816$\xff\x816$\xff\x826$\
\xff\x816$\xff\x816$\xff\x816$\xff\x816$\
\xff\x816$\xff\x816$\xff\x816$\xff\x816$\
\xff\x816$\xff\x816$\xff\x826$\xff\x816$\
\xff\x816$\xff\x816$\xff\x816#\xff\x826$\
\xff\x816$\xff\x816$\xff\x826$\xff\x816$\
\xff\x826$\xff\x826$\xff\x826$\xff\x826$\
\xff\x826$\xff\x826$\xff\x816$\xff\x826$\
\xff\x826$\xff\x816$\xff\x816$\xff\x816$\
\xff\x826$\xff\x826$\xff\x826$\xff\x826$\
\xff\x826$\xff\x826$\xff\x826$\xff\x826$\
\xff\x803 \xff\xb1\x82x\xff\xfd\xfb\xfb\xff\xff\xff\xff\
\xff\xff\xff\xff\xff\xff\xff\xff\xff\xff\xff\xff\xff\xff\xff\xff\
\xff\xff\xff\xff\xff\xff\xff\xff\xff\xff\xff\xff\xff\xff\xff\xff\
\xff\xff\xff\xff\xff\xff\xff\xff\xff\xff\xff\xff\xff\xff\xff\xff\
\xff\xff\xff\xff\xff\xff\xff\xff\xff\xff\xff\xff\xff\xff\xff\xff\
\xff\xff\xff\xff\xff\xff\xff\xff\xff\xff\xff\xff\xff\xff\xff\xff\
\xff\xff\xff\xff\xff\xff\xff\xff\xff\xff\xff\xff\xff\xfe\xfd\xfd\
\xff\xb5\x89\x80\xff\x803!\xff\x815#\xff\x814\x22\
\xff\x8fK;\xff\xbd\x95\x8d\xff\xed\xe2\xe0\xff\xff\xff\xff\
\xff\xff\xff\xff\xff\xff\xff\xff\xff\xff\xff\xff\xff\xff\xff\xff\
\xff\xff\xff\xff\xff\xff\xff\xff\xff\xff\xff\xff\xff\xef\xe5\xe4\
\xff\x9feX\xff\x814\x22\xff\x826$\xff\x826$\
\xff\x826$\xff\x826$\xff\x826$\xff\x826$\
\xff\x816$\xff\x826$\xff\x826$\xff\x826$\
\xff\x826$\xff\x826$\xff\x816$\xff\x816$\
\xff\x816$\xff\x816$\xff\x826$\xff\x826$\
\xff\x816$\xff\x826$\xff\x826$\xff\x816$\
\xff\x816$\xff\x816$\xff\x816$\xff\x816$\
\xff\x816$\xff\x826$\xff\x826$\xff\x826$\
\xff\x816$\xff\x816$\xff\x816$\xff\x826$\
\xff\x826$\xff\x816$\xff\x826$\xff\x826$\
\xff\x826$\xff\x816$\xff\x816$\xff\x826$\
\xff\x816$\xff\x816$\xff\x816$\xff\x816$\
\xff\x816$\xff\x816$\xff\x816$\xff\x816$\
\xff\x816$\xff\x816$\xff\x816$\xff\x816$\
\xff\x816$\xff\x816$\xff\x816#\xff\x816$\
\xff\x826$\xff\x826$\xff\x827$\xff\x826$\
\xff\x826$\xff\x826$\xff\x826$\xff\x826$\
\xff\x816$\xff\x816$\xff\x816$\xff\x816$\
\xff\x816$\xff\x816$\xff\x826$\xff\x816$\
\xff\x826$\xff\x826$\xff\x826$\xff\x816$\
\xff\x816$\xff\x816$\xff\x826$\xff\x826$\
\xff\x814\x22\xff\x97YK\xff\xf3\xec\xeb\xff\xff\xff\xff\
\xff\xff\xff\xff\xff\xff\xff\xff\xff\xff\xff\xff\xff\xff\xff\xff\
\xff\xff\xff\xff\xff\xff\xff\xff\xff\xff\xff\xff\xff\xff\xff\xff\
\xff\xff\xff\xff\xff\xff\xff\xff\xff\xff\xff\xff\xff\xff\xff\xff\
\xff\xff\xff\xff\xff\xff\xff\xff\xff\xff\xff\xff\xff\xff\xff\xff\
\xff\xff\xff\xff\xff\xff\xff\xff\xff\xff\xff\xff\xff\xff\xff\xff\
\xff\xff\xff\xff\xff\xff\xff\xff\xff\xff\xff\xff\xff\xf7\xf2\xf2\
\xff\xa0h[\xff~1\x1f\xff\x88A0\xff\xaf\x7ft\
\xff\xe4\xd3\xd0\xff\xfe\xfe\xfe\xff\xff\xff\xff\xff\xff\xff\xff\
\xff\xff\xff\xff\xff\xff\xff\xff\xff\xff\xff\xff\xff\xff\xff\xff\
\xff\xff\xff\xff\xff\xff\xff\xff\xff\xff\xff\xff\xff\xff\xff\xff\
\xff\xe0\xce\xca\xff\x91N?\xff\x814\x22\xff\x826$\
\xff\x826$\xff\x826$\xff\x826$\xff\x827$\
\xff\x816$\xff\x816$\xff\x826$\xff\x826$\
\xff\x816$\xff\x816$\xff\x816$\xff\x816$\
\xff\x816$\xff\x816$\xff\x826$\xff\x816$\
\xff\x816$\xff\x816$\xff\x816$\xff\x816$\
\xff\x816$\xff\x826$\xff\x816$\xff\x816$\
\xff\x816$\xff\x826$\xff\x826$\xff\x826$\
\xff\x826$\xff\x826$\xff\x816$\xff\x816$\
\xff\x826$\xff\x816$\xff\x826$\xff\x826$\
\xff\x826$\xff\x816$\xff\x816$\xff\x816$\
\xff\x816$\xff\x816$\xff\x816$\xff\x816$\
\xff\x816$\xff\x816$\xff\x816$\xff\x816$\
\xff\x816$\xff\x816$\xff\x826$\xff\x816$\
\xff\x816$\xff\x816$\xff\x816$\xff\x816$\
\xff\x826$\xff\x826$\xff\x816$\xff\x816$\
\xff\x826$\xff\x826$\xff\x826$\xff\x826$\
\xff\x816$\xff\x816$\xff\x826#\xff\x816#\
\xff\x826$\xff\x816$\xff\x816$\xff\x816$\
\xff\x816$\xff\x826$\xff\x826$\xff\x826$\
\xff\x816$\xff\x816$\xff\x826$\xff\x816$\
\xff\x815#\xff\x88A0\xff\xde\xca\xc6\xff\xff\xff\xff\
\xff\xff\xff\xff\xff\xff\xff\xff\xff\xff\xff\xff\xff\xff\xff\xff\
\xff\xff\xff\xff\xff\xff\xff\xff\xff\xff\xff\xff\xff\xff\xff\xff\
\xff\xff\xff\xff\xff\xff\xff\xff\xff\xff\xff\xff\xff\xff\xff\xff\
\xff\xff\xff\xff\xff\xff\xff\xff\xff\xff\xff\xff\xff\xff\xff\xff\
\xff\xff\xff\xff\xff\xff\xff\xff\xff\xff\xff\xff\xff\xff\xff\xff\
\xff\xff\xff\xff\xff\xff\xff\xff\xff\xff\xff\xff\xff\xff\xfe\xfe\
\xff\xcf\xb3\xad\xff\xa6qf\xff\xd7\xbf\xba\xff\xfb\xf8\xf8\
\xff\xff\xff\xff\xff\xff\xff\xff\xff\xff\xff\xff\xff\xff\xff\xff\
\xff\xff\xff\xff\xff\xff\xff\xff\xff\xff\xff\xff\xff\xff\xff\xff\
\xff\xff\xff\xff\xff\xff\xff\xff\xff\xff\xff\xff\xff\xff\xff\xff\
\xff\xff\xff\xff\xff\xcf\xb2\xac\xff\x87?.\xff\x815#\
\xff\x826$\xff\x826$\xff\x826$\xff\x826$\
\xff\x826$\xff\x826$\xff\x826$\xff\x826$\
\xff\x826$\xff\x826$\xff\x816$\xff\x826$\
\xff\x816$\xff\x826$\xff\x826$\xff\x816$\
\xff\x826$\xff\x816$\xff\x816$\xff\x816$\
\xff\x816$\xff\x816$\xff\x816$\xff\x816$\
\xff\x816$\xff\x816$\xff\x826$\xff\x816$\
\xff\x826$\xff\x826$\xff\x826$\xff\x826$\
\xff\x826$\xff\x816$\xff\x816$\xff\x816$\
\xff\x816$\xff\x826$\xff\x816$\xff\x826$\
\xff\x826$\xff\x816$\xff\x816$\xff\x816$\
\xff\x816$\xff\x816$\xff\x816$\xff\x816$\
\xff\x816$\xff\x816$\xff\x816$\xff\x816$\
\xff\x816#\xff\x816$\xff\x816$\xff\x826$\
\xff\x826$\xff\x826$\xff\x816$\xff\x816$\
\xff\x826$\xff\x826$\xff\x826$\xff\x816$\
\xff\x816$\xff\x816$\xff\x816$\xff\x816#\
\xff\x816#\xff\x826$\xff\x816$\xff\x816#\
\xff\x816#\xff\x826$\xff\x816$\xff\x816$\
\xff\x826$\xff\x816$\xff\x826$\xff\x816$\
\xff\x816$\xff\x815#\xff\xc2\x9d\x94\xff\xff\xff\xff\
\xff\xff\xff\xff\xff\xff\xff\xff\xff\xff\xff\xff\xff\xff\xff\xff\
\xff\xff\xff\xff\xff\xff\xff\xff\xff\xff\xff\xff\xff\xff\xff\xff\
\xff\xff\xff\xff\xff\xff\xff\xff\xff\xff\xff\xff\xff\xff\xff\xff\
\xff\xff\xff\xff\xff\xff\xff\xff\xff\xff\xff\xff\xff\xff\xff\xff\
\xff\xff\xff\xff\xff\xff\xff\xff\xff\xff\xff\xff\xff\xff\xff\xff\
\xff\xff\xff\xff\xff\xff\xff\xff\xff\xff\xff\xff\xff\xff\xff\xff\
\xff\xfd\xfc\xfc\xff\xf9\xf6\xf5\xff\xff\xff\xff\xff\xff\xff\xff\
\xff\xff\xff\xff\xff\xff\xff\xff\xff\xff\xff\xff\xff\xff\xff\xff\
\xff\xff\xff\xff\xff\xff\xff\xff\xff\xff\xff\xff\xff\xff\xff\xff\
\xff\xff\xff\xff\xff\xff\xff\xff\xff\xff\xff\xff\xff\xff\xff\xff\
\xff\xff\xff\xff\xff\xfc\xf9\xf9\xff\xba\x90\x88\xff\x827%\
\xff\x826$\xff\x826$\xff\x826$\xff\x826$\
\xff\x826$\xff\x826$\xff\x816$\xff\x816$\
\xff\x816$\xff\x826$\xff\x816$\xff\x826$\
\xff\x816$\xff\x816$\xff\x826$\xff\x826$\
\xff\x816$\xff\x816$\xff\x826$\xff\x826$\
\xff\x816$\xff\x816$\xff\x816$\xff\x816$\
\xff\x816$\xff\x816$\xff\x816$\xff\x817$\
\xff\x816$\xff\x816$\xff\x826$\xff\x816$\
\xff\x816$\xff\x826$\xff\x816$\xff\x826$\
\xff\x826#\xff\x816$\xff\x816#\xff\x816$\
\xff\x816$\xff\x816$\xff\x826$\xff\x816$\
\xff\x816$\xff\x816$\xff\x816$\xff\x816$\
\xff\x816$\xff\x816$\xff\x816$\xff\x816#\
\xff\x816#\xff\x816$\xff\x816$\xff\x826$\
\xff\x816$\xff\x816$\xff\x816$\xff\x816$\
\xff\x816$\xff\x816$\xff\x816$\xff\x816#\
\xff\x816$\xff\x816$\xff\x816$\xff\x816$\
\xff\x816$\xff\x816$\xff\x816$\xff\x816$\
\xff\x816$\xff\x816$\xff\x816$\xff\x816#\
\xff\x816$\xff\x826$\xff\x826$\xff\x816$\
\xff\x826$\xff\x803!\xff\xa7rf\xff\xfa\xf6\xf5\
\xff\xff\xff\xff\xff\xff\xff\xff\xff\xff\xff\xff\xff\xff\xff\xff\
\xff\xff\xff\xff\xff\xff\xff\xff\xff\xff\xff\xff\xff\xff\xff\xff\
\xff\xff\xff\xff\xff\xff\xff\xff\xff\xff\xff\xff\xff\xff\xff\xff\
\xff\xff\xff\xff\xff\xff\xff\xff\xff\xff\xff\xff\xff\xff\xff\xff\
\xff\xff\xff\xff\xff\xff\xff\xff\xff\xff\xff\xff\xff\xff\xff\xff\
\xff\xff\xff\xff\xff\xff\xff\xff\xff\xff\xff\xff\xff\xff\xff\xff\
\xff\xff\xff\xff\xff\xff\xff\xff\xff\xff\xff\xff\xff\xff\xff\xff\
\xff\xff\xff\xff\xff\xff\xff\xff\xff\xff\xff\xff\xff\xff\xff\xff\
\xff\xff\xff\xff\xff\xff\xff\xff\xff\xff\xff\xff\xff\xff\xff\xff\
\xff\xff\xff\xff\xff\xff\xff\xff\xff\xff\xff\xff\xff\xff\xff\xff\
\xff\xff\xff\xff\xff\xff\xff\xff\xff\xf4\xee\xed\xff\xa6pd\
\xff\x814\x22\xff\x826$\xff\x816$\xff\x826$\
\xff\x826$\xff\x826$\xff\x816$\xff\x816$\
\xff\x826$\xff\x826$\xff\x816$\xff\x816$\
\xff\x816$\xff\x826$\xff\x826$\xff\x826$\
\xff\x826$\xff\x816$\xff\x816$\xff\x816$\
\xff\x816$\xff\x816$\xff\x816$\xff\x816$\
\xff\x816#\xff\x816$\xff\x826$\xff\x826$\
\xff\x816$\xff\x816$\xff\x816$\xff\x816$\
\xff\x826$\xff\x816$\xff\x816$\xff\x816$\
\xff\x816#\xff\x816$\xff\x816$\xff\x816$\
\xff\x816$\xff\x816$\xff\x826$\xff\x816$\
\xff\x816$\xff\x816$\xff\x816$\xff\x816$\
\xff\x816#\xff\x816$\xff\x826$\xff\x816$\
\xff\x816$\xff\x816$\xff\x826$\xff\x826$\
\xff\x816$\xff\x816$\xff\x826$\xff\x816$\
\xff\x816$\xff\x826$\xff\x816$\xff\x816$\
\xff\x816$\xff\x816$\xff\x816$\xff\x816$\
\xff\x816$\xff\x816$\xff\x816$\xff\x816$\
\xff\x816$\xff\x816$\xff\x816$\xff\x816$\
\xff\x816$\xff\x816$\xff\x826$\xff\x826$\
\xff\x826$\xff\x815\x22\xff\x90N>\xff\xed\xe2\xe0\
\xff\xff\xff\xff\xff\xff\xff\xff\xff\xff\xff\xff\xff\xff\xff\xff\
\xff\xff\xff\xff\xff\xff\xff\xff\xff\xff\xff\xff\xff\xff\xff\xff\
\xff\xff\xff\xff\xff\xff\xff\xff\xff\xff\xff\xff\xff\xff\xff\xff\
\xff\xff\xff\xff\xff\xff\xff\xff\xff\xff\xff\xff\xff\xff\xff\xff\
\xff\xff\xff\xff\xff\xff\xff\xff\xff\xff\xff\xff\xff\xff\xff\xff\
\xff\xff\xff\xff\xff\xff\xff\xff\xff\xff\xff\xff\xff\xff\xff\xff\
\xff\xff\xff\xff\xff\xff\xff\xff\xff\xff\xff\xff\xff\xff\xff\xff\
\xff\xff\xff\xff\xff\xff\xff\xff\xff\xff\xff\xff\xff\xff\xff\xff\
\xff\xff\xff\xff\xff\xff\xff\xff\xff\xff\xff\xff\xff\xff\xff\xff\
\xff\xff\xff\xff\xff\xff\xff\xff\xff\xff\xff\xff\xff\xff\xff\xff\
\xff\xff\xff\xff\xff\xff\xff\xff\xff\xff\xff\xff\xff\xe2\xd1\xcd\
\xff\x8cF6\xff\x815#\xff\x826$\xff\x826$\
\xff\x826$\xff\x816$\xff\x816$\xff\x816$\
\xff\x816$\xff\x816$\xff\x816$\xff\x816$\
\xff\x826$\xff\x816$\xff\x826$\xff\x826$\
\xff\x816#\xff\x816$\xff\x816$\xff\x816$\
\xff\x816$\xff\x816$\xff\x816$\xff\x816#\
\xff\x816$\xff\x816$\xff\x816$\xff\x826$\
\xff\x826$\xff\x826$\xff\x816$\xff\x816$\
\xff\x816$\xff\x816$\xff\x816$\xff\x816$\
\xff\x816$\xff\x816$\xff\x816$\xff\x816$\
\xff\x816$\xff\x816$\xff\x816$\xff\x816$\
\xff\x816$\xff\x826$\xff\x816$\xff\x816$\
\xff\x816$\xff\x816$\xff\x816$\xff\x816$\
\xff\x816$\xff\x816$\xff\x826$\xff\x826$\
\xff\x826$\xff\x826$\xff\x826$\xff\x816$\
\xff\x826$\xff\x826$\xff\x816$\xff\x816$\
\xff\x816$\xff\x816$\xff\x816$\xff\x816$\
\xff\x816$\xff\x816$\xff\x816$\xff\x816$\
\xff\x816$\xff\x816$\xff\x816$\xff\x826$\
\xff\x826$\xff\x816$\xff\x816$\xff\x826$\
\xff\x826$\xff\x816#\xff\x86=,\xff\xd5\xbb\xb6\
\xff\xff\xff\xff\xff\xff\xff\xff\xff\xff\xff\xff\xff\xff\xff\xff\
\xff\xff\xff\xff\xff\xff\xff\xff\xff\xff\xff\xff\xff\xff\xff\xff\
\xff\xff\xff\xff\xff\xff\xff\xff\xff\xff\xff\xff\xff\xff\xff\xff\
\xff\xff\xff\xff\xff\xff\xff\xff\xff\xff\xff\xff\xff\xff\xff\xff\
\xff\xff\xff\xff\xff\xff\xff\xff\xff\xff\xff\xff\xff\xff\xff\xff\
\xff\xff\xff\xff\xff\xff\xff\xff\xff\xff\xff\xff\xff\xff\xff\xff\
\xff\xff\xff\xff\xff\xff\xff\xff\xff\xff\xff\xff\xff\xff\xff\xff\
\xff\xff\xff\xff\xff\xff\xff\xff\xff\xff\xff\xff\xff\xff\xff\xff\
\xff\xff\xff\xff\xff\xff\xff\xff\xff\xee\xe5\xe3\xff\xd7\xbf\xbb\
\xff\xf9\xf6\xf5\xff\xff\xff\xff\xff\xff\xff\xff\xff\xff\xff\xff\
\xff\xff\xff\xff\xff\xff\xff\xff\xff\xff\xff\xff\xff\xf6\xf2\xf1\
\xff\x9dcV\xff\x814\x22\xff\x826$\xff\x826$\
\xff\x826$\xff\x826$\xff\x826$\xff\x826$\
\xff\x826$\xff\x826$\xff\x826$\xff\x826$\
\xff\x826$\xff\x826$\xff\x826$\xff\x826$\
\xff\x816$\xff\x826$\xff\x826$\xff\x816$\
\xff\x816$\xff\x816$\xff\x816$\xff\x826$\
\xff\x816$\xff\x816$\xff\x816$\xff\x826$\
\xff\x816$\xff\x826$\xff\x816$\xff\x826$\
\xff\x816$\xff\x816$\xff\x816$\xff\x816#\
\xff\x816#\xff\x816$\xff\x816$\xff\x826$\
\xff\x826$\xff\x816$\xff\x816$\xff\x816$\
\xff\x816$\xff\x816$\xff\x816$\xff\x816$\
\xff\x816$\xff\x816$\xff\x816$\xff\x816$\
\xff\x816$\xff\x816$\xff\x826$\xff\x826$\
\xff\x826$\xff\x826$\xff\x816$\xff\x816$\
\xff\x826$\xff\x826$\xff\x826$\xff\x816$\
\xff\x816$\xff\x816$\xff\x816$\xff\x826$\
\xff\x816$\xff\x816$\xff\x816$\xff\x826$\
\xff\x826$\xff\x826$\xff\x816$\xff\x816$\
\xff\x816$\xff\x826$\xff\x826$\xff\x826$\
\xff\x826$\xff\x826$\xff\x803!\xff\xba\x90\x87\
\xff\xff\xff\xff\xff\xff\xff\xff\xff\xff\xff\xff\xff\xff\xff\xff\
\xff\xff\xff\xff\xff\xff\xff\xff\xff\xff\xff\xff\xff\xff\xff\xff\
\xff\xff\xff\xff\xff\xff\xff\xff\xff\xff\xff\xff\xff\xff\xff\xff\
\xff\xff\xff\xff\xff\xff\xff\xff\xff\xff\xff\xff\xff\xff\xff\xff\
\xff\xff\xff\xff\xff\xff\xff\xff\xff\xff\xff\xff\xff\xff\xff\xff\
\xff\xff\xff\xff\xff\xff\xff\xff\xff\xff\xff\xff\xff\xff\xff\xff\
\xff\xff\xff\xff\xff\xff\xff\xff\xff\xff\xff\xff\xff\xff\xff\xff\
\xff\xff\xff\xff\xff\xff\xff\xff\xff\xff\xff\xff\xff\xff\xff\xff\
\xff\xff\xff\xff\xff\xec\xe1\xde\xff\xa3k_\xff\x87>.\
\xff\xc5\xa2\x9b\xff\xfe\xfd\xfd\xff\xff\xff\xff\xff\xff\xff\xff\
\xff\xff\xff\xff\xff\xff\xff\xff\xff\xff\xff\xff\xff\xf8\xf4\xf4\
\xff\xa3nc\xff\x804!\xff\x826$\xff\x826$\
\xff\x826$\xff\x826$\xff\x826$\xff\x826$\
\xff\x826$\xff\x826$\xff\x826$\xff\x826$\
\xff\x826$\xff\x826$\xff\x826$\xff\x826$\
\xff\x826$\xff\x826$\xff\x826$\xff\x816$\
\xff\x826$\xff\x816$\xff\x826$\xff\x826$\
\xff\x816$\xff\x826$\xff\x826$\xff\x826$\
\xff\x826$\xff\x826$\xff\x816$\xff\x826$\
\xff\x826$\xff\x816$\xff\x826$\xff\x816$\
\xff\x816$\xff\x816$\xff\x816$\xff\x816$\
\xff\x816$\xff\x816$\xff\x816$\xff\x816$\
\xff\x816$\xff\x816$\xff\x816$\xff\x816$\
\xff\x816$\xff\x816$\xff\x816$\xff\x816$\
\xff\x816$\xff\x816$\xff\x826$\xff\x816$\
\xff\x816$\xff\x826$\xff\x826$\xff\x816$\
\xff\x816$\xff\x826$\xff\x826$\xff\x816$\
\xff\x816$\xff\x826$\xff\x826$\xff\x826$\
\xff\x826$\xff\x816$\xff\x826$\xff\x826$\
\xff\x826$\xff\x826$\xff\x816$\xff\x826$\
\xff\x826$\xff\x826$\xff\x816$\xff\x826$\
\xff\x826$\xff\x826$\xff\x814!\xff\x9ecV\
\xff\xf6\xf1\xf0\xff\xff\xff\xff\xff\xff\xff\xff\xff\xff\xff\xff\
\xff\xff\xff\xff\xff\xff\xff\xff\xff\xff\xff\xff\xff\xff\xff\xff\
\xff\xff\xff\xff\xff\xff\xff\xff\xff\xff\xff\xff\xff\xff\xff\xff\
\xff\xff\xff\xff\xff\xff\xff\xff\xff\xff\xff\xff\xff\xff\xff\xff\
\xff\xff\xff\xff\xff\xff\xff\xff\xff\xff\xff\xff\xff\xff\xff\xff\
\xff\xff\xff\xff\xff\xff\xff\xff\xff\xff\xff\xff\xff\xff\xff\xff\
\xff\xff\xff\xff\xff\xff\xff\xff\xff\xff\xff\xff\xff\xff\xff\xff\
\xff\xff\xff\xff\xff\xff\xff\xff\xff\xff\xff\xff\xff\xff\xff\xff\
\xff\xe7\xd9\xd7\xff\x9fg[\xff\x814\x22\xff\x814\x22\
\xff\x8bE4\xff\xd6\xbd\xb8\xff\xff\xff\xff\xff\xff\xff\xff\
\xff\xff\xff\xff\xff\xff\xff\xff\xff\xff\xff\xff\xff\xf8\xf4\xf4\
\xff\xa4nc\xff\x804!\xff\x826$\xff\x826$\
\xff\x826$\xff\x826$\xff\x826$\xff\x826$\
\xff\x826$\xff\x816$\xff\x826$\xff\x827$\
\xff\x826$\xff\x826$\xff\x827$\xff\x826$\
\xff\x816$\xff\x816$\xff\x826$\xff\x826$\
\xff\x816$\xff\x826$\xff\x816$\xff\x816$\
\xff\x826$\xff\x826$\xff\x826$\xff\x826$\
\xff\x827$\xff\x826$\xff\x816$\xff\x826$\
\xff\x816$\xff\x816$\xff\x826$\xff\x826$\
\xff\x826$\xff\x816$\xff\x816$\xff\x816$\
\xff\x816$\xff\x816$\xff\x816$\xff\x816$\
\xff\x816$\xff\x826$\xff\x816$\xff\x816$\
\xff\x816$\xff\x816$\xff\x816$\xff\x816$\
\xff\x816$\xff\x816$\xff\x826$\xff\x826$\
\xff\x816$\xff\x826$\xff\x826$\xff\x816$\
\xff\x816$\xff\x826$\xff\x816$\xff\x816$\
\xff\x816$\xff\x816$\xff\x826$\xff\x816$\
\xff\x816$\xff\x816$\xff\x826$\xff\x826$\
\xff\x826$\xff\x826$\xff\x816$\xff\x816$\
\xff\x826$\xff\x826$\xff\x816$\xff\x817$\
\xff\x826$\xff\x826$\xff\x815#\xff\x8aD4\
\xff\xe3\xd2\xcf\xff\xff\xff\xff\xff\xff\xff\xff\xff\xff\xff\xff\
\xff\xff\xff\xff\xff\xff\xff\xff\xff\xff\xff\xff\xff\xff\xff\xff\
\xff\xff\xff\xff\xff\xff\xff\xff\xff\xff\xff\xff\xff\xff\xff\xff\
\xff\xff\xff\xff\xff\xff\xff\xff\xff\xff\xff\xff\xff\xff\xff\xff\
\xff\xff\xff\xff\xff\xff\xff\xff\xff\xff\xff\xff\xff\xff\xff\xff\
\xff\xff\xff\xff\xff\xff\xff\xff\xff\xff\xff\xff\xff\xff\xff\xff\
\xff\xff\xff\xff\xff\xff\xff\xff\xff\xff\xff\xff\xff\xff\xff\xff\
\xff\xff\xff\xff\xff\xff\xff\xff\xff\xff\xff\xff\xff\xff\xff\xff\
\xff\xcb\xad\xa7\xff\x8cH8\xff\x826#\xff\x814\x22\
\xff\x803!\xff\x95UF\xff\xe6\xd7\xd4\xff\xff\xff\xff\
\xff\xff\xff\xff\xff\xff\xff\xff\xff\xff\xff\xff\xff\xf8\xf4\xf4\
\xff\xa4nc\xff\x804!\xff\x826$\xff\x826$\
\xff\x826$\xff\x826$\xff\x826$\xff\x826$\
\xff\x826$\xff\x826$\xff\x826$\xff\x826$\
\xff\x826$\xff\x826$\xff\x826$\xff\x826$\
\xff\x826$\xff\x816$\xff\x816$\xff\x826$\
\xff\x826$\xff\x826$\xff\x816$\xff\x816$\
\xff\x816$\xff\x816$\xff\x826$\xff\x826$\
\xff\x826$\xff\x826$\xff\x826$\xff\x826$\
\xff\x816$\xff\x816$\xff\x816$\xff\x816$\
\xff\x826$\xff\x816$\xff\x816$\xff\x826$\
\xff\x816$\xff\x816$\xff\x826$\xff\x816$\
\xff\x816#\xff\x816$\xff\x816$\xff\x816$\
\xff\x816$\xff\x816$\xff\x816$\xff\x816#\
\xff\x826#\xff\x826$\xff\x826$\xff\x826$\
\xff\x816$\xff\x816$\xff\x826$\xff\x816$\
\xff\x816$\xff\x826$\xff\x826$\xff\x826$\
\xff\x816$\xff\x816$\xff\x826$\xff\x826$\
\xff\x826$\xff\x816$\xff\x826$\xff\x826$\
\xff\x826$\xff\x816$\xff\x826$\xff\x826#\
\xff\x826$\xff\x826$\xff\x826$\xff\x826$\
\xff\x826$\xff\x826$\xff\x826$\xff\x826$\
\xff\xc5\xa2\x9b\xff\xff\xff\xff\xff\xff\xff\xff\xff\xff\xff\xff\
\xff\xff\xff\xff\xff\xff\xff\xff\xff\xff\xff\xff\xff\xff\xff\xff\
\xff\xff\xff\xff\xff\xff\xff\xff\xff\xff\xff\xff\xff\xff\xff\xff\
\xff\xff\xff\xff\xff\xff\xff\xff\xff\xff\xff\xff\xff\xff\xff\xff\
\xff\xff\xff\xff\xff\xff\xff\xff\xff\xff\xff\xff\xff\xff\xff\xff\
\xff\xff\xff\xff\xff\xff\xff\xff\xff\xff\xff\xff\xff\xff\xff\xff\
\xff\xff\xff\xff\xff\xff\xff\xff\xff\xff\xff\xff\xff\xff\xff\xff\
\xff\xff\xff\xff\xff\xff\xff\xff\xff\xff\xff\xff\xff\xff\xff\xff\
\xff\xfb\xf9\xf8\xff\xe7\xd8\xd5\xff\xc1\x9c\x93\xff\x9c`S\
\xff\x87?.\xff\x7f2 \xff\xa4nb\xff\xf3\xec\xeb\
\xff\xff\xff\xff\xff\xff\xff\xff\xff\xff\xff\xff\xff\xfa\xf7\xf6\
\xff\xa9vk\xff\x803 \xff\x826$\xff\x826$\
\xff\x826$\xff\x826$\xff\x826$\xff\x826$\
\xff\x826$\xff\x826$\xff\x826$\xff\x826$\
\xff\x826$\xff\x826$\xff\x826$\xff\x826$\
\xff\x826$\xff\x826$\xff\x826$\xff\x826$\
\xff\x826$\xff\x826$\xff\x826$\xff\x816$\
\xff\x816$\xff\x826$\xff\x826$\xff\x816$\
\xff\x816$\xff\x816$\xff\x816$\xff\x826$\
\xff\x826$\xff\x816$\xff\x816$\xff\x826$\
\xff\x826$\xff\x816$\xff\x816$\xff\x826$\
\xff\x826$\xff\x816$\xff\x816$\xff\x816#\
\xff\x816#\xff\x816#\xff\x816#\xff\x816$\
\xff\x816$\xff\x816#\xff\x816#\xff\x816$\
\xff\x816$\xff\x826#\xff\x826#\xff\x816$\
\xff\x816#\xff\x826$\xff\x826$\xff\x826$\
\xff\x816$\xff\x816$\xff\x816$\xff\x816$\
\xff\x816$\xff\x816$\xff\x826$\xff\x826$\
\xff\x826$\xff\x816$\xff\x816$\xff\x826$\
\xff\x826#\xff\x826$\xff\x826$\xff\x826$\
\xff\x826$\xff\x816$\xff\x826$\xff\x816$\
\xff\x826$\xff\x826$\xff\x826$\xff\x803!\
\xff\xa6pd\xff\xf9\xf6\xf5\xff\xff\xff\xff\xff\xff\xff\xff\
\xff\xff\xff\xff\xff\xff\xff\xff\xff\xff\xff\xff\xff\xff\xff\xff\
\xff\xff\xff\xff\xff\xff\xff\xff\xff\xff\xff\xff\xff\xff\xff\xff\
\xff\xff\xff\xff\xff\xff\xff\xff\xff\xff\xff\xff\xff\xff\xff\xff\
\xff\xff\xff\xff\xff\xff\xff\xff\xff\xff\xff\xff\xff\xff\xff\xff\
\xff\xff\xff\xff\xff\xff\xff\xff\xff\xff\xff\xff\xff\xff\xff\xff\
\xff\xff\xff\xff\xff\xff\xff\xff\xff\xff\xff\xff\xff\xff\xff\xff\
\xff\xff\xff\xff\xff\xff\xff\xff\xff\xff\xff\xff\xff\xff\xff\xff\
\xff\xff\xff\xff\xff\xff\xff\xff\xff\xff\xff\xff\xff\xf5\xef\xee\
\xff\xd9\xc2\xbe\xff\xa1i\x5c\xff\x815#\xff\xb7\x8c\x83\
\xff\xfc\xfa\xf9\xff\xff\xff\xff\xff\xff\xff\xff\xff\xff\xff\xff\
\xff\xd5\xbc\xb7\xff\x8aE4\xff\x815\x22\xff\x826$\
\xff\x826$\xff\x826$\xff\x826$\xff\x826$\
\xff\x826$\xff\x826$\xff\x826$\xff\x826$\
\xff\x826$\xff\x826$\xff\x826$\xff\x826$\
\xff\x826$\xff\x826$\xff\x826$\xff\x826$\
\xff\x826$\xff\x816$\xff\x816$\xff\x826$\
\xff\x816$\xff\x826$\xff\x816$\xff\x826$\
\xff\x816$\xff\x816$\xff\x816$\xff\x826$\
\xff\x816$\xff\x816$\xff\x816$\xff\x826$\
\xff\x816$\xff\x816$\xff\x816$\xff\x816$\
\xff\x816$\xff\x816$\xff\x816#\xff\x816$\
\xff\x816#\xff\x816#\xff\x816$\xff\x816$\
\xff\x816#\xff\x816#\xff\x816#\xff\x816#\
\xff\x816#\xff\x816#\xff\x816#\xff\x826#\
\xff\x816#\xff\x826$\xff\x816$\xff\x816$\
\xff\x816$\xff\x816#\xff\x816#\xff\x816$\
\xff\x816$\xff\x816$\xff\x826$\xff\x816$\
\xff\x826$\xff\x826$\xff\x826$\xff\x826$\
\xff\x826$\xff\x826$\xff\x826$\xff\x826$\
\xff\x826$\xff\x816$\xff\x826$\xff\x816$\
\xff\x816$\xff\x826$\xff\x826$\xff\x815#\
\xff\x8dH8\xff\xe7\xd9\xd6\xff\xff\xff\xff\xff\xff\xff\xff\
\xff\xff\xff\xff\xff\xff\xff\xff\xff\xff\xff\xff\xff\xff\xff\xff\
\xff\xff\xff\xff\xff\xff\xff\xff\xff\xff\xff\xff\xff\xff\xff\xff\
\xff\xff\xff\xff\xff\xff\xff\xff\xff\xff\xff\xff\xff\xff\xff\xff\
\xff\xff\xff\xff\xff\xff\xff\xff\xff\xff\xff\xff\xff\xff\xff\xff\
\xff\xff\xff\xff\xff\xff\xff\xff\xff\xff\xff\xff\xff\xff\xff\xff\
\xff\xff\xff\xff\xff\xff\xff\xff\xff\xff\xff\xff\xff\xff\xff\xff\
\xff\xff\xff\xff\xff\xff\xff\xff\xff\xff\xff\xff\xff\xff\xff\xff\
\xff\xff\xff\xff\xff\xff\xff\xff\xff\xff\xff\xff\xff\xff\xff\xff\
\xff\xff\xff\xff\xff\xed\xe2\xe0\xff\xa3ma\xff\xb1\x83z\
\xff\xf9\xf6\xf5\xff\xff\xff\xff\xff\xff\xff\xff\xff\xff\xff\xff\
\xff\xfe\xfd\xfd\xff\xc7\xa5\x9e\xff\x86<+\xff\x825#\
\xff\x826$\xff\x826$\xff\x826$\xff\x826$\
\xff\x816$\xff\x826$\xff\x826$\xff\x826$\
\xff\x826$\xff\x826$\xff\x826$\xff\x826$\
\xff\x826$\xff\x826$\xff\x826$\xff\x816$\
\xff\x826$\xff\x826$\xff\x816$\xff\x826$\
\xff\x826$\xff\x826$\xff\x826$\xff\x826$\
\xff\x816$\xff\x816$\xff\x816$\xff\x816$\
\xff\x816$\xff\x816$\xff\x826$\xff\x826$\
\xff\x826$\xff\x826$\xff\x816$\xff\x816$\
\xff\x816$\xff\x816$\xff\x816$\xff\x816$\
\xff\x816$\xff\x816$\xff\x816#\xff\x816#\
\xff\x816#\xff\x816#\xff\x816#\xff\x816$\
\xff\x816$\xff\x816#\xff\x816#\xff\x826$\
\xff\x826$\xff\x816$\xff\x816$\xff\x816$\
\xff\x816#\xff\x816$\xff\x816$\xff\x816$\
\xff\x816$\xff\x816$\xff\x826$\xff\x826$\
\xff\x826$\xff\x826$\xff\x826$\xff\x816#\
\xff\x826$\xff\x816$\xff\x816$\xff\x826$\
\xff\x816$\xff\x816$\xff\x816$\xff\x816$\
\xff\x816#\xff\x826$\xff\x826$\xff\x826$\
\xff\x827%\xff\xc7\xa5\x9e\xff\xff\xff\xff\xff\xff\xff\xff\
\xff\xff\xff\xff\xff\xff\xff\xff\xff\xff\xff\xff\xff\xff\xff\xff\
\xff\xff\xff\xff\xff\xff\xff\xff\xff\xff\xff\xff\xff\xff\xff\xff\
\xff\xff\xff\xff\xff\xff\xff\xff\xff\xff\xff\xff\xff\xff\xff\xff\
\xff\xff\xff\xff\xff\xff\xff\xff\xff\xff\xff\xff\xff\xff\xff\xff\
\xff\xff\xff\xff\xff\xff\xff\xff\xff\xff\xff\xff\xff\xff\xff\xff\
\xff\xff\xff\xff\xff\xff\xff\xff\xff\xff\xff\xff\xff\xff\xff\xff\
\xff\xff\xff\xff\xff\xff\xff\xff\xff\xff\xff\xff\xff\xff\xff\xff\
\xff\xff\xff\xff\xff\xff\xff\xff\xff\xff\xff\xff\xff\xff\xff\xff\
\xff\xff\xff\xff\xff\xff\xff\xff\xff\xf7\xf2\xf1\xff\xf9\xf5\xf5\
\xff\xff\xff\xff\xff\xff\xff\xff\xff\xff\xff\xff\xff\xff\xff\xff\
\xff\xff\xff\xff\xff\xfa\xf7\xf7\xff\xb4\x87~\xff\x804!\
\xff\x803 \xff\x803 \xff\x803 \xff\x7f2 \
\xff\x7f2 \xff\x803 \xff\x803!\xff\x803 \
\xff\x803 \xff\x803!\xff\x803!\xff\x814\x22\
\xff\x816$\xff\x816$\xff\x826$\xff\x816$\
\xff\x816$\xff\x816$\xff\x816$\xff\x816$\
\xff\x826$\xff\x826$\xff\x826$\xff\x826$\
\xff\x816$\xff\x816$\xff\x816$\xff\x816$\
\xff\x816$\xff\x816$\xff\x816$\xff\x826$\
\xff\x826$\xff\x816$\xff\x816#\xff\x816$\
\xff\x826$\xff\x826$\xff\x816$\xff\x816#\
\xff\x816$\xff\x816$\xff\x816$\xff\x816$\
\xff\x816#\xff\x826$\xff\x816#\xff\x816$\
\xff\x816#\xff\x816$\xff\x816$\xff\x826$\
\xff\x816$\xff\x826$\xff\x816$\xff\x816$\
\xff\x816$\xff\x816$\xff\x816$\xff\x816$\
\xff\x816$\xff\x816$\xff\x826$\xff\x826$\
\xff\x826$\xff\x826$\xff\x826$\xff\x826$\
\xff\x826$\xff\x826$\xff\x826$\xff\x826#\
\xff\x826$\xff\x826$\xff\x826$\xff\x826$\
\xff\x826$\xff\x826$\xff\x826$\xff\x826$\
\xff\x803!\xff\xa4ma\xff\xf8\xf4\xf4\xff\xff\xff\xff\
\xff\xff\xff\xff\xff\xff\xff\xff\xff\xff\xff\xff\xff\xff\xff\xff\
\xff\xff\xff\xff\xff\xff\xff\xff\xff\xff\xff\xff\xff\xff\xff\xff\
\xff\xff\xff\xff\xff\xff\xff\xff\xff\xff\xff\xff\xff\xff\xff\xff\
\xff\xff\xff\xff\xff\xff\xff\xff\xff\xff\xff\xff\xff\xff\xff\xff\
\xff\xff\xff\xff\xff\xff\xff\xff\xff\xff\xff\xff\xff\xff\xff\xff\
\xff\xff\xff\xff\xff\xff\xff\xff\xff\xff\xff\xff\xff\xff\xff\xff\
\xff\xff\xff\xff\xff\xff\xff\xff\xff\xff\xff\xff\xff\xff\xff\xff\
\xff\xff\xff\xff\xff\xff\xff\xff\xff\xff\xff\xff\xff\xff\xff\xff\
\xff\xff\xff\xff\xff\xff\xff\xff\xff\xff\xff\xff\xff\xff\xff\xff\
\xff\xff\xff\xff\xff\xff\xff\xff\xff\xff\xff\xff\xff\xff\xff\xff\
\xff\xff\xff\xff\xff\xff\xff\xff\xff\xf0\xe7\xe5\xff\xb9\x8f\x86\
\xff\xaf\x80v\xff\xb1\x81x\xff\xb1\x83x\xff\xb3\x85z\
\xff\xb4\x86{\xff\xb3\x84y\xff\xb1\x82x\xff\xb1\x82x\
\xff\xb0\x82x\xff\xaf\x81x\xff\xaf\x81w\xff\x9ecV\
\xff\x816$\xff\x7f2\x1f\xff\x7f2 \xff\x815#\
\xff\x815#\xff\x815#\xff\x815#\xff\x815#\
\xff\x815#\xff\x826$\xff\x826$\xff\x826$\
\xff\x816$\xff\x816$\xff\x816$\xff\x826$\
\xff\x826$\xff\x816$\xff\x816$\xff\x826$\
\xff\x826$\xff\x826$\xff\x826$\xff\x816$\
\xff\x826$\xff\x816$\xff\x816$\xff\x816$\
\xff\x816$\xff\x816$\xff\x816$\xff\x816#\
\xff\x816$\xff\x816#\xff\x816$\xff\x816$\
\xff\x816$\xff\x816#\xff\x816#\xff\x816$\
\xff\x826$\xff\x826$\xff\x826$\xff\x816$\
\xff\x816$\xff\x816$\xff\x816$\xff\x816$\
\xff\x816$\xff\x816$\xff\x816$\xff\x816$\
\xff\x816$\xff\x826$\xff\x816$\xff\x816$\
\xff\x816$\xff\x826$\xff\x826$\xff\x826$\
\xff\x816$\xff\x826$\xff\x826$\xff\x826$\
\xff\x826$\xff\x826$\xff\x826$\xff\x826$\
\xff\x815#\xff\x89C2\xff\xde\xcb\xc8\xff\xff\xff\xff\
\xff\xff\xff\xff\xff\xff\xff\xff\xff\xff\xff\xff\xff\xff\xff\xff\
\xff\xff\xff\xff\xff\xff\xff\xff\xff\xff\xff\xff\xff\xff\xff\xff\
\xff\xff\xff\xff\xff\xff\xff\xff\xff\xff\xff\xff\xff\xff\xff\xff\
\xff\xff\xff\xff\xff\xff\xff\xff\xff\xff\xff\xff\xff\xff\xff\xff\
\xff\xff\xff\xff\xff\xff\xff\xff\xff\xff\xff\xff\xff\xff\xff\xff\
\xff\xff\xff\xff\xff\xff\xff\xff\xff\xff\xff\xff\xff\xff\xff\xff\
\xff\xff\xff\xff\xff\xff\xff\xff\xff\xff\xff\xff\xff\xff\xff\xff\
\xff\xff\xff\xff\xff\xff\xff\xff\xff\xff\xff\xff\xff\xff\xff\xff\
\xff\xff\xff\xff\xff\xff\xff\xff\xff\xff\xff\xff\xff\xff\xff\xff\
\xff\xff\xff\xff\xff\xff\xff\xff\xff\xff\xff\xff\xff\xff\xff\xff\
\xff\xff\xff\xff\xff\xff\xff\xff\xff\xff\xff\xff\xff\xfe\xfd\xfd\
\xff\xfc\xfa\xfb\xff\xfc\xfb\xfb\xff\xfd\xfb\xfb\xff\xfd\xfc\xfc\
\xff\xfd\xfd\xfc\xff\xfd\xfc\xfb\xff\xfc\xfb\xfb\xff\xfc\xfb\xfb\
\xff\xfc\xfb\xfb\xff\xfc\xfa\xfb\xff\xfc\xfb\xfb\xff\xef\xe6\xe4\
\xff\xb7\x8c\x83\xff\xb2\x83z\xff\xad|q\xff\x8cG7\
\xff\x88@.\xff\x88@/\xff\x88@/\xff\x88@/\
\xff\x88?.\xff\x838%\xff\x826$\xff\x826$\
\xff\x826$\xff\x826$\xff\x826$\xff\x826$\
\xff\x816$\xff\x816$\xff\x826$\xff\x826$\
\xff\x816$\xff\x826$\xff\x826$\xff\x826$\
\xff\x826$\xff\x816$\xff\x816$\xff\x816#\
\xff\x826$\xff\x816$\xff\x826$\xff\x826$\
\xff\x816$\xff\x816$\xff\x816$\xff\x816$\
\xff\x816#\xff\x826#\xff\x816$\xff\x826$\
\xff\x816$\xff\x826$\xff\x816$\xff\x816$\
\xff\x816#\xff\x816$\xff\x816$\xff\x816$\
\xff\x816#\xff\x816#\xff\x816$\xff\x816$\
\xff\x826$\xff\x826$\xff\x816$\xff\x826$\
\xff\x826$\xff\x826$\xff\x826#\xff\x826$\
\xff\x816$\xff\x826$\xff\x826$\xff\x826$\
\xff\x826$\xff\x816$\xff\x816$\xff\x826$\
\xff\x826$\xff\x814\x22\xff\xb0\x7ft\xff\xfb\xf9\xf8\
\xff\xff\xff\xff\xff\xff\xff\xff\xff\xff\xff\xff\xff\xff\xff\xff\
\xff\xff\xff\xff\xff\xff\xff\xff\xff\xff\xff\xff\xff\xff\xff\xff\
\xff\xff\xff\xff\xff\xff\xff\xff\xff\xff\xff\xff\xff\xff\xff\xff\
\xff\xff\xff\xff\xff\xff\xff\xff\xff\xff\xff\xff\xff\xff\xff\xff\
\xff\xff\xff\xff\xff\xff\xff\xff\xff\xff\xff\xff\xff\xff\xff\xff\
\xff\xff\xff\xff\xff\xff\xff\xff\xff\xff\xff\xff\xff\xff\xff\xff\
\xff\xff\xff\xff\xff\xff\xff\xff\xff\xff\xff\xff\xff\xff\xff\xff\
\xff\xff\xff\xff\xff\xff\xff\xff\xff\xff\xff\xff\xff\xff\xff\xff\
\xff\xff\xff\xff\xff\xff\xff\xff\xff\xff\xff\xff\xff\xff\xff\xff\
\xff\xff\xff\xff\xff\xff\xff\xff\xff\xff\xff\xff\xff\xff\xff\xff\
\xff\xff\xff\xff\xff\xff\xff\xff\xff\xff\xff\xff\xff\xff\xff\xff\
\xff\xff\xff\xff\xff\xff\xff\xff\xff\xff\xff\xff\xff\xff\xff\xff\
\xff\xff\xff\xff\xff\xff\xff\xff\xff\xff\xff\xff\xff\xff\xff\xff\
\xff\xff\xff\xff\xff\xff\xff\xff\xff\xff\xff\xff\xff\xff\xff\xff\
\xff\xfd\xfb\xfb\xff\xfe\xfd\xfd\xff\xfa\xf8\xf7\xff\xe1\xd0\xcc\
\xff\xdb\xc5\xc0\xff\xdc\xc6\xc1\xff\xdb\xc6\xc1\xff\xdc\xc7\xc2\
\xff\xd4\xba\xb5\xff\x92QA\xff\x815#\xff\x826$\
\xff\x826$\xff\x826$\xff\x826$\xff\x826$\
\xff\x826$\xff\x826$\xff\x826$\xff\x826$\
\xff\x826$\xff\x826$\xff\x816$\xff\x826$\
\xff\x826$\xff\x816$\xff\x816$\xff\x816$\
\xff\x816$\xff\x816$\xff\x816$\xff\x816$\
\xff\x816$\xff\x816$\xff\x816$\xff\x816#\
\xff\x816#\xff\x816#\xff\x816$\xff\x816$\
\xff\x826$\xff\x826$\xff\x816$\xff\x816$\
\xff\x816$\xff\x816$\xff\x816$\xff\x816$\
\xff\x816$\xff\x816$\xff\x816$\xff\x826$\
\xff\x826$\xff\x826$\xff\x826$\xff\x826$\
\xff\x826$\xff\x816$\xff\x816$\xff\x826$\
\xff\x816$\xff\x826$\xff\x826$\xff\x816$\
\xff\x816$\xff\x816$\xff\x816$\xff\x826$\
\xff\x826$\xff\x815#\xff\x88?.\xff\xd2\xb7\xb2\
\xff\xff\xff\xff\xff\xff\xff\xff\xff\xff\xff\xff\xff\xff\xff\xff\
\xff\xff\xff\xff\xff\xff\xff\xff\xff\xff\xff\xff\xff\xff\xff\xff\
\xff\xff\xff\xff\xff\xff\xff\xff\xff\xff\xff\xff\xff\xff\xff\xff\
\xff\xff\xff\xff\xff\xff\xff\xff\xff\xff\xff\xff\xff\xff\xff\xff\
\xff\xff\xff\xff\xff\xff\xff\xff\xff\xff\xff\xff\xff\xff\xff\xff\
\xff\xff\xff\xff\xff\xff\xff\xff\xff\xff\xff\xff\xff\xff\xff\xff\
\xff\xff\xff\xff\xff\xff\xff\xff\xff\xff\xff\xff\xff\xff\xff\xff\
\xff\xff\xff\xff\xff\xff\xff\xff\xff\xff\xff\xff\xff\xff\xff\xff\
\xff\xff\xff\xff\xff\xff\xff\xff\xff\xff\xff\xff\xff\xff\xff\xff\
\xff\xff\xff\xff\xff\xff\xff\xff\xff\xff\xff\xff\xff\xff\xff\xff\
\xff\xff\xff\xff\xff\xff\xff\xff\xff\xff\xff\xff\xff\xff\xff\xff\
\xff\xff\xff\xff\xff\xff\xff\xff\xff\xff\xff\xff\xff\xff\xff\xff\
\xff\xff\xff\xff\xff\xff\xff\xff\xff\xff\xff\xff\xff\xff\xff\xff\
\xff\xff\xff\xff\xff\xff\xff\xff\xff\xff\xff\xff\xff\xff\xff\xff\
\xff\xff\xff\xff\xff\xff\xff\xff\xff\xfc\xfb\xfa\xff\xe9\xdd\xd9\
\xff\xe6\xd7\xd4\xff\xe7\xd8\xd5\xff\xe7\xd8\xd5\xff\xe7\xd8\xd5\
\xff\xde\xc9\xc5\xff\x94SD\xff\x814\x22\xff\x826$\
\xff\x826$\xff\x816$\xff\x826$\xff\x826$\
\xff\x826$\xff\x826$\xff\x826$\xff\x826$\
\xff\x826$\xff\x826#\xff\x816$\xff\x816$\
\xff\x816$\xff\x816$\xff\x816#\xff\x816$\
\xff\x816$\xff\x816$\xff\x816$\xff\x816$\
\xff\x816$\xff\x816$\xff\x816$\xff\x816#\
\xff\x816#\xff\x816$\xff\x826$\xff\x816$\
\xff\x816$\xff\x816$\xff\x816$\xff\x816$\
\xff\x816$\xff\x816$\xff\x816$\xff\x816$\
\xff\x816$\xff\x816$\xff\x826$\xff\x826$\
\xff\x826$\xff\x826$\xff\x816$\xff\x826$\
\xff\x816$\xff\x826$\xff\x826$\xff\x826$\
\xff\x826$\xff\x826$\xff\x826$\xff\x816$\
\xff\x816$\xff\x826$\xff\x816$\xff\x816$\
\xff\x826$\xff\x826$\xff\x814\x22\xff\x93RC\
\xff\xe1\xcf\xcb\xff\xff\xff\xff\xff\xff\xff\xff\xff\xff\xff\xff\
\xff\xff\xff\xff\xff\xff\xff\xff\xff\xff\xff\xff\xff\xff\xff\xff\
\xff\xff\xff\xff\xff\xff\xff\xff\xff\xff\xff\xff\xff\xff\xff\xff\
\xff\xff\xff\xff\xff\xff\xff\xff\xff\xff\xff\xff\xff\xff\xff\xff\
\xff\xff\xff\xff\xff\xff\xff\xff\xff\xff\xff\xff\xff\xff\xff\xff\
\xff\xff\xff\xff\xff\xff\xff\xff\xff\xf1\xea\xe9\xff\xda\xc5\xc0\
\xff\xd9\xc2\xbd\xff\xd7\xbf\xba\xff\xe2\xd0\xcc\xff\xfe\xfd\xfd\
\xff\xf9\xf5\xf5\xff\xf5\xee\xed\xff\xf5\xee\xed\xff\xf4\xee\xed\
\xff\xf4\xee\xed\xff\xf4\xee\xed\xff\xf4\xed\xec\xff\xf3\xed\xec\
\xff\xf3\xec\xeb\xff\xf3\xec\xea\xff\xf2\xeb\xea\xff\xf2\xeb\xe9\
\xff\xf2\xea\xe8\xff\xf1\xe9\xe7\xff\xf1\xe8\xe6\xff\xf0\xe7\xe5\
\xff\xef\xe5\xe3\xff\xed\xe2\xe0\xff\xed\xe1\xe0\xff\xed\xe3\xe1\
\xff\xed\xe2\xe0\xff\xec\xe1\xdf\xff\xea\xde\xdc\xff\xe7\xd9\xd5\
\xff\xe4\xd4\xd1\xff\xe2\xd1\xce\xff\xe0\xd0\xcd\xff\xdd\xc9\xc6\
\xff\xc9\xaa\xa3\xff\xf6\xf0\xef\xff\xec\xe0\xde\xff\x93SE\
\xff\x89C2\xff\x8aD3\xff\x8aD3\xff\x8aD3\
\xff\x89B2\xff\x838&\xff\x826$\xff\x826$\
\xff\x826$\xff\x816$\xff\x816$\xff\x826$\
\xff\x816$\xff\x816$\xff\x826$\xff\x826$\
\xff\x826$\xff\x826$\xff\x826$\xff\x826$\
\xff\x816$\xff\x816$\xff\x816$\xff\x816$\
\xff\x816$\xff\x816$\xff\x816$\xff\x816$\
\xff\x816$\xff\x816$\xff\x816$\xff\x816$\
\xff\x816$\xff\x816$\xff\x816$\xff\x816$\
\xff\x816$\xff\x816$\xff\x826$\xff\x816$\
\xff\x816$\xff\x816$\xff\x826$\xff\x816$\
\xff\x826$\xff\x826$\xff\x826$\xff\x826$\
\xff\x826$\xff\x826$\xff\x826$\xff\x826#\
\xff\x816$\xff\x816$\xff\x826$\xff\x826$\
\xff\x826$\xff\x826$\xff\x816$\xff\x816$\
\xff\x816$\xff\x816$\xff\x826$\xff\x816$\
\xff\x816$\xff\x816$\xff\x826$\xff\x804\x22\
\xff\x98[M\xff\xe2\xd1\xcd\xff\xff\xff\xff\xff\xff\xff\xff\
\xff\xff\xff\xff\xff\xff\xff\xff\xff\xff\xff\xff\xff\xff\xff\xff\
\xff\xff\xff\xff\xff\xff\xff\xff\xff\xff\xff\xff\xff\xff\xff\xff\
\xff\xff\xff\xff\xff\xff\xff\xff\xff\xff\xff\xff\xff\xff\xff\xff\
\xff\xff\xff\xff\xff\xff\xff\xff\xff\xff\xff\xff\xff\xff\xff\xff\
\xff\xff\xff\xff\xff\xff\xff\xff\xff\xe2\xd1\xce\xff\xa0h[\
\xff\x88@/\xff\x86>,\xff\x93RC\xff\xc0\x9a\x92\
\xff\xa8th\xff\x9a\x5cN\xff\x9a\x5cN\xff\x99\x5cM\
\xff\x99[M\xff\x98[M\xff\x97ZL\xff\x96XJ\
\xff\x95WH\xff\x95UG\xff\x94TE\xff\x93RC\
\xff\x91P@\xff\x8fM=\xff\x8eJ:\xff\x8dH9\
\xff\x8cH9\xff\x8cG8\xff\x8cG8\xff\x8cG8\
\xff\x8bG8\xff\x8bF7\xff\x8aE6\xff\x8bE4\
\xff\x8bD3\xff\x8aD3\xff\x8aD3\xff\x88A0\
\xff\x8dI:\xff\xef\xe5\xe4\xff\xe9\xdb\xd8\xff\x8aC3\
\xff\x804\x22\xff\x815#\xff\x815#\xff\x815#\
\xff\x815#\xff\x826$\xff\x826$\xff\x826$\
\xff\x816$\xff\x816$\xff\x816$\xff\x816$\
\xff\x816$\xff\x816$\xff\x816$\xff\x826$\
\xff\x826$\xff\x826$\xff\x826$\xff\x816$\
\xff\x816$\xff\x816$\xff\x816$\xff\x816$\
\xff\x816$\xff\x816$\xff\x816$\xff\x816$\
\xff\x816$\xff\x816$\xff\x816$\xff\x816#\
\xff\x816$\xff\x816$\xff\x826$\xff\x816$\
\xff\x816$\xff\x816$\xff\x816$\xff\x816$\
\xff\x816$\xff\x816$\xff\x816$\xff\x816$\
\xff\x826$\xff\x826$\xff\x826$\xff\x826$\
\xff\x826$\xff\x816$\xff\x816$\xff\x826$\
\xff\x826$\xff\x826$\xff\x816$\xff\x816$\
\xff\x826$\xff\x826$\xff\x816$\xff\x816$\
\xff\x816$\xff\x816$\xff\x816$\xff\x816$\
\xff\x816$\xff\x816$\xff\x826$\xff\x826$\
\xff\x814\x22\xff\x94SD\xff\xce\xb0\xaa\xff\xf6\xf1\xf0\
\xff\xff\xff\xff\xff\xff\xff\xff\xff\xff\xff\xff\xff\xff\xff\xff\
\xff\xff\xff\xff\xff\xff\xff\xff\xff\xff\xff\xff\xff\xff\xff\xff\
\xff\xff\xff\xff\xff\xff\xff\xff\xff\xff\xff\xff\xff\xff\xff\xff\
\xff\xff\xff\xff\xff\xff\xff\xff\xff\xff\xff\xff\xff\xff\xff\xff\
\xff\xff\xff\xff\xff\xff\xff\xff\xff\xfe\xfd\xfd\xff\xee\xe4\xe2\
\xff\xabyn\xff\x815$\xff\x815#\xff\x826$\
\xff\x814\x22\xff\x814\x22\xff\x814\x22\xff\x815\x22\
\xff\x804\x22\xff\x814\x22\xff\x814\x22\xff\x805\x22\
\xff\x815\x22\xff\x815\x22\xff\x815\x22\xff\x815\x22\
\xff\x815\x22\xff\x815\x22\xff\x815\x22\xff\x815#\
\xff\x815#\xff\x815#\xff\x815#\xff\x815#\
\xff\x815#\xff\x815#\xff\x815#\xff\x815#\
\xff\x815#\xff\x815#\xff\x815#\xff\x814\x22\
\xff\x8cG7\xff\xee\xe3\xe2\xff\xdd\xc9\xc5\xff\x88A0\
\xff\x815#\xff\x826$\xff\x816$\xff\x826$\
\xff\x826$\xff\x826$\xff\x826$\xff\x826$\
\xff\x826$\xff\x816$\xff\x816$\xff\x826$\
\xff\x816$\xff\x816$\xff\x816$\xff\x816$\
\xff\x826$\xff\x826$\xff\x816$\xff\x816$\
\xff\x816$\xff\x816$\xff\x816$\xff\x816$\
\xff\x816$\xff\x816$\xff\x816$\xff\x816$\
\xff\x816$\xff\x816$\xff\x816$\xff\x816$\
\xff\x816#\xff\x816$\xff\x816$\xff\x816$\
\xff\x826$\xff\x816$\xff\x816$\xff\x816$\
\xff\x826$\xff\x816$\xff\x816$\xff\x816$\
\xff\x816$\xff\x816$\xff\x826$\xff\x826$\
\xff\x816$\xff\x816$\xff\x816$\xff\x826$\
\xff\x826$\xff\x816$\xff\x826$\xff\x826$\
\xff\x826$\xff\x816$\xff\x816$\xff\x816$\
\xff\x816$\xff\x816$\xff\x826$\xff\x826$\
\xff\x816$\xff\x816$\xff\x816$\xff\x816$\
\xff\x816$\xff\x814\x22\xff\x85;*\xff\xa1h[\
\xff\xc5\xa2\x9b\xff\xde\xca\xc7\xff\xe9\xdd\xdb\xff\xe8\xdc\xd9\
\xff\xd3\xb9\xb4\xff\xd0\xb5\xaf\xff\xfc\xfa\xfa\xff\xff\xff\xff\
\xff\xff\xff\xff\xff\xff\xff\xff\xff\xff\xff\xff\xff\xff\xff\xff\
\xff\xff\xff\xff\xff\xff\xff\xff\xff\xff\xff\xff\xff\xff\xff\xff\
\xff\xff\xff\xff\xff\xff\xff\xff\xff\xff\xff\xff\xff\xff\xff\xff\
\xff\xd7\xc0\xbc\xff\x86>-\xff\x815\x22\xff\x816$\
\xff\x826$\xff\x826$\xff\x826$\xff\x826$\
\xff\x826$\xff\x826$\xff\x826$\xff\x826$\
\xff\x826$\xff\x826$\xff\x826$\xff\x826$\
\xff\x826$\xff\x826$\xff\x826$\xff\x826$\
\xff\x826$\xff\x826$\xff\x816$\xff\x826$\
\xff\x826$\xff\x826$\xff\x816$\xff\x826$\
\xff\x826$\xff\x827$\xff\x826$\xff\x826#\
\xff\x86<+\xff\xb1\x82x\xff\x9c`S\xff\x826$\
\xff\x816$\xff\x826$\xff\x826$\xff\x826$\
\xff\x816$\xff\x826$\xff\x826$\xff\x816$\
\xff\x816$\xff\x816$\xff\x816$\xff\x816$\
\xff\x816$\xff\x826$\xff\x816$\xff\x826$\
\xff\x826$\xff\x826$\xff\x816$\xff\x816$\
\xff\x826$\xff\x816#\xff\x816$\xff\x826$\
\xff\x816$\xff\x816$\xff\x816$\xff\x816$\
\xff\x816$\xff\x816$\xff\x816$\xff\x816$\
\xff\x816$\xff\x816$\xff\x816$\xff\x816$\
\xff\x826$\xff\x826$\xff\x826$\xff\x816#\
\xff\x816$\xff\x816$\xff\x816$\xff\x816$\
\xff\x816$\xff\x826$\xff\x826$\xff\x826$\
\xff\x826$\xff\x826$\xff\x826$\xff\x826$\
\xff\x816$\xff\x826$\xff\x826$\xff\x816$\
\xff\x826$\xff\x816$\xff\x816$\xff\x816$\
\xff\x826$\xff\x826#\xff\x826$\xff\x816$\
\xff\x816$\xff\x816$\xff\x816$\xff\x826$\
\xff\x826$\xff\x826$\xff\x815#\xff\x804!\
\xff\x827%\xff\x89B1\xff\x8aE5\xff\x8aE5\
\xff\x84:)\xff\xb5\x8a\x81\xff\xfe\xfd\xfd\xff\xff\xff\xff\
\xff\xff\xff\xff\xff\xff\xff\xff\xff\xff\xff\xff\xff\xff\xff\xff\
\xff\xff\xff\xff\xff\xff\xff\xff\xff\xff\xff\xff\xff\xff\xff\xff\
\xff\xff\xff\xff\xff\xff\xff\xff\xff\xff\xff\xff\xff\xff\xff\xff\
\xff\xd2\xb8\xb3\xff\x8cH8\xff\x89B1\xff\x839'\
\xff\x826$\xff\x826$\xff\x826$\xff\x826$\
\xff\x826$\xff\x826$\xff\x826$\xff\x826$\
\xff\x826$\xff\x826$\xff\x826$\xff\x826$\
\xff\x826$\xff\x826$\xff\x826$\xff\x826$\
\xff\x826$\xff\x826$\xff\x816$\xff\x826$\
\xff\x826$\xff\x826$\xff\x826$\xff\x826$\
\xff\x826$\xff\x826$\xff\x826$\xff\x826$\
\xff\x826$\xff\x804\x22\xff\x804\x22\xff\x816$\
\xff\x826$\xff\x816$\xff\x816$\xff\x816$\
\xff\x826$\xff\x826$\xff\x826$\xff\x826$\
\xff\x816$\xff\x826$\xff\x826$\xff\x826$\
\xff\x816$\xff\x826$\xff\x826$\xff\x826$\
\xff\x826$\xff\x816$\xff\x816$\xff\x816$\
\xff\x816$\xff\x816$\xff\x816$\xff\x816#\
\xff\x816$\xff\x816$\xff\x816$\xff\x816$\
\xff\x816$\xff\x816$\xff\x826$\xff\x816$\
\xff\x816$\xff\x816$\xff\x816$\xff\x816$\
\xff\x816$\xff\x816$\xff\x816$\xff\x816$\
\xff\x816$\xff\x816$\xff\x816$\xff\x826$\
\xff\x816$\xff\x826$\xff\x826$\xff\x826$\
\xff\x826$\xff\x816$\xff\x826$\xff\x826$\
\xff\x816$\xff\x826$\xff\x816$\xff\x826$\
\xff\x826$\xff\x816$\xff\x816$\xff\x816$\
\xff\x816$\xff\x816$\xff\x816#\xff\x816$\
\xff\x816$\xff\x826$\xff\x816$\xff\x826$\
\xff\x826$\xff\x826$\xff\x826$\xff\x826$\
\xff\x826$\xff\x816#\xff\x815#\xff\x814\x22\
\xff\x85;*\xff\xd3\xb8\xb3\xff\xff\xff\xff\xff\xff\xff\xff\
\xff\xff\xff\xff\xff\xff\xff\xff\xff\xff\xff\xff\xff\xff\xff\xff\
\xff\xff\xff\xff\xff\xff\xff\xff\xff\xff\xff\xff\xff\xff\xff\xff\
\xff\xff\xff\xff\xff\xff\xff\xff\xff\xff\xff\xff\xff\xff\xff\xff\
\xff\xf3\xec\xeb\xff\xdf\xd0\xcd\xff\xd8\xc4\xc1\xff\x9caS\
\xff\x814\x22\xff\x826$\xff\x826$\xff\x826$\
\xff\x826$\xff\x826$\xff\x826$\xff\x826$\
\xff\x826$\xff\x826$\xff\x826$\xff\x826$\
\xff\x826$\xff\x826$\xff\x826$\xff\x826$\
\xff\x826$\xff\x826$\xff\x826$\xff\x826$\
\xff\x816$\xff\x816$\xff\x826$\xff\x826$\
\xff\x826$\xff\x826$\xff\x826$\xff\x826$\
\xff\x826$\xff\x826$\xff\x826$\xff\x826$\
\xff\x817$\xff\x826$\xff\x816$\xff\x816$\
\xff\x826$\xff\x826$\xff\x826$\xff\x816$\
\xff\x816$\xff\x816$\xff\x816$\xff\x816$\
\xff\x816$\xff\x816$\xff\x816$\xff\x816$\
\xff\x816$\xff\x816$\xff\x816$\xff\x816$\
\xff\x816$\xff\x826$\xff\x816$\xff\x816#\
\xff\x816$\xff\x816$\xff\x816$\xff\x816$\
\xff\x816$\xff\x816$\xff\x816$\xff\x816$\
\xff\x826$\xff\x816$\xff\x816$\xff\x816$\
\xff\x816$\xff\x816$\xff\x816$\xff\x816$\
\xff\x816$\xff\x816$\xff\x816$\xff\x816$\
\xff\x826$\xff\x826$\xff\x826$\xff\x826$\
\xff\x826$\xff\x826$\xff\x826$\xff\x826$\
\xff\x826$\xff\x826$\xff\x826$\xff\x816$\
\xff\x826$\xff\x816$\xff\x816$\xff\x816$\
\xff\x826$\xff\x826$\xff\x826$\xff\x826$\
\xff\x816$\xff\x826$\xff\x826$\xff\x826$\
\xff\x816$\xff\x816$\xff\x826$\xff\x826$\
\xff\x826$\xff\x826$\xff\x826$\xff\x815#\
\xff\x8aD3\xff\xe4\xd3\xd0\xff\xff\xff\xff\xff\xff\xff\xff\
\xff\xff\xff\xff\xff\xff\xff\xff\xff\xff\xff\xff\xff\xff\xff\xff\
\xff\xff\xff\xff\xff\xff\xff\xff\xff\xff\xff\xff\xff\xff\xff\xff\
\xff\xff\xff\xff\xff\xff\xff\xff\xff\xff\xff\xff\xff\xff\xff\xff\
\xff\xff\xff\xff\xff\xff\xff\xff\xff\xfb\xf9\xf8\xff\xa9vj\
\xff\x804!\xff\x826$\xff\x826$\xff\x826$\
\xff\x826$\xff\x826$\xff\x826$\xff\x826$\
\xff\x826$\xff\x826$\xff\x826$\xff\x826$\
\xff\x826$\xff\x826$\xff\x826$\xff\x826$\
\xff\x826$\xff\x826$\xff\x826$\xff\x816$\
\xff\x816$\xff\x816$\xff\x826$\xff\x826$\
\xff\x826$\xff\x826$\xff\x826$\xff\x826$\
\xff\x826$\xff\x826$\xff\x826$\xff\x826$\
\xff\x816$\xff\x816$\xff\x826$\xff\x816$\
\xff\x816$\xff\x826$\xff\x826$\xff\x816$\
\xff\x816$\xff\x816$\xff\x816$\xff\x816$\
\xff\x816$\xff\x816$\xff\x826$\xff\x816$\
\xff\x816$\xff\x826$\xff\x816$\xff\x816$\
\xff\x816$\xff\x816$\xff\x816$\xff\x816$\
\xff\x816$\xff\x816$\xff\x816$\xff\x816$\
\xff\x816$\xff\x816$\xff\x816$\xff\x816$\
\xff\x826$\xff\x826$\xff\x816$\xff\x826$\
\xff\x816$\xff\x816$\xff\x816$\xff\x816$\
\xff\x816$\xff\x816$\xff\x816$\xff\x816$\
\xff\x816$\xff\x816$\xff\x816$\xff\x826$\
\xff\x826$\xff\x816$\xff\x816$\xff\x816$\
\xff\x826$\xff\x826$\xff\x816$\xff\x826$\
\xff\x816$\xff\x826$\xff\x816$\xff\x816$\
\xff\x816$\xff\x826$\xff\x826$\xff\x816$\
\xff\x816$\xff\x826$\xff\x826$\xff\x826$\
\xff\x816$\xff\x816$\xff\x816$\xff\x816$\
\xff\x826$\xff\x826$\xff\x826$\xff\x815#\
\xff\x8aE5\xff\xea\xdd\xda\xff\xff\xff\xff\xff\xff\xff\xff\
\xff\xff\xff\xff\xff\xff\xff\xff\xff\xff\xff\xff\xff\xff\xff\xff\
\xff\xff\xff\xff\xff\xff\xff\xff\xff\xff\xff\xff\xff\xff\xff\xff\
\xff\xff\xff\xff\xff\xff\xff\xff\xff\xff\xff\xff\xff\xff\xff\xff\
\xff\xff\xff\xff\xff\xff\xff\xff\xff\xf7\xf2\xf2\xff\xa6qe\
\xff\x804!\xff\x826$\xff\x826$\xff\x816$\
\xff\x816$\xff\x826$\xff\x826$\xff\x826$\
\xff\x826$\xff\x816$\xff\x826$\xff\x826$\
\xff\x826$\xff\x826$\xff\x826$\xff\x826$\
\xff\x826$\xff\x826$\xff\x816$\xff\x816$\
\xff\x816$\xff\x816$\xff\x816$\xff\x826$\
\xff\x826$\xff\x826$\xff\x826$\xff\x826$\
\xff\x826$\xff\x826$\xff\x826$\xff\x826$\
\xff\x816$\xff\x816$\xff\x816$\xff\x816$\
\xff\x816#\xff\x826$\xff\x826$\xff\x816$\
\xff\x816$\xff\x816$\xff\x816$\xff\x816$\
\xff\x816$\xff\x816$\xff\x826$\xff\x816$\
\xff\x816#\xff\x816$\xff\x816$\xff\x816$\
\xff\x816$\xff\x816$\xff\x816$\xff\x816$\
\xff\x816$\xff\x816$\xff\x816$\xff\x816$\
\xff\x816#\xff\x816$\xff\x826$\xff\x826$\
\xff\x826$\xff\x826$\xff\x826$\xff\x816$\
\xff\x816$\xff\x816$\xff\x816$\xff\x816$\
\xff\x826$\xff\x816$\xff\x826$\xff\x826$\
\xff\x826$\xff\x826$\xff\x826$\xff\x826$\
\xff\x826$\xff\x826$\xff\x826$\xff\x826$\
\xff\x826$\xff\x826$\xff\x826$\xff\x826$\
\xff\x826$\xff\x826$\xff\x826$\xff\x826$\
\xff\x826$\xff\x826$\xff\x826$\xff\x816$\
\xff\x816$\xff\x826$\xff\x816$\xff\x826$\
\xff\x826$\xff\x826$\xff\x826$\xff\x826$\
\xff\x826$\xff\x826$\xff\x826$\xff\x815#\
\xff\x89C3\xff\xe4\xd3\xd0\xff\xff\xff\xff\xff\xff\xff\xff\
\xff\xff\xff\xff\xff\xff\xff\xff\xff\xff\xff\xff\xff\xff\xff\xff\
\xff\xff\xff\xff\xff\xff\xff\xff\xff\xff\xff\xff\xff\xff\xff\xff\
\xff\xff\xff\xff\xff\xff\xff\xff\xff\xff\xff\xff\xff\xff\xff\xff\
\xff\xff\xff\xff\xff\xfd\xfc\xfc\xff\xc5\xa3\x9b\xff\x8bE5\
\xff\x825#\xff\x826$\xff\x816$\xff\x826$\
\xff\x826$\xff\x826$\xff\x826$\xff\x826$\
\xff\x826$\xff\x826$\xff\x826$\xff\x826$\
\xff\x826$\xff\x826$\xff\x826$\xff\x826$\
\xff\x826$\xff\x826$\xff\x826$\xff\x826$\
\xff\x826$\xff\x816$\xff\x826$\xff\x826$\
\xff\x826$\xff\x826$\xff\x826$\xff\x816$\
\xff\x826$\xff\x826$\xff\x826$\xff\x826$\
\xff\x826$\xff\x816$\xff\x816$\xff\x816$\
\xff\x816#\xff\x816$\xff\x816$\xff\x826$\
\xff\x816$\xff\x826$\xff\x816$\xff\x826$\
\xff\x826$\xff\x816$\xff\x816#\xff\x816$\
\xff\x826$\xff\x816$\xff\x816$\xff\x826$\
\xff\x816$\xff\x816$\xff\x816$\xff\x816#\
\xff\x816$\xff\x816$\xff\x816$\xff\x816$\
\xff\x816$\xff\x816$\xff\x826$\xff\x816#\
\xff\x816#\xff\x816$\xff\x816$\xff\x816$\
\xff\x816$\xff\x816$\xff\x816$\xff\x816$\
\xff\x816$\xff\x816#\xff\x826$\xff\x816$\
\xff\x826$\xff\x816$\xff\x826$\xff\x826$\
\xff\x826$\xff\x826$\xff\x826$\xff\x826$\
\xff\x816$\xff\x826$\xff\x826$\xff\x826$\
\xff\x816#\xff\x826#\xff\x826$\xff\x826$\
\xff\x816$\xff\x826$\xff\x826$\xff\x826$\
\xff\x816$\xff\x816$\xff\x826$\xff\x816$\
\xff\x816$\xff\x826$\xff\x826$\xff\x826$\
\xff\x826$\xff\x826$\xff\x826$\xff\x815#\
\xff\x86=+\xff\xd4\xba\xb5\xff\xff\xff\xff\xff\xff\xff\xff\
\xff\xff\xff\xff\xff\xff\xff\xff\xff\xff\xff\xff\xff\xff\xff\xff\
\xff\xff\xff\xff\xff\xff\xff\xff\xff\xff\xff\xff\xff\xff\xff\xff\
\xff\xff\xff\xff\xff\xff\xff\xff\xff\xff\xff\xff\xff\xff\xff\xff\
\xff\xff\xff\xff\xff\xf0\xe8\xe6\xff\x95UF\xff\x803!\
\xff\x826$\xff\x826$\xff\x826$\xff\x826$\
\xff\x826$\xff\x816$\xff\x826$\xff\x826$\
\xff\x826$\xff\x826$\xff\x826$\xff\x826$\
\xff\x827$\xff\x826$\xff\x826$\xff\x816$\
\xff\x826$\xff\x816$\xff\x816$\xff\x816$\
\xff\x826$\xff\x816$\xff\x816$\xff\x826$\
\xff\x826$\xff\x826$\xff\x826$\xff\x826$\
\xff\x826$\xff\x826$\xff\x826$\xff\x816$\
\xff\x816$\xff\x826$\xff\x816$\xff\x816$\
\xff\x816$\xff\x816$\xff\x816$\xff\x816$\
\xff\x816$\xff\x816$\xff\x816$\xff\x826$\
\xff\x816$\xff\x816$\xff\x826$\xff\x816$\
\xff\x826$\xff\x816$\xff\x816$\xff\x826$\
\xff\x826$\xff\x816$\xff\x816$\xff\x816$\
\xff\x816$\xff\x816$\xff\x816$\xff\x816$\
\xff\x816$\xff\x816$\xff\x826$\xff\x816$\
\xff\x816$\xff\x826$\xff\x826$\xff\x816$\
\xff\x816$\xff\x816$\xff\x816$\xff\x816$\
\xff\x816$\xff\x826$\xff\x826$\xff\x826$\
\xff\x816$\xff\x826$\xff\x826$\xff\x826$\
\xff\x826$\xff\x826$\xff\x816$\xff\x826$\
\xff\x816$\xff\x826$\xff\x816$\xff\x816$\
\xff\x816$\xff\x816#\xff\x816#\xff\x816$\
\xff\x826$\xff\x826$\xff\x826$\xff\x826$\
\xff\x816$\xff\x826$\xff\x816$\xff\x816$\
\xff\x826$\xff\x826$\xff\x816$\xff\x826$\
\xff\x826$\xff\x826$\xff\x826$\xff\x826$\
\xff\x804!\xff\xb9\x8f\x86\xff\xff\xff\xff\xff\xff\xff\xff\
\xff\xff\xff\xff\xff\xff\xff\xff\xff\xff\xff\xff\xff\xff\xff\xff\
\xff\xff\xff\xff\xff\xff\xff\xff\xff\xff\xff\xff\xff\xff\xff\xff\
\xff\xff\xff\xff\xff\xff\xff\xff\xff\xff\xff\xff\xff\xff\xff\xff\
\xff\xff\xff\xff\xff\xcc\xad\xa6\xff\x849(\xff\x826#\
\xff\x826$\xff\x816$\xff\x826$\xff\x826$\
\xff\x816$\xff\x816$\xff\x826$\xff\x826$\
\xff\x826$\xff\x826$\xff\x826$\xff\x826$\
\xff\x826$\xff\x826$\xff\x826$\xff\x826$\
\xff\x826$\xff\x826$\xff\x826$\xff\x816$\
\xff\x816$\xff\x816$\xff\x816$\xff\x816$\
\xff\x826$\xff\x826$\xff\x826$\xff\x826$\
\xff\x826$\xff\x826$\xff\x816$\xff\x816$\
\xff\x816$\xff\x816$\xff\x816$\xff\x816$\
\xff\x816$\xff\x816$\xff\x826$\xff\x816$\
\xff\x816$\xff\x816$\xff\x816$\xff\x816$\
\xff\x816$\xff\x816$\xff\x826$\xff\x816$\
\xff\x816#\xff\x816$\xff\x816$\xff\x816$\
\xff\x826$\xff\x816$\xff\x816#\xff\x816$\
\xff\x816$\xff\x816$\xff\x816$\xff\x816$\
\xff\x816$\xff\x816$\xff\x826$\xff\x816#\
\xff\x826#\xff\x826$\xff\x816#\xff\x816$\
\xff\x826$\xff\x816$\xff\x816$\xff\x816$\
\xff\x826$\xff\x826$\xff\x826$\xff\x816$\
\xff\x826$\xff\x826$\xff\x826$\xff\x826$\
\xff\x826$\xff\x826$\xff\x826$\xff\x816$\
\xff\x816$\xff\x826$\xff\x816$\xff\x826$\
\xff\x816#\xff\x816$\xff\x816#\xff\x816$\
\xff\x816$\xff\x826$\xff\x826$\xff\x816$\
\xff\x816$\xff\x816#\xff\x816$\xff\x826$\
\xff\x816$\xff\x816$\xff\x816$\xff\x816$\
\xff\x816$\xff\x826$\xff\x826$\xff\x826$\
\xff\x814\x22\xff\x97XJ\xff\xf0\xe6\xe5\xff\xff\xff\xff\
\xff\xff\xff\xff\xff\xff\xff\xff\xff\xff\xff\xff\xff\xff\xff\xff\
\xff\xff\xff\xff\xff\xff\xff\xff\xff\xff\xff\xff\xff\xff\xff\xff\
\xff\xff\xff\xff\xff\xff\xff\xff\xff\xff\xff\xff\xff\xff\xff\xff\
\xff\xec\xe0\xde\xff\x98ZL\xff\x814\x22\xff\x826$\
\xff\x826$\xff\x816$\xff\x816$\xff\x826$\
\xff\x816$\xff\x816$\xff\x816$\xff\x826$\
\xff\x826$\xff\x826$\xff\x826$\xff\x826$\
\xff\x826$\xff\x826$\xff\x826$\xff\x826$\
\xff\x826$\xff\x826$\xff\x816$\xff\x816$\
\xff\x816$\xff\x816$\xff\x816#\xff\x816$\
\xff\x826$\xff\x826$\xff\x826$\xff\x826$\
\xff\x816$\xff\x816#\xff\x826$\xff\x816#\
\xff\x816$\xff\x816$\xff\x816$\xff\x816$\
\xff\x816$\xff\x816$\xff\x826$\xff\x826$\
\xff\x826$\xff\x816$\xff\x816$\xff\x816$\
\xff\x816$\xff\x816$\xff\x816#\xff\x826$\
\xff\x826$\xff\x826$\xff\x816$\xff\x816$\
\xff\x816$\xff\x816$\xff\x826$\xff\x816$\
\xff\x816$\xff\x816$\xff\x816$\xff\x826$\
\xff\x816$\xff\x816#\xff\x826$\xff\x816$\
\xff\x826#\xff\x826$\xff\x816$\xff\x826$\
\xff\x826$\xff\x816$\xff\x816$\xff\x826$\
\xff\x816$\xff\x826$\xff\x826$\xff\x826$\
\xff\x826$\xff\x826$\xff\x826$\xff\x826$\
\xff\x826$\xff\x826$\xff\x826$\xff\x826$\
\xff\x826$\xff\x826$\xff\x826$\xff\x826$\
\xff\x826$\xff\x826$\xff\x826$\xff\x816$\
\xff\x826$\xff\x826$\xff\x826$\xff\x816$\
\xff\x826$\xff\x816$\xff\x826$\xff\x826$\
\xff\x826$\xff\x826$\xff\x826$\xff\x826$\
\xff\x826$\xff\x826$\xff\x826$\xff\x826$\
\xff\x826$\xff\x838&\xff\xc2\x9d\x95\xff\xff\xff\xff\
\xff\xff\xff\xff\xff\xff\xff\xff\xff\xff\xff\xff\xff\xff\xff\xff\
\xff\xff\xff\xff\xff\xff\xff\xff\xff\xff\xff\xff\xff\xff\xff\xff\
\xff\xff\xff\xff\xff\xff\xff\xff\xff\xff\xff\xff\xff\xf4\xee\xed\
\xff\xabxm\xff\x815#\xff\x826$\xff\x826$\
\xff\x826$\xff\x826$\xff\x826$\xff\x826$\
\xff\x816$\xff\x816$\xff\x826$\xff\x826$\
\xff\x816$\xff\x826$\xff\x826$\xff\x826$\
\xff\x826$\xff\x826$\xff\x826$\xff\x826$\
\xff\x826$\xff\x826$\xff\x826$\xff\x826$\
\xff\x826$\xff\x826$\xff\x826$\xff\x826$\
\xff\x826$\xff\x826$\xff\x826$\xff\x826$\
\xff\x826$\xff\x826$\xff\x826$\xff\x826$\
\xff\x826$\xff\x816$\xff\x816$\xff\x816$\
\xff\x816#\xff\x816$\xff\x826$\xff\x826$\
\xff\x826$\xff\x826$\xff\x816$\xff\x816$\
\xff\x816$\xff\x816$\xff\x816#\xff\x826$\
\xff\x826$\xff\x826$\xff\x826$\xff\x826$\
\xff\x816$\xff\x816$\xff\x816$\xff\x816$\
\xff\x826$\xff\x826$\xff\x816$\xff\x816$\
\xff\x816$\xff\x816$\xff\x826$\xff\x826$\
\xff\x826#\xff\x816#\xff\x816$\xff\x826$\
\xff\x826$\xff\x816$\xff\x826$\xff\x816$\
\xff\x816$\xff\x816$\xff\x826$\xff\x826$\
\xff\x826$\xff\x826$\xff\x826$\xff\x826$\
\xff\x816$\xff\x816$\xff\x826$\xff\x816#\
\xff\x826$\xff\x826$\xff\x826$\xff\x826$\
\xff\x816$\xff\x826$\xff\x826$\xff\x826$\
\xff\x826$\xff\x826$\xff\x816$\xff\x826$\
\xff\x816$\xff\x816$\xff\x826$\xff\x816$\
\xff\x826$\xff\x826$\xff\x826$\xff\x826$\
\xff\x826$\xff\x816$\xff\x816$\xff\x816$\
\xff\x826$\xff\x815\x22\xff\x8dI8\xff\xd8\xc1\xbc\
\xff\xff\xff\xff\xff\xff\xff\xff\xff\xff\xff\xff\xff\xff\xff\xff\
\xff\xff\xff\xff\xff\xff\xff\xff\xff\xff\xff\xff\xff\xff\xff\xff\
\xff\xff\xff\xff\xff\xff\xff\xff\xff\xee\xe4\xe2\xff\xad|q\
\xff\x837%\xff\x826$\xff\x826$\xff\x826$\
\xff\x826$\xff\x826$\xff\x826$\xff\x826$\
\xff\x826$\xff\x826$\xff\x826$\xff\x826$\
\xff\x826$\xff\x826$\xff\x826$\xff\x826$\
\xff\x826$\xff\x826$\xff\x826$\xff\x826$\
\xff\x826$\xff\x826$\xff\x826$\xff\x826$\
\xff\x826$\xff\x826$\xff\x816$\xff\x826$\
\xff\x826$\xff\x826$\xff\x826$\xff\x826$\
\xff\x826$\xff\x816$\xff\x826$\xff\x826$\
\xff\x826$\xff\x816$\xff\x816$\xff\x816$\
\xff\x816$\xff\x816$\xff\x816$\xff\x826$\
\xff\x826$\xff\x816$\xff\x816$\xff\x816$\
\xff\x816$\xff\x816$\xff\x826$\xff\x826$\
\xff\x826$\xff\x816$\xff\x826$\xff\x826$\
\xff\x826$\xff\x816$\xff\x816$\xff\x816$\
\xff\x816$\xff\x816$\xff\x816$\xff\x816$\
\xff\x816$\xff\x816$\xff\x826$\xff\x826$\
\xff\x816#\xff\x826#\xff\x826$\xff\x826$\
\xff\x816$\xff\x816$\xff\x816$\xff\x826$\
\xff\x816$\xff\x816$\xff\x816$\xff\x826$\
\xff\x826$\xff\x826$\xff\x826$\xff\x826#\
\xff\x816$\xff\x816$\xff\x826$\xff\x826#\
\xff\x816$\xff\x826$\xff\x826$\xff\x816$\
\xff\x826$\xff\x826$\xff\x816$\xff\x816#\
\xff\x826$\xff\x826$\xff\x816$\xff\x826$\
\xff\x826$\xff\x826$\xff\x826$\xff\x816$\
\xff\x816$\xff\x816$\xff\x816$\xff\x826$\
\xff\x826$\xff\x816$\xff\x816$\xff\x816#\
\xff\x826$\xff\x826$\xff\x815#\xff\x90M=\
\xff\xc9\xa8\xa0\xff\xf2\xeb\xe9\xff\xfe\xfe\xfe\xff\xff\xff\xff\
\xff\xff\xff\xff\xff\xff\xff\xff\xff\xff\xff\xff\xff\xff\xff\xff\
\xff\xf5\xee\xed\xff\xd1\xb6\xb0\xff\x9b_Q\xff\x826$\
\xff\x826#\xff\x826$\xff\x826$\xff\x826$\
\xff\x826$\xff\x826$\xff\x816$\xff\x816$\
\xff\x826$\xff\x826$\xff\x816$\xff\x826$\
\xff\x826$\xff\x826$\xff\x816$\xff\x826$\
\xff\x826$\xff\x826$\xff\x826$\xff\x826$\
\xff\x826$\xff\x826$\xff\x826$\xff\x816$\
\xff\x816$\xff\x816$\xff\x826$\xff\x826$\
\xff\x826$\xff\x826$\xff\x826$\xff\x826$\
\xff\x816$\xff\x816$\xff\x816$\xff\x816$\
\xff\x826$\xff\x826$\xff\x816$\xff\x816$\
\xff\x826$\xff\x816$\xff\x816$\xff\x826$\
\xff\x826$\xff\x816$\xff\x816$\xff\x816$\
\xff\x826$\xff\x826$\xff\x826$\xff\x826$\
\xff\x826$\xff\x816$\xff\x816$\xff\x826$\
\xff\x826$\xff\x816$\xff\x816$\xff\x816$\
\xff\x816$\xff\x816$\xff\x816$\xff\x816$\
\xff\x816$\xff\x816#\xff\x826$\xff\x816$\
\xff\x816#\xff\x816$\xff\x816$\xff\x826$\
\xff\x816$\xff\x826$\xff\x826$\xff\x826$\
\xff\x816#\xff\x816$\xff\x816$\xff\x816$\
\xff\x816$\xff\x816$\xff\x826$\xff\x826#\
\xff\x816$\xff\x816$\xff\x816$\xff\x816#\
\xff\x826$\xff\x826$\xff\x816$\xff\x816$\
\xff\x816$\xff\x826$\xff\x816$\xff\x816$\
\xff\x816$\xff\x816$\xff\x816$\xff\x816$\
\xff\x816$\xff\x816$\xff\x816$\xff\x816$\
\xff\x816$\xff\x816$\xff\x816$\xff\x816$\
\xff\x816$\xff\x816$\xff\x816$\xff\x826$\
\xff\x826$\xff\x826$\xff\x826$\xff\x815\x22\
\xff\x84:(\xff\x99\x5cO\xff\xb7\x8b\x81\xff\xc8\xa8\xa1\
\xff\xd1\xb5\xb1\xff\xd2\xb7\xb2\xff\xcb\xac\xa7\xff\xba\x91\x89\
\xff\x9caT\xff\x86<+\xff\x814\x22\xff\x826$\
\xff\x826$\xff\x826$\xff\x826$\xff\x816$\
\xff\x816$\xff\x816$\xff\x816$\xff\x816$\
\xff\x816$\xff\x816$\xff\x816$\xff\x826$\
\xff\x816$\xff\x826$\xff\x816$\xff\x826$\
\xff\x826$\xff\x826$\xff\x826$\xff\x826$\
\xff\x826$\xff\x826$\xff\x816$\xff\x816$\
\xff\x816$\xff\x816$\xff\x826$\xff\x826$\
\xff\x816$\xff\x826$\xff\x826$\xff\x826$\
\xff\x816$\xff\x816$\xff\x816$\xff\x816$\
\xff\x816$\xff\x816$\xff\x816$\xff\x816$\
\xff\x826$\xff\x826$\xff\x816$\xff\x816$\
\xff\x826$\xff\x816$\xff\x816$\xff\x816$\
\xff\x816$\xff\x826$\xff\x826$\xff\x816$\
\xff\x826$\xff\x816$\xff\x816$\xff\x816$\
\xff\x826$\xff\x816$\xff\x816$\xff\x816$\
\xff\x816$\xff\x816$\xff\x816$\xff\x816$\
\xff\x816#\xff\x816$\xff\x826$\xff\x816$\
\xff\x816$\xff\x826$\xff\x816$\xff\x816$\
\xff\x816$\xff\x816$\xff\x826$\xff\x816$\
\xff\x826$\xff\x816$\xff\x826$\xff\x816$\
\xff\x816$\xff\x816$\xff\x816$\xff\x816$\
\xff\x816$\xff\x816#\xff\x816$\xff\x826$\
\xff\x826$\xff\x826$\xff\x816$\xff\x816$\
\xff\x816$\xff\x816$\xff\x826$\xff\x826$\
\xff\x826$\xff\x826$\xff\x816$\xff\x816$\
\xff\x816$\xff\x816$\xff\x816#\xff\x826$\
\xff\x816$\xff\x816$\xff\x816$\xff\x816$\
\xff\x816$\xff\x816$\xff\x816$\xff\x816$\
\xff\x816$\xff\x826$\xff\x826$\xff\x816$\
\xff\x816$\xff\x814\x22\xff\x803 \xff\x827%\
\xff\x84;*\xff\x85<+\xff\x838'\xff\x803!\
\xff\x804\x22\xff\x825#\xff\x826$\xff\x826$\
\xff\x826$\xff\x826$\xff\x826$\xff\x816$\
\xff\x826$\xff\x826$\xff\x816$\xff\x816$\
\xff\x816#\xff\x826$\xff\x816$\xff\x826$\
\xff\x816$\xff\x826$\xff\x826$\xff\x816$\
\xff\x826$\xff\x827$\xff\x826$\xff\x816$\
\xff\x816$\xff\x816$\xff\x826$\xff\x816$\
\xff\x816$\xff\x826$\xff\x826$\xff\x826$\
\xff\x826$\xff\x826$\xff\x826$\xff\x826$\
\xff\x816$\xff\x826$\xff\x816$\xff\x816$\
\xff\x816$\xff\x816$\xff\x816$\xff\x816#\
\xff\x816$\xff\x826$\xff\x826$\xff\x816$\
\xff\x816$\xff\x816$\xff\x816$\xff\x826$\
\xff\x816$\xff\x826$\xff\x826$\xff\x816$\
\xff\x816$\xff\x816$\xff\x816$\xff\x816$\
\xff\x816$\xff\x816$\xff\x816$\xff\x816$\
\xff\x816$\xff\x816$\xff\x816$\xff\x816$\
\xff\x816$\xff\x816$\xff\x826$\xff\x816$\
\xff\x826$\xff\x826$\xff\x826$\xff\x826$\
\xff\x816$\xff\x816$\xff\x826$\xff\x816$\
\xff\x816$\xff\x826$\xff\x826$\xff\x816$\
\xff\x816$\xff\x826$\xff\x826$\xff\x816$\
\xff\x816$\xff\x816$\xff\x816$\xff\x816$\
\xff\x816$\xff\x826$\xff\x816$\xff\x816$\
\xff\x826$\xff\x816$\xff\x816$\xff\x816$\
\xff\x816$\xff\x826$\xff\x816$\xff\x816$\
\xff\x816$\xff\x816$\xff\x816$\xff\x816$\
\xff\x816#\xff\x816$\xff\x816$\xff\x816$\
\xff\x816$\xff\x816$\xff\x816$\xff\x816$\
\xff\x816$\xff\x816$\xff\x826$\xff\x816$\
\xff\x816$\xff\x816$\xff\x816$\xff\x816$\
\xff\x815#\xff\x816#\xff\x826$\xff\x826$\
\xff\x826$\xff\x826$\xff\x826$\xff\x826$\
\xff\x816$\xff\x826$\xff\x826$\xff\x816$\
\xff\x826$\xff\x826$\xff\x826$\xff\x826$\
\xff\x826$\xff\x826$\xff\x816$\xff\x816$\
\xff\x816$\xff\x826$\xff\x826$\xff\x816$\
\xff\x816$\xff\x826$\xff\x826$\xff\x826$\
\xff\x826$\xff\x826$\xff\x816$\xff\x816$\
\xff\x826$\xff\x816$\xff\x826$\xff\x826$\
\xff\x826$\xff\x826$\xff\x826$\xff\x816$\
\xff\x816$\xff\x826$\xff\x826$\xff\x826$\
\xff\x816$\xff\x816$\xff\x816$\xff\x816$\
\xff\x816$\xff\x816$\xff\x826$\xff\x816$\
\xff\x816$\xff\x816$\xff\x816$\xff\x816$\
\xff\x816$\xff\x826$\xff\x826$\xff\x826$\
\xff\x816$\xff\x816$\xff\x826$\xff\x816$\
\xff\x816$\xff\x816$\xff\x816$\xff\x816$\
\xff\x816$\xff\x816$\xff\x816$\xff\x816$\
\xff\x816$\xff\x816$\xff\x816$\xff\x816$\
\xff\x826$\xff\x826$\xff\x826$\xff\x826$\
\xff\x816$\xff\x816$\xff\x816$\xff\x816$\
\xff\x826$\xff\x826$\xff\x816$\xff\x816$\
\xff\x826$\xff\x826$\xff\x826$\xff\x816$\
\xff\x816$\xff\x816$\xff\x816$\xff\x826$\
\xff\x826$\xff\x826$\xff\x816$\xff\x816$\
\xff\x826$\xff\x826$\xff\x826$\xff\x816$\
\xff\x816$\xff\x826$\xff\x816$\xff\x816$\
\xff\x816$\xff\x816$\xff\x816$\xff\x816$\
\xff\x816$\xff\x816$\xff\x816$\xff\x816$\
\xff\x816$\xff\x816$\xff\x816$\xff\x816$\
\xff\x816$\xff\x816#\xff\x816$\xff\x816$\
\xff\x816$\xff\x816$\xff\x816$\xff\x816$\
\xff\x816$\xff\x826$\xff\x826$\xff\x816$\
\xff\x826$\xff\x826$\xff\x826$\xff\x816$\
\xff\x816$\xff\x816$\xff\x826$\xff\x816$\
\xff\x826$\xff\x816$\xff\x826$\xff\x816$\
\xff\x816$\xff\x816$\xff\x816$\xff\x826$\
\xff\x816$\xff\x816$\xff\x826$\xff\x826$\
\xff\x816$\xff\x826$\xff\x826$\xff\x826$\
\xff\x816$\xff\x816$\xff\x816$\xff\x816$\
\xff\x816$\xff\x816$\xff\x816$\xff\x826$\
\xff\x826$\xff\x826$\xff\x826$\xff\x826$\
\xff\x826$\xff\x826$\xff\x816$\xff\x826$\
\xff\x826$\xff\x816$\xff\x816$\xff\x816$\
\xff\x826$\xff\x826$\xff\x816$\xff\x816$\
\xff\x826$\xff\x826$\xff\x826$\xff\x826$\
\xff\x826$\xff\x826$\xff\x826$\xff\x826$\
\xff\x816$\xff\x816$\xff\x816$\xff\x816$\
\xff\x816$\xff\x816$\xff\x816$\xff\x816#\
\xff\x816#\xff\x816$\xff\x816$\xff\x816#\
\xff\x816$\xff\x816$\xff\x816#\xff\x816#\
\xff\x816#\xff\x816#\xff\x826$\xff\x816$\
\xff\x816$\xff\x816$\xff\x816$\xff\x826$\
\xff\x826$\xff\x816$\xff\x816$\xff\x816$\
\xff\x826$\xff\x816$\xff\x816$\xff\x816$\
\xff\x816#\xff\x816#\xff\x816$\xff\x816$\
\xff\x816$\xff\x816$\xff\x816$\xff\x816$\
\xff\x816$\xff\x816$\xff\x816$\xff\x816$\
\xff\x826$\xff\x816$\xff\x816$\xff\x816$\
\xff\x816$\xff\x816$\xff\x816$\xff\x816$\
\xff\x816$\xff\x816$\xff\x816$\xff\x816$\
\xff\x816$\xff\x826$\xff\x816$\xff\x816$\
\xff\x816$\xff\x816$\xff\x816$\xff\x816$\
\xff\x816$\xff\x816$\xff\x816$\xff\x816$\
\xff\x816$\xff\x816$\xff\x826$\xff\x826$\
\xff\x816$\xff\x826$\xff\x826$\xff\x826$\
\xff\x826$\xff\x816$\xff\x826$\xff\x816$\
\xff\x816$\xff\x826$\xff\x816$\xff\x816$\
\xff\x816$\xff\x816$\xff\x826$\xff\x826$\
\xff\x816$\xff\x816$\xff\x816$\xff\x816$\
\xff\x816$\xff\x816$\xff\x816$\xff\x826$\
\xff\x816$\xff\x816$\xff\x816#\xff\x816$\
\xff\x816$\xff\x816$\xff\x816$\xff\x816$\
\xff\x816$\xff\x826$\xff\x826$\xff\x826$\
\xff\x816$\xff\x816$\xff\x816$\xff\x816$\
\xff\x816$\xff\x816$\xff\x816$\xff\x816$\
\xff\x816$\xff\x816$\xff\x816$\xff\x826$\
\xff\x826$\xff\x816$\xff\x816$\xff\x816$\
\xff\x816$\xff\x826$\xff\x826$\xff\x816$\
\xff\x826$\xff\x826$\xff\x816$\xff\x816$\
\xff\x826$\xff\x826$\xff\x816$\xff\x816#\
\xff\x816#\xff\x816$\xff\x816$\xff\x816#\
\xff\x816$\xff\x816#\xff\x816$\xff\x816$\
\xff\x816#\xff\x816$\xff\x816$\xff\x826$\
\xff\x826$\xff\x816$\xff\x816$\xff\x816$\
\xff\x816$\xff\x816$\xff\x816$\xff\x816$\
\xff\x816$\xff\x816$\xff\x826$\xff\x816$\
\xff\x816$\xff\x816$\xff\x826$\xff\x826$\
\xff\x816$\xff\x816$\xff\x826$\xff\x826$\
\xff\x826$\xff\x816$\xff\x826$\xff\x826$\
\xff\x816$\xff\x816$\xff\x826$\xff\x816$\
\xff\x826$\xff\x816$\xff\x816$\xff\x816$\
\xff\x816$\xff\x816$\xff\x816$\xff\x816$\
\xff\x816$\xff\x816$\xff\x816$\xff\x816$\
\xff\x816$\xff\x816$\xff\x826#\xff\x816$\
\xff\x816$\xff\x826$\xff\x826$\xff\x826$\
\xff\x826$\xff\x826$\xff\x826$\xff\x816$\
\xff\x826$\xff\x826$\xff\x826$\xff\x826$\
\xff\x826$\xff\x826$\xff\x816$\xff\x816$\
\xff\x816$\xff\x826$\xff\x816$\xff\x816$\
\xff\x816$\xff\x816$\xff\x826$\xff\x826$\
\xff\x816$\xff\x826$\xff\x816$\xff\x826$\
\xff\x826$\xff\x826$\xff\x826$\xff\x826$\
\xff\x826$\xff\x826$\xff\x816$\xff\x826$\
\xff\x826$\xff\x826$\xff\x816$\xff\x826$\
\xff\x816$\xff\x826$\xff\x826$\xff\x826$\
\xff\x826$\xff\x816#\xff\x816$\xff\x826$\
\xff\x826$\xff\x816$\xff\x816#\xff\x826$\
\xff\x826$\xff\x826$\xff\x826$\xff\x826#\
\xff\x816$\xff\x826$\xff\x816$\xff\x816$\
\xff\x816$\xff\x816$\xff\x816$\xff\x826$\
\xff\x826$\xff\x826$\xff\x816$\xff\x826$\
\xff\x826$\xff\x816$\xff\x816$\xff\x816$\
\xff\x816$\xff\x816$\xff\x816$\xff\x816#\
\xff\x816$\xff\x816$\xff\x816$\xff\x816#\
\xff\x816#\xff\x816#\xff\x816#\xff\x826$\
\xff\x816$\xff\x816$\xff\x816$\xff\x816$\
\xff\x816$\xff\x826$\xff\x816$\xff\x816$\
\xff\x816$\xff\x816$\xff\x816$\xff\x816$\
\xff\x816#\xff\x816$\xff\x816$\xff\x826#\
\xff\x816#\xff\x816#\xff\x816$\xff\x816$\
\xff\x816$\xff\x816#\xff\x816$\xff\x816$\
\xff\x816$\xff\x816$\xff\x816$\xff\x826$\
\xff\x826$\xff\x816$\xff\x816$\xff\x816$\
\xff\x816$\xff\x816$\xff\x816$\xff\x816$\
\xff\x816$\xff\x816$\xff\x816$\xff\x816$\
\xff\x816$\xff\x816$\xff\x826$\xff\x816$\
\xff\x816$\xff\x816$\xff\x816$\xff\x826$\
\xff\x826$\xff\x816$\xff\x816$\xff\x816$\
\xff\x816$\xff\x826$\xff\x826$\xff\x826$\
\xff\x826$\xff\x826$\xff\x816$\xff\x816$\
\xff\x816$\xff\x816$\xff\x816$\xff\x816$\
\xff\x816$\xff\x816$\xff\x816$\xff\x826$\
\xff\x816$\xff\x816$\xff\x816$\xff\x826$\
\xff\x826$\xff\x816$\xff\x816$\xff\x826$\
\xff\x816$\xff\x816#\xff\x826$\xff\x826$\
\xff\x816$\xff\x816$\xff\x816$\xff\x816$\
\xff\x826$\xff\x816$\xff\x816$\xff\x816$\
\xff\x826$\xff\x816#\xff\x816$\xff\x816$\
\xff\x826$\xff\x826$\xff\x816$\xff\x826$\
\xff\x816$\xff\x816$\xff\x826$\xff\x816$\
\xff\x816$\xff\x816$\xff\x816$\xff\x826$\
\xff\x816$\xff\x816$\xff\x816$\xff\x816$\
\xff\x816#\xff\x826#\xff\x816$\xff\x816$\
\xff\x816$\xff\x816$\xff\x816$\xff\x816#\
\xff\x816$\xff\x816$\xff\x816$\xff\x816#\
\xff\x816$\xff\x816$\xff\x816$\xff\x816$\
\xff\x816#\xff\x816$\xff\x816#\xff\x816$\
\xff\x826$\xff\x826$\xff\x826$\xff\x816$\
\xff\x816$\xff\x816#\xff\x816$\xff\x816$\
\xff\x826$\xff\x816$\xff\x826$\xff\x826$\
\xff\x816$\xff\x816$\xff\x816#\xff\x826$\
\xff\x826$\xff\x816$\xff\x816$\xff\x816$\
\xff\x816$\xff\x816$\xff\x816$\xff\x816$\
\xff\x826$\xff\x816$\xff\x816$\xff\x826$\
\xff\x826$\xff\x816$\xff\x816$\xff\x816$\
\xff\x816$\xff\x816$\xff\x816$\xff\x816$\
\xff\x816$\xff\x826$\xff\x826$\xff\x816$\
\xff\x826$\xff\x816$\xff\x826$\xff\x816$\
\xff\x816$\xff\x816$\xff\x816$\xff\x816$\
\xff\x826$\xff\x816$\xff\x826#\xff\x826$\
\xff\x816$\xff\x826$\xff\x826$\xff\x816$\
\xff\x826$\xff\x826$\xff\x826$\xff\x826$\
\xff\x816$\xff\x816$\xff\x816$\xff\x816$\
\xff\x816$\xff\x826$\xff\x826$\xff\x816$\
\xff\x816$\xff\x816$\xff\x816$\xff\x826$\
\xff\x826$\xff\x826$\xff\x816$\xff\x816$\
\xff\x816$\xff\x816$\xff\x816$\xff\x826$\
\xff\x816$\xff\x816$\xff\x826$\xff\x826$\
\xff\x826$\xff\x826$\xff\x816$\xff\x816$\
\xff\x826$\xff\x816$\xff\x816$\xff\x816$\
\xff\x816$\xff\x816$\xff\x826$\xff\x826$\
\xff\x816$\xff\x826$\xff\x826$\xff\x816$\
\xff\x816$\xff\x826$\xff\x816$\xff\x816$\
\xff\x816$\xff\x816$\xff\x816$\xff\x816$\
\xff\x826#\xff\x826#\xff\x826$\xff\x816$\
\xff\x816$\xff\x816$\xff\x816$\xff\x816$\
\xff\x816$\xff\x816$\xff\x816$\xff\x816$\
\xff\x816$\xff\x816$\xff\x816$\xff\x826$\
\xff\x816$\xff\x826$\xff\x826$\xff\x816$\
\xff\x816$\xff\x816$\xff\x826$\xff\x826$\
\xff\x826$\xff\x816$\xff\x816$\xff\x816$\
\xff\x826$\xff\x816$\xff\x826$\xff\x826$\
\xff\x816$\xff\x816$\xff\x816$\xff\x816$\
\xff\x816$\xff\x816$\xff\x816$\xff\x816$\
\xff\x816$\xff\x816$\xff\x816$\xff\x816$\
\xff\x816$\xff\x826$\xff\x826$\xff\x816$\
\xff\x816$\xff\x826$\xff\x816$\xff\x816$\
\xff\x816$\xff\x816$\xff\x816$\xff\x816$\
\xff\x826$\xff\x826$\xff\x816$\xff\x816$\
\xff\x826$\xff\x826$\xff\x826$\xff\x826$\
\xff\x826$\xff\x826$\xff\x826$\xff\x826$\
\xff\x816$\xff\x816$\xff\x826$\xff\x826$\
\xff\x826$\xff\x826$\xff\x826$\xff\x826$\
\xff\x816$\xff\x826$\xff\x826$\xff\x826$\
\xff\x816$\xff\x816$\xff\x816$\xff\x816$\
\xff\x826$\xff\x816$\xff\x826$\xff\x826$\
\xff\x816$\xff\x826$\xff\x816$\xff\x816$\
\xff\x826$\xff\x826$\xff\x826$\xff\x826$\
\xff\x826$\xff\x826$\xff\x826$\xff\x826$\
\xff\x816$\xff\x816$\xff\x826$\xff\x826$\
\xff\x826$\xff\x826$\xff\x826$\xff\x816$\
\xff\x826$\xff\x816$\xff\x816$\xff\x816$\
\xff\x816$\xff\x816$\xff\x816$\xff\x816$\
\xff\x816$\xff\x826$\xff\x826$\xff\x826$\
\xff\x826$\xff\x826$\xff\x816$\xff\x816$\
\xff\x816$\xff\x826$\xff\x826$\xff\x816$\
\xff\x826$\xff\x826$\xff\x816$\xff\x826$\
\xff\x816$\xff\x00\x00\x00\x00\x00\x00\x00\x00\x00\x00\x00\
\x00\x00\x00\x00\x00\x00\x00\x00\x00\x00\x00\x00\x00\x00\x00\x00\
\x00\x00\x00\x00\x00\x00\x00\x00\x00\x00\x00\x00\x00\x00\x00\x00\
\x00\x00\x00\x00\x00\x00\x00\x00\x00\x00\x00\x00\x00\x00\x00\x00\
\x00\x00\x00\x00\x00\x00\x00\x00\x00\x00\x00\x00\x00\x00\x00\x00\
\x00\x00\x00\x00\x00\x00\x00\x00\x00\x00\x00\x00\x00\x00\x00\x00\
\x00\x00\x00\x00\x00\x00\x00\x00\x00\x00\x00\x00\x00\x00\x00\x00\
\x00\x00\x00\x00\x00\x00\x00\x00\x00\x00\x00\x00\x00\x00\x00\x00\
\x00\x00\x00\x00\x00\x00\x00\x00\x00\x00\x00\x00\x00\x00\x00\x00\
\x00\x00\x00\x00\x00\x00\x00\x00\x00\x00\x00\x00\x00\x00\x00\x00\
\x00\x00\x00\x00\x00\x00\x00\x00\x00\x00\x00\x00\x00\x00\x00\x00\
\x00\x00\x00\x00\x00\x00\x00\x00\x00\x00\x00\x00\x00\x00\x00\x00\
\x00\x00\x00\x00\x00\x00\x00\x00\x00\x00\x00\x00\x00\x00\x00\x00\
\x00\x00\x00\x00\x00\x00\x00\x00\x00\x00\x00\x00\x00\x00\x00\x00\
\x00\x00\x00\x00\x00\x00\x00\x00\x00\x00\x00\x00\x00\x00\x00\x00\
\x00\x00\x00\x00\x00\x00\x00\x00\x00\x00\x00\x00\x00\x00\x00\x00\
\x00\x00\x00\x00\x00\x00\x00\x00\x00\x00\x00\x00\x00\x00\x00\x00\
\x00\x00\x00\x00\x00\x00\x00\x00\x00\x00\x00\x00\x00\x00\x00\x00\
\x00\x00\x00\x00\x00\x00\x00\x00\x00\x00\x00\x00\x00\x00\x00\x00\
\x00\x00\x00\x00\x00\x00\x00\x00\x00\x00\x00\x00\x00\x00\x00\x00\
\x00\x00\x00\x00\x00\x00\x00\x00\x00\x00\x00\x00\x00\x00\x00\x00\
\x00\x00\x00\x00\x00\x00\x00\x00\x00\x00\x00\x00\x00\x00\x00\x00\
\x00\x00\x00\x00\x00\x00\x00\x00\x00\x00\x00\x00\x00\x00\x00\x00\
\x00\x00\x00\x00\x00\x00\x00\x00\x00\x00\x00\x00\x00\x00\x00\x00\
\x00\x00\x00\x00\x00\x00\x00\x00\x00\x00\x00\x00\x00\x00\x00\x00\
\x00\x00\x00\x00\x00\x00\x00\x00\x00\x00\x00\x00\x00\x00\x00\x00\
\x00\x00\x00\x00\x00\x00\x00\x00\x00\x00\x00\x00\x00\x00\x00\x00\
\x00\x00\x00\x00\x00\x00\x00\x00\x00\x00\x00\x00\x00\x00\x00\x00\
\x00\x00\x00\x00\x00\x00\x00\x00\x00\x00\x00\x00\x00\x00\x00\x00\
\x00\x00\x00\x00\x00\x00\x00\x00\x00\x00\x00\x00\x00\x00\x00\x00\
\x00\x00\x00\x00\x00\x00\x00\x00\x00\x00\x00\x00\x00\x00\x00\x00\
\x00\x00\x00\x00\x00\x00\x00\x00\x00\x00\x00\x00\x00\x00\x00\x00\
\x00\x00\x00\x00\x00\x00\x00\x00\x00\x00\x00\x00\x00\x00\x00\x00\
\x00\x00\x00\x00\x00\x00\x00\x00\x00\x00\x00\x00\x00\x00\x00\x00\
\x00\x00\x00\x00\x00\x00\x00\x00\x00\x00\x00\x00\x00\x00\x00\x00\
\x00\x00\x00\x00\x00\x00\x00\x00\x00\x00\x00\x00\x00\x00\x00\x00\
\x00\x00\x00\x00\x00\x00\x00\x00\x00\x00\x00\x00\x00\x00\x00\x00\
\x00\x00\x00\x00\x00\x00\x00\x00\x00\x00\x00\x00\x00\x00\x00\x00\
\x00\x00\x00\x00\x00\x00\x00\x00\x00\x00\x00\x00\x00\x00\x00\x00\
\x00\x00\x00\x00\x00\x00\x00\x00\x00\x00\x00\x00\x00\x00\x00\x00\
\x00\x00\x00\x00\x00\x00\x00\x00\x00\x00\x00\x00\x00\x00\x00\x00\
\x00\x00\x00\x00\x00\x00\x00\x00\x00\x00\x00\x00\x00\x00\x00\x00\
\x00\x00\x00\x00\x00\x00\x00\x00\x00\x00\x00\x00\x00\x00\x00\x00\
\x00\x00\x00\x00\x00\x00\x00\x00\x00\x00\x00\x00\x00\x00\x00\x00\
\x00\x00\x00\x00\x00\x00\x00\x00\x00\x00\x00\x00\x00\x00\x00\x00\
\x00\x00\x00\x00\x00\x00\x00\x00\x00\x00\x00\x00\x00\x00\x00\x00\
\x00\x00\x00\x00\x00\x00\x00\x00\x00\x00\x00\x00\x00\x00\x00\x00\
\x00\x00\x00\x00\x00\x00\x00\x00\x00\x00\x00\x00\x00\x00\x00\x00\
\x00\x00\x00\x00\x00\x00\x00\x00\x00\x00\x00\x00\x00\x00\x00\x00\
\x00\x00\x00\x00\x00\x00\x00\x00\x00\x00\x00\x00\x00\x00\x00\x00\
\x00\x00\x00\x00\x00\x00\x00\x00\x00\x00\x00\x00\x00\x00\x00\x00\
\x00\x00\x00\x00\x00\x00\x00\x00\x00\x00\x00\x00\x00\x00\x00\x00\
\x00\x00\x00\x00\x00\x00\x00\x00\x00\x00\x00\x00\x00\x00\x00\x00\
\x00\x00\x00\x00\x00\x00\x00\x00\x00\x00\x00\x00\x00\x00\x00\x00\
\x00\x00\x00\x00\x00\x00\x00\x00\x00\x00\x00\x00\x00\x00\x00\x00\
\x00\x00\x00\x00\x00\x00\x00\x00\x00\x00\x00\x00\x00\x00\x00\x00\
\x00\x00\x00\x00\x00\x00\x00\x00\x00\x00\x00\x00\x00\x00\x00\x00\
\x00\x00\x00\x00\x00\x00\x00\x00\x00\x00\x00\x00\x00\x00\x00\x00\
\x00\x00\x00\x00\x00\x00\x00\x00\x00\x00\x00\x00\x00\x00\x00\x00\
\x00\x00\x00\x00\x00\x00\x00\x00\x00\x00\x00\x00\x00\x00\x00\x00\
\x00\x00\x00\x00\x00\x00\x00\x00\x00\x00\x00\x00\x00\x00\x00\x00\
\x00\x00\x00\x00\x00\x00\x00\x00\x00\x00\x00\x00\x00\x00\x00\x00\
\x00\x00\x00\x00\x00\x00\x00\x00\x00\x00\x00\x00\x00\x00\x00\x00\
\x00\x00\x00\x00\x00\x00\x00\x00\x00\x00\x00\x00\x00\x00\x00\x00\
\x00\x00\x00\x00\x00\x00\x00\x00\x00\x00\x00\x00\x00\x00\x00\x00\
\x00\x00\x00\x00\x00\x00\x00\x00\x00\x00\x00\x00\x00\x00\x00\x00\
\x00\x00\x00\x00\x00\x00\x00\x00\x00\x00\x00\x00\x00\x00\x00\x00\
\x00\x00\x00\x00\x00\x00\x00\x00\x00\x00\x00\x00\x00\x00\x00\x00\
\x00\x00\x00\x00\x00\x00\x00\x00\x00\x00\x00\x00\x00\x00\x00\x00\
\x00\x00\x00\x00\x00\x00\x00\x00\x00\x00\x00\x00\x00\x00\x00\x00\
\x00\x00\x00\x00\x00\x00\x00\x00\x00\x00\x00\x00\x00\x00\x00\x00\
\x00\x00\x00\x00\x00\x00\x00\x00\x00\x00\x00\x00\x00\x00\x00\x00\
\x00\x00\x00\x00\x00\x00\x00\x00\x00\x00\x00\x00\x00\x00\x00\x00\
\x00\x00\x00\x00\x00\x00\x00\x00\x00\x00\x00\x00\x00\x00\x00\x00\
\x00\x00\x00\x00\x00\x00\x00\x00\x00\x00\x00\x00\x00\x00\x00\x00\
\x00\x00\x00\x00\x00\x00\x00\x00\x00\x00\x00\x00\x00\x00\x00\x00\
\x00\x00\x00\x00\x00\x00\x00\x00\x00\x00\x00\x00\x00\x00\x00\x00\
\x00\x00\x00\x00\x00\x00\x00\x00\x00\x00\x00\x00\x00\x00\x00\x00\
\x00\x00\x00\x00\x00\x00\x00\x00\x00\x00\x00\x00\x00\x00\x00\x00\
\x00\x00\x00\x00\x00\x00\x00\x00\x00\x00\x00\x00\x00\x00\x00\x00\
\x00\x00\x00\x00\x00\x00\x00\x00\x00\x00\x00\x00\x00\x00\x00\x00\
\x00\x00\x00\x00\x00\x00\x00\x00\x00\x00\x00\x00\x00\x00\x00\x00\
\x00\x00\x00\x00\x00\x00\x00\x00\x00\x00\x00\x00\x00\x00\x00\x00\
\x00\x00\x00\x00\x00\x00\x00\x00\x00\x00\x00\x00\x00\x00\x00\x00\
\x00\x00\x00\x00\x00\x00\x00\x00\x00\x00\x00\x00\x00\x00\x00\x00\
\x00\x00\x00\x00\x00\x00\x00\x00\x00\x00\x00\x00\x00\x00\x00\x00\
\x00\x00\x00\x00\x00\x00\x00\x00\x00\x00\x00\x00\x00\x00\x00\x00\
\x00\x00\x00\x00\x00\x00\x00\x00\x00\x00\x00\x00\x00\x00\x00\x00\
\x00\x00\x00\x00\x00\x00\x00\x00\x00\x00\x00\x00\x00\x00\x00\x00\
\x00\x00\x00\x00\x00\x00\x00\x00\x00\x00\x00\x00\x00\x00\x00\x00\
\x00\x00\x00\x00\x00\x00\x00\x00\x00\x00\x00\x00\x00\x00\x00\x00\
\x00\x00\x00\x00\x00\x00\x00\x00\x00\x00\x00\x00\x00\x00\x00\x00\
\x00\x00\x00\x00\x00\x00\x00\x00\x00\x00\x00\x00\x00\x00\x00\x00\
\x00\x00\x00\x00\x00\x00\x00\x00\x00\x00\x00\x00\x00\x00\x00\x00\
\x00\x00\x00\x00\x00\x00\x00\x00\x00\x00\x00\x00\x00\x00\x00\x00\
\x00\x00\x00\x00\x00\x00\x00\x00\x00\x00\x00\x00\x00\x00\x00\x00\
\x00\x00\x00\x00\x00\x00\x00\x00\x00\x00\x00\x00\x00\x00\x00\x00\
\x00\x00\x00\x00\x00\x00\x00\x00\x00\x00\x00\x00\x00\x00\x00\x00\
\x00\x00\x00\x00\x00\x00\x00\x00\x00\x00\x00\x00\x00\x00\x00\x00\
\x00\x00\x00\x00\x00\x00\x00\x00\x00\x00\x00\x00\x00\x00\x00\x00\
\x00\x00\x00\x00\x00\x00\x00\x00\x00\x00\x00\x00\x00\x00\x00\x00\
\x00\x00\x00\x00\x00\x00\x00\x00\x00\x00\x00\x00\x00\x00\x00\x00\
\x00\x00\x00\x00\x00\x00\x00\x00\x00\x00\x00\x00\x00\x00\x00\x00\
\x00\x00\x00\x00\x00\x00\x00\x00\x00\x00\x00\x00\x00\x00\x00\x00\
\x00\x00\x00\x00\x00\x00\x00\x00\x00\x00\x00\x00\x00\x00\x00\x00\
\x00\x00\x00\x00\x00\x00\x00\x00\x00\x00\x00\x00\x00\x00\x00\x00\
\x00\x00\x00\x00\x00\x00\x00\x00\x00\x00\x00\x00\x00\x00\x00\x00\
\x00\x00\x00\x00\x00\x00\x00\x00\x00\x00\x00\x00\x00\x00\x00\x00\
\x00\x00\x00\x00\x00\x00\x00\x00\x00\x00\x00\x00\x00\x00\x00\x00\
\x00\x00\x00\x00\x00\x00\x00\x00\x00\x00\x00\x00\x00\x00\x00\x00\
\x00\x00\x00\x00\x00\x00\x00\x00\x00\x00\x00\x00\x00\x00\x00\x00\
\x00\x00\x00\x00\x00\x00\x00\x00\x00\x00\x00\x00\x00\x00\x00\x00\
\x00\x00\x00\x00\x00\x00\x00\x00\x00\x00\x00\x00\x00\x00\x00\x00\
\x00\x00\x00\x00\x00\x00\x00\x00\x00\x00\x00\x00\x00\x00\x00\x00\
\x00\x00\x00\x00\x00\x00\x00\x00\x00\x00\x00\x00\x00\x00\x00\x00\
\x00\x00\x00\x00\x00\x00\x00\x00\x00\x00\x00\x00\x00\x00\x00\x00\
\x00\x00\x00\x00\x00\x00\x00\x00\x00\x00\x00\x00\x00\x00\x00\x00\
\x00\x00\x00\x00\x00\x00\x00\x00\x00\x00\x00\x00\x00\x00\x00\x00\
\x00\x00\x00\x00\x00\x00\x00\x00\x00\x00\x00\x00\x00\x00\x00\x00\
\x00\x00\x00\x00\x00\x00\x00\x00\x00\x00\x00\x00\x00\x00\x00\x00\
\x00\x00\x00\x00\x00\x00\x00\x00\x00\x00\x00\x00\x00\x00\x00\x00\
\x00\x00\x00\x00\x00\x00\x00\x00\x00\x00\x00\x00\x00\x00\x00\x00\
\x00\x00\x00\x00\x00\x00\x00\x00\x00\x00\x00\x00\x00\x00\x00\x00\
\x00\x00\x00\x00\x00\x00\x00\x00\x00\x00\x00\x00\x00\x00\x00\x00\
\x00\x00\x00\x00\x00\x00\x00\x00\x00\x00\x00\x00\x00\x00\x00\x00\
\x00\x00\x00\x00\x00\x00\x00\x00\x00\x00\x00\x00\x00\x00\x00\x00\
\x00\x00\x00\x00\x00\x00\x00\x00\x00\x00\x00\x00\x00\x00\x00\x00\
\x00\x00\x00\x00\x00\x00\x00\x00\x00\x00\x00\x00\x00\x00\x00\x00\
\x00\x00\x00\x00\x00\x89PNG\x0d\x0a\x1a\x0a\x00\x00\x00\
\x0dIHDR\x00\x00\x01\x00\x00\x00\x01\x00\x08\x06\x00\
\x00\x00\x5cr\xa8f\x00\x00\x00\x01orNT\x01\xcf\
\xa2w\x9a\x00\x00\x80\x00IDATx\xda\xed\xbdw\
\x80%U\x95?\xfe9\xf5^wO`\x06\x86\xe4\x90\
\x87\x1c%\x07I\x06@q\x15\x15\xc5\x80qU\xcc\xab\
\xae\xba\xaen0\xac\xbb\xba\xba\xfe\x5cs\x0e\x08\x8a\x01\
\xd3\x1a0\x80\xa0\xa2\x22\x8a *9\xe7\x0cC\x98\xd4\
\xd3\xfd^\x9d\xdf\x1fU\xb7\xeeI\xf7u\xcf\x10\x94\xef\
\xee\xd5\xa1_U\xddp\xee\xb9'\xdfD\xdb\xed\xff.\
F\x97\x08\x80x,\xa6\x94\xcf\xe6'0\x18\x04\x02\x00\
\xf5\x1b\xed\x9br;#\xf2\x11\x01\xccA\xbb\xf9\xafo\
+\xd7\xd3\xe4\xa0\xa0\xfdR\xf9\x99\xe0\x94\xdf}{\x08\
\xdb\x1a\x85G\xf9(\xfb,s\x98~w\x1f\xd2{\x93\
\xa7-\x9f!+\x8d\x85\x1f7\x0d\x8f\xac\x1f\x00q\x86\
\xd1\xf6\xa3\x1b\xa7\x08\xe7\x16\xef~\x8c\xd0\x95\x91\xdf\xec\
\x98X\x00\xe1\xeb\x0cq\x13=\x9b1sC%\xf2w\
\xb8\xb0\xfd\x88\xf0XJ\x05\xfa\x0d\xe8;\xb7l\xdb\x89\
p*\xc7\xa6\x84\x1b\xfb\xb7\xf9V\xc9\xaa\xd8\x0cF)\
q\x97#\xe7O\xbfd\xe7I\xd5\x96\x1a.u\x80\x9b\
\x0e\xd8N\x85\x0c\xe4\x07\xd6\x13[DR\xa5\xc1\x97\xb0\
\xce\xdc{\x05\x97\xaa2\xea\x9f\xc7\x84\xc7\xa3\xac\xba%\
\x88\x00F\xcd\xd1\x11\xac-\x11\x83\xdc'j\x89\xaa\xd4\
'\x12\xbf\xbb\xc2,q\x96\xdeY\x1cR\xfe\xdb\xe6\x97\
* \xe3D\xc2o\xff6\xf0\x95\x05\x94\xe9\x9b\xacR\
\x8e\x85K\xe9}DW\xc1\xfb\x12\xf3[\x18H\x8f\x11\
\x9b\xcf\xe2G\xa1\xff\xa6\x0d\x0e\xdfz\x18\xc8\xbc#\xe8\
z9j\xab\xa44\x9bT\xcd\xc4j\x16l?\x84r\
\xe8\xa8\x13\x04l\xc8\x9b\x91\x08^v*\xe5o\x00g\
\x96\x03F]\x89\x5c\x91\x1f\x14\x0d/A\xb3\xb4\xec\x91\
\x86\x88\x03b\xf3d\xc9\x02>\x85q1x,rJ\
\xa4\xcb\xf6\xd9\x95\xf6\xcf\xe2\x89Yi\xd2\x8e\xf0\x9dT\
\x97\xc235g\x05C\xd4~.\xcf-.\x5c.\xe2\
\x5c\xaf\xac\xbf\xeb\xad%L\xfd\xe8U\x84\xc5\xa3\xec\xc3\
(\xc6\xe4\xee_G\x1f\x0c!\x88\x02\xa6\xe2\xacLR\
\xffb\xe1N`\xd7f\x5ck\xa7\xfd\xd9g\x97|\xd8\
\xd5g\xe0\x93t.\xfbgy\x22\xeb\x7f\x89\xe36\x97\
\xe2\x83\xf4'V\x10\xac\xfe\x91\x18\x0f-\x04\xaa\xdcp\
baO\xa6VH\xc8!#3XI\xd3h\xad[\
\x90\xce$\xbb\xad\xd9\x17\x06\xe4\x8ci\xcb\xf2%6\xe2\
\xae\xb3\x19\x01\x19rR\xcfd\xbe\x91\xa9\xdf\x8b\x06K\
\xcc$~\x17M4\x07i\xac\xf1\xdc/\xf6_\xdc\xb3\
\xa3ai\x97\xc9g\x8b?\xa9\xb3\x03FM\x12\xc8\x10\
\xb4\xc4\xa2'D\xa9\xacY\x081kaJ\xbcZ\xe5\
\xa0k\xd3nP\xc9\xce\x14\xe59\x8f\x8b\xa6HO\xaf\
\xa5\xd1qXvYy\xc4h{\xd1\x17Y\x80d\xfa\
c\xa9I:SdZP\xad\x92\x1ee\x0a(\xdcb\
\x0b\x04TY\xc7eM&\xcdEk\xa62<)e\
}/=V2\xe5\x09\x9a\xc5\x93\x96\xe3\x96A\x9dA\
\xdc\x95\xeb\x0cJ.A\xa2\x9f54\xdc\x11\x80l\x85\
E>\x86g\x0e\xc9>e\xb1\x14i\xdb\xd4\xcfHh\
X\xebB\xd6]\x16\x99\x1e3\xdaW\xf4\xedh\xf1\x5c\
r\x8e\xa2R\x1dL\x8a\xa9\xdb~r\x5c.?k\x9c\
0\x0b\xb1(d\x99\xc6N\xd4\x83H\xbb\xcb\x08\x0d\xbb\
\x91\xd2\x028th\xc2\xbaYPH\x86\xa6\xad\xa3\x15\
Z\x1d\x969\x1a\x07\xeb\xde\x91\x80\xc8*'-`I\
@\x90)\xd7*1[\x8d\xb6\x9c:\xb8Y\x7fI\xf6\
C\xae[B\x90\x05w%\xd1!\x0d\x91r\x98CK\
\x16\xad/%\xbb\xdb\x81e\xe7\x1dJ\xc4xt\xa5\xba\
#\x16\xb1\xe4\xe1MtK\x0a6\xac\x12\xd7B]\xcf\
K\x06\xa6\xec\xb3\x0f\xf7dl\xd9\xb8C\xea\xa1.'\
\xfd^\x0ek\x0aCw\x94sD-Z\x07M\xe7\xd6\
\xbe6\x91\x16X\xa5(\x86\xc61\x8d\xe8\xf9\xe8\xb1\x8b\
\x9c\x80X\xf0{LDX\xf5\xf9h\x86\xba\xfc\x1b\x82\
\x15 \xe9\xa7`X\x92\x94D\xa6\xbc\x84G\xc7S,\
\xbd\xc7B\x9fD=\xa4\xb8H\x1b\xbd\xd6\xed\xd3\xb4k\
\xe3`2\xb0K\xa4aK\xa3]Y\x00\xac\xde\xca\xba\
SV*\x89\x8e\xbb<\xd1\xd0\x97\x0d\xdd\x84L\x8d\x08\
\x9b8(\x95\xe1B\xe1\xbd\xd5|\xa4P\xea\x88\x91\x22\
\x03+\xa34\x0b\x06\xefE[\xd7\x22\x0f2\xb5\xf4#\
0I\xd9)IP\xc5v\x8f\x163\xa9\xce\xae~\xe1\
\xe7\xcb\xfeF^\xae\xd4\x0b\x04\x8fOf\x867E\xb5\
.\xb1\xce\x99\x86'\x8b\xf7\xb21\x1d\xb1?\xba\x89\x0a\
o\x8c[\x93]\xce+q4\x82\x8e\x224U\xeaX\
B\x0c\x97q\x81T\xc4\x1f\x90\xb1\x1e\xab49\x80\x87\
:\xbce1\xce\x8e\xc6`\x9e-?\xe4\xd6\xa4}\x9b\
]C\x19{\x93\x8c/\xe3r\xace\x99\x80\x10\x101\
\x00+\xc7\xa4D\x8a\xbd\x12M\x06\xba3\xd6\x97\x8cH\
I\x0e\x8d\x90\xbaNd\xd8\xdf\x96\x98\xdb_Db\xc8\
3A\x13$qh\x89\xd9\xfd\x95\x8c\x1a\x9a\x22\x8c\x92\
\xf9&\xf3X\xd9N\xc4\xba5&G\x02^8jx\
\x0d\xcb(\xfd\xeb\x8d~I\x9c\x86\x98(\xb6\x13l\xec\
]c\xc7\xc2!\x8dI\xdd2\xc1\x0a\x0a\x86\xc9\x22\xde\
\xb5\xf5\xb2\x1a\x05\xc0\xf4\x16\xc1;\xed\x08\xb4\xef\xc9X\
c\xa4\xe1\x93\x10\xeaQ\xb5m\xc9\xfa\x03\xa1`\xad'\
'T\xb4\xcd\x09U\x03\x07\xf5\xfb\xf6-nM\x98<\
\x0bj\x8a\xe9\xda[\x8cv\x8aW\xb7WI\xbfY\x02\
P\xd6&qb1 V@H6\x90\xee\x804R\
\xb4\xdf)`Q\xb4`\xbe\xa9vu,[zU\x0c\
I\xa0\xb6\xbf\xa6\xa7R\xc0\x86$\xc3\x82\xe04\xa3h\
2\x8e\xbcx=\xd1:ZxF\x9a\xca\xfa\x8aZ\x17\
Y\xa2WL\xcbz\x944Sk\xb33\x1a\xeb\xec\x9d\
\xc6\xae\x06;\xc6\x11yTU\x92x\x0bc\xa0\xc6Q\
S\x91\x8c\xdaP2\x83\xd9\x8c=K;\xd5[P\xbe\
\xff\xe2/\xd9vb\xfb\x95[\xa5\x93-D\x0d\xb1\x84\
\xdc\xf6\x8b\xcd_\xeb\xa9[\xeb:\xc4\x0dK\xb8\xbdM\
\xa2\xe9\xc0\x8a\xa1\x9c\xa7\x12\xc3\x22\x9a\xb5\xc6\xae\xfe\x15\
\xebdI(6%\xf9%\xe5\xa2\x96\xcb\x91\xed\x91\x06\
\x17&\x87\xac3+\x17\xaf\xba#\x01f\xfb\xa9a,\
\x87\xe5TI3\xd5\xd6!\x95`\xde\xe9!\x9a\xc9\xe7\
\x8dZ\x8e\xa0\xd4>f\xc4>\xb1\xf8\x8e-,\xed+\
\xa20~e\xef9r\xea\xb2H\xf6\x1aN\x0a\x04\xdb\
\x93\xa8e6\x0cf\xe0\x09\xc6\x9d\x84\xaa\x89k\x8fm\
\x81\x5c\x1f\x1b>(\x08\x0f\xc1\x84\xd9^\x88`\xf1\x98\
\xd3\xd1\x19i\x09q\x1e\xa6\xf4\x9e\xa4\x0b\x1eaHZ\
\xbcQ\x1fY\xe5\x96\xf8\xaa\x10\xa6h>\xdd\xb1\x9c\xe9\
\x92%-\x12\xffKH\x12\x8d\xd3(/\x9e\x05\xa7\x08\
S\x8cc\xe3\xd7\x07?4d\xa5P\xa2\x0c\xbdX\xb1\
\x97\x7fj\xe3\x94\x03\xd6\xeep\xc2!\x89\x8e4p=\
\x16\xa3\x1eX\xechv\x8d\x9c\xa6P#sL\xd0\x19\
\x7fR\xfb\x95\x5c1\xad\x95l\xdf\x98t\xad\xb9^\xe5\
\x91\x06}\x1fes\x86\xe1K\x8d+J\x96E\x8cQ\
;&\x1e\xcf\xbe\xa8t\x1fY\x09xr\xff\xb2\x9a\xb2\
\xb83n`\xa1\x7f\xf1\x87\xc6\xca\x90\x9f-%\xb1\xab\
Y*+\x1b\xf3\xb0\xfdf\x19\x03\xf0U\x90\xab\xa4\x84\
4\xcd<\x11\xc9\xba/\xd2\xef\xee4\xbe\xc8\x13\xc1m\
\xcd\x1d\xf5\xcd\x8a\x1e\xef\xc9j\x16\xa4\xa0^!\xbf9\
\x16P\xda\xa8\xd2l(] \xdd\x81\x98\xd0F\x09S\
\x8f?)d\xa3\xf6DY\xe5\x03\xcf4~\x12\xefm\
\xdf,\x9a\x8c\x0f_\xd6G\x0cb\x1a\xd9\x96_\xeb!\
\x1b\xf0\x7f\xbdj)09\x03:\xd2e\xf1\x1e\x95+\
\x09\x0c\xdb^+r9\xa2=a\xc1\x8e\x14@Vi\
I\xf7\xd7\x8ae9\xe6R\xd0z<\xa8\xb1 \xdb\xaa\
\xe9\xa3\xf6\xa7\x01t1\x80\xd2\x80\xc5i\x949\xa2I\
\xcf\x98\xf4#\xea\x8a\x0dd\xa9\x99\x02\x1d\x1c\xacz\xe3\
\xb0\xf6\x5c\xb7\x9e\xbfg\xf3M\xa2\x8fD\x8d~@4\
\xf2\xdbal\xecB'\xfb#\x9c\x95<\xd3\xb2\xe9n\
]\xa1\xbc\xc8E\x0b7Y\xc5L6\x87\x8c\x0f\x14\x80\
uL\x15\x8fe\xf6\xca\xad\xe0\xb4\xda0\xb6*\x9a\xc7\
\x08Kd\x9a\xb3~\xae\xac.\x12\xeav\x1c\x83\x8eR\
\xd0'\xb6\xe3\xae\xebM\xb3'\x0aZ\x0e\xeaF9\xf8\
(\xd7aF\x8b\xd9U5\xaa\xef\xfew\x1e\xaaR\x1e\
\x8b\x7f\x13\x03\xf0\x83UNV\x06i\x10}8)\x16\
\x19\xd9\xeb\xe9\x00c\x99+\x11g`\x1d\x18x#\xd9\
\xeap'\x8c\xa5\x84v\x0b\xa5\xb6\x17d(\xc6\x9aj\
\x05\xf7E5\xa8\xdd\x15\xdb[\xdf\x92D\xaca\x92\xc0\
g\x8e\x9c.\x9d\xc5\x0a\xad\xd8\x9b\x0d\x06\x14\x9a\xe9\xa8\
XH;<\x92\x1aJ\x8a\xc4Z\x1b\x12\x0bI\xc3\x8e\
\xf0\xcf#\x85\xe2\x86a61\x0c\xd3\xe1\xd2\xbe\x0a\xa7\
As\x1b\xd21N\xda\xbf3\xff#\xeb@ZXj\
l\xa4\x0b\xea\x1d\xce\xf47^\x8e\x16\xd5\x1b\xb9nm\
\xfdl\xdf+\x01 5\xa4g\x8ehX2Sx\xf3\
[\xd5C>X4*$\xa6\x11\xd6\xb6b\xfck)\
$\xb4\xff\xa8\x03\x22\xb1]a\xe7\x87m\xd2Q\xfb\xae\
6\xca\xc8\xd63\xfaV\xd6j\xa6K\x0c\x9dm\x0c\xbd\
\xee\xa2\x1b\xee\x14\xf3P\xee\x87\xd4$\x91D7\xc2h\
\x14\x87\x93\x0dI\x91h\x0fP*\x8cme%q\xaa\
\xbf\x97\x9b\x97\xd6\x86\xb4\xc4f\xf2W\xc9\xc0R\xd2\xcc\
\xe8\xf0\xc6$G\xbd\xe4\x06\xd8\xf6\x02Z \xd3.k\
\xd6Wx\x11\x01Af\x8371\xeb\xe1\xe3\xfdvm\
\x83\x065r\x00s\xabY\xd8(\xc1Ar,\x22z\
\xc9\x94]\xe5\xe2iHG1e\x06B\x93\xa7_\xd0\
\xa2\x16\xde\xb2\x15%eM\xca\x88<L\xdf\x15R?\
\x22\xcbE\x9b`n\xc8F\xba\xdfz\xd6\xb4\xeb#\xcb\
\xac\xd6\x07\x8b\x0d\xe3\xc4`>\x17\x15\xfe[\x12\x8c\xf1\
2\x92\x90EI\xb7\xe1\x9b\xb5\xf3\xf53\xf8\xd7\xc17\
\xd7WR\xfaPA\xac\x11n\xad\x11;\xb6%\x0b4\
\xf6\x81\xa3\x22\xd4\x09\x19\xf9\x22\xf2\xc7#mi@-\
\xf4\x9b\x15<\x8ch\xc6#\xf7\xdf*IMaap\
\x92\x81<\xcd\xe8\xe1\xee\xf8T1\x85\xb4\x9a\xcb\x0e\xab\
\x18.\xf4u\xc5\x96,\xb4\x8fk\xbf\xb4\x9eo\xd7}\
Y\x87Z\xdc\xc3V\x8a\x01\xb1\x10\xc8\xda[\xaf\xca\xa6\
\x02,\xb9M\x09\x8flE\xae<P&\x15G\xec\xa4\
\xc9Q\x0e\x91\x5c1\xaeq\x84\xa0\x9eXsfR\xf1\
}\xd0$\x12\x9b\xd0\x9e\x8c\x84\xfc\xe3\xbc\xda\x8c,\xe1\
\x12P\xd7\xc0p\xf5\x14\xb6\xd9r\x03,^\xbc.6\
\xd9h\x1d\xcc\x9d3\x06\x06P\xd75\xee\xb9w\x15n\
\xb9m\x19\xae\xbc\xf6N,[9\x85\xf19c\xf0f\
c\xc9\xa9h\xad\x08\xa2NH\xd2\xc8~j\xf7*\xee\
\x9f\xc5j\x1eG\xa5~\x84{\xe4mQ\xe9S\x96\xe1\
p\xed\xb9\xb8G\xfai\x19NXOE\x11\x9f`c\
\xf3,\xf5\x0dk4*\xe6\x8e\xb1\xc4\x86\xa2\xa9\x1b\xab\
dUdN\xca\xfc!\xdd\xed\xa6d_w\xd4\xb2\x91\
F~~\xf2{\x05\xa2\xa5\xa0$\x90\xe9\xe5z\xc4\xc8\
\xd1\xf0[\x22\xa0\xa0\x0e)O[\xe8L\xf5\x84D\xa0\
\xac\x11!\xab\xe1\xa85\x0a`\xf1\xc2HCa\x09H\
\xce\xfa\x06f)\xa5\xe8yDx\x9e\xb0\x98\x08d\x97\
\xaa\xa6\xaa\x04\xf0\xcc\x8c\xf9\x13}<\xf9\x09\xbb\xe2\xf1\
\x8f\xd9\x09\x07=j;\x8c\x8fW\xc8f\xb5\x81\xb2\x15\
$\x97^~+~\xf0\x93\x0b\xf1\x9dS\xfe\x88\xdb\xef\
^\x89^\xaf20p\xb3|Zi6j\x85P)\
EtU`\xf8\x0e\x15\xd9\xa7\xce\x82eT\xe9\x11\xb5\
's\x9emN\xf6\xf9\x02\xf9\x9b\x05k\xca\xc6\xd0\xd3\
\xbeQ\x05r?j\x04Y\x128\xadj\xe0\xa8\x0f\x9e\
\x96$\x1e\x95\xdf/\x9a\xf6\x8a\x22\x16\xb54\xfb\x13\x81\
\x9cg\x0f\xa9\xa9\xf5\xf0\xeaw\xb1\x1c\xb7\xa8\x13R\xaa\
%D\x0f\x97\x8e\x97\xea\xcd\xc7R\xa6G\x1aF\xc6&\
JD\x10H\xca\xe4\xc3\xb1\x84Q\xc3\x04\x03\x8d\xec\xb5\
\x9d[(\x0d\xab~O\xd9m,\xf4\xa8\xbc\xf2\xbe\xc1\
_\xaf\x02\xfe\xee%\x87\xe2e/<\x08\x13\x13c~\
\x86j\x16\x89\x99\xf1\xbd\x1f_\x80\x0f}\xeag\xb8\xe9\
\xb6\xfb\xda=\x13\xbe\x1f\xd2\x08\x8eL\xfd\x0eoj@\
\xa4\xfd\x10\x09QQ\x87\xa2\x07[n\xb6\x1d\x8b\x14\x80\
\xac\xcf\xac\xae\x10c\x1e\xf7IR\x8b\xfe\x15\xe1A\xef\
!\x90\x9ca\x95\xab\xb6v\xfd\x09C\x9a6K{0\
2=\xca\xd6\x02\x1bk\xbb\xfd\xff\x9ds\x914H\x12\
)\xb6\xe1\x92\xa9f\x8cCF\x1b\x8c\x81\x18V\xeb\xdf\
\x96\x04\x8e\xd1\xd0.\xbf\xff+\x09\xcc\x9a\xa7\xda\xec\xb6\
\xab\xd6=k:\xa4\xb6&\x1a\x1b\x18\xa4\xf9\xada\x8f\
\xb1$\xdb(\xa7H\x0b\x96\xf0\x12\xb4C\xc0\x0eK6\
\xc2g>t,6\xdfd=<\x10\xa9\xae\x19\x9f\xf8\
\xc2/\xf1\xb1\xcf\x9d\x09^#I2j\x0c\xadr(\
\x8dG\xfe\x1en\xfa\xed\xacvQ[4&\x02\x9fY\
\x84\xce\x84\xdb\x11\x9fY\xd4\xe4\x04\x9b\xafG+\x822\
\x1d\xc784\x80t\xc7\xb2\x09\xcc\x98\x05C\x00w\x96\
\xa2w\xbf\xf3\xd8T\x0e\xf9\x82\xe8\xb2\x17\x11\xe9\xcax\
p:\xe3\x87d\xb3)\xfa)\xbd\xa3\x92\xc9;JW\
F\xf9\x84\xfd\xde\xc2\x9e\xdbK\xcf\xb9\xac\x9a\x22$Q\
?\x01)X\x94\xc3\x97\xad\xff\xc4j\x1b\x06\xe4\xeaF\
.,\x18\xca\xadd\x1fLc\xb0\xf4\xaf\xd4\xf7l\xa1\
\xf8\xd3\x87\xd0\x09\xc0\xdd\xb7\xdf\x18\xdf:\xe1\xa5\x0f\x18\
\xf3\x03@U\x11^\xfb\xb2G\xe3\x07_y\x05\x1e\xb1\
\xc1\xfc\x19\x95.\xc3\xdb=\xfa|\x88hs\xf6h\x1c\
\xb2c\xd8\xec\xdf;\xd3Y\xc5@(g\x02\xa0}\xe3\
l:\xe7\x98\x95u\xd1R\x9dmy\x96t&\xb6\xeb\
Ji\xa4\xfa\x95)_\x8a>\xa9J\xf5\xe9\x15\x0c\xd9\
s[\x9b\xa4\xf3\xce\x1dp\x0c\xd9\xd21G\xe5\xdb\xa7\
V\x90Wr\x00:\x04\x9b\xcd\x1a\xda\xeb.{\xc3\xd9\
\xd0\xc8\x1aR\xca\xb68\x0e \xfc\x17\x85\x04\x85Yt\
\x92/\x94\x13\x94]\x87\x8eEaZ\x95}\x91+\xbb\
(\x7ff\x12\xf5\x89\xba\xc85\x97\x91\x5c\x10j\x14b\
M\x0f\x87\x1b\xe64bn@\xb5\x1d\x16\xd5E\x006\
\x5c\xb4\x0e\xbe\xf8\xc9\xbf\xc5\xdc9\xe3x\xa0\x13\x81\xb0\
\xe3v\x8bq\xca\xd7^\x8d\xed\xb6\x5c\xdf\x0f\xa3y\xf4\
>\xaf\xc6Wh\xb8\x92\x1c+\xa1\xef\xc9EmT\xf9\
\xb2<\xf2\xc4BQ\x09\x96\xcb\xb9\x0d\xf4dK\x16\xb4\
\xb5\x93\x19Q\xff\xac\xfd(Mt\xab\x18\xb4\x90R\xf4\
\xac`\x12\xdb\xce\xc335#\x5cS\xd7\x85J>\xe7\
\x0a\x8d\xe7Av\x9a\xafD\xcezK\xae\x17-\x96\xb9\
\xf3`\xe7\xd3\x81\xa4\xe8\x80\x0eB3\xb9\xa0\xab\x0a\xb7\
\xa4\xe96\xd2\xadj\x92\x8c7\xc0F}\xc9/\x8d\xfc\
\xb4\xf3\xbcJ{\x08x\xa0\x09Z\x87\x8c\xfc\xb4^\x9a\
\x99\xc8\x0bS\xac\xa5$\x85\xa1&\xee\xe9\xc1\x10\x1fy\
\xef1X\xb8`\x0e\x1e\x94\xd4\x82\xb2\xde\xbas\xf1\x8d\
\xe3\x8f\xc3V\x9b.\xca}\x0a\x89\xdf\x8a\xb7l\x01h\
\xeb\xc8!\xdf\xd4\x91\xdd\xafh'\x08\x82\xba8\xa8\xd4\
\x7f%\x97\xdb\xedS\x10Q\x7f]gv5$\xdf\xe4\
|\xc6]\xee\x9a\xb2gS\xe9\xa3a\xb4\xb5*a\x94\
\x8fr:Z:3\xdaz\x8f\x9c\x0e\x87/N{\x01\
\xc4&\x9b\x8e\xec\xd2\xc9\xa7-\x12\x1c\xb1\x0a\xb0\xb5\x9b\
`\x07\x96\xd4\x7fK\xfb\x92\xb5\x84\x15-\x04s\xa8\xb6\
\x94\x1c\x04i\xd5\xa3\x08SPQG\x02\xc1\x16Pu\
\x02\xac=<CZ\x11$\xea!\xd3\x18\x8d\x18\x5c\xee\
\xda\xce\x9f\xa8\x00\xa3\xb0XDz\xd6\x93\xf7\xc0\xbe{\
n\x89\x87\x22-Xg\x0eN\xfa\xcc\x0b\xb1\xee\xfc\x89\
\x11NKL1\xcd;\xad\xcb\x95K#,\xc1\x92n\
/[\x92\xd1\xf7\x11\x16G\xf7]\xf8\xf2J\xf0\xcb\xf1\
l\xfeJ\xefB\xbb\x1e\x0c&K\x8f\xb9\xebl\xea\x89\
i\xc1\x08%2\xabkX\x8aAty\xb4\x82\xd1\x0e\
\xaf\xc6i\xaa;O\xc4V\xf1\xbe\xf9T'+B\xd3\
\xa7\x8bA\xfcfE\xb3\x91\xb4.[\x00\x160\xab\xfd\
\xac\xa4\xb6\xf2\xbft\x9c\x98\x94\xfcRb'\xbf\xde\xfa\
Z\xd2\xdc\xd2\xbb\xce\xc1Y^\xeb\x9ds\xd6\xb7\xd7\xfa\
D\xef\xfc\x96\xfd\xd2\x18q\x83\x94$9K\xb2\x09,\
\xa7\xb6\xe3\xf5p\x807\xbf\xf6\xf0\x11v\xcd\x03\x9f\x16\
o\xb4.>\xfe_\xcf\xc6p8T\xef)\x18q\xe9\
\xf3FK[\xd4\x13\xdb\xb7d\xeaM\xdf%\xde\xf4\x17\
\xfdN\xfb\xe2\xae\xbc\xf8\x9a\xc7\x99M\x1dF \xb1\xa4\
V\x11Td\xc0\xd2\xb7\x16?\xf1\x9eG{JD^\
@\xd4\xb6K\xacz\xa1xC);iy\xe4g}\
2U\xfe\x0ap>\x130\x22\x1ek\xdeXf\x95\xa8\
da\xaa\xc9\xceP\xf0T\x0ao$T\x85!\x10\xa3\
\x85\xa5\xc4\x93f\xa55\xe1\x95D\x16\xb2\xcd\xeag\x05\
\x0b\xc9?\xa5C!\xa2w\x12C2.\x91\xbfZ\xb2\
\xeb\xfa\xeb\x8eD\xb7\x83e[h\xa1c\xe0\xa8\xc3w\
\xc5#6Z\x88\x87:\x1d\xb0\xef\xd6\xf8\xdbg\xedo\
\xdej\x1dg=g\x8b\xb3\xd1\x9a0\xe7\xe3\x80\xf6\x14\
\xc1\xc9\x92l[\xf0[\x94l\xfd\xa9\x8d\xceV\xb3\x5c\
\xaah\xc2\xc2o\xb7HGnn\xee\x85\xf7\xd0\x93\xf9\
\x9f\xa0\x94\xe5\xb2\x85\xee\x84\xa5\xa2M\xeeN\xa0\x9aM\
_\xd3S\x05\xd5\x94\x95\xbaR{Y\xa3N\x1b\xde2\
\xb8\x93V\xeeu\xcc/\x964\xda\xb3j|\xc8(Z\
\xf2\xaa%\x1d\x15P\xa8\x83%V$$3\x9b\xa0\xb5\
\x10C\x0b\x18n\x11.uv\x1e\x18\xed\xa6\xcaa\x91\
\xfey\x96\xf5\xc4\xba=%\x02\xd41f\xb2\xce\x08/\
\xc1\x902P\x0fj<\xf3\xe8\xbdK#\xfe\xe0\xa56\
\x0c\xf1\xe6\xd7\x1d\x81\xf9s\xc6\x8bv\x9d|+7j\
\xa5\x5c\xf1\x012\xd6:\x8b<\xf6hy\x8d\xaeC\xd2\
\x9f\xc7'T\x1b\xa4\xa03\xd6\x19\x80\xf8\x1e\x02/\xde\
2\xfdE\xce\xaa\xb6\x8aul\x8c\x10SZ$6#\
\xdc\x22\xc7\x18(\xb69#\xe8\xc5\x89@\x82\x98\xd5\x14\
\x9e\x96Iv`bc\xca\x98p\x9c\x06L#\x96\x5c\
~6-F\x06\x93\xec\xb46\xb8\xd5\xbc\x87\xe8WY\
\x1a&\xa4\x13\xd2R\xd6\x0c_\x16\x15\xdak\x12\xadr\
\xe1x\x0b\xf6\x84\xa6\x0f\x00M\x92=\xf6\x91\xf53\x85\
\xfdJ\x9f\xd6\x99;\x86C\x1e\xb5-\xfeRi\xde\xdc\
q\xbc\xfc\x05\x8f\x02\xd8jY\xcf(\x09\x7f\x1a/>\
\x8f\xddk\xa7kJfq;&]V.\xb4\x99\xf1\
\x1c\x0b\x1b/f\xdd\x1d\x19*\xb0\x94\x04\xbc^\xd0\xec\
\x0f\x97IT#b\x04\xce\xea\x91'7\xda\xbf^\x0d\
\x8e\x86](\x13\xd6X5[\xda\x04\x9c\xd4\x06\x01)\
gb\xa4u\xf2:j\xadM\x1d2\xdd\xce&\xb9\xf7\
\xb8\xb2\x17\xec\x03 r\xd1\x8d6\xf9}\xa4A\x0a\x0f\
\xa9%\xb3f\x97\xdbI9\x84\xd8\xbb(\x0a\x1e\x11d\
\xc9\xde\xa0\xb4]\xf2\xa2\x22\x1f\xd3\x97\xb0[_\x9f\x02\
\x18\xac\x80\x0b4~\x22\xbc@\xa0\xa4?\x8f>p\xbb\
\x87\x5c\xf9\xcbD\x04\xbc\xf0\xd8\xfd1hc\x01q\x84\
&\x8bP97d7\xd4h\xc1\xae\xcdfU3A\
\xaf\xbf`\xef(y7\xd3,\x14r8\xf74\xd7\x8d\
\x93\x9d\x15S1\x00\xa8_\x91\xaf\x1dY*\xd6\xf1\x95\
\xd4\x10\xb9\xc0\x9a\x85\xad]\xd4(\x09\x09y\xde?#\
y\xd7\x0b\xc0*\xf9\xee\x11xT|k}\x95\x9c;\
\xdcn\xda\xe5\x8e<\xa0\xc8\xb6\xf0\xbb\x0du+e/\
\x07\xd0q|\x15\xa5U\x1a\xdd\x9eFh\xce\xfds=\
\x93\xf5\x8dZ\xd3N\x9a\xbe\x5c\x8e\x11\xb3\x01a\x97\xa8\
\xf8\x8e*\xc2.;-\x9e\xc1\x14~\xa0\x13\xbb\xc7\x85\
\x0b\xe6\xe2\xf1\x87\xec\xe8\xf0\xd0\xb1\xbdX\xa9\xe2Od\
\x90\x86*\xc1#\xcf\xfem]\xb4nq\x86\xd7\xaaq\
\x8cI\xd0-\xc7x\xb5\xceW\x06\x85\x5c\xfd\xfe@\xfb\
\x82;\x88\xe4\x9bgU)\xa1\x910\xda\x1b\x07$\x96\
b\x9a\x11\xdc\xc1\xa2}\x85C\xab\xc6\xb5u]\xe9\x8a\
\xf5^\xab\xd8\xdf\xcf\xcc\xdf\x81\xa6\x04k\xf6\xb3\xed<\
||\x10\x82\x04\xcfk\xcd\x5c\xaf\xce\x9bC\x02\xde\xc3\
\xe9Z&vB\x85\xd5\xe0\xe5\xf6H\xbc\x97\xc8\xcaS\
)V\xd8E~\x9e\x86\x84\x15\xa1\x05\xda\xde.\xe1*\
\xd1n!\x0d\x07Cl\xb3d\xc3\xb5Z\xe7\xbf\xf6\x89\
\xc2\xc7\xc7\x1e\xb4u\xbb|^\xe0\x90\xda\x0c\x9c\x09\x5c\
\xf6?t\xf0\xd4-\xb9\x16\x09\x22V\xd3\xd1\xb0\xd1\x88\
\x94\xeb\x97@jf\x1b1&\xae\x9b$@\xf04\xa0\
5\xb6\xde{\x97\x9bL\xfcb\xa1\x90\xe2\xc3\xfe\xe6\xbc\
\x00\x8d\xb4\x1b\x94\xb3\xda\xb3\xae\x05\x0a\xd1LKj1\
k\xb1M\xe8kf\x96\x08\x8a\xbc{\xebS\xb4\x9d\x92\
\xd2G\xe6\xd5\xf2\xa33\x9e-\x22\x95\xd1\xae\xb6XZ\
[\xc0\xeb\x97,\xcd[\xe2H\xfc\xda\x22\x9et\xee\xee\
\xbf\x91\x88\xd1\xc9LYq\x89\xcb\xdaQbV\x83\xea\
7^\xc8-\xc5\xd6J\xb2\x10\x19B\x0f\x03\x0d\xc0`\
\xf5\x14\xb6\xd8|\x11\xfe\x1a\xd21G\xef\x8b\x95\x93\x03\
\xfc\xf8\x8cKq\xe1\xe5\xb7\xc6\x87\xecx\xcc\xc1\xe3\xbe\
\xa4\xf93j:\xda\x0a\x97a\xc7\xcf\xf1\xc6!C\xa0\
\xd4\xb8\xbf\xca\xe5\xef\xbe[\xa1\xa2Y\xb8\xd4\x9b&g\
t\x1a\xb5^4\xa7\xbfZ\x9a3\x1b\x878j/\xaf\
(\xec\xf6\xf3\xb0l%\xb6\xaf\xfb\x11\x93\x97\x5c\x80\xd2\
a!\xde$\xe7\x8e\x01\xe1\xea3H\x97\xbe\x19\x00\xb9\
\xd4\xcf2\xad\xdd\x8f\xed\x82*\xc1\xfd\xed\xfa\xa8\x86\xec\
\x0f\xe9\xcd\x13V \xe93\xf3m\x1e'<\xd4\x02\x8d\
(\x9f$\xa0\x1c\xcb \xc7\xdc\x22\x9f\xd4\x84L\x0e\xb2\
\xe4\x9b.\x5cg.\xfe\x1a\xd2\x9c\x891\xbc\xfco\x0f\
\xc5\xd4t\x8d\x8b\xae\xb8\x155\x97\x04l\x14\xa8c\x97\
\xcfo9\x97s=\x99\x0e\x98 \xb6RS\x80\xcb8\
\x1e\x13~\xe78g\x07\x9a\xab[B\xab]\x06f\xcf\
\xf4\xfa\xd9\xd3\x9cuN5\xc3'\x05\xa7-Fq\x0a\
\x04$RX\xc1\xc5\xaa%\x99\xdc\xb1\xe0\xc9\xf0\xb5\x83\
'M\x9bd\xfcDA\xad\xd8\x8f\xb6\xa6R\x84Yo\
V[\x0f\xc6\x0e\x80_\xa3o\xfd\xc8\xa86\x89T\x0b\
G\xfa\x95\x9d\x19\x9fy\xd4Bb[\xa3\x0d\xf5\xe8\xff\
\xa6q\xf5\x0c\x12i+q\xceA\xb2%\x88\xca\x86\xc9\
_,\x955!\xdc\x17#\x0c:\xd5\xeb\xcf\xb9\xd7\xc2\
5\xd3\x0a\xa9e\xd3vPKB\xc0\xbb\x17\x9a!\x83\
\xb5\x17\x81`a\xf5F\xd0\xaf\x1a\xd3\xc8\xda\x8b\xf0\x95\
\xdd\xe6b\x84\x89%\x9f\xa4\xf7\x966\x85eNZ\x9c\
D*\xbd\xb2L\xe7}\x05]<\xb2\x17\x08\x99\x10\xfd\
\xccn\x0eeXgC\xa3>\x12\x0c\xc9\x12\xb6\xbeZ\
\xfb\x8e%\x22\xc8\x8c\xab\xf9\xe6\xfc\xefH\x13io\xca\
jt\x0f\x9f,\x97\xf2\xc6\xf1\x0d.\xd4\x10\x9b\xbc\xc9\
\xa5\xb1\xefY\xf5\x8d\xaa\x1eV,\x9f\xc4_U*\xde\
\xf7 \xf3\x18\x1c)9KA]\xda\x16\xf0X,1\
\x9b\x1d\x1f\xb5:E\xfceq?\xa4\x80\x9f\xa0\xf2\xca\
\x97\xd2\xc5\x8d\x0e\xf10b\xde(K#$\xc9\xb01\
\xe9\xb6|`(\x05\xfb\xb2\xdb\xac\x95\xb0\x86\x8a\x9c\xa6\
\xccu\x89\xed\xc0F\xe7\xbb1\x92\xbe\x94E6\x9b\xd3\
R\xa4\x10\xb1Z\xdd\x07^4l\xac\xab\xe7\x801T\
\x06\xf9n\x94\xd3i\x98\xb2\xa0:) \x9a\xf0\x8c\xbd\
\xa0\xf6\x5c\xd4;\xc0Z\xc4\xaa\x0eB\x0f\xaa(\xa1v\
>i\xc2$\x02&&\xc6p\xdd\xf5w\xcd\xe4j?\
\xa4\xa9h\x1fe?-?w\xc2\xdd\x9al\x11\xe7\x05\
\x07\xb2yg}\x04\x5c\xb1\xe7m\xc1\x8a\xc68>b\
\x91\xdc\xa6\x1c\xaf*\xbdEB\xa2|\xdc;;\xee%\
DJW i|\xe3\x96\xc8\xcdea\x14\x11\xf9P\
P\xbb\xaa]\x1d\x8b\xde}\xf7~\x8f%sM\xde\xaa\
\x12p4\x88\x05?\xdb\xdf\xc5n\x05J\x92v\xd6\xbb\
\xb2\x86]<\x10z\xe1\x90\xde\xff\x9f%t\xfb^\xdc\
\x0c\xab\x85\x0d+8\xba\xe8+KX\x0aL\xdc\xb5 \
%\xad\x1c()\x08\x09.\xd4\xdf\x1a@W\x5c}\xc7\
ly\xe0AK\x12\xdfUE\xe2 \x18\x9f\xa9A\x11\
+\xdaR\x11C\x965RP\x89\x18k\x8e\xf2h\x88\
t9mE\x94U\x87v\x13\x1bpY\xd1\xa4\x8cQ\
\x84\xd0v\x02\x8e O\xc5\x96\x9b\x7f\xbdU\x17\xbb\x7f\
\x8a\x82\xa5Ud\xcd\x06\x96\xb5\xea\xd5\xac\xba\x97\xdc\xc1\
\xe5\x82\x80\x91\x17\xe2\x8f\xfb\xd0\x1d\x96&G4d\xba\
\xe6\xb8t\x9c\xf2\x10\xe5`\x864\xc1H\x9c\xa7\xc8\xa2\
\x9dh\xd0m@I2\x1b\xa1d\xa4\xcb\xd3\x0d\xe2C\
$\xa3\xc3\x97\xa0`\xe9\xccE\xcePXo.\xee\xbb\
CC\x87\xb2T\xd5\x05\x17\xdf4\x93\xc1\xfd\xa0$f\
\xe0\xf2+n\xc65\xd7\xde\x0a\x020\x1c2&W\x0f\
q\xea\xcf/\x01\xd7\x057\x80P\xb0\xbc\xcc;w\xba\
M\x14\xbe\xb3.\x01\x059\xe5\xe8\xd8\x1cr\xac\xa2\x93\
\x89\x0ctrV\x06J\x0c\x89\x8ci\x16\xc1\xc0\xc0>\
2f)@S\xaf\xee\x93\xa2\xde0H\xde\x0c\x88\xee\
\x17\xab\xf6\x1c.[\xc6\xe9{B\xf4g\x95\xc9go\
\x07\x94\x1a\x91\xab\x04%*\xd3\xf0\xc5g\x9dy\x0b\xc2\
\xa2Bt\xac\x8b\xbeG\xfe!\x99\x16\xad8\xb0\x04\xd3\
\xc6\x05\xac\x06\x06\xb5\xc8\x12\x08WQ^\x09S\x86\xc3\
\x85C\xd9\xc2\xe5\x097\xd7\x1f \xd4\xb9i\xcd\xf3o\
~w%\x86u\xad\x0e\xee|h\x12\xe3\xad\xff\xf6}\
\x5cr\xed]\xf9\x0d\xb7\xbb,\xb9@!\x0c\xc7\x1c\x85\
\xaa3j\x12\xc3u\xc2#\xcd\xe0\x14\xdc\xb2Vx\x8c\
\x12\xb0nK\xba<b\xcb0\xbaV\xf3\xc2Ms&\
uSGg\x8a\x8bY\x1c\xcdO\xb6b\xeaH\xcf\xd5\
\xd7\x89\xaf\x5cK\xdc\x0f\x98v\x22>\xcb\x16)!\xc3\
W\x01\xa2\x7f\x0e\xa1\xb1T\xd5\xeci}\xd9\xe4\xd7G\
\xe6\xbd\xed\x8e6\xe7\x93\x9e\xed\xda\x086q\xf0H\xd8\
J\xc3\x1d\xf5.0\xb7\xd2t\x1b%\xdd L4\x13\
\x98\xf1l\x9b\xccy\x0erE\xc9\x93\xa7?\xd6\xaa\x85\
\xa0f\xac\x9e\x9c\xc2\xea\x95\xab\xb0z\xe5$V\xaf\x9e\
\xee\xca\xae\x1c\x02?:\xed\x02\xfc%\xd2n;-F\
]\xd7\xa8\x87\xcd?\xae\xad\xaf\x190{\xb0pKg\
\xe1\xf0\xa7\x15\xa0F\xaa\x8a|V\xf3i\x8d\x18\xb7#\
hI1C\xe0;wC<bl\xdd\xfa\x04!8\
`\xea+t#\xe7`Q\xce\xd6\x13\xe1/Vs)\
\xbf\x05\xa1o\x11\xa55\xb34o\xe5|z6\xfa9\
D\xac\xd6\x85\xbe\x0d\xd3A\xd7bB\xbe5\x87\xd8\xb5\
c\xfd\x1aV\xf5f\xb1\xc2\xae\xad\x11>W\xa4\xa98\
[B\xd1\xd9\xf7lZID\xa7w\x0e\xd8\xd5\x91\x02\
Z\xa6n\xc6\xa3\xae\x81\x8a\x81C\x0f\xd8\x06\x8f\xda{\
K\xec\xb2\xd3\xa6\xd8d\xd3\xf50\x7f\xde\x18\xaa\x8ap\
\xe7]\xcbq\xf1\xa5\xb7\xe1\xd4\x9f_\x82\x1f\x9fq\x11\
\xae\xbe\xe6N\xfc%\xd2V[n\x88\x8a\x085\xb3\x19\
\x1e\xab\x7f\xb5\x15 G_\xfb\xc0j\x14D\x1e3\xea\
l\xca\xcbS\x9b\x936%I?\x9eN\xe2\xb6l\x0e\
#l\xd8\xbb&\xe3c=\xcc\x9f\xd3\xc3\x9d\xf7\xaeB\
\xaf\xea\xc1\xd3\x95U0\xb1fV\xfdq\xfd5\xd6f\
(d%\x1dZ\x8a\xb4\x07\xe3\xe6\x0a\xfa\xb6\xd1\xc00\
\x0e\x86\x01.\xbfG\xa5\x0f,\xfa\xba8(\x95~P\
\xd0Qk\xd8\x8b\xc1M7\xd3\x18\xe2\xf0k\xf7[T\
8\x82m\xcb\xb8v\xbd\x85\xa3\x85K\xf6\xbc\xbc\xd4\xd5\
\x0co\x05an\xb3y3\x18\x0c\xb1\xcd\x96\x1b\xe0\xa5\
\xcf=\x10\xc7<u\x0f\xcci/\xee\xb08\xdex\x83\
\x85\xd8e\xc7M\xf1\xcc\xa7\xee\x85\xebo\xba\x1b[l\
\xb6\x1e\x1e\xea\xd4Y\xcam\x80\x8c\x0a\xb3*\x12;\x01\
}\x07\xbd\xd3\x1a\xcc\x96\xcb\xf4\x91|bY'\xf9\xfb\
E\x8d\xa9\x9d\xd1N\xb10\xb2\x10\x91\xfb\xd1\xa5a\xcd\
x\xc7\x9b\x9e\x80g?}_\x9c\xf0\x95\xb3\xf1\xbe\x8f\
\x9f\x8e\x9ae]\x91\x10\xb3\x94bh\x98aXWb\
R\x9a\x85\xa2l\xe7\x9e\xe4z\xad\x9a\xf3Xm\xf0\xd1\
\xcfF\xacf\xd6\xc2\xb0\x9b\xafQ\x00\xa6\xf9\xab\x89]\
\x97\x08W\x14\xaaN\x01z\x16 \xa2\x1c\xf3.\xdd\x0b\
\xd7\xf9\x88\xa5\xde\xc8\xa5\x9e^|u\xc7<\x85\x1a\xcd\
;K\xb9\xd5\xa8_V\xb0\xf9\x18E\x1a\xbbu\xe7\x8d\
\xe1_\xdf\xf4T<\xe3){tE\x8b\xde\xb2\x18\xdd\
-\xffBK\x81\x97\xaf\x98\xc2W\xbe\xfd{0\xd7\x9a\
G\x14^\x8d_\x1a\x08t\x8b\xc9D\x06]\x0d,B\
3J\x91\x17\x04\x05\x10\x8cm\x90\xd7\xd1\x87\xf8N\xc8\
f|\xc4\x0cm\xb6\xe9\xd5Sx\xc2\xe3v\x01\x11\xf0\
\x92\xe7?\x0a \xc6\x7f~\xf4t\x03L\xd4_\xf9\xdd\
\xe2G\xeb\xeb\x90\xc7l\x8c\x85r\xd9\x8e\x97I\xd6\x97\
j\x90\x96Z\x83\xd4~\x04j(\xa8\x0bou\xc0#\
6b\xb4\x19^\x18\xfcP\xea\xb4\xf6\x5c\xda\xab\xef\xe6\
Ge\xbc@\x0c\xbc\x92\xf23\x99|\x05\x9f\x89)\xee\
\xb2\xba0\x223}\xac\xff\xac`\xf4\x15\xd6\xc3!\x8e\
8dG|\xf0\xdd\xcf\xc0:\xf3\xc7U\xd1Q\x11\x84\
Y\xa7\xa2\x14Y\xcb\xea\x18\xb8\xfe\xa6\xa5x\xe9\xebN\
\xc2M\xb7/+\xa35\xb2\xf9\xacjUh!\xf5*\
\x0d\x9bB\xb7Ec\xfa\x18\x99\xad\xea=\x07\xed\x01\x01\
P\xa2\x1f\x06f#\xd7\x89\x80\xaaW\xa1\xdf\xef\xb5\xf9\
\x08\xfb\xef\xb35VO\x0e01g\xac\x8c\xc0`\x86\
C\xf5C1m\xe4\xf2\x16\x06\xa55i)\x1a\x03)\
U\x8d\xe0\xeb\xbb\xba\x5c3\x9a\xe9\x9c9\xc1\xec\xc7%\
\xa8\xcf\xacb\x17\x06z\xec\xebu9-E\x18\xd39\
]\x08\x91\xa2\xf2j\xf3\x10S\x01\x0a\xc9\xb4\x91Pa\
\xf1\x8a\xcc\xbb\xa8\x87\xe1HC\x0a?\x8b]\x06c8\
d\xbc\xfa\x85\x07\xe2\x1f_\xff\x84\xf0\xd6\x9d\x07$=\
\x80\xd5\x9e{\xfe\xb58\xe5\xd4\x0b\xf1\xed\x1f\xfe\x19\x93\
S\x03\xd5\x00\x110\x18\xd4\xd8n\xab\x0d\xd0\x1f\xeb\xe1\
\xd6\xdb\xef\xc5\xb2\x15S\x90\x8c\xa4\xccQ\xc1\x93\x96h\
\x89\xb3M\xd5\xe1/\x9bmM\xae\xf4J\x86\x16\xa4\xab\
 \xcd\x12\x99\xb1\xd3\x8e\xdc\xd2Oz\xd41\xa3\xae\x1d\
\xd6\x93\xbc\x96\x9a\xed\xb0\x11\xc9\x91\x0f\x06B)3\x09\
|\xa0\xd9EY\xbd\x91\xcc\xbb\xd6\x1c\xc6\x09\xdar\x8a\
\xc4uy'\x00\x22&\x96_\xb2L\xd7\xc0R(\x06\
\xa2\x19\xf2\xe0^\xb3\xce\xc6\x1b\xc5LA\x12\xb7\xc1h\
\xfdm4\xbc\xb8\xd9\xc7\x0a\xa3\xb8\xfe` \x9c\x05\xa2\
1\x95\x14\x92\x95\xb0\xe2\xab\xc2\xebp0\xc4\xab^t\
\x08\xde\xf2\xf7\x8f\xc7\xc3!13\xbex\xd2Y8\xfd\
7\xd74\xc4\xa6\x96\xc75=\xdbs\x97\xcd\xf0\xed\x13\
\x8f\x03\x81\xf0\xc3\xd3\xfe\x8c/|\xe5\xb7\xe8\x8f\x8f\x81\
\x00\x0c\x875\xb8\x06\x98\x87\x0d\xf6\xeb\x84\xd7f\x0c\xeb\
z\xd8\x5c`Z\x0f\xc05aP\xd7\xa8\xeb\xe6V\xa2\
\x9a\x19\xc3a\x8da]\xa3\x1e\xa2y\xaekLO\x0f\
1=\x18\xa2\x1e2\x06\xc3!\x86\x03\x06\xd7m\xc0\x9a\
kP\xd5\xaa\x84v\xe8\xb2\xa2\xcc\xe6\x84u\xd2\xa8\xdf\
\x07Q\xd5h\xf8\xc4\xcdb\xc9-T\xdf\xb5\x00\xa8\x94\
4H\x92\xc0\xba)$\x181\xd3\x86\xa6\x8f\xc8\xfe\xce\
.\xa8t7\x8d\x8d\x95\x85]G\xb6\x94d\x9dh/\
\xa7\xbe|m+\x93\x86\xb1\x8e\x22\xe6\xaf\xa5c\x96\xe4\
Y)e39I+\xa9-\x8b$\x18?K$;\
\x1f4em\x84\x80\xbcw#\xfd\xf2\xac)\xdb\x12\x18\
)\xeeS\x17\x0eN\x18T\x92\xad5\xbf\xeb\x9a\xf1\xbc\
\xa3\xf7\xc1[\x1f&\xcc\x9f\xd2\xcb^t\x08\xf6\xdcc\
K\x00\x84\xc1\x801\x18\xd6\x18\xa4)@\x10\x0e\xd8k\
\x8b\x8e9\x9e|\xe4\xeex\xf2\x91\xbb\x9bq@q\x80\
\xd5\xb2\xda.\x1e\x14\x156\xeeZ\x1b\x0c\xcc\x9a\xba\xb9\
\xed\xb8\xae\x1b\xf8\xa6\xa6\x86\x18\x0c\xebf\xbe\x9b\x08U\
E\xdd\xc5\xa653\xea\xba\x11\x1a\xd3\xc3!\x06\x83\x1a\
\xcbWLb\xd5\xe4\x00SS\x03\x0c\x06C\x0c\xa7\x07\
\xa8\xeb$|j\x10\xf5\xb0\xf4\x9e\x158\xfd\x97W\xe0\
\x87f\xfa\x95\xd2\xe9\x1a&\x5cD\xed\x02!i\x8c\xe4\
\xfeJ\xfa\xc8\xbfX\xfd\xd2\x0a\xad\x14O\xf2\xb7\x17s\
\x8bN\xc9\xbf\xf9\xdc@\x00\xf9r\xd0\xac\xaf\xfc\x02\x97\
h\xec\xca\xa6~n0\xee\x9ed\x5c\x85>X\xa9\xec\
\xaf<\x0a\x924\xa7:a`\xbf\xc9\xfa\xbd_.C\
.\xae7\xca?\x1b\x11\x11\x0a\xb0PJ\x87\xec\xb7\x04\
\xc7\x7f\xec\x05\x0f\x9e\xd9\xff\x10&nm\xf8\xd9\xef\x91\
\xfcK\x01\x8a\xb5s\x87\x82\xd8a2\xb9/\xb8\xf8f\
\xec\xbe\xebf\xdd\xb7[o\xbb\x0f\xfb\x1d\xf1>\x8c\xcd\
\x19G=liYL\x91vV\x84Hcc\xfdY\
\x80\x16\xc5\xac\x9a\xdfz\xdb\xb4\xa6m\x7f\xf7\xa2\xa7u\
%\x00b\x06\x0f#a\x8893\xb6\x08\xe2\x95\x84%\
\xc6\x0b\xf0\x1eD\xf5cV\xd6\x9d\x96\xda\xdd{OV\
\xce\xda\x95T\x05\x0a\x80\x9c\xd3\xb7\x88\x05\xfcPfg\
\x97\x09X\xbc\xc1|\x9c\xfa\xcd\xd7b\xfe\xbc\xf1\x07\xd4\
?\x7f \xd3\x03\x1c7\xfc_\x95.\xbb\xf26\xdcv\
\xe72\xcc\x19\x1fC\xd5\xd37Y%K\x80[\xcb\xa3\
\xaa*\xbc\xf1m\xdf\xc6\xedw-7\xb5D\x91\xcdx\
Qs\xc4\xf8\x9a\xde\xb5J\xb6<\xdd\xb9\x00ZS\xcf\
d\x05\xf8\x80Yb\x03\x0a\xbej\x83:\xe7 \xd7\x11\
((\xba_\xc1M\xaf\xf2\xd6Skdk\xc1\xa2[\
\xd5\xa8\xb2\x22A\x8b\x09\x1b\x10\xf2\xb0\xe5\xd1-\x1f\x96\
\x92\x0b\x0d\xa7k|\xe2\xfd\xcf\xc6\xfc\xf9\x0f\xfc\xdd}\
\x0fd\xfa?\xe6_\xfb\xb4\xc3v\x1bc\x87\xed\x1e1\
zW\xb4 \xb3M\x17\xaf\x8b\xdb\xefZ\x16f\x96\x9c\
'\x8fC\x91\x95\x90\xc9\xd5\xe4\xf0\xf4\xaf\x7fe7\xab\
\xd2\x9f\xe4\xe1\xd5\xf2]\x1bL\xe9\xd8-G\xb2=\xd0\
9\x9fd|\xea\xeaIoX\xfc\xd3G\x90\xc8/\xfe\
\x99\xc5\xcc\x03\xb9o\x12v\x1d\x8deH\x7f\xca\xa3\xc5\
/\x18\x8eB\x8aq\x98&\xda-\xa9\xf3\xd7 <\xff\
\x98\xbd\xb1\xc7n\x9b\xe3\xaf9\xcd\xe4q\xfd_\x1a\x9d\
:J\xa6\x91\x99\xda\xbfm\xc0r\x84+\x989\xc3r\
D\xc0\xe0\x1dkj\xea\xd6\xa7\x17K\x1e\xe6d\x01\xe8\
\xc0\x96\xd5p\xd6:\xb0\x0c\x12\x97I`g6\xf2&\
\xbdg195\x98b\x9ev\x87\x22\xb7\x9d\xa4p\x0a\
\xd2\xb2\xe6\xa8\x08\xbf|k\xe7\x06F\x07&\xb5]\x91\
\xa2\xc4r*'\xc7\x0f\x18\xc0x\x05\xbc\xf9\xb5G\xe0\
\xaf=\xfd\x9f\xf6\xbf\x1f\x89\x81\x9f\x9dy).\xbf\xe6\
\x8en/>\x11\x09\xb7_\xf0\x06\x11z=\xc2\xb5\xd7\
/-\xc4\xc3\x82`uhd\x8a\xa0)k\x8e\x92;\
\x0e\xf3\x19\xc3$@!?\x0dX\xf6\xef\x9bR2\xf6\
\xef}j\xed\x9dX;\xa1\xcb\xcfr\x0e^[\x05\xa5\
\x8d;\x8a\xe1\x0cx\x0dB\xe5\xfc\xb1G\x84\x9d\x02\xf4\
b\xcc\xaf\xd3\xd7\x02EO\xeb\x84b\x90Y\x08,\xb1\
U\x99\x80\xe7?co\xac\xbb\xb0ps\xef\xff9\xdd\
\x0fXz\xa8Py\xe9\xe5\xb7\xe2\xec\xdf]\x8dm\xb7\
\xd9\x08\x8b\x1f\xb1.\x98\x80?]p#\xfe\xf9?\xbe\
\x8f\xb1\xf1>jK\xa7a(\x8dP\xd7\xac\xe8R)\
Y\xb1\x04\x92\x001\x13e*c\x1f!\x88\xcfA\xf6\
1\xaep\x1d\x80,\xe6\x0f\x18\x8a\xb5b\xec)kO\
\xdbz-\x11\x13F'\xa2E\xf5)\x0f]l\xfc\xf0\
[\x99\xd3_\xbbAI\xe6\xb3\xd3~\xb6\x84\x81\xa3\x1d\
\x9b\x88\xdc\xa2\xcd\x9b\xd3\xab\x07x\xe9\xf3\x0f,\x13\xe6\
\xff1\xff\x03\x96\x1e\x0aT\xdes\xef*<\xeb%\x9f\
\xc7\xaa!c85\xc4`z\x00\x10a||\x0cU\
\xbf\x87a\x1d(P\x0e\xa8E\x9e\x13\xa0\x02\xddIK\
\xcff\x1a\xac\xc9\xaf9\xc8P\xb2\xb2L\xb5\x22\xeb[\
3\xdc\xee\x06\xd4\x11{\x8dd\x19$\xb3\x1a\xd6F(\
\xbdf\xb7\xce\x81\xbd\x14\xc1\x0a\x02\x1f\xfd\xef\x90S<\
dB\x8b\xaf\xbc\xaeLJ\xc2\xb0\xc6\x98\xf9\xbb\xe5k\
6\x12k\x034z\xd6\xe01\x07,\xc1&\x9b,z\
p\xa9\xf3\xff\xac\x08\x80\x81+\xae\xb9\x0d7\xdex7\
P\xd7\x18\x0ek\xf4z\xbd\x06-\xbd\x0a\xbd~\x0f\xbd\
~\x0fT5\xe67\xd0\xac^\x9c^=@=\x18\x22\
\xad\x98\xc9\xbb\x09\x9bEG`F\x0d\x80k\xc6-w\
\xae\xc0\xf1_\xfd-&\x07\x8d\xb5\xda\x1b\xab\xd0\x1fK\
A\xddx^*\xfd$\xe5\xf6\xe6\x9cy\x0dI\x1cu\
rJW\xedt\xb4\xf9\xed\xaeT\x88\x8dZ\xec\xb2\xab\
\x18\x80\xd5\xcc:\xea\xaf\x99T\xc7\xce#\xe6$%\x08\
|\xd7arK\xe0K\xf3\xf26\xb4\xa8\xdb\xb5\xb9\x08\
6\x02\x10E-H\xbf\x12R\xd8O RX\x96\xc2\
\xf2-\xe4\x0c\x1c\xfd\xa4=\x1f\xfc\xcb;\xfe\x8f\xf9q\
\xd9\x15\xb7\xe2I\xcf\xfd\x0c\xa8\xd7\xdexGh\xa6\xdd\
Z\xba\xad\x87u\x9bU^\x13V\xa1\xaa\x9axM\xa7\
\x85\x99Q\xb7\x83Y\xa1\xd5\xa0\xa8\x1a\x1f\xbb\x02\x86\xb5\
\xa5\xd7\x98V\xdb\x06\xe0\xdd\xd6L\xc3\x1d\x05\x19\xda\xb3\
y\xb5\xe5@\xc5|\xcd\xaf\xd2a<>\xbf:\x12,\
\xd2\xc0R\x08DWa\xcae\xbe:>\xee\x993\xbd\
q\xcb\x88\xdb\x81\x920t\xba\xdb-e\x84\xab_\xcf\
$\xd8\x99Q\xbd\x0cY\xf5\xd5\x9e\xecc\xee\x06\xf4\xc8\
\xd5\xb3\xabz\x10\xa5\x99\x95S\x1f\x8c'>a7\xfc\
_J\xe9\xc11U\x06\xc3\x1a\x7f\xff\xaf\xdfB\xd5\xaf\
\xdaV\x9a\xf1\x90\xe7\x007\xa7&\xf9\xc9\xe3n\xec\xc5\
\x90W\xa8\xbbo,\xb4-\xd72(\xedW\x92Z\xa5\
a\x96\xdd@sD\x07i\xf7\xb5y\xe3\x8f\x9f\xd3\x96\
\xe9(\xec\xb6-\xb6<%\xef\x0e\xf2\xdca\xee\x05\xc8\
S\x05z\xcd\xbf\x9d\xce\x93I\xeba{y\xa8\x06^\
vRu\x85a\x84\x87\x04\xca\xde!\xe7\x93\xd4\xc09\
\x8c\xa8'\x04\xe5\xe4\x87\xc8\xec\x8d\xff\xa4\x18\x94Y\xaf\
\xc3\x9b\xb2\xcd\xb2\xd1\xd6\xa4\xc3\x0f\xdd\x09s&\x82X\
\xeb\xff\xdaTf\xfe\xe1\xb0^\x83ztz\xdb\xbb\xbf\
\x87+\xae\xcb\xc7\x93\xcd<\xfb\xc33|7B\x82\x12\
\xb1H\x8a*\x9d\x02)k\xc9\x22!\x0e\x9d\xb7\xb4\xc6\
Ig\xc7\xee\xac\x15Y%\xd8\xe5\x84\x83V\xbc\x81\x92\
&DG\x82%\x80\xa5\xde\x97d\xaeW\x05\xe8\xb0\x5c\
.\xa3\xe5,\xa9<\x0c#))\x97f\x91\xdf\xb7\x1a\
\xa1N\x8fi\x86\xdc\xb7']\x03\x7fly\x8a\xdc\xb3\
\x007\x9f\xabj\xc3\x8f\xb6u7\xf0\xd4\xac\xf9\x7f\xf2\
\x13w\x9d\xf5\x92\xdf\xd9\x84{\xfe_L\xcc\xc0)?\
\xb9\x00\xdb\xec\xfdN\x1c\xfb\xb2\xe3q\xfd\x8dK\xd7\xa0\
0p\xf2w\xce\xc3\xc9\xdf\xff\x13*\x9a\xcd\xb9\x88\xa3\
\x05\x01wZ\x81\xa1\x8ew\xef~\x96B\xd89\x86&\
\xbf[*\xf3\xfc\xe5\x15\x8bg\xe7\x99(C^\x1a\xa3\
\x1do}\xc8\x9e\xf5O[\x01`}e/\xaf4s\
\xa6\xaf\xda\xf0\xe9X\xa8kX\x9b\xfd\xb2\x83\x92\xa9\xd0\
\x9a\xceZ\xac\xa4\x1bU\xa5\xe9\xe3\x8dG\x7f~\xb1E\
\x98lW\x07%\xbd\xcb\xa5\x5c\x01\xd6\xb5Gr{\xe4\
\xc000\xde\xafp\xc4cv\x9a5g\xffou\xe3\
/\xba\xe4&\xbc\xf9\x9d\xff\x83\x89\xb9c8\xef\xcf7\
\xe2\x05\xaf8\xa1\xdb\x9e;S:\xe7\xfck\xf1\xaf\xef\
=\x05\xbd\xb1\x9eFs).\xac~\x14fq\xba`\
\xaf\xe6\x0a\xa2\xa8\xe2\xc8\x22\x96j(\x1e\xd5\x98\xfd\xcb\
I*\xb1(\x96\xd5\xc8,\xedDH\xf0J\xb1\xb0\xee\
b\x10m\x9ch\xc3\xd8\x9a\xf3\xd6 \x8e\xa2\xf9y\xe7\
\xbd4\xa1G1\x8d1\xf1EL \xdf\xda\xe2\xe1\xd3\
\x06\xbfE\x90\x16YRJ\x871\x19\xd1#\xb9\x0a \
\x0b1d\x83E\x0d_\xdc\x9b\xc7\x1d\xb2\x1d&\xc6\xfb\
\xff{9{\x86T3\xe3w\xe7^\x8b\xe7\xbe\xf2D\
\x0c\xdbXO\xcd5\xfe\xe6\x88]1\x1b\xa4]{\xdd\
\x9dx\xc5\x1b\xbe\x06\xaa\x84\x89<\xaa\x98\x93\x10b0\
\xe5G\x92\x5c#x\xa1\xb3\x00\x22\xff<\xab\x9a\x8e\xfd\
\xfd\xf9d@\x81\xe5\xb5\xed\x9ck\xf6\x16D\xdc\xba*\
K\xd2\xc2m\xef\xacP\xeeE\xe6jq;\xb0\xbc\xbc\
\xc0\xb2\xb2\x04T\x9a\xf7d@\xd6!9\x1f\xe8\x185\
:\xe4\x1fY#\xc3\x86\xe7\xb4\x13\xc2\x08O[q\xf0\
\xd8\x95\x85:\xbc\xe2\xe3\xabFhq\xae\xc7\x7f\x17\xc4\
R3\x9e\xf0\xd8\x9d\xf0\xa0\xa7\x07'\xa6\xf6\xe0\x81\xdb\
\x8e\xe9\xef\xffp\x1d\xbe\xf2\x8d\xdf\xe3\x07g\x5c\x84^\
\xbf\xd7\xa2\x90\xb0\xf7\xae\x9b\xe3\x9f\xde\xf8\x84\x19gM\
\xee\xbeg%\x9e\xff\xca\x13\xb0bj\x80\x1c\xb7\x22\xad\
\xa9F\x22+\x99\xf6\x14g\x0b\x11;*\xd8'\xb5\xbd\
6\xbag\x1a\x1eI\xcf6r/\x8f\x98\xd5g\xfd\xeb\
\x80\xa2\xd6a\xac*\xd7A|Y\xb6\x9b\x05 \xc7\xb4\
\xa3\x00'\xb1\xcdV\xcf\x14h!b\x03&\xb9#2\
8bw\xd1%\xf3\xcbD1\xd2]\xe8\x5c\x8a\x84\x92\
\x198=?\xe1WJYg\x22\x8bB\x18\xa8\xdde\
)\xe1\x01\xa4:\xd5\xc3A\xab\xc9\x1e\xe4\xf40a~\
f\xe0\xda\xeb\xef\xc2\x97O>\x07?<\xfdB\xdcv\
\xc72\x8cO\x8c\xa1\xea\xf5\xba\xb1^w\xde8>\xfb\
\xe1\xe7\x15\xcd\xe6\xae.\x00\xdf\xfa\xfe\x1fp\xc7\xbd+\
\x85\xa5\x18\xddJ%\x11\x14Q\xb4\xa4^2\xaf)\x90\
\xf1\xd6\xf2\xa4\xf6\xff\x14\xb8,,v\xa2\x0b\xb7\xc2\x88\
\x8e\x5c\xbd\x8f/i\x0e\x0a$\x9b\xa8\xd7.\xf6\x91\x91\
\x00{Y\x88\xc4K\xb7\x0e@i\xecn\x0d{\xbc+\
\xb0Y\xf2jO.\xcd\xa1:\xb9|(r'\xe0\xc0\
 \xf35\x09\x01MA>\x16\x1aGUu\xcd\x96\xad\
\x13b\xfcA]^\x9e\x06\xd1U=Jp'\xbe\xb4\
\xe9q\x07m\x8f\x89\x89\x11g\xc3\xfd/I\x83A\x8d\
\xef\xff\xf8\xcf\xf8\xdaw\xff\x80s\xce\xbb\xb6;/o\
l|LL\xef\x120\xac\xf1\x99\x0f=\x0f\x8b\xd6\x9b\
7c\x9d\x04`\xf9\xf2\xd5@\xed\xdf\xc7Oe\xca\xf3\
\xb4\x17\xa4\xc8\xd8K\xf9\xbb\x80\xba\xaf?\xf2.`8\
$\xbf\x8d\xe6\xcf|\xbb\xdc\xde\x86\xa5\x85\x12{/\x83\
Sm#f;\x08\xe8\xe7\xcc\x9a\xc1s\x10\x81\xd2+\
or\x8b\xdei\x89\xa6Cw\x1e\xd56\xa2\x100\xb0\
:\xdd$\x0a\xf4\xd9g)\xc99\x83\xce9\xdc\xa2W\
#Z[ 8^)\xfd\xb6G\x96\x89z\xadI\xc9\
\x00\xaa\xaa\xc2c\x0f\xda\xce\x83\xf90\xd1\xd6\x0fDZ\
59\x8d\x0f\x7f\xe2t|\xfd{\xe7c\xc5\xe4\x00D\
\x84\xf19c\xe1\x99*\xc3\xc1\x10\xff\xf2\x86\xc7c\xef\
\xdd\xb7\x98]\xe5\x0c\xac^=\x1dP\xcdh\xb3]?\
\x1b\x8eI\xc2|\xa4\xefQ\xaa?U\x93O&J\xd5\
\xe63\x00\x83\xfc\xea\x99\x0a-\x91\x00\x99\xe0\xaf]d\
\xff\x9b)Pq\x08\xf3U\x1e\x8b\xa2\x900\xc1)\xac\
\xc8z\xca^C[\xadM\xe1Fi\x91'\x05^8\
\x8b\x9a\x0c\xc0,\x22\xc3\x14\x0dx\xaa\xb6\x14\x90\xb4f\
\xa0\xe9\x874\xff\xc8\xbe\xd7} \x00\xab\x96O\xe2\x89\
\xd6\xfc\xff_\xc4\xfc\x00p\xe1\x857\xe0\xd3'\xfd\x16\
+\xa7\x86\xa8\xaar\xe7\x99\x19O|\xdc\xce8\xee\x05\
\x07\xaf\xd9t)\x0b\xf5\xdf\x0d[D\xf0\xf6\x9d\x1dc\
\x19\x08\xa4 \xc6'hD\xc4\x0b\xd8\xb5\x03\xc1'2\
\x13\x09\xfa\x11\x0a\xa4\xcb@A\x05\x92F\xd3'\x12<\
\xa0\x83\xda\xcd[\x1d&\xd4\x91*\x1f\x9bH\xf9*\xf5\
R\xee7\x0c\xcfc\xb6H\xb5?\xa3\xbc)\x0a\x89\xce\
\xb5\x0f\xa5VzbS5%X\xcc`\x91\x85[\x9a\
d\xd1`\x8bo\x8e\xceT\xb0A\xc0%\xdf%\x81h\
\x9e\x83\x81\xd8u\xa7\xc5\xd8x\xe3\x85\xf8\xdf\x9c\xf6\xdb\
g\x1b|\xe0\x1dO\x05\x86C\x1d\x0c7\xfc\xb7\xf5f\
\x8b\xf0\xdf\xff\xf1\x8c5Z*MH\x07p\x92\xe3\x9f\
\x9cC\x16\x10\x0d[\x1d\x05F\xb7\x0a\xd0\xea\x07\x00\xdd\
1\xbfm[i]\x88\x07\x97\x8c\xf2\x11ta\x95W\
b\x06\xb20%\x06a\x83\x8f\xb6\xae\x0eFrl\x96\
\xce\xfc\xcf\xf6y\xb4x\xa8\xa9G\x86\x0c+-\xe1,\
\x90>\xb9\xe5\xc0m\x80\xcecOk\xd4\x14\xa1%K\
\x01\x06a\xd9\x07\x17fY\xd7qV\xe0z\x0b'\x95\
\x93\x0c\xafea\xf3\x9e\x0dQ\x04\x02I\xf6\xa9k\x87\
\xc4 Q6\xef\xd4)\xb1\x84\xc7\x1d\xbc\x03\xfe\xd7'\
\x02\x9e\xf5\xf4}\xf0\x99\x0f\x1c\xdb\x1d@\x09@\x8d\xdf\
\x9c\xb1\x1e\x8e\xff\xd8\x0b0w\xce\x1a\xc6J:B\xe7\
\x5c\xa7\xa2v;\xde\xc8L(?I\xb8:\xe1n\xca\
$\x0b\x98\x12\xefy\xb6r\x17\x8a\xa6\xfa\xa8\x15\x0a\x5c\
d\xa6\xf6\xaf\xe4)\xa9\xe4l\xbf9\x07';\x01(\
\xe84\xf1\x17I7;D_\x97F,\x9d\x8a\x9d\xd6\
\xb4\x18B\x0f\x00\x83\x95ta\xf5=\xbb\x0fQdV\
v\x9cD\xff93\x5cb|\xebw+\x0b\x85\xcd\xfb\
\x92\xff\x93\x91\x95\xe1\xd4+\x05\xf4]\xf0\xec\xc1N@\
\x06\xb2e05\x8d\xc3\x1f\xfd\x7f\x02 \xa5\xc3\x1e\xb3\
#\xbe\xf0\xe1\xe7\xa3\xa2tWb\x93\x86\xc3\x1a\x9f\xfa\
\xafgc\x8b\xcd\x17\xad\xb1{\xd4l\xd0ce\x04\xfa\
\x9b\xa4l$\xc7\xd0\xb3\x0c\xa2\xc9\x03j\xe4x\xb2m\
\xd3\xb4C\x96\x0e\x05Ap\xab X\xc2\x92\x995\xf1\
G\x87\x11&Q\x15\x95\xd9E\x0a=\xb4\xb71\x1b\x8b\
:ok\xc8\x1d)\x89\x83j4\xf6\xad\xcd\x96\x10`\
\xaf\xfe\x9a\xcd\x09|\x91\xdf-\x90\xa8\x98Nh\xde$\
\xf5$\xf39\xc1\x11\xc1m1(\xcdv \x9bI\xdc\
\xbd\x96\x87\x9e\xd9@\x11g\xb5\x83\xacI\x8c5\x04`\
\xfe\xdcq\xec\xb5\xc7\x96\xb8\xdfi\x16\xe1\x8e\x87G\x22\
\x1c\xf4\xa8mq\xfcG^\x80D'<\xac\xf1\x8f\xaf\
z\x1c\x0e\xb1\x81\xd2\xd9\xd6H\x01\xcf\xc7\xbe\x80x\x15\
\xd1\xb9\xa4\xe9\xa8\x1c\x97\xcb\xb4\x9f\xd5\x12\xdc\xb4_\x80\
\xa8;\xb5\xca\xbb\x96\xa9\x96\xa4z\xb4\xa2\x0a\xb9\xb1\x10\
pV\xf9)\xb7\xa3\x8f\x05\xa1\xa0\xde\x5c_eeC\
Lw\x14|\xf7\x08g\x97+Fh#l\xad\xf9o\
\xcd(\xc1d\xdd\xf5`\xb6\xceV\xa7(\x17\x80\x0b-\
\xb6\xbf8K]R\x122\xf9xr\xe0H\xb5\xd4H\
\x0a6\xc1&a\xb5\x10\xe3\xa0\xfd\x96\xa0\xaaf\xb3&\
}\x86\xb4\x86Z\xf1\xaf9\x11\x80\x83\x0f\xd8\x06\xdf\xf8\
\xfc\x8b\xb1\xdf#7\xc3\xeb_v\x08^\xfd\xb2G\xdf\
\xaf:\xef[>\xe55p)\x06\x10&\x1f(\xf4\xc5\
iDu\x82\x86\xba\xf6\x93\xe6\xe6\xc2\x811\xb1R\xca\
\x14\xa9\xd7\xef\xf9\xfc\xc6\xc5\xb5A\xc2\xae6\xd9\x9bQ\
\x96\x11\xd0\xb7\x87ch\xcd\xee}c%\xb1T\x16\x0a\
\xc5D\xc4\xe4\xd4\x99\xf7\x09yB\x8avwo\x93\x00\
\xcbJ\xeaT&\x1f\x03\xa6\xb4\xb6,c\xb4\xb8wG\
 `\xca>\x94\x96\xbaB\xecq\xd9\xbb\x22&\x1c\xb8\
\xdf\xd6\x0f\xfe\xde\xff\x87i\xda\xe3\x91[\xe0+\x9f{\
\xc9\x03\x22\xdb\xae\xbbi\xa91,\xc9\x93\x9a\x1b(\xf1\
AZo-\xadu1p{\xd1Ld\xcc:\x06\xa7\
\x19\xdaD\xce\xd7\xbd\xb74\x99E\x11\x05ys\x95.\
\x02\xd8-D\xd2\xdc\xecw\xca\x90B\x9a\x0a\x02\xea\xa6\
\xf4\xae&+\x088\xe3\xc9a;\xd2\xfaV\x9ey\x17\
!\xf5\xa9\x91\x07I\xe3\x0b\xe9\x0a\xcf\xfc\xe9\x9b\x9b\xef\
\x0c\xcb${\xc1Z+\x16Z\xe3\xff\x1bG,\x87\x17\
\xb4\xd5\xc2\x04LNN\xe1\xb05\xd8\xfc\xf3\xbf-u\
A\xb4\xfb)!\x07\x83\x1a\x17\x5c|kC\xf4,h\
D\xfa\xe8,)\x8e\x0d=\xdb@\xb6\xf4\xc3\xe5\xb8\x8a\
:T\xdd\x9eO4\xdd\xa0\xab\xdfN\xc8\xb9}(\xa1\
\x8b`\x03L\xfe\x84?\xb5\xae\x8f\xa9u\x8b\xe2\xfb/\
\x94\xe25\xed\x1a[u\xf4i\xe2\xba2\xf9\xcd\xf8\xca\
AY\x11\xab\x04\xd4`\xc8\x9c-\xba\x98\xccg]:\
r9X\xe5\xf3\xfd\xb1\x10\x91{\xd2\xa6\x95\x9a\x89@\
D\x18\x16\xcd\x84-6Y\x84-7[\xf3\xa0\xd6\xff\
\xa55H\x0c|\xf6\xc4_a\xd9\xe4\xf4\x0c\xc2D\x8e\
\xa5}g\xa3k\xe9]\xc9l\xd6\x00XQ\xa2s\xc5\
\xbe\xbenUha\x82\xa9-6\xd9\xa3;~FD\
5\xbax\x96\xef\xafnC\xdc\x0b\xe0\xbd\x0e\x8f\x8c\xf6\
\x99\xc8\xc9%\x8f\xc4H\xdaY\xb4\x98\x01`!\xa9\xba\
`\xbd\x95\xe4Y\x18G\xe2J\xdb\x85vH-J\xa4\
\xfc\xce\x12\x5cm\x14\x0a\x8f_B\xf8\xeeQ\xfbo\x8d\
\x12\xf7?`F\xc1\xffr\xeb\xe2\xc2Ko\xc1\x07?\
\xfd\x0b\xf4\xaa\xf6t\x1f\xa5<-r<\xf38\x96%\
\xf9\xceP\xaf\x0b<g\xfa$\x92,\xc6\x01\x9b\xc3\xf8\
\xea:\xc0\xdc\xed\xd1c\x99\xd7\xd6#\xed\x0c\x16\xf5X\
\xd1\x93\xad [\x22\xd7f\x83\xe7MR\x16@7\xd7\
9\xd3(\xb0X\x0d\xa02koF\xcf\x0fD\x83\xe4\
Bt\xfa\x93z\xb4\xd6D9v!\xa7$\x15\x09P\
\xfa\xee\x9d\x10)9#k#g\x12\x22Ed\xab\x87\
C\x1c\xfa\xa8m\x8b\x0a\xe9\x013\x0a\x1e\x80\x8a\x1e\xae\
2d\xd9\xf2\xd5x\xf9\x1b\xbe\x0a\xea\x82\xac%K\xd1\
\x9b\xba$\xe8B#\xc3#\xb4\xe3I;\xfbD\xb9\x0d\
{\xb9\xa7\xab\xc5,\xd6\xd1\xaeg \xa8ZfR\xfc\
B\xb9\xa4\x86?\x8eOen\x8b\x15\xa3\xb7\x92\xd3\xcd\
@I\x0c\x8d\xa0\x8cH\x83R\x87\xc0\xcc,\x92}\xb2\
\xce\xb6\x97\x86I\xb4I1\xe1\x0dv}\xaa0\x05\x10\
h_\xcb\x1eP\xaaH\x81#\xf3\xcd\x9a\x88\xfe\xcc\xa2\
n\x8a\xc5\x0c\xba\xa4\xa7\xa9\xd5\x03<\xee\xd0\x87\xc7\xfc\
\xff\xc3\xd1Caf\xbc\xf6\x1fO\xc6\x1d\xf7\xacD\xa4\
\xc9\x5c\xfe$\xa0\x15mJ\xe6\x8aM~\x82\xd6\xec:\
\x0e \xf3I\xcb\xd4\x1a\xe4$\xca\xa5\xb6u\x8aL\xf4\
\x0e\xe6\xb4H-\x198\x94\xcb\xe4\xfc\x9c\xf3YeE\
)\xb7\xef\x97\x15\x82\xcd:\x00\x1eE\x12\x925YT\
'\x81\xf7\x86\x8b=D\xcb\xfbHY\xba\xc6;\x96\xc4\
\xb2\x119e\x18\xad\xc4\xea\xba&\x8d,8\x91\x11\x9f\
\x12,\x17MJ\xf9,\xfa-\xf1\xa3\xaeg\xc9p?\
r\xd7M\xb1pA\xe1\xe2\x8f\x87kzPM\x855\
\xa8\x9c\x81\x8f}\xe6\x17\xf8\xf5\xb9\xd7\x08{\xcf\xd0\x00\
i\x06\xcc'\xfb\x00\xa1\xc8Kc:\xf2\x12?\x88\xf2\
e\xdb8+\x1d\x13\x93 \x9b\xcf2q\xceT\x0aR\
R\xc7\x9fR\xd1\xa5,>\xdc\x97\xad\x09\xe9\xc8\x0a\x97\
\x03\x9a[+\xcd\xaeV\xa2\x14\xbd\x9b\xc0\x87\xcf\xcf\xde\
&\xb0\x1dl\xffZ\x8dj=\xf6\xf6d\x13\xb5\x7f \
\x5cVi\xa1LV\x05\x05\xf0s \x04t\xef\xe4\xe1\
!\xe5\x00\xa0\x106\x15\xf0\xe8\x03\xb6yXj\xd6R\
b\x00\xbf<\xeb\x0a<\xfd\xf9\x9f\xc67\xbf{^\x17\
w\x99u\xe1\x19\xd3\xec\xb1\xf5\x9bs\xae\xc6\x87>{\
f\xb7\xbe\x22,)i$\xb9j\xf6.\xadN\xf7\x08\
%d\x8e\xfd\xf2Tb\x05\xbe\xa4\x0by\xfc|k9\
\xb2\xf8\xae\xf0\xa0\x95\x9av{\x85\xdd\xa1\x10\xed{\xda\
q\x18\x8f\x12F\xd9i\xd0\xb1\x87TG\xa6\xdfJi\
:\x89<\x91\xd5\x0f\x19\x17A\x8b\xbc\xe9\x99\x92w/\
2\xb3\xf9\xcb\x16\xc9\x95\xf41\xd88\xeek\x8fX\xd0\
\xd6K$\xe5\xc5\xe0\xab\x8eh\x0a\x9fZ=\xc4\x91\x87\
=\x04\x87\x7f<\xe0\xa9\xcc\xa9\xb7\xdcz/^\xfb\xcf\
\xdf\xc4\x85W\xde\x8e\xb7\xbe\xe7\x07x\xd6\x8b?\x8fK\
\xaf\xb8uv\xcc\xfd\x00J\xc2\xdbn\xbf\x0f\xafy\xcb\
\xc9\xe8\x8f\xf5b\x98m\x0c\xaa\xbb\x8f\x0d\xc2~\x16.\
nxj\x94\x8d\xbc\xc7gK\xfb\x06\xf51\x1e\xd6\x95\
\xd4{d\xf4\xa1\x5c:,h\xe8\x98J\x9c\x13\xd1\x22\
\x94\x15\xe3/\xe2)\xd1w\xf3\xbeR\xbe. \x22\xe1\
\xb3Ie\x9b\xc0k|\x99\xc3\x9a9\x09\xc6\xc6\x84\xd2\
7\xfc\x09\xff[\x0a'\x15\xff\xc9\x92.\xa3\xc2\xc7@\
\xb5\x04\xce>\xa2\xb4\x81\xbc\xe6o\x1bs\xd2\xbc\xcdK\
\x8c\x05s\xc7\xb0\xd7#gs\xeb\xef_[\xf8\xad\xa0\
E\x18x\xd7\x7f\x9d\x82\xc9\xe9f\xcbm\xaf\xea\xe1O\
\x97\xdc\x82\xa3\x9e\xfbi\xfc\xe3;\xbf\x83\xbb\x96\xae\x98\
\xbd5p?\xd2\xd4\xf4\x00\xc7\xbd\xfe+X\xb9zP\
\x06\xdb\xf2nG\x18\x91\xc5\xc6f\x08\xf4\xd1\xb6\xf9\x9d\
\xadR\xc6\x13|\x14\xc9\x037\xcaZ\xd5\xed\x8f2\xe1\
u_e\x1f\xb8\x90?\x8b\x17\xe9&e\x9b\x86u\x9b\
\xc4\xf9PP\xadC\xc5\x9d{#\x93F\x80\x0d0\xf8\
\xa8c\xfb\xb6cd\xcdH\x1d\xd2\x88\x1c<\x9e\x09\x91\
\xe1\x84\x0c\xca\xd8@\x8f\x86!{\xfd\xd9\x8cr\xf2V\
YA\xf6\xb7\xb6)\x00\xc2\xc1\xfbo3KS\xe7\xe1\
\xe1$\x10\x01\xcb\x97M\x8a>\xb5\xda\xa2\xdf\xc3\xf7N\
\xbb\x18\x87\x1e\xf5a|\xf43\xbf\xb8_\xe7\xf8\xcf\x94\
\x98\x81w\xbe\xf7\x87\xb8\xf4\xea;\x9c\x7f\xef~Z\x81\
\xd0\x05\xd2\xbc\x12\xd2\x19\xa5\xda\x08[\xc0hf\xf6\x8e\
\xa7\x8b\xd2\x8f\x1cr\x1b2\xf7\xf5\xda\x05M:\xcf\xcc\
\x13\xed\xf2\xb7\xb3\xdb\x19\xa8|\xd7\x85>t>\xba\x8f\
[\xca\xf7\xfe\x12\x91\x0c\xa8fd\x19,a\x9f\xdb\xae\
\xc4\xeb$\xb0\x80\xa1\x00[\xd6\xf4\x14\x08\xe9\x14[h\
\x7f;FG\x86O\x8a\x05\x22W\x87\xec\xf3\x81\xfb-\
\xc1\xac\xd2\xc3\x83\xff\x01\x00/\x7f\xf1\xa31\x9c\x1a\xb4\
\xc28\x07\x9e\x98\x19\xd3\xc3\x1a\x1f\xfd\xc2\x99x\xccS\
>\x843~q\xe9\x1a\x04\x07f\x99\x18\xf8\xee)\x7f\
\xc4\xd7\xbf{~\x13\x07\xaa\xb9\x98/\xffe\xfd^\xd1\
G\xe4\xcf\xcb\xcc\xa3\x06\x86\x8c\xe1P\xd2\xfa\xf2\xb7\x10\
\x0cl\xe9?\xea\x80}\xf2q)\xfd\xad\xfd\xa7\xe4\x8b\
qW)\x12l\xd6\xd5\x00\x82\xb3ZLL\xc0`z\
\x16\xe1\x89\x02r\xc4\xe2E\x02\xec4I\xc7\xeb\xb2\x8e\
\xb4\xd2K\x1e\xd0X2\x9bB)\x9e\xcb\xb1%\x90\xee\
\xdb(i]\x0a\xe6\xe4?\x93+W7\xcb\x7f\x1f\x8c\
\xf4\x17\xf4\x18\x0e>`\x9b\xe6\x02M1u*\x07\xbf\
\xeaU\xb8\xed\xae\x95x\xf9?\x9c\x8cc_v\x02.\
\xb8\xf8\xe6\x99\x94\xe4\xac\xd3\xe5W\xde\x86\x7fz\xcf\x0f\
\xd0\x1f\xef\xf9!11Y\xa5\x18\x14\xa0d\x04|D\
3%_\xdb\xbf\x8f\xa2a\xd2\x81\xcd\xe7\x04h\xcbV\
\xda\x9d!2\xc8\xd6\x94\xa1\x8d\xecN\xc5\xe4l\xb94\
\xbb9\x1c\x04\xab\x9dR\xe3.\x08H#\x9b\xb5\xa1\xb2\
\x08\x9d\x5c(\xe7\xd1\xc7\xf0'\xa8\xc6\x92\xb9[\xeb\xed\
\xea\xb6\xeb\x0a\x22\x09\xab\xcb\xd1\xc8\xb6\xda\xfc,%\xae\
\xb6q\x9c\xa9\xd5\xca\xac\xad\xb6X\x1f[l\xba\x1e\x1e\
\x94\xf4\x17\xb4\x18\xfa\xfd\x0a\x8b\x16\xcc\x85\x12x\x96L\
\x08\xe8\xf5+\x9cw\xe1\x8dx\xea\x0b>\x83\xd7\xbe\xe5\
d\x5c{\xdd]~k\xfe\x1a\xa4\xfb\x96M\xe2\xa5\xaf\
?\xa9S\xeaa\xbc\xce\x0e}\xc8\xdc0\x02\xde\xe6\x1b\
\x11L$s\xedM:\xd8\xa3s-r\x91\xbc\x9f_\
\xd6\x13Y\x19\x85\xd6;\x185g\x09G\xdc\x00(\xfb\
&\x05\x9d6\xfb%tjuL\xb7\xa6E\x05\x01S\
E>\x0a\xe9Y\x8b\xcc\x7f\x93Wm\x03iT\x14\x1f\
\x91\xe7\x1dy9\xb9I\xe3\xd7;e\x1d\xb9&3\x98\
u\xd1\xbb\xbc\x1d,\x1b\xf8\x1dr\xe3\xd5\x0a\x07\xee\xbb\
\x04\xff\xafn\xff\x9b\xb2>~\xd9\xfcC\x7f\xbc\x8f\x9f\
\xfe\xea\x0a\x1c~\xcc'\xf0\x96\x7f\xfb\x0en\xbe\xed\xde\
5\xf6\x0c\x865\xe3\xa5\xaf\xfd2nMA\xc6\x91h\
\x15\x95w\x83\x14\x05\xcel\xa2\x19\xabk.\x15\x15%\
\xe4\xc5\xa1l\xd5\x91\xd1\xee\xee\x00\x90\x18m\xda^\xb6\
<\xe2\x15\x9e\x0apve\x92\xc6\xa7 o\x83\x17\x22\
1\x93\xa6\xdc\xdb\xa6\x8e*W\x97\xa5B\xda3\x1f\x07\
\x18\x9a\x863\xc3j=\x1fkL{\xd9\x985\x892\
\x90\xa4j\xf3\xa6\x986\x08\xe4\xca&\x16-\xb9\x11\x05\
\x82\xba\x5c\xbf\xc4\x0c\x08\xab\x06\xa3\xe1l\xfas\xe0\xbe\
[\xe3\xaf>\x05\xbb\xd4fJ\x93\xab\x07X\xda\xad\xba\
\x83\x8b\xd9\xaaz\x13\x1d2\xa3\xea\x11\xbe\xfb\x93\x8bp\
\xe8\x93?\x84\x7f~\xd7\xf7p\xc3M\xf7\xcc\x12D\xc6\
\x1b\xff\xe5[\xf8\xe3\xc57\xdb\xd8\xe3\x0c\xfdAf\xca\
\xb4U\xbb\xfbO\xf6+\xed\xb9\xfb\x5ch\xa0\xf4^\xba\
\x18Y\xe5\x95.\xc6\xd1\xad8\x83E\x22R]\x81'\
u\xb5\x0d\xd8\xe9\xfe\x94h\x99;\x0b\x9b\xf3)F\x90\
K\x804\xb4\xddf \xaf\x9b=CZ4\xf9\x05\xbe\
\xf9\xab\xb7\x18F\xedN\xb2\x96\x00)SK\x9ay\xbe\
\x0e\x04uD\xe1a\x8f\xaa&\x8b\x0fR\xea\xe5\xa0\xb6\
\x8e\xfc<\xbdj\x0a\x8f9d{\xfc\xf5\xa6\xd4\xc7\xc8\
\x94\x1c\x9d\xae\xbe\xe6.pt\xf2\xae\xfa]\xae\xab\xd7\
\xef\xe3;?\xf93\x1e\xfd\x94\x0f\xe3\xef\xde|2\xce\
;\xff:{\x03w\x07\xe1\xf57,\xc53_\xfc9\
\xfc\xe8\xe7\x97\x80\xaa\xca\x10\x7f\x81\x19\x03\x1bP\xa9&\
\xca\xf9\x9a\xa3\xba\xb5UZ\x8eXY\x9a\xb4\xa6Hb\
\xffD\xa9v})\x87\x06\xa1\x16\x02b\x9a\x9b\xfdE\
\xb5Z\xc5\x8a\x1a\xdc!:\xbe\x0f\xd6\xba\xf6T\xacU\
l_\xca\x1f=0\xe6\xb2\x10c\x5c\xa7\xea9u\xd8\
0i\x06O\xca\xd4,;\xf5\x00\xe7\xe1\xd3\xd2?0\
\xf3TtWB\x9b,\x90x\xbf\x80\xbd\xa9\xbd+\xd7\
\xdd\xa1\x1e \xb4;s\xc0\x94kbc\xd8y\x87M\
fu\x91\xc5_.\xad\x9dk\xc2\x0c\x9cw\xfe\xb5\x98\
;w\x0ejuP\x83\xc8 \x03^\x8a|Z\x8aj\
\x85G\x7f\xac\x87\x9f\xfe\xear\xfc\xf8\xe7\x97`\xeb-\
\x17\xe1\xc9\x87\xef\x8a}\xf6\xda\x0a\x1bn\xb0\x0e.\xbf\
\xe26\xfc\xecW\x97\xe1G\xa7_\x8cj\xbc\xdf\xd1\x9b\
Z\xd1Aq\xfd\x01\xd4\xcd\xf8\xa7\x8b3\x18\xdd\xf8u\
\xac\xd0\xdd\x9e\x13\xc5\x8f\x9a\xdf\x91\xf2R\x02\x85\x01}\
\xfe\xbf\x8dH\xb2\x8fS\x90\xa8\xc2\xc0\xac\x9d\x88|\xb1\
\x0e[<\xc8\xca,>\xa8\xeb}\xeb\xbe\xb4\xfd )\
`\xfc\xddC \xa0O\x0e\x0c\xd9u/\x18lT3\
\xc5<\xacq\x1f\xebM\xe3\xa3\x05g\xb1e\x81T\xd2\
\x02$\xf0\xc1\x90\xf0\xc7\xc2L\xf7\xaeS\x0c\xed@\x12\
\xcb\x17\xa5\xc4\x8e\x10{\x15a\xff\xbd\xb7\xc2\xff\x8b\x89\
\xc0\xf8\xf3\xc57\xb5\xcc\x1fE>\xbc@\xd4\x82Y\x97\
a0zc=\xdcp\xcb}\xf8\xccI\xbf\xc5\xf4\x09\
\xbf\xc6p0\xc4\xf8\xc48@\x8cj\xbc\x1f\xa0\xdf\x0a\
|\xadz\xda\xe1\x83]\xe8C\xf2$({*\x94\xba\
0#\xf2\xb5\x0b{V\xa4\x1b\x84\xa6MI\xcf\x99q\
\x932$\xc5\xb7\xf2\xb4\x1e\x19\x9c\xd3Q\xb6\xcc\xf0\xd9\
\xc0\xea|\x1bd\xc6\x0f\xe8\x94\xb5\x05\xdf\xfc\xa2\x96/\
9?\x8b\x11I\xa9\xca\xfc\x14\xae\xd6\x17\x7f\xa5i\x14\
\x09\x06\xdd8\x9brZhY)f\x00\x0f\x06'\xcf\
\x08\xf8Nh\xa1\x93\xda\xb3\xe6\x92\x98\x86d):B\
\xd1\xdc`C\x1e\xffe\x9a\x9e\x9a\x1a\xe0\xd0\x03\xb7\x0b\
\xac\x8a\xb5L\x0f\xc5\xd2\xba\xd9\x82\x02\xc2\xd9\xe7]\x1b\
|\x91\xaaLR\xf8\xe8\xda\x92\xc9\xd4\xdc\xfe\xcb\xe8\xf5\
\xaa\x86\xf9\xd3g$B\x95\xda\xce\xfa\xbc9_'\xe8\
\x95\xf0\x8e\xd4\xae\xfe\xa9\xb5jLK\xea\x97\xe8'\x8b\
3\xf7\x92\xc6uFzw\x8c\x1dC\xc6\xa6:J\xa4\
\xdcS\x8bS\x07U\xd7\x95\xc6\x0a\xea\xea\xeb\x0eA\xd1\
\x22(\xdb\x10\xb6v\x12\xfcm\xf0\xc4\x9cn\x06*\xdf\
\x93\x07\xd1\x94\x5c\xe9\xa7\x19\x5c\xa3N\xa3?\x9bO\xd6\
\x8b\xf7\x03 \x07\xbe\x95L6\xea/\xb5w\xe8\xd9\xe4\
\xcb\x90\xe3\x81M\xf9\x85\x86\x08\xdd\x0a!\x95\xadSG\
\x00\xd7\x8c\x83\x0f\x98\xe5\x0a\xc0\xd9\xa4\xbf\xa2\x99\x84\xab\
\xaf\xbb\x137\xder\xaf\xc0\x834\x85\x09n\x9e/\x5c\
1J\x85\xbf\x92\xb1\x12\xf7\xb3`\x10\xd1f\x22t\xa3\
,\xfc\x16/\xc9\xec\xc6\x85\xeb\xc69\xa2l\x03\x17L\
\x0c@\xb8:]\xec\xa0\xd5\xf0V\xc5tB\xae\x85W\
\xc9\xc8D\xfbl\xe95\xe3&\x095\x8a\xf0\xc5\xc2*\
\xe8\x82z\x10pi\xec\xc0`\xc8G\xf42OV\xb9\
\xd6\xd2\xc6\x1f\x89\x1e\xfd]Z\x0e\x9a\x85\xb5/\x95\x82\
0\xa4r\x88\x9a(j\xb1!\x8c\xee|\xf5\x0e\xc9\xb9\
N\xbd\x0e\xc2\x8b\xa4\xf8W\x22\x8c\xf6\x8d;\x06L\x86\
j\xb2\xa44\xf8\xc7>{l\xa1/\xb4\xf8\xebQ\xe0\
\x06\x85\xbc\xc6\xa0\xfd\xe4\xb4\x0b1>g\x5c\xe0+\xff\
Pk8:\xffO[Z2\xea\x03G\x1d\xe9O \
 \xd4\x80\x0a\xbfR\x94\xf7\x17\xd2jkQ\x9d\x89/\
\x7fC\xda\xa1\x81\x95\x10<J\x81\xd1QV\x8a-\xc8\
Z\xbc\xb1\x91\xc5C\x9b_\xeak\x1d\xa3\xca\xb9\x95\x1d\
\xc0Y\x8d\xa9\xda\x93\x8ba\xdd\x17\xe5\xdbf\xd7D*\
U\xb5\x12\xb0\x85\xab\xb2\xc36J\x0fEBA:\x06\
\x90\xcfT.\xe7\x90\x90\xb8\xca.\xb9M\xd1Ea\xc2\
\xd9\xd8CxD\xb2Xfl=\x0d+\x89\xa1\xe8Y\
\xbb\x22\xd2\xa5\xb0\x83w\xe0>K\xf4yJ\x7f=\x0a\
\x5c\xe3\x99\xd6\xccIa\x00?8\xedB\x84+\x00\xad\
\x86\xb2\xc1\xa8\x91\xa8\xf0\xfe\xb6{\xaf\xd6\xef\xb7\xcf\xdd\
\x09\xbdQT)\xd7\xd3m\xef\x17BB\xb6\x14S\xb7\
lO\xf8\xed\x0a\x062\x0cl\xddU\x04x\x10\x13\xe2\
.>b\xe1OP\xfb\xd8\x97\x0di7\xd5\x0b\xfa\x17\
mrpf\x80\xceC\x9e)\xb9\xb5\x00\x82\xb0N$\
\xb7\xd5{/{\xf57\xabv\xf4f\xc8\x04\x90\x1dK\
C$f9cx\xbc\x18\xcb\xba\x92\xa9%'Vr\
L@\xa370E\x15\xdal\xcf\xf2\x9c\xef\xf4\xf4\x00\
\x07\x1f\xb0Mx\xa3\xd8\xda\xa4\xb5*:\xdbBkX\
\xf9UW\xdf\x81\x8b\xaf\xbcMa\xc2\xe3\xc6\xfa\xdd\xe9\
\x9d\xfd\x87\xc2w\x0e\xc4E\xb2$\x84e&\x9f\x1d=\
i\xe6\x95\xc7w\x95N|\xc8V]\xf36\x8c\x22\xd9\
\x03_\xe5\xa9\xc3\x02\xce\x10~UW\xca\x1b\xe5I\xbf\
\xa5B\xf3\xf6\xb7\x9cdo\xaa\x91\xfc \xf2\xaau\xff\
\x94/\xe0\x15w\x0f\xe6\xf5\x01-\x1e\xda>\xa9\xcbA\
-\x1bP\xe1w\xdbL\xe8M\x95<|\x1f21\x12\
\xd2I\xc9H\x03\x01\xbe\xf32Oi\x05@:\xac\xc1\
HI\xf69u;V\xa26+\x03\xeb!c\x9f=\
\xb7*\x83\xb5\x86\xe9A5\x1e\xd6\xb0\xf2\x13\xbfvv\
\x17\xa0\x8b\x82U(\xbe\x13\x04MQ>]\xa3\x9e\xac\
\x0d\x18\xa40\x03\xc1\xae\xbc\xb1\x1a\xd5\x9bHy\x8c\xb2\
T\xd8S\x90\xda\xd3\x9f\xdf7S\x8e\x91t5\xd6\x03\
\xe0\xf0\xe1M\xfb\xb6m\xd2N\x0a\x85\xb0FV\x92i\
9M\x05vwX\xca\x1ed\xf8\x9b\x18@\xe7\xcf\xc4\
\x8bz\xa2\xee\x114\xaaF\xe5\x95\x1e\x9b7g\x84\x19\
IV\x92\x99\x98\x90\xf2\xcdE\x15,#\x9f\x9e\xed\xe5\
\xef\x0e\x01d\x05RD\xc8\x12Y\xbaS\xdb.\xd9\x10\
ccU\xf9:\xeb\x87\x22\x1e\xb0\xa6v\xfd,\xd2\xca\
U\xd3\xf8\xce\x0f\xff\xac.\xad5v\x1d\xbc\x10\x17\xda\
\x13\x9d\x1cF(\x18B`\xe4\xe1\x1b\x85N\x89\xeb\x85\
\xa5\xfd\xa0\x05\x87\xd4\xcc\xb9M\x0e\xe9\xc6[\x92y\xc4\
\xb5f\xd6\xe7c\x90\xaa\x8fD?C\x14\x17\xba\x1c\x1f\
\xe9M\xcd\x92\xe3Q\x89\x83\x9f\x02\x86\x1cJ\xb3\xd3\x8c\
\xb2\xdfr\xcc\x82Y\x80\xb2\xd9\x17W\x11u\xdeY\x0e\
]\x15\xd24i|+\xe5\xca\x95\xfa\x1f\x99\x02mG\
\xb3d\xf3\x85\xc9\x10^\xa7\xf0\xbb\xd8\x817\xbb\xaco\
\x19!e\xd1\xc29\xa3\xef\xb2\xffK\xc6\x03\x22\x1c\xce\
\x02\x1ef\xe0\x84\xaf\x9e\x8d\xd5\xc3(Pf\xf1\x14\x09\
\xdcR\x0ci\xf6Q\xa5bY\xb3\xd6\xdd\xcd\x97G~\
y\xf8\xa5-\xab\x14\x0a\xb9|\xea/i!\x13i\xfe\
\x8e\xd9\xa20\xc5\xacS\x13\xf3\x8a\xf9\xd0\xdb\xd9\xa4`\
3\x0b\xe8HF\xfd\xfd\x18e\xeb[\xcc\x02\xc4\xbcg\
|\x90\x00EQ,\xc0\xe6g\x19\xc5O~\x91\xbc\xea\
\x98m\x04^\xb4D\xfe=u\xfe\xa1F\x8a\x87\xd5\xee\
\x80\xe6l1\xa8\x83\x16\x22\xa8\x83@a\xfb\xea\xe2+\
o\xc7\xca\xc9\xe9\x99F\xf4/\x93\xa2\xf1\x9eEZ\xb5\
j\x0a\x9f=\xf1\xd7\xa2\x5c\x871\xe4x\x09\x15\x88:\
\xfb\xac^\xb7YG1\xe5\x97\xf5J\xc09xf\xfd\
*l^\xae\xcb/\x11\xbf\xd6\xeaq}9\xde\x93c\
\x02\xc6\x96,**\xd2\xf5\xcebmG\xb6,\xd0\xf9\
\xe5\x19gIQ\x06xK\xf5\x1baf\xef\xca\xe4\x10\
\xff\xf9\xbb:\x130\xf2K\xec\xf0\x94d\x93Eui\
\x8e\xbe\xfb\xcb\xa5\xfa#\xa4\x0a\xabA\x0cJ\xd4\xaa\x9d\
I\xd0~O\xd6\x031\x91\x14\xb8\x87t\x13\x83\x9a\xf1\
\xde\x0f\x9e\xfa\xd0\x98\xfa\xf7'\xad\x81\x06\xfa\xc0\xc7O\
\xc7\x8a\xc9\x81\xf35\x95f1A-=\xcd\x14-\xa9\
\x0e\xac\xa9\xf4\xec\x5c\xf2Q\xc28z%\x03u\xe9\x8d\
\xbeg/+\x04\x1b\xac4}\x82\xa7\xc4\x5c\x8f(W\
\xb0\xfa\xfc\xd5t\x11m\x011\xb7$k\xc6\xd8.\x12\
\xf1j\xc5\xacu\xa3e~o\x93K|\xf8\x98\x0e\xe5\
\xbb\x01\xb5g0\xcac\x8b\xa9^zi\xe4\xf2y\x11\
\xe0:\xe9\x10\xd3\xbeW\xf1\x97\xac5:\x18]\x11\x19\
>\x09\xb4\x8aiSY\x1e]\xbd\xc6\x1e\x91\x92\xbc\x05\
\xe9\xcb\xdf:\x17\xdf\xf8\xeeyx\xb8'\x06p\xf6\xef\
\xaf\xc6\x89\xdf8\x07r;tH\xbcn\xbc\xc47[\
\x8a\xb2>\xf6\xce\x01\x89\xf9\xfa\xd9\xd8\xcd\x962\xa3\x1b\
t\xe4\xc8i1\xa0\x97\x0e\xf9 ]b?\x19?\x90\
\x9a9[\xaeY3{' \xe1\x88\x0c,\xb2\x1b\xf6\
\xe4I\xbd\x7f6\xf7U*\xb92n\xd4W\xd6\xd6\x97\
\xbf\x19H\xab\xc1\xd4\x9f\xcaVm\xe56\x85\x95\x88\x81\
\x14H\x0eP\xa6~\xb9'6r\xdf\x9e\xe1\xd7m\x00\
j\x91\xdf\xad\xdc\x932W\x98]\x94m\x0f\xa9\xa3\x94\
\xbf\xef\xac+-\xa9\x09\xe8NwQo\x0d]\x8e\x8d\
\xf5\xf1\xde\x8f\x9c\xf6\xd7\xb4\x82w\xd6I\xc2\xfc\xf33\
/\xc5\x8b_\xf7UT\xbd\xbe\xc6\xbdBT\x87lX\
R\xd2\x17\xb2\x08\x93U\x0c\xb2]\xbb\x97\xd5\x84\xf0\xb3\
i4\xa5\x05\x91%df$\x03\x93.\xd1\xfc\xb6V\
\x9fud\xb3\xe2\xc8\xcaP\x9e\xa8\xaf\xf3\x96-Vo\
\xd5v4\xce\x99.\xb3\xc8\xa1 \xb7\xec^\xe4R\xf9\
\xfeA`B\xf7Wf$X\xff\xa5/\xab\xb5\xcc\x1d\
\xacCrH\xd3\xba]^\xd5-\x91\x88\xb0\xab\xb2\x0d\
F\x8a\x82J\xd3\xceF\x19\x92\xa6\x16~\x8e\x98\xea\x90\
\xf3\x18J )\xc2e\xe8n\xb1\xff\xc9\xa9\xbc %\
W\x86\xb1\xe9\xe2\x0d\x10\x13\xeb\x83\x97\xd6\xb85Y\x80\
\x81O\x7f\xe1\xe7\xf8\xf4I\xbf\xc3N\xdb?\x02K\x97\
.\xc3\xe5W\xdf\x89\xb1\xf1>4\xd3s\x5c84\xe7\
\xd3/\x11\x83\x11.v\xa2\x0a\x0a\x00\xea\x18\x80s\xae\
.\xb8%\xd7\x80\x04\xbb\xf8\x94\x08\x22\x12wE\x9a\x15\
o\xc6-Qs\x01l\xe9R[,9\x12 p \
\xc3X\x0a\xd1^;S@\x8f\xf2\xba\x0e+J\xc3\xb1\
\x0b\xe9?\xca\xae\xc5\x9e\xdc\xfd\xca\x9cy\xb1\xe9B.\
\xdc\x09\x00\xe9\xf9X\xafI\xb6*\x0d\xec(Y2J\
\xf5\xda]\xcf\x1a\xe8\x92\xfc\xb6b#\x0b\x86\xbcPR\
/\x0e\xf5\xa7\xbcR\xa1>\x0d\xb54\x1c;\x9d\xd5\xed\
\x16\x84\xfa\x02\x10\xa8\x02\xf6\xde}\x0b<\xd4i\x8dE\
\x8dq7\xcf\xbf\xe8\x16,_9\x85s\xff|#\x00\
`l\xbc\x0f5E\xaa\x0a\x96\xfcr}\xe1\x9b\x1d\xf5\
\x91D\xed\x80\x93\xcec\xfb\x8eM\x9d.\xe0\xdb\xc2\x90\
\x14\x9a\x98\xaa\xf3\xfd\xf0\xb0H\xeb1:\xe7\x89\x82\xdf\
\x0c\xe4\x9d~\xb04\xec\xfb\x9a\x95_d\xe6\xcb\xda-\
\xbd\xc3\xbf\xb3\xd5\x87\xb1\x90\xa8\x8fZ\xf8H\x15\x99\xde\
\x98\xeb\xc1\xa3=\x81\xf9\x8bF^\x94\x22\xa3_\x03R\
6h\xa2\xbaJf\xa1\x90n\xf0\x1e\xbf$^\xe9\xd7\
A\xfd\xd6\xe2H\x1a\x7f\x9d(\xe1r$\x83\x00l\xb2\
\xf1\x02\xac\x05K\xfeE\xd3\xf2\x95S\xa8(1\xaf\xf4\
t\x85v\x91\xda\xdc\xf5>\x0ani\xc1 \xdf\xc5.\
cdah\xffYZ\x94\xb1 \x22(s;p\xe7\
\xba\xdcj\x1d\x81p\x17\xa8D\xc5:\xa6\xd0A\xc2\x82\
\xae\xc8\xd2\x97\xef\xb5dB\xab\xfcr\xe9H\xb8)\x07\
\x16yek\xb0\x9aV\x99\xad\x96\xeee=\xf1\x229\
%\x00\xf4p\xe8\xec%\x8f,Fa0\x08\x11\xa2\xc9\
\xd6\x1e\xb1\x1b\xabyW/\xaf[\xa8I\xe6\x88,\x0b\
\xdb\xfd\xa8G\xe4>\xc5f^\xb3=t\xceD\xbfH\
D\x7f\xadi\xe5\xaai\x14\xd7\xd5K\xd7\xaa}\x1fY\
k\xf2\x0d\x9b:\xf2\xd2\xebX\xec\xfa\x15y\x82p;\
\xcd\x1fA\x101\x8a\xf8\xcdThQv\xcb\xe4\xc9\xc1\
'\xf1\xd6\xb2X\xbewR\xd2\x1a\x09X\xbdS\xe2m\
\xdd\xb5Q\x13\x9e\xd5\xfd\xdd~\x8a\x9e\xc5t\xfbl\xdb\
\xab\xdc\x8e\xd8N7x\xe9\xe6\x9f\xac\x8eV\x1e}\x98\
?\xcb\x22\x0a\xee\xed\xb0\xe4\xd6\xcaHq\x91c$\x8e\
\x1aW\x89Q\x86.:\xdf\x903\xedXH\xc3\xbb\xd9\
tp\x86*`rr\x00{4\xf3_{\xdat\xa3\
\x05\xa8\xeb\xda0o\xfb\xc4R\xfbY\x8d\xaf\x197\xb3\
\xba\x10\x1e\x82\xed\xd3\xb2\xe9\x9c+\xa2\x884\x00\x12\xb7\
I \xd81\xf6\x22E\x0b\x87X\x9b\xea\xde\x94\xb6\xbc\
IL\xc4\xdf:\xba\xeb\xe2\x119\xb7\xd5\xf4\x92\x8a\x95\
\xe0!+\xdc\xa2\xfe\xc5\xae\x13\xcbEB\xaa\x1a\xebp\
K\x11\xc4A;\xba\xf6\x8a4]\xb7\x7fc4\xf9w\
v\xff\x80\xdc\xd6(\xc1\xd1\xe8UG)\xa6\x80\x8f\x09\
\xa7{\xb9O\xc2d\xe0\x00\x8aX\xe0\xc4n\x89\xe4\xfc\
H\xa8\x8c\xb6o\xd0\xfa\x9d\x89\x91\x1eN\xe9=\xefx\
\x1a\xb6\xd8d]\xa3\x9b\xa4;\x15\x9b\xf86\x8a\xef\x1c\
\xc2h\xee;\xd4\xca&\x8f\x8d\xfe\xb7\x8b\xc3\xfc\x09\xd3\
\x16.\xe3.\xc8e\xe4\xc1\xe21]\xca\x0b\xa1\x0c\xfd\
(a \xfb\xe4\xaa\x80\xa6\xda\xc0\x22\x10\x7f,\xcdQ\
X^|\x97k\x01\xd8\xd2zv\x84\x9d\x88S?\x0c\
\x16)p\x01F\xef\x1e\xd7\xe1\x8c\xd1\xd7\x12\x95\xbb\xa9\
\x11*\x88B]\xd5\x1c\x05G\xa4r\x96\xc4\x94\xf3x\
\x97\xc2\x86t\x22+!tP\x9cE\x9a\x85\x16\x00\xa2\
\xe6\xe2\x8c\x19\xd2_\x9b\x80Xo\xdd\xb9\xf8\xd6\x09/\
\xc7\x16\x9b\xac\x8b*\xc5\xdb\x8c\xc7\xd8A.\x18\x89\xf4\
\x7f`\x99\x9a\xc5\xff2\xae\x22\xa1a\xf2D\xe7\x0b\xc4\
\xac7\xa2\xeel \xb3\x00-\xa4 \xb2\x9esl\x15\
t\x94#]K\x92\x82\x90tf\x18\xa1E\x11\xfdG\
\xcaH\xfe\xca+P\xc2\x95\xb1d\xeb\x89\xeco\xe3\x96\
pn1\xba\xdb\xa2\x8a\xd8\xc1\xa3C6\x12\xcaq\xd3\
\x15\x81iU\x9f70s\xc9\xe4\xa8\xb1\xc0\xbcl\xad\
%\x8ch\xff\xbfCTd\x0e\x96\x98\xd5\xfb\x8c\x8a\xe8\
Y2A\xb6\x1c\x08\x8c\x89\xb1\xfe\x8c\xce\xdd_\xa3\x83\
\xb0\xc1\xa2\xf98\xf9\x0b/\xc3\xe2\x0d\x17(\x12u\xbe\
\xa5b$9\x82\xa4\x9e\xa4)l\x8d\xf2\x08\x17v\xeb\
+\xa7\xf1n\x89\xb5d\xb8\xfaC_\xc5w\x96!2\
r4\xda\xc1S\xe2)\xc3\xd89?e+\x85\xa3\xfc\
\xba\xa4\xe6\xd1\x88\xcdS\xfd\xc9\xad%\xf5N\xe3h\xb6\
\xd4#\x95\x1c\xab\x9a\xb4;\xef\xc7\xa4\x1a\xcd\xf0\xf1\x97\
\x92\xce$\x93\x83\xc3\xa0\x0e\x9ay[\xff6?2\xc5\
\x00\x11:\x8b!+\x8eL\x82J\xeaQ\xfai|G\
u\xf9\x89\x01\x5c\xb9\x17\xa3LU`0d,\x5co\
\xde_%\x83\xcf&m\xb4\xc1||\xfds/\xc1z\
\x0b\xd2\xd6_\x7f\xbc\xb54\x1b3\x93\xc9o\xe5\xa4\x03\
~\xd1\xca9\xf1U1\x8b8\xb7O)\x82\xf4\x0d\xd0\
m\x07\x14L\x92\x8d\xa9\xab'Z\x9enmNV\xfd\
\x96\xb1\x11\x0d\x81lLZ\x0a\xda\xe61\xad\x11\x0c+\
2\xf4\xb2vi\x8f\x05\x92\xaa\x18o\xd24\xeb]\xee\
\xf2f\xbf\xca\xb6\xe1\x9fX\xf3f\x921\x14W\xa8\x01\
\x12\x80\x95\x02 \x14\xbdM~\x1d\xab\x01\xcc}\xb4\x01\
\xa1$\xfd%\xa0\x92\xc8\xa4\xaf*\xad\x8d\x8c\xb4\xe6\xf3\
\x88p\x89\x19\x8f\xa9U\xd3\xd8y\xa7M\xf1pN\x9b\
.^\x0f'}\xea\xc5\x98\x88\xee\xe0\x0b\xe2 Y3\
g\xcb\x8c\x0c\xe3\x05?\xdbg\xab\xd1\x02\x15\xa2V\x04\
\x92\xc9R\xd2\x88\x89>\xb5\xc1\xaf\xa0\xee\x04\x0c\xfb\xf6\
\x94\xce-\xed\x16\x14Sh\xca/\x10\xab[\x84w\xa8\
q \xfe\xcb\x16\xab\x9a-\x8b\xb7\x15\x90\xcc#r\xb8\
\x9b\x90\xac\xffOQE*U(&!\x81\x95\x9b\x96\
\x8e\xe3\x9aY\x03H Y\xee\xab\xb6g\xfcEA\x1b\
e\x91\x8b\x07C\x14\x91d\xee~\xdb\xb3\xfc:$\x98\
\x00Rw\xecTFh)\x98\x98\x8a\xef\xbf\xcfV\xd8\
e\x87G\xe0a\x9d\x08\xd8q\xfbG\xe0s\xff\xfd\x1c\
\x80k\xe3yz\x03^\x92`\xfeoYHfWL\
\xd6jY\xc4X\x13i\xac\xe5<\xbb\xda\x03\x22\x83~\
m\x1d\x8a4\x9a \x19\xc5\x00A\x0a\x92|a\x08\xa0\
\x04I\xb7\x941` \x05\xae=\x91@(+2t\
F\x1e\x92\xc0i\x8e\x07\x89[\xbc\xd8\xa3\xc9\xa4l3\
\xa2E\xc7WJ\x0e\x80\xb8\x19\xa8$\x5cc?\xc6f\
\x93~\x9b2\xbe\xba\xc5\x13\x12\x97\x1c\xb6\x93\x06\x81\x8c\
&\x10\x8c'\x223\xa5\x95\xd4*\x18\x22\x1a\xf5RU\
\x0eR\xdb\x8e\x88dG\xa6f\x0a4\x0f\xa6\x87x\xd5\
\x8b\x0f\xfek:\xc8\xf7~\xa5\x03\xf7\xdb\x16\xef\x7f\xc7\
\xd30\x98\x1e\x8a\xbe\xb78\xe9\xba\xaf\xbd\xeah\x0d\x9d\
)\x11\x04\x8b\xa2e\xba\xa2\x94\xd9t\xe5\x941\x0b+\
/\x11}\xe7\xeai\x8d\x9b\xb3\x99\xe8\x04\xe5\xca\xdd\xfe\
\x00kq\x04\xf0'\x05\x16\xbb\xc0\x89\x86t_\xa2\xd8\
\x83\x02R\x09\xd2\x11N\xb9B\x8f\x8d\x94\xe4\xf2\xda\xc1\
\xca\xd5i\xcelR>\x0f@\x98\xc4\xa5\x81\xa5\xe0M\
r\x07\x92\xe1\xe5\x8f#\x96\x8d\xaauX1V\xba\xfb\
\x09S\x15&\x94\xe3\xa4aF\x22\xab\xfc\xed\x91H\xdd\
\xf4\x10\x8d\xc4m\xf3^\xba\x07\x12>\xca0\x11\xb0\xc9\
\x86\xeb\xe0\x88\xc7\xec<\xa2\xa2\x87Y\x22\xe0\xe9G\xed\
\x89\xd7\xbc\xf8 \xd4\xb5?\xe59\xff`\xf5/2X\
\x95\xb7\x99b6\x1d>g2I\xa5\x22\x22\xc39\xde\
\x8dl\xe0J\x1a_\x98\xc5i\xae\x9e\xd2\xe5\xae\xc9\xa2\
\x00\xfci\xbb\xe2[\x07S\x01\xce4\x17O\x9a\xae\xb5\
\x15\xea\xb17\xb3\xa2\xb0mJ\xcb!Vs$\xf1\xd4\
\xfe\x95!P\xb7\xcaP)YtL\xeb\xa6\x01\xadY\
cA\xd2\x8d\xb6\x12\x99\xd5^0\xf8V\xb3\x80q\xb5\
\xbb\xe0\x09!\x9f\x83N\xceg\xcf\xfd\xb0&O;(\
lz!7\x18\xa5\xc5\xe3\x89\xb0:\x02K\xc4ja\
3=j\x1f\x9fq\xd4\x9e3\x8d\xe8\xc32\xfd\xe3\xeb\
\x9e\x80#\x0e\xde6\xfb\xc2\xb0\xe1\xa3\x92\x1f^ `\
E@\x81\x9b\xe7\xca\xb7e\xec]\x86\xd2\x9a\x96\xac+\
}_\x82\x98\xa2\x17u\xa5gA?\xcd\x8d\xb9BY\
\x09wV;A\xa9\x0ev\x06K\x14h\xd3\xe6\x7fN\
\xcc%\x9c\xe5\x9f6\x8b\xa6s\xe9\xa6P.`\x84\x80\
?C0\xb6S:\xa1\xcc\xed\xcd@\x11P:\xbcV\
\xfe\xea\x02\x0f\x0e\x14\xf9=8\x0e\x91}\xdd\xda\xbf4\
f\xba*\xa8;\xac\x07\xc5\xcac)i\x0cqZa\
\xa0*\xd4\xf1\x87\xa9U\xd38\xfa\xc9\xbb\xe3\xe1\x97x\
\xc6\x1cD\x84\x8f\xbc\xef\xd9\xd8b\x93uE\x99(\xd0\
\xe4G\xab\xcbT\xba$\xc41\x81v\x05\xd4hF'\
H\xa9\x95\x9e\xed\xe2\x5c\xe9\x06\xb0\x94\xed\xd9:\x95t\
\xd4\xa9\x02\x96\xbd\xc8\xb6+H\xba\xaar\x1b\xb3\xb0F\
(\x7fs\xf4hO\xb5\x16\xd0\xc6\xe3!\xe8\xd7XX\
1\xafI<\xa8\x00@g\xfd\xfa\xd9~V\xb5\xd8\x09\
Au&\xa0\xdd\xaa!/k\x9c\x89|\xb4\x18\x10\xbe\
\x9a\x0c\x86\x14l\xa1\xc21\xfd\x1aQ$k\xf5\xdaH\
\x89\x02\xcay\xbc\xce\xb2\xbe\xbf\xd5\x5c\xed_\xb6\xf9\x9b\
\x9fK\xb6X\x1f\xdbm\xb3\x11\x1e~iv\xee\xca\xdc\
9c8\xfe#\xcfC\xaf\x82\xc6\x13\xc7\xf5\xe8\xab\xb6\
\x84\x95\xd5\xe5\x8d\x847\xcc;\xb9\xac\x18\x8eq\x9b,\
\xa4\xca\xe9\x19\x9f\xcc\x8c\x99\xee\xac\x1a\xd2\x91*\xa8/\
\x11\x88\x14\x93J\xc1=\xec@L\x12\xa6\xa5w\xbd\xd4\
\xde\xd2\xad\xee\x93\xd5\xe8,\xb2d\xf7\xb6yiU_\
\xe7\xe9\xc0\xc4\xafH;jVlU\xa2y1\x18\xfe\
T\x1f\xb7xC\x01\xa0\xe4\xa8\xaa\xb1\x91\xb6\xda\xafw\
\xba\x9bu+at\x80\xdbV;\xfc\xe9UYjG\
[\x18u\xe1\xf0\xa7\x1e\x08\x8e3\x08a\xfb\xb8\x83\xb6\
\xc5\xc3m\xfd\xff\x9a\xa6%[m\x88w\xfe\xc3\x131\
\x98\x1e\x08a\xca\xe6\x9f@N\x97Z\x0dd\xcf\xc6\x83\
\xc5\xa8!|S\xaf\x0f`\xa5\x13\x84,\x19g\xebD\
\xd3]r\x1d\xad\xf5\x1a\x85 \xe5>\x85\xc6\x5c\x17\x0e\
\x80p\x01\x0a\xcaKX\x17\xcc\xa2\xdd\xce\xd4\xf0\xa2-\
\xffj\xc5R\xc7\x18Z]Q\xf0N~\xf3\xf6\xb0q\
_D\x93\xa1mB\x22\x08H\xa6\xaa<\x10\x05ig\
\x10.\xcf\xce7C1R\xd7\x02\xc5\xd9O\x83,!\
\x0a\xd5m\xab\xb9%+\xb4F\xa3L\x0e\xe0\xec\xec\x9b\
\xe1\xb0\xc6c\x0f\xd9\xe1\xaf?\xf67\xb3\xb5?c:\
\xf6\x98\xfd\xf0\xd8\xfd\xb7\xf5\xc2T\x9d\x93\x1f\x04\xa7 \
T\x82,\xe6\x00\x8cb\x0a\x14|\x07\xec>\x11\xd5\x92\
\x945\xeaF(i\xbdJ\xdb\xd6\xd2\xb0UG\x82\x92\
\xed\xac\x849\x97 4\xab\x93\xc6\xe5,r\xbcZ\xd1\
\xd7\x93H\x15\xeas$\x97 \xe13\xe2AS\x0fY\
\xdb7>\xa1\xb3\xbd\x19h\x84)\xad\xdeD\x8c\xa2\xfd\
\x1ci\x05p\xf7V\x0effT\x0f~\xa0#\x94\x22\
\x91\x12=\x12W\xa9\xa3\x96;\xa3p\x88\xefeI<\
\xa5A%\x02\xfa`\x1c\xb8\xff\xb6\x0f\x04\x7f=\xb8\xe9\
\x01\x10P\x04\xe0\xfd\xef~:\xc6\xc7*\xef\x0a\x14\xeb\
\x97\xdag\xb6\x82\xb5\xc4\xdc\xb6\x0ey\x00\x8c\xf1\x83\x85\
\xef\xdf\xa9*\xb1\x06!-\x12\xcb\xa5\xa9\x08\x8d~\x0a\
\xf2u\xeb\x13\xf4*\xbblAX\xb8IPm\xac\x84\
t\xeb\xbe\xbcfQ\xbbGE\xc2\x99b&\xb3\xb5\xd8\
\xb89\x14T\x86\xdd\xbc( \xcd\x8d#P\x96re\
[@_\x08\xea;\x0a\x91;\xa8\xcf\x99?\xfab\x88\
f\xa05,\x91\x11/O\x0f\xca\x85\xac\x9f\x1a\x0cx\
\xea7\x03\x5c\x03\xfb\xec\xb9%\xc6\xc3Us\xff\x0f&\
\x026Z\x7f\x01\xde\xf6\xc6#1\x18\xd4\xfa\x9b\xb2\x0a\
$\xee\x22[.\xc5o\xe4\x9b\x02\xbe\xbb\xef\xfe\x9b\xd4\
\x92\xe59n\xafGsaVt\x99\x15TnJ\x97\
\x0d\x8cv\xb5\x15\xd8\xb4\x01MIv\x06IsX\xd4\
o\x7f3WW\xa6sC\x84\xfaSR\xc0\xbb\xbb\xa3\
c\x0e\xb9\xfd*\xbe\x8c\x80D5l\x06\x5c\x8a\x0co\
\xc8g\xb9\xe8O%U\xad\x98\x0b\x17\x12\xa0\x1a\xf0\xec\
\xd9\xc8\xb2\xd9\xd4!\xe4U_\xda\xcc\xcb=\xb0\xc6\x14\
\x9b}\x04\x91p\xca\x8f\xa9\xf5\xaaG8`\xef%\xa3\
/\x04yP\xd2_\xd0\xde \xe0\xb9\xc7\xec\x8b}w\
\xdb\xd4(\x81\xac]c\x067\x90\xb3\xd6\xb9\x8a\xb8a\
\xeb\x8d\xac2{\x12\x8e\xb1\x17\xcd\x8eB2\x00\xe5\x13\
\x88%\xec\xcd\xef\xccL1\xde\x95HcK\xd5\x14\xf0\
2\xe9:%\xd3v\x1f\x22G5cDr\x04\xfb,\
\xba\x0f\x1d\x8fk\x0c[\xc5\xab\x8f\x12\xc9\xb5V\x91\x7f\
\x15\x1d),\x8bf\x99\xe2Y\xd3\xb2a\x1c\xd61z\
\x5c \xc6\x03\xae\xcb\xa8\xdf\xad\xb9\xc5\xa6\xf3\x16V\xf9\
\x85\xd4\x97\xb2dL\x83\x97\xdeL\xaeZ\x8d\x83\x0f\xdc\
V\x13\x16\x1e\x8a\xf4\x97\xb77\xfe\xbfw=\x1d\x9cn\
\x0cj)\x99\x0d\x22\xba\x00\xad\x80\xd9\x06\xde\x1c\xe3\x85\
\x1a,\x8e\x0bPAd8:\xe9f!d|@\x9f\
C\x94\xcf\xf7\xb1\x87\xa2I\xe5d\xad\x14\x12U\x92\xd0\
_qxO\xb3q[^X\x0f\xba\xffq\x90/\xfa\
\xe2\xdaI\xb1\x89\xae)\x8b\x19j\xe98\x0c\x03\x8a\xa5\
\xc0F\xca6BEz9\x1a\x08\xedYX\x86m\xcd\
4\xca\x82\x22\xf2D\xe2\xeb\x95e\xd7\xc5\xf4\x90\xe8\x5c\
\xeeX\x0a\xb8p7n\xf9<#/vr\xb1\xc0>\
\x89\x8e_\x16\x036\xde\xefa\xf7]7S#\xf2\x97\
g\xcd\x87&-\xd9jC\xbc\xf2\x85\x07*\xcb\xc9P\
Jz-\xf0\x92\x99(t+Uy\xf9;\xb2\xca\xec\
.\xfc\x92\xcd\x9a5u\xb6\x5c\xa5\xb5\xac\x8f\x8cWk\
\xf8(\x89\x01\xean\x8fj\xca\x098TP\xb0d\xb5\
\x986\xedI\xd72\xc9\xba\x05\xc6\x14\x1f\x9b\x07\x8b[\
eI\x0bK=\x1fG\xaa\xcc\x1f\x07E\x95_\xcb\xa0\
EBd\x14,\xf3\x9e\x85\xac^\xc9Z\xad\xe2\x8d\x0e\
\x97\x86\xa0\x14@\xdao\xeb\xfe\xaa\xba\x92k\xe2M\xf6\
,\xa9\xa5\xd0\x90R\x18\xc6$-\x05\xb7R\xf0\xa5y\
\xb9\xfb\xae\x9bb|\xac\x8f\x872\xdd|\xcb\xdd\xf8\xe2\
I\xbf\xc1\xf4\xf4\xf0!m7J\xaf\x7f\xd5\xe3\xb0\xf1\
zs[<\x95\xfc\xd8\xc8\xaf\x0f\xa3;\x22\xbf6\xc9\
m\xccG\xd6bc\x03\xfep\x8e\xc8Nm\xedP\x17\
\xb70\xbf:\xb23\x0c\x9dV\xdc\x99n\x15\xaf\xb2k\
\xff\x12\xa8\x9d\x0e\x8dM\xef\x18)\xe4\xbf\x05\x8a\x9b\x95\
\xb5%cu\x12_\xca\xa6isR\xab\xd4SgI\
.\x05\xd6\xd3h\x99\xdftG\x8b'\xafv\xff\xf4Z\
\x00\x1b\xfc\xe8\x86*\x10.\xd9\xb7O\xdf\x09\xd1\xd9\x00\
^\x9e\xa6`\x8e\x89Y\xa8\x0d\x19\x81\x08##l\x0a\
\x9d\x22\x02\xf6\xdam\x0b\x94\xc8\xf8\xc1H\xcc\x8c\xb7\xbd\
\xe7\x14\xbc\xf7\xe3g\xe0e\xaf\xff\x0a\xa6\x07\xc3\xd1\x97\
\x90\x14h\xec\x81J\x13\xe3}\xbc\xf3\xadO\xc2\xf4@\
\x0a#\xa9\xb1#\x1d\x98\xbf\x91+#\x1e\x0dc\xba\xb1\
\x22=\xe5\x96\xed\xbbd\xb2\x9b]\x8c\xa3n\xe7)\xbe\
5 I\x15\xc5m\xdc\xc8m.\x1bm\xfeS\x89\xae\
\x8cA.\xfbl\xe9Zg\xca\xb8d\xb9\xa8\xa63u\
\xb2 \xd4b,\xbbQ\xac\xac\x98\xf6f \xa6\x5c\xc8\
1#\x07\x808\x00\xfd]\xa4\xb6#\x14\xbcQ\x08\x94\
\xd2\x8d\x8d\xd7\x16\xae\xfb\xcf-v\xcc\xdf\x9d\xdeb\xa0\
!\xd9RP\xaf\x8c\xec\x06rb0\x1cb\xdf\xbd\xb6\
|H\x03\x807\xdd|/~q\xd6\x15\x00\x11\xce:\
\xef:\xbc\xe2\xef\xbf\x8a\xe1\xb0.\x17(\xbb\x93:\xdd\
\x0f\x01\xf1\x84\xc3v\xc6!\xfbnm*\xd2\xda\xbbL\
\xc0\x05\xab\xc1E\xb9\xec$\x1dw\x86`h\x22\x03b\
\xfc\xb2\xe5\x1a\xba\x0cbU\x9c\x8fIYO4\xb3P\
G5f\x87_\xe4\xd0\x04\xa0\x9bdc\x0b2{\xd0\
w\x97_\x06\x15\xb5k\xac\xddS\xd9\xa7(\x92\xd6|\
\xafD_Ev)o\xad\xbe\xb5\xfe\x99n\x86]C\
&\x9f\xd4\xba\x1d\xdc\xdc\xcd\x9f\x92\xac\xc9\xe1(\xf2)\
[\x07Bj}\xe5[\xe5`\xa1\x86\xc5\x9a\x9a\x04w\
8i\xfb8\xb5z\x88\xfd\xf7\xde\x0a\x0fe:\xfe\xcb\
\xbfF\x7fb\x0c\x5c7\x9a\xe4W\xbf\xbf\x06\xc7\xbd\xee\
\xcb~JnM\xd3\x8c2\xac,!\x88\x08\xef\xfe\xd7\
\xa30l\xad\x11}\x06 9b\x83\xa2\xa3\xc29w\
\x0e\xae\xc8\x85\xb0A[\x18\xf7O\x1e6\xabkQ0\
9\x13JX\x82\xa4\xad\x14\x1d\xef\xf0\x96\x89m/6\
\xc0\xec\x0c\x14\x14\xc6\xa4\xe7\x1f\x8bG2\xbch0\xdb\
Mod:\xf7-z\x9cJ\xd1\xe0N\x04\xb2\xb2)\
\xf0\x96\x82\xdf\xe4\xde\x96\xba\xc6\xce\xa4\x97\x06\x97\xf1\xd7\
\xc3Z-\x9a\xedb#\xcaH\xa1Qu\xc8zd@\
E\xc2\xd7\xa0s\xc9\x16\xebc\xfdE\xf3\x1f2\x0f`\
\xd9\xf2I|\xe3{\xe7g\xc8\x09\xa8z\x15~\xf3\x87\
\xeb\xf1\xf2\xd7\x9f\xf4 \xc7\x04FK\x88%[l\x80\
W\xbe\xe0 \x15\x8eJ\x16\x9e\xd8n\x83\x02\xab\xa9\xa4\
\xccTe\xbeF\xa5\xcd\xbb\xd0\x1a\xd3\x01k\xed|\x8c\
\xb0F\xda\xb8\x90\xbacP\xd1N\x82T+\xbaH?\
\x07z\xda\xb5\xe8\xb5\xbce\xd4\x98\xa7\xc8\xfdW\xe6\xcd\
f~\x87Ni\xf9\x92\xb0\x96EY\xb7\x17 \xbe\xbb\
'1\x885)\xa4\x0f(\xc1\xd1\x17-\xc8\x90I\xe7\
\x16q\x92X\x9ah\x94Le4\xfe].\xa4\xdb%\
{\x0e\xaal\x85\xba*\xfc\xc2\x12;|RC\xe8\x80\
#\x83\xb0\xebN\x8b\x91\x83\x8a\xa3\xd3\x9a\xcb\x08_\xe2\
\x8b_>\x0b\xabk-\xe0\xb9n\xf2\xfd\xea\xbc\xeb\xf0\
\x8a\xbf\xff\xca_.0H\xc0\x1b\xff\xeepl\xb4\xfe\
<\x94\xc8Z\x87\x82#\xbf^\x96\xf0\xba\xd33\x08\x0c\
m\x10\xe4\x86\x1b\xcf\x9aM\x1e\xed\xf6\xd9\xc8\x94\xd7\xa8\
jn\xa8\xf5K\xb58\x92\x97\xd1\x09\xe6'\xcb\xf0\xa3\
\x08%\xd8]K\x1a\xa6h%\xa5\xe6'\x83\x1f\xca|\
\x94\xdc\xe9\x86eH6\xa0F!\xd5\xe5n\x07\x1eI\
\xc2,Y\xc6Kz&9\xec\xf2\xb0D\xe9\xb3\xa7.\
\xb6\xa2\xa2cns\xd1D\xca\xcb\xf9\x02\x11\x85\xf6\x16\
\xeb\xb1W7\x8a\x10l\xa4\x22\x22\xe2\xec\xa6\x101v\
\xdbq\x93Y1\xffLC?\x9b\x12\x93\x93\xd3\xf8\xdc\
W~\x9b\xbf\x1a\x15P\x11\xe1\xd7\xe7]\x87\x17\xff\xdd\
\x9705=X\xe3\xd6\x1e\x884>\xd6\xc3\xbb\xff\xf9\
\xc9\xcdf\xa1\x0e_\xd2\xa0\x95\xbf\xa4\xf8\xf5\x1a\xae\x8c\
\xb9X`d&HG\x80K\xaa(E\xa1\xb4\xc5\xa8\
G;\xf0\xf5!\xa9T\xda:\xfa\xf6]),47\
hg\xc1\xda\xab\xa4\xa0@\xc8r\xd6!v\xbb\xfc$\
V\xc4l\x03\xa5g\xe5\xc9zW \xfd\xaaJ\x8d\xea\
l\xfe\x9a\x86\xc8/\xa3\xa8QN\xa8\xd1\xd1\x84\xaek\
\xc9\xfdVR/kh6\xc4\x95;\xad1W\x08\x1f\
9y\xab\xa4\xa8\xb2,l\xbf\x1b\xd8\x86\x83\x1a{=\
r3<T\xe9\xf8\x93~\x83UB\xbb\xb3\xa1\xca\x14\
\xc5=\xe7O7\xe2o_u\x22V\xaf~\x88\x84\x80\
!\xd2\xc3\x1e\xbd#\x0e\xd9w\x89Vc\xf2n?\x92\
\x02A\xd2\x91\xcc#\xcaF\x9aM$\xc9x\xe9\xbb\x14\
\x08\xda\x12T{CMm\xfe\xad^\x96\x94\xcd\xfdF\
w\xc5\x0a\xd1\x0a\x0b\xdb\x0bi\x91\x10\x91y\xef\x9d\xa4\
X4\xda~\x05\x03\xd1\xb5\xc1\xd0\xb3\x1f\x99G\xa5\x85\
\xcc\xa6A\xe5\x02dc\xca\xcaF\xad\x9f\xa5\x91\x17\xc7\
\x08\xa4&\xd7\x0c\xa8\xdf'S\xbd\xac7\xf5\xfc\x81\xf6\
\xcf%\xd6\x14\xe2(\x80\x8d\xd2/\xdbnd\x11\xe4\xd2\
S\xab\xa6\xb1\xf7\x9e\x0fv\x00\xb0\xe9\xe1\xea\xa9\x01>\
\xf7\xe5\xb3\xbd\xee\x13c.y\xe6\xdc\x0bo\xc6\x0b_\
u\xc2\x03#\x04f\xf2]\x9c\xe2!\xbc\xf3\xadG\xa1\
\x9e\x1ef3ERW'\xa0%\x9b\x9a\x93\x1c\xd9V\
\x1c\xac\x1a$O\x8b2\xaf\x17\x0c%\xf0\xe3\x98\x81j\
U\xed&\x94:\xc6\xc7\xa5\x22\xae\x88\xd0\x94p!s\
\x8eB5\xabz5\xfb\x06(\xd0\x05;X\xa3\x95\xb7\
\xe9}v\x8fU\x0c@\xd5!<\x0a\x7f\xdb\x09\xc4\x17\
\xefK{\x09\x08h\x22\xd0u\xb2\x1136\xdc\xe2\xe6\
!\xa2SW\x94\xe3F\x01\x86\xd9\xbc\x93\xb0{\x7fK\
V\xbd\xc9\xe2\x05\x98;g\x0ck\x9ef\x11\x0d0\xa3\
z\xe2W\xcf\xc6\xb2USaF\xe7\xb7\xb6x8\xff\
\xe2[\xf0\xa2W~\x11\x93\x93\xd3\xb3k\xb3\x94f\x13\
\xdf0\xd5o\xb7\xcdFx\xfa\x93vW\xd6\x98\xde\xb3\
\xafub\xf6\xb1\xedZ\x91\xc8tV~\x9f(%\xb7\
\xfaJ\xc0\xd9\xb4%\xbfi\xe7\xa1\xd8Y\xb6\xd4h\xdb\
\xf6\xb0\xd8\x1edt&u\xca\xd0\xf4&TN\xb8\xb5\
\xdat\xda\xb6+I\xd9M_gZ\x96\xb15\x0d\xaf\
\xc6S#\x00(\x8a\xc1K$\x90\x8cttC\xe0\x93\
7VrlXK\xc9,:\xb4\xf7eCFz\x08\
\xb5#\xe2\xc6\xcf\xbd+\xa8\xce\x22\xb5{\xbfl\xfbm\
7\x9eQ\xbb\xccX\xd7,\xb2\xac^=\xc0\xa7O\xfc\
5\xc2UvT\x86\x80\x08\xf8\xc3%\xb7\xe2\x85\xaf<\
\x01\xab&\x1f\x5cw\x80<Xx\xf3\xeb\x8e\xc0p0\
\x04\x1c;F\xc2Hj\xc0QZS&\x0ej\x09\x80\
i\xbf\xc4\x0aH\xdb\x15y%]\xcc\xb6\x9a\xba,%\
\x16pc\xf2DKq\x22\xbd\x04C\xd3%1\x10*\
~y`(\xdb\xc8C\x8a\x95\xc9g_o>\x15\xd8\
4l\xcf\x88gs\xc2\x8a\xee\x94\xbd\x22J\x0es\xb4\
%X/\x03\xd2\xda@\x02Yr+\xe4\x1ag\xada\
\x9c\xc4Tx\xce\x120\x1eN\x19\x1bh\xd2\xce\xdbo\
|\x7f\xf4\xea\xac\xd3W\xbfu.\xee[>\x15D1\
\xd8i&\xe5I\xb6?\xffx\xe9-x\xc1+\xbe\x88\
\x95\xab\xa6\x80\x07\x1bbQ\xfd#6^\x88c\x9f\xbe\
\x97\x90\xab\x12R\xef\xafjW3%\x0a\xab\x97\xf4\xe7\
jaKy\xe9\xbf^\xd1\x84\xa0\xab\x0f2`\xd9\xba\
)\xf6\x5c\xff\xc8J\x14-\x96\xa1\x08\x9aC\xe61\xa8\
r%\xc56j\x1cd\x9b\x96\x8b\xb3+\xa6C\xb1\xb9\
\x8d*\xe5\x0db\x8b\x90\x87%Y\xdf_\xc72K\xc7\
p\xe8_2\x96\x09\xf3\xd6J@*\xd4\x96\x19\x98\xc2\
\xfam\x0f|]\xf2\x9b\xb7{$\xc6\x89\x08\xdbo\xbd\
\xd1Z\xe9\xff5I\x83\xc1\x10\x9f\xff\xd2Y\xa0\x9e\xbd\
\xa7%\xc5.,\xde\x82\xbe\x13\xe1\x82\xcbn\xc3s\x8f\
\xfb\x02\x96-\x9f\xc2\x83\x9ad\xb3\x0c\xbc\xe1U\x87\xa3\
\x1e$\x81l\xe3>Z\xf3\x90zo\xdd\x04\xaf\xf5(\
\xfc\x1dSWf\xc6\xe8\xfb\xa8Q\x94\x8a)\x99\xb9\xd2\
\xbd\xb5\x94\xc9\xa6=\xf9\xb6\xa4kmK\x1e\xa1Vh\
\xdaQ\xd6\xed@\x91\xab\x178\xba6o\x9b7\xa9s\
\x01b\xe0\xac\xd4K\xe8\xa56\xea\xe8M(=Q\x12\
\x05p4b5\x8dD\x86\xe3L\x03\xa7}\x1a\x0eQ\
+\xed\x91RYr\x85\x06\x83!\xb6\xd9z\xa3YY\
\xf3k\x9d\x18\xf8\xde\x0f\xff\x88[\x97.7VJ\xfa\
n\xedn\xee\x84\x82\x85\x97\x01\x5c|\xd5\x1d8\xfa\x05\
\x9f\xc1\xedw.\xc3\x08\xdd\xf1\xc0%\x026\xdep\x1d\
<\xe3I\x8f4\xa4\xab\x1d\xbd\xe6\xed\x0cZ\x95$\xd5\
x6\xd2\x96\xa2\x0c\x12\xea\x10\x9b\xa4\xc2\xcc\x08\xf1d\
\x98\xa2\x07B\xa1\x0f\x16\x8a\x0c\xe1h\xa7\x14*\xafu\
\xee\xbc\xc3`\xda\xa7\xa8&Q\xa30X-\xdc\x91\xf0\
\x88`\xablE\xf6\x97\x02[0jc\x85\xc9@G\
:l\xc9\x9bJ%s\xb0\xfb\xc3\xba\xcdX\x1fX\xd8\
\xac\xd1C\xc6W\xf6.\x87\xb6\x1cL}I\xa0ug\
K\x03\xd3\xabVa\xb7]\x1e\xdc)@\x06\xe3\xe3\xc7\
\xff\x0aU%u\x89\xd1k\xd2_5s\xbc\xbe\xab\x84\
\xebo\xb9\x17O}\xfe\xa7q\xe5\xd5w<\xa8\xb0\xcb\
\xf4\xea\x97\x1c\x82\xe9\xd5\xd3\x06(\xfb;6\xa3[\xc0\
C\x9fX2\x96\xa6J\xaf|\xe2x\x81\x0e\xbcYg\
#z\xce\xfa}&KFZ\xca\xb6\xaf\x9a\xf5J\x0c\
\xa8\x7f\x19\xea\xe4\xa8\xe7\xa6\x1d\x8arx\xc5]ry\
+)\xa5\xa5\x1eu\x95\x11\x90'\xa5\xa3\x80\x9d\x8c\xbc\
\x8a\xcew\xdaIt\xc6\xaen1\x80\x16\xbd\xb8\x8e\x11\
\xa8\xfb\x1d\xeb\x89h\x10\x22\x82\x11\xf53\xe5\x7f-\xdc\
\x8b7\xd9`-g\x00f\x9fN\xf9\xc9\x05\xb8\xfe\xe6\
\xfb4\x1e\x02\x19\xa0\xf6}\x17\xe4\xb3D\xc3\x9d\xf7\xac\
\xc2\xd3\xff\xf6\xf38\xff\xcf7>\xa8\xf0\xa7\xb4\xf5\xd6\
\x1b\xe2\xd0\xfd\xb6\x0e\xc8= =\x8a\xde\xdb1\xd3\xc6\
|\xd9\x0f.\xf9\xe7d4z\xd4f\xc1\xf5\xb3.\x0a\
i\xff<\x04\xbf\xfb\x12\xb8\x94a\xffs\x83\x8a\xef:\
k\x5c[\xb6\xbe:\x0d3 \xc5\x97q\x1a\x08\x08\x83\
\xa6z;\xf0\x0cs\xfb*z\xe2\x0d\x96\x9c\xdf\x0c~\
\x04{\xb4\xaf\x95\x22\x020\x9d\x93\x96\x82\xbc\xb7\xbdk\
\xba\x18\xf2\x19\xf1.\x1a\xa4\xe6\xdd\xd6[\xac\x9f\xd7\x84\
?H\xd6\xf4G?\xfb\x0b\xf4z\xd2\x9c\x0d`\xe9P\
\xd2\x12\x88\x18\x8b\xbc[[3\x01\x11arz\x80c\
_\xf1E\x9cz\xfa\xc5\x0f\x0e\xf0\x0aJ\xc2\xf3\x9e\xb5\
\x1f\xb8\xae\xe1\x94\x80\xc0i\xf3*\xd6\xd6:\x95X7\
\xb0'K\xb7\xe0rY\xcc(\xabJ\xb5@\xd0\xb7O\
7\x01\xc7\xdcj\xae;\xf6\xf0\xcd\xbfHC\x9b\x82*\
\xb6\xa1\x84\xd0(\x94\x94\xad\x1d\x17\x92d\xc4<\xc7\xdc\
\x9c\x098\xba\xda\xd9&R\xa2\xd1\xdb\x10\xfel?\xe5\
\x0fJ\x22\x0e\x18Ai\xfa\x8e\xb6\xa4\x134\xca\xc2\x88\
,\x0ecZ[K\x83\x81\xed\x96\xac\xaf/\xa9y\x00\
\x92\xc4\xcbi?\xbb\x18W^\xbf\xb4m\xa3!4\xe5\
\x22\xab\x82:\xaa\x9b\xf0d] \x85&&\xd4\x0c\xbc\
\xea\xad\xdf\xc0gO\xf85f5\xba\xf7C\xd0=\xe1\
\xb0]0\xa7_\xcd\x22g\xa4\x15\x22<\xfbq\xe4\xa8\
l\x08sDG\xf2\xca9\xfd^\xefA\x89\xe8\xc7\xdb\
\x22r\x0b\x94\x16,\x82\x16\x8d{\x1bw8\xea\x0c\xcf\
\x22\xbf\x81\x93\xa0\xdeW.V\xe4\xcbU\xfa\xd2\x83h\
1\xadm\xc07\xa4\xdf\xf9p[:\x96\xb9(qm\
\xe7T\xb6@[\xa8\x08m`\x1a\xab\xf2\x81;\x90L\
\x2258\x9ay\xaa\x1ea\xb3M\xd7\xc7\xfd\xe2\x88 \
I\xd9\xf5\xb1/\xfc\x12\xbd~oD\xdfe\x7f$\xf3\
\x93~\xf6\xce\xad\xaa\xa3\xdf\xef\xe1}\x1f?\x03\xff\xf8\
\xf6\xff1\x07z\x8c\x00p-R\xafG\xd8\x7f\x9f%\
\x02g\xa3C_F\x8d\xa3\xcc0\x92>[\x16\x8e\x04\
s\x89\x97\x5c\xf2H\x8e\xe9\xbe\xe4B\xa61\xc8\xec\x9f\
\xc9\xdfZ\x12M>v\x8a\xc9\xc6\x1a\xd6\x06\xf1r\xec\
\xd9\xe1\xael\x10\xe7\xfeU:g\xe1@\x87\xe4\x03\xa9\
 \x8d\xfc\xddj/\xb6+\xbdd\xbd\xe6\xb80\xf5\xcf\
\x8e\x9a6\xbfT[J\xaa\xa5<\xc2-\xb0^h`\
\x1ek\x93(\xb0\x13\xc1\x18\x0cjl\xb3d\xc3\x07\xed\
\x10\x90s\xfep-\xfet\xf1\xcd\x91A+\x06\xd4\xe3\
\xba\x18 Ux\x12y\xdb\xf7\xbd^\x85\xff9\xf5B\
\x1c\xfb\xd2/\xe0\xee\xbbW\xae\x85\x5c\x9b\xb9\x00\x11a\
\x97\x1d7\x01u\x01\xcd\xc8],\x05\xc58(\x93\x90\
!{\xcd\xbeXz\xcb\x94\xad)\x00\xa5u\xfc\x01\x96\
f\xcc\xd5v\xb0\x83)\x8a4y\xba\xcc\xf5\x132\x7f\
\xc4T\x1f\x99}\x0e\xc3\x88i\xd9K\xbd\xbc1J>\
\xfb\xba\x8c\xbd\xa6%w\x02\xdd\xf1H\x08g\x8a\x87\xa6\
'2_\xa53d|\xf7\xb0\xc2\x92\xd6\x084\xb6\xb2\
>\x22\x89\x9e\xe1\x0b;\xe0\x04\x1b\xa1\x9e\x1a\xb4\xda\xec\
\x81O\xcc\xc0\xc7>{&&\xc6\xfb\x1a\x1f\x0e<\x13\
\xcc\x01\x17\xfa\xd5\xfe\x95\x1a\x80,\xf31\xa8\x22\x5cp\
\xf9m8\xe2\x98\x8f\xe2\xf7\xe7_\x1b\xfb\x85\xc54;\
A\xb8\xcb\x0e\x8fhW\x06Z\x9c\xcb\xe7\xc2\xce67\
\xe4\x0c\x7fp\xa6\x1d\x7f2O\xa2\xcd\x22\x9dFFS\
\xc9\x8c\x12V\x8c\x10\xb2\xf2\xb2\x11to\xcb\xda|\x94\
M\xd4A5\x12\xc5\xc6\x12V\xdd\x97\x02RZ&\xb9\
\x9c\x8ba\xb4\xdf\xab\xb8Q\x16U\xc5D\x12{*\x12\
\xc0\xc2\xdefk\xde\x97|$*I\xae@\x86\x8e\xba\
:\xca\x0dN\x90\xaf\xc3~c\xa7\x0c\x075\xde\xfa\xfa\
\xc3\xb1\xc1\xa2\xf9x0\xd2\x85\x97\xdc\x84_\x9fsu\
\x01\x9b\x96\xe8\xe5\xef\x80t$!(E@\xfe#7\
+:\xef[1\x8dc_q\x02\xbe\xf0\xe5\xb3F\xe0\
o\xed\xd2.;o\x8ai\xb79\xc9\xf6\xc7Z_\x94\
i\xa1\xa3O*\x806Zcw\xe3\xdc\x8d\xa9\x95*\
\xa2\x11s\xe1hL\xed\xa3\xdb\x93n\xb5>\x14_\xd6\
\x1f\x0b\xbc\x99\xba\xa6)\xd6X\x22\x9d\x81a\xc5\x18\x17\
j\xc8JD\x82QYmc\xcd\x12\xc7\x9ab\xe1E\
\xa4\xe7\xbb\xbf\xdc|\xd5\xb5\x1a\xd3\xcc\x9a\xf7\xca\xb4I\
%%\xb3[\x09\x18I[\x0e\x7fk3\x8d\x0aE\x9a\
6\x9ez\xe4\xaex\xe5K\x1e\x83\x07#1\x03\x9f\xfc\
\xfc/1>1\x96\xf1\x94\xe2\x1cL\x86p\x0bVP\
!e\xbf\x98\x0a\xd9s\x9d\xd4\xeb\xe1\xdd\x1f9\x0d?\
\xfa\xe9\x05\xc0\x03\xe8\xe6l\xbe\xc9\xa26\xae1\xcb:\
\xbb\xa1\x0d\x14\x04\x8cF\x1fe\xc5Y,\xb1\xcdGp\
.\x01\xdb\x9f\x86\x9e\x85b(\xba\x13\x8aty\x06\x16\
\x0f\x1dlD\xe3\x1c\x8b{\xea\xc0\xc9\x07kqXc\
Ym\xeb8S\xe5\x83h\x82H,\xce;\x8d\x1d\xf9\
s\xf6\xbfr\xd0\x0c\xa3\x1a3\x9e\xc5o\xdd\x91\xb6q\
\x92u$m\x96\xbeA\xbfwf3\x10\x13N\x1c\xe0\
\x99\xe8\xf7\xf0\xee\x7f9\xaa|\xf2\xf5\xfdL7\xdc\xb8\
\x14\xa7\xfe\xe2\xb2foE+\xc4Xn\xfaW\xc6\x8d\
\xecs\x14\x84\x82\x92\xa9\xca\x98R\x14 \xe2'\xc2\xdb\
\xe8\xf7\xc7p\xda/.{ \x0d\x00\xf4z\x84\x0d\xd7\
\xb7\x96\xd3\x0c\xc8\xe4Q/\xbd+\x93\xab\x0ah\xcb&\
B\xa6\x1f\x0e\x90\xa3\xbc/c\xa8KZwn\x99\x84\
T^2\x22\xc4\x80\xea\x97t\xabG%\xcb\x0d\x82\xa9\
\xbbA.,hS^q\xc9\xd1`U\xad:\x16<\
\x0c\x98\xa9\xb1(I\xdd\x8c\xd8\xd9\xed\x9ccH\xe6u\
\x9du\xe6\xac\xf7]\xd4\xc0\x90\x1fP\xd5N\xfc1T\
|/x\xe6>Xg\x9d9\xb3\xe8\xc3\xda\xa5O}\
\xf1\x97\xe8\x8d\xf5D\x17\x22\x01\x8c\x80\x81GX\x03\x96\
\xb6;:\xe60\xafL\x7f\xba\xf0&\x00\xf7\xf3\xa0Q\
\x09\x19\x11\xb6\xd8b\x03\xf3\xd6\x0a\xddH`\x13\x8a\xeb\
 \x5c\x1f\xa4PT6\xb8(\x93\x02q\x92\xe8\x03\xe1\
_\x14>\xa3\xe2RZ\xd3\x12\xf2\xf2\xe3\xf4\x1c\xd77\
\xbbkIu{\xd6L\x91\xc2I\xc0BA\x9b\xa3B\
!\xed\xcb\xca\xfa\x08l\xa3\x11N\x16\x94\xce2\x919\
H\xe4,Y\x03\x1ct\x02\xb9sj\x85\x17\x05\xbfS\
~1\xc8d\xeb,\x11\x94\xecZ\x96\xfd\x83\xe9!^\
\xfc\xbcG\xcd<.k\x99n\xbfk9\xbe\xf9\x83?\
\x89\xca\x0dAr\xf4>r\xc4\xe4\xbav\xe3N)T\
G\xcc\xc1*\xcf\x15W\xdf\x81\xbb\xee^5\x1a\xf0\x99\
\xf0\xa0h\x94\xb1\xc1zs\x0b\x85Y\xe5s\x9a}V\
\xa6Hd\xe1\xb5\xcf\x1d\x83\x18\x1f\x9cM\x96\xae\x1e\xff\
\xaf\xecXh\x09\xcb\x05\xda\xd2.\xaf\x17\x18\xbe\x1f\xde\
\x90\xcf\xcf:\x02\x10\xbb\x17\x9c-s\xb5R\x97\x14\x9b\
\x94\xe0u\xb3\x004b\x95\x16C\xfa\xf5\x92T5\x93\
\xeb\x13\x00J\x16A\xd0\x0e\xeb\x96\xf4)\xbd\xa6\x1e\x22\
M06\x88\xa4*u\x8e\xa5i\xaf\x81\xe5\xf1\x87n\
\x8fM6^\xe8\xf3=\x00\x89\x99\xf1\xe9/\xfc\x12\xd4\
\xeb\x15\x02M\x91\xbb\x92\xf0i\xe11\x07c%\xfc(\
\xe6/D\x94\xe4JB\x06\xc6'\xc6\xf1\x9b\xdf]5\
\x1a\xf8\x99\xf0@\xfa\xe7\xe2G,\x0c2Y\xb5\x11\xf9\
\xf6\x81\xd0VZ\xbb\xcc\xfca\xb0\x8c\xed\xd8'\xea\x8d\
4|\xd2\xd0\x11\x1c~\xc4\xf4\x0dB%e3\xca=\
\x91\xca,2\xe8\x05\xfd\xabZR<\xc2(\xe9`\xfb\
\xb2?\xce\x14\xd0\xc4\xc4m\x0c\x80\xf4\xfe\xa9,\x95\xc8\
\x03\xe5d\xa8\x8d\x07D\xf7\x97\xcb\xbf\xc1 :\xb3\xbd\
\xfd\x9b4b\xa7\xdd\x04\xc1X\xf3Y\x12\xb7\xaa/0\
-\xedx\x12\x80!\xe3\xe9G\xed\x89\x19\x03bki\
\x15\xacX9\x85\xaf\xff\xcf\x1f\x90\x97\x95\x8e \x9a\xee\
\x93\xb4\x82P\xa6'c\x10)\x5cQ\x9c7\xa5~\x9f\
p\xcey\xd7\xe9\x1bc\xeeG\x22\x22\xac\xbb\xce\xdcv\
\x88l(\x8b\x0c\x95X??p\x15\x1cXQl\xc0\
2b6\xca=-j\x8b$:\xe9\x87\x1d,\x99\xb1\
\x94\xc0\x05uo}\xacB\xdeR\x19\xa2\xbe<(\xe9\
\x9d\x88A(\xc89\xb7\x81\xc2\xbb,V\x0c\xfd\x9b\xb8\
D\xb7\x10(\xd6\xd6\x1e9q`!xRkh\x8d\
\xe9n\xcb\x05\xc1\x12\x9d%\x82K\xfaTdc &\
;\xc3\x13\x99N\x0b\xd6\x99\xc0\x91\x87\xef\x8c\x19\xd3Z\
Z\x05\xc7\x9ft6\xa6\xeb\xd8\xd0\xd3\xda\x9b\x04\x98\x91\
\xff\x8b\x82\xc0D\xb4\x16h\x04\x035\xa9f\xe0\xdc?\
\xdd\xf8\x80z;\x0b\x17\xccm{\xe5\xe3\x16\xa1]\xe8\
\xfa3J\xd2\x09\x0d\x9d\x82{n:\xcf\xd8\x13\x5c\x10\
\x86\x01\x8c\x05j\x16oX,6\x1a\x11\xb0\x13q\x01\
\x8bu+\x12\xf4\xb7<\xe6\xfar{o\x15D\x07\x9b\
\xc7\xfd\x88\xf0\xd7$\x1d\x030\xa3\xe2\xae\xdf\x0a\x91#\
\x89\xd8\x1f\xff\xe5/\x1c\xb3\x94\xc9\xfe_Wu$\xe5\
\xd0 \xa1;\x0f\x9e:\x93\xb7Cg\x1a Ge\xd2\
\xa5\xd0_\x9ez\xe4#\xf5\xaa\xbf5\xe5\x88B~f\
\xc6\xe4\xea\x01N\xf8\xfa\xef\xc4\x11\xe8Al\xa3\x9b\x06\
\x1b\x15|\xb2m\x05\xaeM\xf7\x8f\x83\x1c\xc1y\x09D\
\xb8\xe4\xf2\x9b\xb1bE\xe9$\xa1\xd9!B\x8e\xe6\xa2\
u'\x02\x8b\x22\x92H6\x16\x14%k1f\x9d\xab\
qVv]\x95\x05U\xe8U\xbe{\xc2F\x89\xbc5\
\xe0\xc5\x9a\xe8K\x83\xd4\xb0}\x1b\x11\xf0\xa2N\xdb\xd8\
\x92\xf3:\xa3\x833]g\xe5\x17\x8b\x97\xeeY\xc5\x06\
t\x9f\xaa\x90\xc1\x94P\xe0\x8egRH\xca\x0f\x90\x95\
R\xd1\x00\x8aA\x8c|\xfa\x84\xb8\xd6\xb7/\xd2\x84\xc5\
\x90\xac\xb7\xab\xbf\xfd\xcb\xb6\xcd\xd8\x94^=9\x8dg\
<e\x0f-\x00F\xd1S\x09\xae\xc2\x87\x93\xbfs.\
\xee]\xb1:\xd2MA\x05v@\xd5\xc0\xc03\x10r\
\xdf\x94\x1c\xcd\xa1\x1f\x19\xa7q!'f\xf4\xc6z8\
\xef\x8f\xd7\xaei\xc7J\xd0c\x83E\xf31tW\x98\
IKP\xf6\xc5\xd3Cl4[\xdd\x1c\xe5*\xeb\xbd\
rjG\x85G\xf5SX\x1b\xe17\x8f\xd3\xd8\xa2\xf6\
q\x1e\xdf*\xa38YX\x94\xa1\x86n\xc3\x9am\xa1\
\xe6\xbb\xb9\x19(\xb8\x89\x8cQ`H\xed\xc33\xf2\xfd\
~\xfeZq\xc3\xb1\x8a\x0e\xa4\xbf\x97\xf3i\xf4\x08\xca\
\x96\x0bF\xba\x18\x81\x95\xad*\x83(gb\x06m\x91\
-6[\x0f\xbb\xef\xba\xb9G\xf8Z\x9a\xfb2\xd5\xcc\
8\xfe+g\xa3\x0a\xb5\x82a\xec\xc8^,\xe1\xdcK\
\xc1\x00\xde,\x04|\x99\xdcH\xbf\xdf\xc39\xe7]?\
\xc3\xed\xc3\xb3\x97\x86z!\x10\x17\xf0(\x84 \xebw\
\x92f\xfci\xb6\x91[a\xf1)\xad\x1f\x0as\xe9 \
\xa4\xb1<\xdd\xc8dzQ7\xf0\x00\x05K\xcb\xd7\xa2\
\xf9\xc0\x1a\xf7Q\xabq}\xae\x14\xe7~\xea*\x04\xbe\
\xc8\xd2L\xfe[\xc9\xe2\xfa\xa4=-\xad<\x8b\x09\x22\
\xe2|\x83Jr]\xf3p\xcc\x1c\xe0pB\xc06\xd6\
\x1d\x92P\x08\x9c\xb9\x15^\x92)\x02\xd3_0c=\
\x1c\xe2\xb8\xe7\x1e\xf8\x800{\x94~z\xc6\xc5\xb8\xe9\
\xb6\xfb\xcc\xe0d\xbc\xc6\x8c`p\xa5\xca\x04\xbf\xed\xb8\
\xaal\xa3\x04D[\x8c\x81?]t#F\x06@\xd7\
`\xb5\xe0`j\xd0\x862\x18j\xd6\xc1\xf5k\x94\xbf\
_\xd2\x90\x12w\x08\xfe\xa6\xdfb\xa3\xae\xd1\xd0^`\
x\xfc{}/-\x0e\xa9\xed\xa9(\xe3d\x8b\xb6\xf5\
(n`@(\xf4\xdc2\xb6\xb6\x18\xa4\xb5\x17W\xaa\
\x85A%\x11J\xce\x97\xb0\xfeW\x14\x80\xd0 \xab\xa0\
\x8b\xa8;\x03&\xb1l|\xba\xd4\x8e\x94\x22\x0et\x86\
\xdd \x92A\x96\xef[X\xa5@\xb1\x9f\x01<\xf11\
;\xe2\xc5\xcf\x7f\xd4\x83\xc2\xff\xcc\x8c\xcf}\xf9\xd7@\
U\x15(9b\x02\xeeb)e\xd3_!\xa4Pg\
P,2s\xdbW\x7f\xf8\xf3\x8d\xa8\xeb\x99\xc8ov\
i\xe9\xbd\xabP\xf5\x12\xfe%\x10\x91\x00K.O\x14\
\x1bJ\xf9\x22\xcb\xceZP\x084\x9d|\xd4\xf5h\x86\
\x8c\xcdc\xad\x0cI\x09Ar\xbc\xe1\x9bt7$Z\
W!\x80uf:\x8cbb\xed\x03I*\x92n|\
.kcrU\xae\x89\x95\x1b\xa9\x03\x06\x16\xf1\x91|\
\xb6\x1dQ6\x01\xa8\x80\xa8la\x04\xfe\xa1\xc2\xb1\xec\
8u\xdf\x15}\x15\xb5A\x8c\xe8m6_\x84\x0f\xfe\
\xe7\xb3\x1e\x94-\xbf\xcc\x8c_\x9du\x05\xfep\xe1\xcd\
\x8d\xf9\xaf\x9a\x1f\x11\xacR\xb7\x1a\xd9x\x81\xd1hl\
\xebJ\x02\xb4\xe4K\x04nG\xfb\xb8r\xf5\x00\x97^\
v\xeb\x03\xd2\xf7\xa5w\xafhw\x99\xa5\xa0X\x09\x16\
\x01Cq\x15\xa0\xfc-\x15\x90\xc9\xa7\xd6BGq\x96\
\xa6\xef\xd6\xd2\x8d\xeb\x8e\xac.\xee,]+4\xccq\
\x22\xb6\x94\xefr\xd0\xcf\xd9\x8b^\x11\xe7r\x8a\xad\x10\
\xa3\xe0\x80\xb7\xda\xbf\xe6f 2\x8ck\x91\x18!\x1f\
\xf0\x03c\xcd\xab\x92\x1b \xa5\x94E~\x02<\x0b'\
\x1d,j\x08]\xf9r\x96\xd0\x14\x82\xb4\xd15o\xa2\
\x87\x13?\xf9\xa2fK\xee\x83\x90\x06\xc3\x1ao\x7f\xdf\
\x0f\xd1\x1f\xeb\xfb\x88\xb8\xbb\xeeJ\xe0\xbb\x8d\xb9\xe8c\
\xa9L^\x87\xb7QZE\x8c\x85=AH\xe0db\
\xce\x18\xce=\xff\xda\x07\xa4\xef\xcbWMC\xdf\x02/\
\xfb8\xc2\x1a Ks\x91\x022\xa5\x93\x0f>\x9bc\
\xc6\x04\x99h\xa3Y\xe2Y\xdfD\xc5\xdd\xff\xb2\x05`\
\x85\x87\x5c\x1cg\x9d\xe5Q\xa18\xf9<\xdb|\xddS\
\xa2\x13c\x99X\x97=\xbdK\xb1\x14\xfb\xbe\x0a%\x83\
\x85\x86\xf4\xf7\xc8\x90\x92\x8d\xb3\x1b\xc0\xb2\xe6\xf7M\x97\
\xa5~S\x95u\xb8\x04\xcc\x86\xd1\xe3>\x00\xc3\xe1\x10\
\x9fx\xff\xb1X\xbc\xf1B<X\xe9\xc3\x9f8\xa3\xf5\
\xfd}\x80)in7[+L\xb5<w\x9d\x08\xa9\
\x80C\x13@\x13\x18\xf18\xec4\x98g\x94\xe1\xb0\xc6\
\x05\x97\xdc<\xb3\x13:CbnfUT\xf3#|\
P\x1dK\xd2n\x90\xde\x91\x15\xf9\xfd\xb9L^\xe9f\
\x05\x86\xec\xbfn\xdb\xfb\xe89\xc0gY\x9aR\xe7\xba\
\x1a\x12\xad\x07VU0\x0a\x08r\xe4\x9ex\x1e\xa10\
_(\x02\xcb\x16T\xd7\x85\xe8\xb0\xfc\xe6M%M\xe9\
\x0e\x18\xce\xab\xf9X\x0dL\xfe\xeb\xf6\x0c$\xdf\xbc\x93\
\xfc\x86yK\x97<\x8ac\x93 \xef\x1a(\xc9\x0cw\
\xfaI2\xff8\xb0\x98\xad/\xcc\xe0a\x8d\x7fx\xf5\
\xe18\xf8\x80mf\xe3p\xadQJ\xad]y\xd5\xed\
\xf8\xd4\x97~\xd3\x1e\xca&}\xe1ht\x82\xbev\x96\
\x8c\xf5q\x8c\x06-\x98\xd6\x96\xa8r\x94\x85L[\xd9\
x\xad\x88p\xfe\x9f\xaf\x7f@p2\xb9z\xba\x10\xc7\
\x91~\xbf|\x15\x8c)k\x0bQ\xce\x06\xc4\xacE\xaa\
x\x1c\xf81\x91\x05\xb1\xd4\x9c\x14\xd5J\xd75C \
\xc7\x80\x92\xcf\xed\xe0/\x97\xea\x84I\xd1\xe5\x94\xca\xb3\
\xc0\x02dq\xc7\xa2\x81lee\xb2a\xe8Kp\xb5\
hiW\x02\xfa\xf5\xe6I\xe2\xb9\x03\x06\xdaF\xa9k\
\xc1H\xf0\xc8(h\xeb\xca(\x88\x82TBJS\xca\
_\x90\xac\xd6\xe7g\xc1d\x8aG,\x0a+\x1cz\xe0\
6x\xf5q\x87\xe2\xc1H\x84\xc6\xf4\x7f\xc3\xdb\xbe-\
\xce\xfa3x\x88\x0aq\xf0W1\xab\xd5\x82\x82\xd8\xc3\
\x0au\x83\x8a\xa8\x05\xa1HMG\x15\xe1\x8ak\xee\xc0\
\xaaIs\xab\xd0\x1a[\x04\x8c\xa5\xf7\xae,\x14\xccJ\
\xc2\xc4\xa2Lc>\xae\xe1\xef\xcbMe\x83\x80`\xa2\
\x9d`\xfa+\x1f\xda\x91i\x95\xd5\xaaU\x8d5\xab\x9d\
\x95.\xed\x9a-#I\xdb\x11]\x83\xc8\xe3\x9b,\x89\
T;\x8fFy\xc7\xef\x89\xb1M\xfb$\xdb\xb3\x96\xb8\
\xb1\xba\xa8[\x08$\xfdn\x8b\x08\xd3\x1dc\xadD{\
\x03\xd5\x0d\xc0\xc5cu\xed:l\x11\xd4J&\x8d\xf5\
m8\xaeg&d5\xc5+l\xb8h\x02\x1f}\xef\
\xb3\x1eh\xc5\xaf\xda{\xd7\xfb~\x88\x8b\xaf\xbcC\x0c\
\xc2\xcc`6\xdf\x03\xa6\xe6\x80!\x82\xdb\x98\xf4\x18\x96\
\x5c.\x81;\x92L\xd5\x94\xe1\x9a16g\x0e~\x7f\
\xde\xb5\xb1\xd2\x9eE\xdf\xd3\x9f\xc9\xc9\xe9\xa0\xbb\x89!\
\xc58\xca\xe0\x95\x0b\xe0\xd9\xd2\xd62$C\xbaAY\
Ug\xca\xe3\xdd\xa0t K J\x04\x1a\x92\xf0\xc9\
n\x82\xc4\xbf6\xb2\xf3]\x8ee5\xc6\x05\xe1A \
Q_\xe8P\xb0\x14(\xc6\x92T[\xa5\x0bBXX\
Y\xb39\xc39\x18eo\xa6\x04\xa1*\x15h\xf1\x1b\
,\xc4\x7f;I(Lz\xe4Gm\xea\x0aB Y\
\x1e#\x89\x95\x07C|\xfc\xbf\x9e\x83\x05\x0f\xe2^\xff\
\x13\xbf\xfa[\x9c\xf4\xed\xf3\xd0\xaf\x0cZG1\xd1\xa8\
\x10\x89\xeb\x18\xc3\xb9@\xa1\x95Pj\x97\xd5\x1f\x9b\xb1\
\x22\xc2\xf9\x17\xdc\xb0v\x9d\x17\x9agj*\xdf\x16\xac\
2X\x9a,\xae\x11\xf0\xfd\xf1\xf7\xe6\x0a\xa1\xd1\xed\x0c\
\xcd\xc1\xce\xb8\xfd\xd0\xec\xe8\x9e\x13\xdbQ\x91y\xcax\
\xb6\x13\xb7\x89}K\x17\xe4\xd9\xf3\x04I\xb9\xbe\xd9\xf2\
\x0e\xa1\x95\xfc`\x5cfVW\xc7E\x16\x8d\xe0\xce|\
1H\xec/i\x84\xebg\x1b\x8c\x90^O\x16\xca\x91\
\xf6\x0fL\x11u\xcc7\x0bW\x82\x8dv\x10\x03\xd8\xbd\
\x17\xbe\xa2\xdd\x13\xdf\xa6\xbaf\xbc\xe1\x95\x87b\x9f\xdd\
\xb7\xc4\x83\x95N9\xf5\x02\xfc\xdb\x07\x7f\x8c\xfeX\x0f\
\x8cZkj\xb6B\xcb\xe0\xd4\xf9\xf9\xa2Lq,\x92\
)]2\x9b\x83\xa2\xb3\x98\xee\xbc\xec\xca\xdb\xef\x17\x1e\
\x98\x19\xd3\xc3\x1a1\x03\xb1\xfe'\xfa\x1d\xde\x84\xa3\xca\
\x18\x5cv\x08e\xd3\x14\x9b\x16}\x9dl\xdf\xb3\xcd'\
\x07*Rqy\x91\x91\xbc\xa98\xe7\xd6\xb7lE\xbd\
\x91\xb3\x0d\xd9\x1a 0\xe7\x0b\xf6|od^\x05~\
S\x8e\xbb\x07\x837\x82\xc3}\x8b\xcb\xca\x22f\x94\x19\
&\x11O3\xe6\x81\xf2Qt`P\xb6h};\xe3\
\x928)f\x06?Gb\xf2_\x83\xb5\x1d\xb7\xdd\x08\
\xaf9\xee1\x0fH\x80+J\xbf>\xfbJ\xbc\xf1m\
\xff\x83\xbe<\xe3\x7f\xd4\xda\xf2t\xc3\x8f\xc5Ct\x82\
\x8f\xb0\x88\xa4Y\xe9\xfbi\x84\xf8\x88#\xb1u\xa0G\
\xbf\xbe\xe2\xaa;\xd6\xc2\xef\x17U\x10@\x1c\xf5\xc36\
H\x85/\xa3\xb44\x8c\xa9/\x94\x86\xda*.}~\
\xdb\x0a\x875\xeb/\x92\xfd\x8cr\x12\xf0eg\x82\xc2\
\x9a\xd2\x93\xb5\x97\xb5x!;r\xc8\xf7h\x8c\x823\
\xbf \xd7\x96_y\xc8 x~B^\x08\x94\xbb(\
$[\xd0\x05+Geb\xc3\xc2v\x81\x84\x94\xf2Q\
=J2\xab\xe9\xbe\x14\xd4\xb1\xbb\xab\x0d\xc3\x07\x9c1\
=5\x8dw\xff\xf3Q\xa8\xaa\xd1\xde\xce\xda\xd2\xfc%\
\x97\xdd\x8aW\xbc\xe9\xeb-&g\x88\xf4I\xe5\xa7\x82\
\x9cR\x93\x05\x04\xa74\x94%V+\xdd\xa3\x0eI\x8d\
+_\x9b\x17\x0c\x5c~\xd5\x1d`\xbe\x7fG\x84\x0dk\
{_\xce(k@\xf6*\xa0\x0bk19\xedfv\
\x06\x9a6\xf3\x7f%\x1bZm\xdf\xfc\x95S\x7fv1\
\x90\xa6<\xbd#@N\x06\xb2\x18\x19\xdb\xdb\x08\x0fe\
N+'\xe5>pz#\xf1\x18\xdb\x1c\x11\xce+Y\
L\x22\x81L\x05\x99,g+\xed4\xb06&I\x05\
\x14u\xadK7@\xbc\x1b\xed\x9f\xc9V\x9b\xb4\xc7.\
\x9bb\xaf\xdd7\xc7Lim\x8c\x83\xebo\xb8\x0b\xcf\
\x7f\xe5\x09\x18\xd4%\x86\x91\xda8\xe8}'\xbf\x9c\xad\
n~K\x0bI\xf60r\xb1\x82\xf6\xd7\xa0\xd7L\x15\
.\xb9\xec\x96\xb5\xc0F\xd4\xae\x0e\xbe\xc5mjm\xde\
\xf5\xabCW\xf6\xca\xb5@H\xb4_:\xa6\xc6\xc4\x99\
\x94`\xf5\x1e\xb6\xddt\xa4\xa1\x8c5rt\xda\xbe\xf6\
\xd5m-y\x14\x19V,e:\xd0\xdb\xb7(\xa8/\
>}X\xdb\x89\x12\x1f\x12\xcf\xba\x9c\x89\x01H0t\
\x059\x06*\xcfL\x99\xc9\xcc\x94\xe8'-D\x88]\
\x1b\xfa\xd1\x12\x8c\xf4\xef#WB\xfem\xdb!\xc2\xa3\
\x0f\xda\xce\xf4\xf9~\xd8\xb7\x22\xdd\xb5t\x05\x9e\xf7\x8a\
/b\xd9\xaai\xe8MJ\xf6 &\x86>\x90\xc2\xfe\
\xb6[G\x059\xab\xb5\xe7Q,\xc0H\xfb\xae\x0a\x82\
\x9eE\xb1\xe27\x88\x17\xb4i|\xa2\x87\xab\xae\xbd\xf3\
~`\x86P\xdb\x1bzX\x8f\x8b\xefG\xa4\xe9\xf5s\
\x17\xa2\xb3\x01h6\x8a\xa3c\xe0\xc8Z4\x86>A\
?K<\x95\x02\xa8\xa2&\xbf\xb2\xde\x14bkG\xd8\
z\xb4\x90\xca1Q9\x8f&\x84\xc2\x08\xd2\xcd\xc2\xa5\
\xa4X\xa3\xc2j/\x80\x064t/)\xd8\x8f\xa7\xce\
\xa0\xb7\xf50\xd8\x10j\x87\x04\x96\x15\x1b\x93\xcc}\x13\
\xadvkL\xa3 \x87\x1e\xbc\xba\xae\xb1\xd5f\x8b\xcc\
>\xff\xfb\x1f\x08X\xb6l\x12\xcf|\xe9\x17p\xdb\xd2\
\xe80M}\x1c\x8a\xb2\xa4\x12SP+\x14\xcc\x16e\
7D\xd2%\x08o\xc0\xb5x#\xc1\x03\x1c\x08;\x0e\
\xca\x1a\xfdI\xd4\xc4\x01\xeeG\xcaAxo-\xea\x1b\
k\xa4\xdf^\x8e\x0fd\x5cZw\xd1\xd4C\x9e\x8e\xbb\
_\xaeJj\x0d\xb3\xe4\xf8\x92\xaa5\xa3\xc4\xc7\xa1\xca\
\x8bu<\x93\x11P`\xbd`<Xa\xc4`(\xb0\
\x19\xec\xc5#d\xf3\xd8Z<$\x95\xac\xdeJ\xb9\xee\
\x9d\x9b\xa3\x96v\x18\x87=\x8c\xae&*\x855\x92)\
\xa7\x07\xca\xfa\x90\xac\xdb,\xa0\xb4\xcbN\xcdqW\xf3\
\xe6O\xcc0Dk\x96\xee[>\x89g\xbe\xe4s\xb8\
\xe9\x96{Mml\xba\xc6\x9a\x09\xe4\x96\xe6\x8e\xc6\xb4\
\xe1\xe8\x0dJY]\xc9\x020\xf8\xea\xd6\xc47\x16@\
\xf9|;*\xd6s\xfdM\xf7\xcc\xfa\x8c\xc0R\xae\xc8\
Ud\xf7\x1c\xf9\xaa\xb6\xfb\xb2l\x9e\xa8\xcb\xf4\xc4\xd9\
\xc5\x0a\xcf\x85HV\x98\x84\x96\xbb\xf6\x1b\xf2\x953\xef\
\xba\x8el\xeb\xe6g\xbf\xb2\xbe\xbc\x99\xc7;>\x84\x88\
1\xd9\xe5\xd5L\xac9@\xf2c\xc6O\x1e2i=\
h\xd7\xc7BW\xc9\xe6\xca\x9e\xa8\xf9\x12Y\x02\x0ai\
\xb9\x14\xc1\x86EX\xd5\xa3\x9b\x88 (\x99\xfbF\xea\
\x87J\x83\xd1\xab\xc8\xd5\xb8\xb6i\xd9\xf2I<\xe7\xa5\
\x9f\xc7\xd57,\x1d\x19\xe4\xefZ\x92\x1bT\xe4\x91e\
\x8e\xe1#\x08\xad\x1b\x10c<\xc6Q[\x9e9(\x11\
1\xbf6Ko\xba\xf5\x9eY\xe3\xc4[\xca\x9c\xcf\x02\
pd\xab\xfb\xa6)OZyV(QG\xe6\x8a\xd5\
T\x9c\xc0\xf7R\xef\xfd\x8bc\x10^\x13k\x98\xa8\xf8\
E\xb3\xaf\xc7~\x1c\xfb*\x05\xe4\xfc\x08Jg\xa0d\
i\xe8\xb0#\xb9\x5c\x16joeV^\xaed\x89\x13\
\x8a\x80\x92M\xd3\x81\xeb\x07\xc2\xafZ\xd2\xdd%7\x85\
\x93\xf3\xea\xbb\xdel\x88CH\xfd`|\xa7\xa7\x07\xd8\
b\xf3\x0d40k\x99\x96\xafX\x8dc_\xfay\x5c\
y\xdd\xdd\x16m\xa6\xfe\xd1:Qc4ij\x8f\x93\
\xee\xbdr\x87\x0aM\xca2\xce\xeb\xb4$(I\xdek\
L\x06p\xcb\xad\xf7\xae=\xa2\x00\x8c\xf5*\xd1\xdb \
\xb6\xe1\x04ziSM\xc4\xac\x94\x85~(\x85;\x8f\
\xdaS/\xe5~'\xba\x94\x7f\xd5\xb9\x04\x14\xb1\xba\xa8\
\x99|\x8b\xfa\x89\xdd>\x01\xf1E\x88\x00\xcdov\x5c\
<7j\xc5\xa0\xa3\x1b\xc9U\xcc\xe5b\x8cf\x98\x82\
%k\xf9\xb8\x22\xaf\xb3$\xd2\xa5\xbfm\x18Z\xfc\xd5\
\xcc\x9f\x18Y\x10B\xda\xc8\x13\x12\x80ti\xf3\xc0\x96\
\x99\x8c\x15\xb0\x8b7Z\x80\x9dwx\x84\x1d\xa95N\
+V\xac\xc6s\x8f\xfb\x02\xae\xbc~\xa9A\xd7L~\
\xab\x81\xad\xc3U\xa4\xf1L^DU[\xe66KF\
H~\xb3\x16\x97\xd6\xfc\xca\xa84\xdd\xb8c\xe9\x8a\xb5\
CT\x9b\xc6\xc6\xd6d\x8b5u\x16e\xb7\xc1\xcc\xad\
\xe43t\xc1\xd1\xf7\x92\x0b\x11\x0c\x810\xe8S\xbb\x12\
3\xaaI\x87\xfb\x1c#\x88\xd9K\xe0\xd9mQ\xd6\xf6\
p,\xbe\x0c\xbfDXP\xcd\x18\xe7\xda,\xbd\xd7\xe2\
\xde\xbb\xdf\xfaj\xb0\xc0\xdc\xd0\xcf\x12(6\x7fX\x95\
\x89\xbbH\x1d#'\x13ud\xcc\xa2\x03[L\x9b\x91\
%\xf8\x820`\xe0\xd1\x07nw\xbf\x0f\xfb\xb8o\xd9\
$\x9es\xdc\x17p\xe9\xb5w\xa1\xb6\xcbp\xbbM'\
\x09\xd4\xc8\x7f\x8f\xb5lL\x182\xc8\xc5\xd9m\x90V\
\x91\xf3\x8f\x055\xa8s\x02t\x0c\xc6[\x0a\xe22+\
\xb3kr\xd5\xaaiq\xc5\xf7\x1a&\x02\xe6L\xf4e\
u\xa2_\x81\x95\xd314\xf2\x063w\x8c\xbb\x17\xb4\
\xec\xfa\xa8\x87\xc6+\x94h,d|\x00\xf0\xd3\xcc\xd9\
\x225T\x1f\xc2\x94\x9b\xf7\xb9\x13\x1e\xa4f\x96\xb8!\
\xf1\xdb\x96MO\x1dK\x0b%,m\x89pqY\x84\
\x1f\xd1F\x16\x00\xdd\x06\x11\x8f26\xbf\xca\x15\xca!\
\x16\x84,\x9e)\x1a\x946\x10\xd3D\xc6\x93\x9df$\
`bv\x16\xf0\x18\xf3X\xc5\xdc\x19x\xd4\xbeKp\
\x7f\xd2\xd2\xbbW\xe0\x19/\xfa,.\xbb\xe6N\xa3\xa5\
%1\x93\x22\xa0H[\xb3\xfa\xe1\x97K5|m\xcd\
\xddd?\x19\x06\x08\x0f\xff\x970%\xdc4\x9a5\xb8\
D\xac\x05\xd9F\xe4\xf5x.\xbdg\x86\xeb\xc2F\xa4\
\x0d\x16\xcdS\xfdVfm'\xb4#\xb7\xd0\xfe\x94\x02\
N\xe7!\xabL\xd4\xf7R\xbf,\xde\xa2-7\xf2\xb2\
\x0f_R\x8a\xd3\xc2\xc2SoM\x98^\xc8U\x05#\
\x8c\x95b\xad\x1a\x8f#\x0bu\x1f\xb8\x90!O\x03r\
\xce\xe8;d\xcd\x11\x8e\xf3\x04{\xfe\xe30\x8ae\x0f\
/\xc9\x1c\xa8\x89\xd9I,\xa5\xe8\x90`D\x14\x03\x93\
+'\xf1\x98\x83\xb7\xc7\xda\xa6\x1bn\xba\x1bOy\xee\
\xa7p\xdd-\xf7\xa2#\xc4N\xba\x91\xee\x8eus\x09\
J\x1a\x873x\xb20\x8f\x18;\x85\xadr\x1cE\x8b\
V)\x90\xb3 \xe9H\x88m.\xabq\x81\xbb\xee^\
\xb9Vx#\x22\xac\xbb`n7;\x9c\xdd@\xd9\xa2\
E\x98t\x8f\x92\xf0\x92[\xd4\xe5\xd5\x9b)?k4\
\xa6\xfae=\x94\xf0B\x082w8\xb3\xf7X\xc8a\
N\xedS\xdb\xb7\xd4\xc7\xb4\xbe\x83\xa3\xf1\x15\x98\x97m\
\xca\x8b\xab\xb2\xa8A\x0169\xc6f\xebPr\x9b\x15\
:G\xb9\xc6\xban\x99\xcb\x9dV\xa9el\xa9`\xde\
\x0b\xa0\x88\x88\xad\xbe\x8f\xfd\xfa<\xb8\xe4jNf\x17\
\xa9:D\xb6\x0e\xe3\xde\x02\xc8cN\xd8z\xcb\x0d\xb1\
\xf1\x86\x0b\xb06\xe9\x9e{W\xe2\xd9/\xf9<\xee\xb8\
g\x956\xf3\x95\x1b/\xb8Hu:\xf0\xe7\xed\x06\x96\
 x\x15E\xb7\xa3\xab\xb5<nK\xb2\x9d\x0d<\xda\
\x96\xf3d%\xccJ\x22LN\x0ef\x92J\xc5\xb4\xe1\
\xfa\xf3\x83c\xd0R\xdf-\xb4i,\xbd6\x93\x96S\
\x8axh\xff\x1a\x86S\x11\x90\x1b\x0be\xa9\x05\x10#\
M\x00*\x03\xdb\xd7\x95\xe8L\xfcU#\x12\xec2\xb4\
\xa3\xc2\x12f;\x1a\x81\x02\xd0.\x81\xc5M\xe4\xf2\x08\
\xe8\xd5m\xd9\xde\x92\xcc\xff\xa5\x14\xce&h\xb2\x90\xf1\
\xc3L\xf5\x92)\xc5Iiz E\x0d\xfa\xbd0\xa0\
:m\x1e\xfbw\xf9)\x0fr\xc6=\xc3\xf3\x85\xb6\xc5\
\x98\x19\xfb\xec\xb1\x19\xd66\xfd\xf2\xd7\x97\xe1\xce\xfb&\
[\x22\x16ug\x970\x18-\xf1A\xb9\xaeVSG\
\x96\x94u)F\x1b\x88\xe9+\x0b\xfc\xe4\xd8r\x84\xcf\
\xc8\x97\xd6u\xa9'\x22\x0c\x86\x83\xb5\xc6\xdf\xae\xbbn\
\x8a\xd5SC\xdd[\x853\x0b\x974\xaec\xa9\xe3\xa1\
\xf7>rd\xd1\xd8[\x11\xf4\xa2\xf6V\xac\x04*\x5c\
\x8f\x8b\x5c\x97\x17\x09\x5cR9\xa0r6\xbf\xed\xed\x04\
\x81ZT\xef#2C\x81\x1et\x89D?mK\x82\
`\xf5\xae\x83\xe6w\x157\xa7\x0fF\xb4\xdb\x1d3\xb9\
z\xe2\xf6\x07\x8a\xfa\xc0Fg\xeeGDa\xccg\x09\
O#\x8bR\xc7\x5c\xb5]\xaa\x88\xb0\xe7nk/\x00\
\xae\xba\xe6\xae\x18\xd5\x16^\x11\x97\xf0\xbe\xec\x8cv}\
\x87\x0b+\xc0M\x86\xe2G\x1dn\xf0.Ah\x8dh\
\x8c\xc6\x8dRsF\xe0\xda$\x06c\xaf\xdd\xb6\xc0x\
\xbf\xd2L\xebb#VA4\xbf\xad\x83\xa8{\x13(\
\x15\xf6\xb5\xc8R\xd6\xa2USx\xca*\xf1vI\xa6\
I\xb9GF\xbb\x0b\x12\x9b\xfad\xc1\xa8'\x91\xe6`\
Qo\xe9\xfe\x0d;N2\xaec\xdd\xee(\xf2ba\
\xcf\x82M\xdd\x0b`\x81,\x99\xe9V\xa6\xea.F\xf2\
l\xd4\x16\x1eci\xb8%\xacI\xa2is(\xf4h\
\xdanLO\x0f\xb0\xfb\xae\x9b\xad\xd5\x8d\xb7\x0c\xe0\xf2\
k\xee\x08\xfcd3n\xdd\xc7\x12\xd3\x95\xa4\xb5\xf5A\
\xc9\xf3\x86\x02\xa8\xd4\x07\x86>E\xd7\x9a\x8b9\x96\xc2\
\xa2-\xbf,\x8b]7\x88*T\xd5\x88.\x8cH\x04\
\xc2\xd8X\x0fOy\xfcn\xe2<\x08\x86]\xdf\xa1L\
e\xf2\xb5D\xfd%G\xe0\xd9}\xc8}d\xc8i\xc4\
\xf0\x88\xef6@\xaa\xee\x8c@\xcc~y\x0c\x22\xa1D\
&\xab\xd6\xf2\x946*\x91\xb5m\xd2\xcc\x16\xeb\xf17\
6\x8ctT\xf4\xd8z\xcbN.\x95*jF\x83O\
@\xad\x03\x98\x89Y\xca\x04mCN\x12lY\xb7\xf4\
=\x9a\x9f\xda\xf5\xb0\xaaP\xb9^\xcaM\x818~P\
\xfa\x82M\xa1\xe1\xd44v\xdbu\x8b\xb5\xa1_\x10\x80\
+\xae\xbe\xb3\xf3\x0b\xc33\xda\x92p\x18\xc9\xb9r\x80\
J\xa2O\xcf\x08X\x13\xb2\xa4?\xb2\xef\x18\x0b\x1c\x8d\
mk\x93\xf9\x98\x0fA7U\x0fk\x8c\xdd\xcf\xe3\xd2\
\xff\xe9\x0d\x8f\xc7x%\x19*v\x85d\xdb\xf1\xed\xd3\
\x85\xf8\x86IJC\x0b\x94d\xcc\x9a\x7f\xd1\xa0\x16I\
\xdc\xdb\x17\x9dc\xc0\x96m\xc5X$\xeb\x84\x8d\xad\xdc\
\x9d\xef\x90\xa6\xb7\xad\xd5lm\x17kkx8d\xde\
\x12\xa6|L\x09\xfeH0M~\x91\x19\xa9\x87o\xd4\
Z#y\x08AhMpn\xc9\xb7\xdev\x86m\xfc\
\xb7\xed\x06\x9b\xd6\x13\xb2\x09\xd8~\xeb\x8d0>\xd6\xc3\
\x1am\xfc\x11\xf1\x83K\xaf\xbcM\x98p\xd2\xb8\xd3I\
\x1f\x8cZ\xc2$\x81\xcd\x99sy\xb0h\xc4\xe0Y\xa6\
\x91\x8bWJ\x02'\xc7p\x12\x08\xfet:+\x94\xb2\
\x8f+\x09y\xbd\xf6\x8a\xef\xb5M\x8f\xd8h!N\xfc\
\xf8\x0b\xd1\xaf\xe4\x98\xc7G\xc3\x01\x9e\xf9\xd9\xbc\xb5>\
\xb7\xc3q\xa4\xf5\xd8\xb6\x12\x0d\x13\x9b\xdf\xde\x95\xd3k\
\xec3\xae\xbc\xee&\x87\xdd\xb8\xcd\xe6?\x9d\x9aS\xc1\
s\xdd\x0f\x8d\xa9\xbc\x1fW\xbf\xf59\xbd\xad@y\xf6\
B@W\xd9\xc6\xac\x81j\xb1)=\x165e2\x83\
\xb73*\xd8\xd7\xbc\x0aL\xb5N\xf2J#VN\x19\
\x1a}\xd6Zu\x8b\x17/\x9c\xd1\x9e)\x8175]\
\x83x(^\x07.G`\xf6\xc5\x15\x92\xe8Z\x9a\x8a\
\xb3B\x8e\xc22\xaaj\xb2\xec\xa0Y\x82!\x09G#\
D/\xc9\xb5\xff4\x1c\x9d\xc9\xc9\x8c\x8d6X\xbb\x19\
\x14\x09\xfb\xbe{-\xc1w\xbf\xf4rl\xb1\xc9B\xb1\
\xe6+\xb7o\xb7\x07y\xda+]\xb8!(\x95\x82\xef\
d\x85\x8c\xa7=\x7fBNYLXz+\xd3\xbcv\
S\x22q\xaba\xca0J\xa8J\x0eG\xaa3\x07\xc7\
\xb5\x8b\xady%(\x1d\xdcZ\x5ci$z&f\xd3\
\x80\x06#2\xd7F\x19rB\x03(\xbb\xb35g\x05\
\xc3\xa7h\x7fl\xfeE\x81\x98\xf6\x99\x81M\x17\xaf;\
\xab\x00\x5c\x94\xaa\x1e\x89\xc8\xa9\xd0?\xdd\xa8\x93\xd2\xac\
\x11\x1cz\x9dW\xfe\xcb\x90\xf3\xd9T\xe8\x9b\x18~\x96\
\x03\xac\xafZ\xb3\x83KA\xe0t\xf4o\x0e\xbf6\x01\
\xaf\x0a\xf3\xe6\x8f\xaf\x1d\x02\x0d`;n\xff\x08\xfc\xf4\
\xdb\xaf\xc3{\xff\xe5\xc98d\xef%\x98\xe8\x11&W\
\xadn\xcf\xaf\xf3\x1a_\xf7*b\x85\x8c\xbb\xbc\xb3\xd2\
\xe8Oe\x16\xcaq\xd4\xca\xc43\xb0?\x18D\xbb\x9f\
\xd23\xf7\xf6Z\xae%O\x92k\xf1#\x1dd\xddO\
i\xdf\x91\xfa\x0d\xb0\xd0\xdc\xca\x89\xe2\x8c\xb7H \xe9\
X\x88\xecg\xa6\xab~\x0a\xa2x\x89\xa4\x8bx\xf2\x92\
\xda%\x0f\x8c\xef`\xce\xab\xe2\x02\xca\xdfo\x037b\
\xf4\x12\xaf5W\xbe\x19\x17\x22EV\xa0C( \xa0\
\x02c\xdd\x85sG\x9b}#\x12\x01\x983g\x1cZ\
\x84\x91\xc7\xad\xf3\xc5\xbc\xae\xcaQ\x04]\x7f\x22\xe1\xf2\
:0\xe3+wF\x07)LJg\xcbp\xb1\x1bO\
\x89v\x7f$\x96N\xf3\xe6\x8e\xaf5\xfe\xa2\xd4\xebU\
x\xd6\xd1\xfb\xe0YG\xef\x03\x06p\xfd\x0dKq\xfa\
\xcf/\xc5\xa7\xbf|\x16\xee\xb9o\xd2hNI\x8bZ\
\x9bj\xdc\xa5\xae\xc9X\x88\x9d\xd5\xf7\xeaB\xe3C\x0b\
\x01\x0a\x7f\xb5\xedwz\xc0\x0bP\xd9\xaaf\xd4\x18\x0a\
1j\xad\xfb/\xf5\xbf\x84\xa0\xe5\x98\xce\x0d\xce\xd6/\
\xdbz\xa0\xe9\x8d\x0cM\xc8iy\x12\xfc&\xb6\xb5\xc5\
2\xc2\x22\xcc[\x02\x8c|V_\xd6q\xd9\xc8K7\
\xa3ZsT\x0eJ\x12B\xa2=\x92(0\xf3\xc3B\
x\xb0\xc33a\xd1\xc2y\x98m\xb2\xfa\xa5WUx\
\xc5\x8b\x0e6\x03\x1c\xf9\xaf\x80>\xa3P\xd4h\xe2\x92\
\xfa\xb24.0\x975qc\x7f\xb4\xb3\xc5\x94$\xb5\
.\x93\x1f7\xdf[\x19p\xd2\xe0o\xb4\xe1\xec\xf1\xb7\
\xa6\x89\x00l\xb5\xc5\xfa8\xeeE\x07\xe1\x8c\xef\xbc\x0e\
K6[W\x04\xc1\xfc\xa8X\xcb\xc0E\xea\x99u\xe5\
&\x8f\xa6\xdc\x08\xf3\xa1\xeet\x1aZ/N\xb3\xb1\xad\
\x943\xd3\xbev\x02\x22\x8b\xa3\xe5\x07fQV\xbb\xd9\
\xb2N\xa5.\x88\x1c\x17eHG\xf1\xb1x\xd7Z\xb9\
\xc1I\x99\xd1=\xbe6F0\xda\xc3o\x14\xa66\x8a\
\xfc\xce\xa8\x00\xdd\xd2\xd7\xed<\x05\x13\xd8\x8a\xe0\x91\x16\
\x1e\x80M6^8C\xe4\xa7\x00w\xfb\xe2\xf5\xaf<\
\x0cs\xc7z\x99\xc6\x94\xbe\xd6VH\xd8\x0c\x17*V\
\xaf\xb5\x89+\xf7`:&\x8eb\x0e\xdd\x14\x96`\x08\
\xb79I\x00CYt\xeb\xbb\x1b}\x9a7w\x02\x0f\
EZ\xb8`\x0e\xfe\xed-OF==@i\xc0\xc8\
1Z$\xc4b\x1b+\xc0\x9aH\x9a\x9a\x03Q\xa8\xa8\
L2\xa1tB\xfc\x89\xc0QMeb\xb4#@a\
Y\xe3\x0e\xb1/\xa3wvX\xe5\x95a\xd0\x98\xa1\xf6\
\x16g\xdbd\xe1\x10\x0a\xdf\x8dD\x8cF\xb3\x0b\x0d\xad\
=\xd7\xc8$\x12e9\x97R\xb2\x8b\x8c\x05P\xd0\x5c\
``\xf5\xaaI\xec\xbd\xf7VX\xdbD\x00&&\xc6\
p\xd8\xa1\xdb\x09x\x82\x16\xa5\xd0\xb1\x0c*h\xd0J\
s\xbd\x1fL\xd6l6\xfe\x84\x1b\x08\x0cq\xb3$\xd2\
\xa6\x8cq\x89;x\x98}/J\xb6\xc8}\xcb'\xd7\
\x1a\x7fk\x9a\x0e\xdc\x7f\x1bL\xafN\xab\x0e\xc9\xfc\xb3\
q\x14\x89\x0b!\xe8\xd4 XK\xc2\x0f\x92\xb6/\xac\
++5\xaf1\xae\xc9\xba\xa3d\xea\x80\x1e\xd74\x1e\
\xe4Y3\xc6}\xd6\xe12\xaaQ\xb2]d\xdf\xe3\x88\
\x84\x84)\xae\xa5\xd2\x81\x18iV\x19\x84R\x09\x89\xb1\
\xc1cMf?<\x91\xf6\x89| Fw\x0d\xf8,\
\xb4:\x0f\x19\xf3\xe6\xdd_\x0d\xc6X\xb4p\xfe\xcc\xb3\
\x886f'\xdf\x1b\x1a\x95d\xc2\xc5\x0a\x8d\x80\xe9~\
\x97\x07\xb7\xfb\xafj\xcf\x98\xfc\x85\x93\x81J\xd6\xdcM\
\xb7\xde\x83\xbb\xee\xe7\x99\x00\xb3MSS\x03\xf8;\x0c\
\xecY\x92\xa6\xaf\x00r\xccH\x15\x83\xc6\xb8w-\xf2\
\xdb\x92\xd0\x90xNt\x9c\xf9B\xb2\xa8\x16\xa9\x9a\xce\
S\xb5\x84F\xf8r\xd4\x07\xd7\x9e\x14\x1f\xfa7T9\
\xad\x1cu9\xed0k\xec\xf9(Ce\xd9VO9\
eD\xd8s\xecU\x0c@\xa1\xd4\xa2W\x0fB<\x87\
\xed#\xb2\x1aU\x1c\xe7\x0c\xf08>o\x0e~u\xd6\
\x15\xb8\x7f\x89p\xc3\xcdw\x9bEx\x0cu\x16Aa\
\x08\xbb\xefnO;+r\x22\xc7\xaa\x1a\x07\xea\x17E\
\xbf\x0d\x1cJ\xf5G\xd6\x83.S\xd2\xad@c\x01\xfd\
\xe7\x07O\x8dC\x07\xf73Y\xfd\xfc\xbd\x1f\xfd\x09\x13\
s&\xcc\xdb\xf8:-\xe52\xb1|\x96\xae\x8f\xee\x9f\
\x8d\xa9\xa4z\xadA\xacgk\xb4d\xa7\x00:\x8d\x9a\
H\x12i\xff_\x07\xef\xec\x01\xa7Z\x9d\xe6r\x11\xf5\
\xcb$\xad\xe6\xd4\x12\xabzr\xefc\x18+\xd7\x00G\
\x8c\xc7F~\xb0\xa9\xca\x22\xda6dM\xb6\xe8{\x14\
\x082\xa8WD\x9e^\x19X\x08\xf8\xefO\xfd\x0c\xf7\
\xdc\xbbv\xfb\xd9\x99\x19\x97^~\x0b~~\xf6\xd5f\
j\xad\x8dct.S\xd4W\x91\xd7ij\xebEj\
\xe2\x8a\x22\x04\xaaS\x1d\x0cP\x84\x1e\xb7\xad\x05s\x84\
s\xb9r\xce\x131\xe1\xbb?\xb9\x00\xcf~\xe9\xe7\xf1\
\xa3\xd3.\xc4\xbd\xcbV5WO\xd5\xdc]A\xd5\xfd\
\xab\x19u\xf7\xaf\xee\xfe\xb9|\xe2\xea\xaa\x9a\x19\x83A\
\x8d\xd3N\xbf\x18\xef\xfe\xe0i\xa0J\xba|\xb1\xfb\xe9\
]&6\xf9\xacEP2\xdf\x04\xad\x89\x15x\xda\xb0\
\x8fa\xd0Z:\x12\xb2Q\xc8\xcd\xe7\xb2#N\xc5\x9c\
R1\xc3\x89\x89\x98\x0f\xad\xd5\xe9s\xab\x91\xdev\xff\
w1\xa9\x8e\xc5\x1d\xf2\x06\x99\xcd\x93%\xa93t\x09\
P\xa7\xd5\xa6\x1a\x95\x197\x8a`S\x0e\xbb\xd4\xd8\x0c\
B[\x9c\x01l\xba\xf1:\xf8\xe4\x7f=\x1b\xbb\xee\xbc\
\xe9,O\x05b\xd4\x0c\x5cx\xd1Mx\xd9\x1b\xbe\x86\
\xbb\x97O\x16@\xb1p\x92\xf9\x12\xf9Z\x86h(k\
\xb0\xce\xb5a\x8ba\x16x\x93\xed\x9aTBY\xf7\xde\
\x86\xb2\xa2\xbeD\xcf\xcd\xef\xba\xae1\xb5z\x1a\x8f\xd8\
p\x1dl\xb8\xe1\x02l\xb4\xc1\x02\xcc\x1d\xaf\xf2\xb5\x03\
\x0c\xf4z\xbd\xd6]b\xa4;R\xaa\x8aP\xd7@\xcd\
\x8d0\xa8\x19\x98\x9a\x1e\xe2\xbe\x15S\xb8{\xe9\x0a\xdc\
v\xe7r\xac\x9e\x9aB\xaf?\x96\xdbU\xa0\x8c\xc2\x83\
\xed(:\x1cZ<\xe7{\x19\x09\xb1+\xc5#\x9e\x03\
\xc4\xb64+m\x07\x8d9\x8d\xbf\xfc\xdfR\x9d\xd9.\
\x8c\x1c\xec8\x99)\xf5\x22A\xd8\xf6<_\xd2v\xfb\
\xbf\x8b\xa3\x0c\xa3\x03\x0f1\xc2\xec\xfej\x1b\x98\xf0\xc2\
\xc1\x0f\x94o\x97\x10\x13\xaa\xf8\x16\xf9\x83\x150\xb5z\
\x80\xc3\x0e\xda\x1eG=~\x17\x1cz\xf0\xf6\xd8h\xfd\
u\x5c\xa7\x98\x81k\xae\xbb\x13\xe7\xff\xe9\x06\xfc\xe4\xe7\
\x97\xe0\x8c__\x81~\xbf*\x08\xa7\xd2\xb3M\xb3!\
\xb4Q\xe5\x12^\x92E&\x18\xc4X\xfd\x14\xd6\xb1&\
\x8c^z\xb6\xb0S+\xb8\xb2\x09\xdel\xf6\xa9\x90m\
\xc3L\x98v\x19y\xde\xf9-.\xc0\x90\xb1&\x95=\
V71\xbef\x10\x90V\xb8\xb0\xef\x1b+Z-\x09\
\x02\x12\xe3aa\xb4i6\xf8\x97O\xda\x0es\xaes\
\xd8\x0c\x05\xf5\xcc\xc4;\x1eV#\x00rA]\x99\x94\
\xac%\xe2I\xb2.\xd05\xc4`\xa6\xa0T4\x80\x9a\
(\xb8\xb3\xd4\xb4\xa0)A\xe3zB\xcd]uS\xab\
\x07\x98\x18\xeba\xbdu\xe7b\xee\xdc1\xd45p\xdf\
\xb2U\xb8\xf7\xbe\xd5`\x00\x13\x13}\x7f\xc6'{X\
c-owzId\x97J\xea\xe7\xcc\x1f\xc9\xd5\x89\
\xfcv\x8fWu\x19HH\x1b\xb1\xe0ad\x0d\xaej\
7\x96\x83#\xfc\x88\x91F\x1bn\xf0Lh\xeb\xb1B\
\x8eE\x9d\xd2G'\x8d\xa3N\xabG\x16\x99\xb5^\xc9\
\xe06B\x98\xd5\xac\xd62\x96\xf9\xacC\xe0\xdfX8\
t\xd2\xcb\xb9di\xbbh\xcesFy\xc05g\xa4\
\xf2V\x19\xe7\xd4/I\x09\x1b$\xb11\x81\xf2@\x07\
\xbf\xd9\x93\x9f7\x97\xec_*\x84\x0d\xcc\x0a\x83\x91w\
\xcc7\xf4Q\x11a\xce\x9c1\x80\x80{W\xac\xc6\xbd\
+\xa6\x1a\xed\xc5\x84\xf19\xfd\x805\xa0$\xbd\x9c&\
*]\xb1\x94\x07/\xfa\x0aSW\x1e4\x19!\xd0\xed\
\xc21\x01\x95j\x96\xccnVT\x86I\x85!\x0c\xcc\
\xd1\xcd\xbe\xb2\xfe\xe8\xf2\x8d\xd4^q,H\x97u\x02\
\x83\x0dL\xb6\x0f\x16F\xd1\xef\x90\xcf\xb4P\x88\xb5b\
\x8c\xcb\x88.I\x15\xd5\xc2&:\xf2.\x0b\xa9\xfc\x8e\
\x83\xbaH\xe0\xd5nu\x96B(\x8b\x15; \xbe\xf3\
\xb2\x5c\xc2\xc2(\x97\xbd\xcaU2$\x00\xa5}X6\
\xb1\x01\x8e\xe0Q\xcf\xc5\xdc\xf2I\x82\x1a\x10\xa0\xdc:\
,W\x8e\xc9\xd9\x09I\x7f\x04\x84\xdc\xc8M\x19\xae[\
\x86%\xf9\xc1\x16\x94\x02\x89\xc1b\x1b'\xb7\x83\x9c{\
$\x98\x9b\xd2\x08\xcb)\x19\x097\xc7\x03J\x01\x1dG\
\xf8\xa7\xc2\xf7\xa4\x11I\xb6'\x06\xbe\xf5\xd3c\xc1*\
G\xc3p\x16Ij\xe5.\xa7\x8d\x96G3\x1f\xce\x92\
p\xf9(\x0b\x0e\x02\xf2F\x1e\xd3/e\x12\x8b<,\
\xca*ef\xc8\xdf|\xcf\xf4I\x01\xac\xa2\xdf\x0a=\
9\x8ft |Y\xffh\xc91\x9fUQP\xaa$\
\x07\x99\xf5\x0d|\xc5\x86\xa4#!W\xd0F\xb3=\xcd\
\xef\xcavH\x02\xac\x91\xa5?\xa6R\x9e\xcf\xb2N\x93\
R\x8f\x83\x1c\xb1\x88)\x08\x1d\x07\xbb p\xb2u\x9b\
2%kL=S\xe1\xa3\xd0\xfeV\x1b\xb3]\x14\xe2\
S\xc6c6?\x03'\xa9m\x923\x9d*\x18\x22\xe2\
\x12\x0cd\xf1\x12\x16#\xd1\xbea\xccQhi\xe1\xd2\
g\xf1\x9bM.\xcew*\xe02\xbc\xc8C\xc2a\xdb\
If\xbb\x19|\x0e\xeaP\x92_\xd4\xd7\xfd\xd4\xe5\xb4\
\xd1lG,Y\xa0R\x88\x90\xeagb\xafQ\xee\xa7\
\xaf\xb7\xf0\xd4ET\xe5Vn\xee\xdeY\x96\xe0\x11\xf5\
[R\xa7\xb8\xc5\xee\xb9\x8a^\xfa\xa2V\x12z?W\
7\x1d\x9d\x17h%\xaf\x14\x15\xb1\x88\x18-F\x05a\
$\xb3Lj\xc4\xce,-T\x9dj\xe1Q\x08\x95b\
7\xff&S\x8f#\x02\xc1\x80roX\x97\x9f\xe42\
\x0f]\x03\xab\xff8\xbda\x1a\xd58\xd7\xdb`e\x1e\
\xad\x09\xa4\xf3\x11\xed\xd0\x8f\xc7\xa3\xec\xcb\xa6~\xa2k\
\xa1\xc4T\x81\xd0J\x83\xd0\x8e\xa3*_\xf4\xd9m\xdf\
\x03\x81C\xb9\xa7\xca\x85\x11e\xca\xcck-\x89\xb6_\
\x22\xee!\xf7u\xa6.HK7\xb2u\xe3v\x12Z\
\xb4e\xc8\xc8\xef\x226\x80\xca\xed\x9f\xac\xd3\x18\x079\
\xdd^\x80\x022\x9d\xac\xb4\x10\xf9\x81\xb5\x1b\x7f\x12y\
PT\xde\x00\x9b_EZ2\xb5W*G\xba\xfc\x08\
\xba\x8dk0\x04\xac\x14T\xc9\x87\x85\xe6\xd5\xb0n1\
@\x8cvjR\x12\x19\xeb.\x93\x11>\xb6b\x19\x8d\
\xa6\xd4W#0\x14\xc1\xda\x9a\xb4\x11\x5cN\xa3\x98/\
\xf7\xcd\x9f\x9b \xc7?6\xbd\xa2\x1b&\xd5\x94-S\
`4\x18\xc1\x1c\xdeN\xdd\xe2Bv\xba\xcbg\x05*\
\x99\x7f\x01\xce\xc9\xf6\x8b\x05\x0crC\x9a?\xf8k$\
}:8\xa4R\x8c={\x09W\xac\x1a\xac2\xa6\x0c\
\xa3\xc9\xc9\x80=\x13\xd0\xed\xbbS\x0dG\x9e\xb14-\
\xa5\xcc\x0bOh1\x9dHL\xc0\xa8[a\xd7\x1e\xb1\
\xc4\x0c\xa0\x06\xb8\xd6\xec\xd8U9j\xc0B\xac\xe4T\
\xb7\xc4\xca\x00\xa1\xee\xdcb\x89\xb0p\xc1SA\x90t\
\xf8\xea\x00m5Ep\xbb\x8d\x1aV\xe1N\xe8\x0a\xf3\
Y\x08\xd2\xa2\xe1B\xeb\x89\xd8\xe3\xa3\x03#\xfc0|\
\xad\x14\x10x\xa9\x1e\x0b\x8de\x22\x80\x8bD/\x98\x97\
\xcc-<\x0a<\xe1j(\xd3>\x10n\x9d\xea\x15\xc2\
\xc6\x11jK\xa3*\x80\x99Ll\xdb\x97\x163\xdd\xb4\
4\x07\x16\x0e\xc4\x1856\xdepPc\x83u\xe7a\
\x9fGn\x86-7Y\x0f\xd3S\x83\xe0\x5c\x09\x8b/\
\xf1\xdb\x09'\xab\xc5m\x19\x0e\xbf\x86\xf1\x08\xc8\xa0\xbb\
T\xca\x84~\xe7\x1f9o\xc1W\x92\xc1\xd5F\xa4%\
\x1a.\xd4!\x0d/fB=$l\xb9\xf0>l\xba\
\xe8>\xac;g5z\x15cj\xaa\x8f\xbbV\xcd\xc7\
uw/\xc4\xed+\xe6cbl\x18\x06\xa6-\x9d\x8e\
4R\x09\x98\x9a\xee\xa3\x02c\xa39+1\x7f\xce4\
z4\xc4\xe4\xb0\x8fe\x93s\xb1t\xf0v\xd9\xa0\x00\
\x004\xa0IDAT\xd5\x04&\xc6\x07\xda\xc4\x0f+\
\xf2\x8d\xd8\xb3\xdbV\xaf\x1e\x03\x13\xa1_1jf\x0c\
\xeb\x1e&\xc6\xa7P\x91>?)\xaa\xb8WUyX\
)XP\xd5!1_L\xd1\xd0\x8e\xcc'\x09\x95\xba\
\xb8\x02\x13\xa1\xeeN\xfa\xb5\xb7\x13\x8d\xea\xa8@~\xb2\
\x82:\xd3\xdc\x8fn\xc2Cy\xc0\xa4v\xb6\x0cm\xda\
10T\x15e\x0b\xa1\xeb^\x83\xe7T\x9eA\xe8\x89\
[I\xe4\x04X]s\xb6 Y\xb6\xe9\xe1\xa5\xaai\
O\x9f\xe5\xdf\x8a,NB\xa1\xa9\xb9G\xc0\x07\xfe\xfd\
h<\xe5o\xf6\xe8,\xb8?]t\x13\xfe\xee\x1fN\
\xc6\xed\xf7\xac\x10}\xc8}\x0e#\x08\xae\xdfm?\xba\
\xc5L\xf6{i\xcc\xec\xb8D\xbf\xdbR~\x1d\x80\x96\
T\xd2s\xf7\xdf\xf3st\x1c\x922\xfe\xdbk\xa3\x07\
\xd3=\x1c\xb5\xf3%x\xc6N\x97\xe2\xa0-n\xc4x\
\x9f\xc1\x83\x1eP\xb7\xa2\xa5\xaa\x81^\x0d\xae\x86\xb8\xf9\
\xbe\x05\xf8\xf1\x15\xdb\xe2\xc4\xf3\xf7\xc6\xcd\xcb\xd7AE\
\xe6\x0c\xf7\x82{\x9c\x08jz\xd8\xc7\xfe\x9b\xdd\x88'\
\xedp\x19\xf6\xd9\xfcf\xec\xb8\xfe\xdd\xe8\xf7j\x10\xaa\
f\xf0Zp\xef\x9d\x1c\xc7\xefo\xd8\x04\xa7^\xb5\x1d\
\xbe\x7f\xe9\x8e\xa8\xd1\x9e\x8a\x1b\x12\xb2E/\xa1\x1e\x10\
\x9e\xb4\xd3\xe58|\xc9\xd5\xd8g\xf3[\xb0x\xfe\x0a\
\x8c\xf5\x1b\xebe\xd9\xe4\x18\xce\xbfu1\xce\xb8f\x09\
\xbew\xe1nX1\xec\xb7\xd6\xa8\xd6\x0c\x83\xa9\x01\xfe\
\xe9\xb5\x87a\xd1\xbasU\xb3\xac\x06\xbf\xfdi]h\
\xf1\x998\x07_S9f\xa0\xaa*\xbc\xef\xa3g`\
\xd9\xe4\x14b\xa2\x8f|\xc4(\x05\xbew\x07\x9b\xaeS\
\x1fz\xea1\xe7\xeb\x8d\x08\xbf\xf9\xbdzr\x80\xf7\xbc\
\xe5o0\xd6\xd7n\x05U\x84\x0f|\xe6L\xdcs\xdf\
d\xfb\x0c<\xfd\x88\x9d\xb0\xd7\xee[\xa23r[M\
\xfc\xc33.\xc3o\xffx\x9do\xcb\xc0U\xd7\x8c\xa7\
=a\x17\xec\xf3\xc8-P\xb5\xb1\x84&\x0e\xca \xf4\
p\xf1\xe5\xb7\xe2\xe4S\xfe\xd8\xbe\xaf\xf1\xe6W>\x16\
\xaf:\xee1\xae\x87\x97\x5cv\x0b\x9ex\xec\xa71>\
\xde\x8b\xfb)\x5c\xd4<\x86~\xc3\x8e\xcf\xef\x95\xad\xe5\
7\xa9\xb0G\xa9\xc7`%\xe0L\x83Sz\x8e@\xca\
iP\x13\x1e\xb5\xe5\x8dx\xff\xe1\xa7c\x8by+\xc1\
\x5c\x81\xb8\x02\xa8\xf6Mw\xbf\xdbMH\xe3\x03\x9ct\
\xc1\xaex\xef\x99\x8f\xc1\x80+k%\x06\x03Xa\xbf\
\xcdo\xc0;\x1f\xfbs\xec\xb4\xfe\xbd\xc0\xa0\x07\xa2f\
\xc5ZW8sLS\x8a\x87\x00*\xdc\x83\x1e\xfe\xf3\
\x17\x87\xe2[\x17\xee\x8a~\x7f\xa8\xfbf\xba5\xac\x09\
\x7f\xb3\xfdex\xfb\xe1\xbf\xc2#\xfa\xab\x1b\xe9\x5cW\
\xa0\x8a\xd0\xb80\xb9 s\x8dU\xfd\x1a\x1f=\xe7\x00\
|\xee\xb7\x07\xa0\xea\xe9\xcb7\xa7V\xad\xc6oO{\
\x0b6Y\xbc\x10k\x94f\x96Qm\xff\x80\xc3\x9e\xfa\
!\xdcx\xfb2?f\xd6\x0aT\x0c-_\x90\xc7\xbb\
\xcb[\xa0\x0f5/\x1eV\xa0\xe12\xd6\xee\xaaUS\
\xb8\xe2\x9cw`\xee\x9c1\xd7\xaf#\x9f\xfd\x09\x5cs\
\xfdR\x80\x9a\xd3\x87\xde\xf7OO\xc0\xd1O\xd9\xcf\xe1\
\xe0??x*\xbex\xf29q\xb3I\xd5q\x8d#\
\x1f\xb3\x13>\xfe\xfe\xe7\x84!\xa8\xe5+V\xe3\xa9\xcf\
\xff4n\xb8\xe5>0\x18\xab\x97\xaf\xc2Eg\xbf\x03\
\x0b\x17\xfaCT\x99\x81'>\xeb\xe3\xb8\xea\x86\xa5\xce\
\xb8O\x81\x7f\x164\x02\xb0\xbe\x8c&\xc4\x91w\x03\x1c\
\xee\x94\x02P\x8d\x88\x9e6\xa9\x1f\xbd\x94\xfe|d\xe6\
\xdb\xe3\xac\xcb\x005\xa6\xfep\x08\xbc\xf51g\xe1\x95\
{\xfe\x11T\xf7\x80t\x0cAe\xe5W\xf2\xcb\xda6\
\x93\xc6\x1f\x8c\xe1\x85;_\x86\xc3\xb7\xb9\x0e/\xfe\xce\
\xd3p\xcd\xdd\xeb\xc1\xad\x8ak\xa7M\x06\x03\xc2?=\
\xe6\x17x\xc5^\x17\x82\x86=`8\x06u\x8b,\x89\
\xfe$3\x94\x19D\x0d*\x16\x81\xf1\xfe\xc3~\x89\x83\
\xb7\xbe\x1eo:\xe5\x09\xa8z\x02/\xa2{\xd3\x83\x0a\
\xef~\xfcix\xfe.W\x82j\x02\xb8\x95\xf2U\x82\
\x05\xaa Q\x85yu\x85\xb7\xee{.\x1e\xbf\xe4j\
\xbc\xec\xbbGc\xd9`\x0c\x94\x98\xa2\x96q\x935H\
\xb3`\xfer\x01\x1b\x8fHv\xb5\xa5\x88\xc0\x0d\x09c\
\x19#\xfc4\xb7\x84\x96f\x16<BC\xda\x15s\xae\
\x1d\xca\xf9\x98\xfd\xa5&B\xd6\xb7/,\xed5\x15\xec\
\xb6\xc3#\xf0\xa1\xff<&\xba\x9b\x06S\xc3!\x8e{\
\xddI\xb8\xe1\x96\xfb\x00\xe4\x15{\xf3\xe7\x17\xb6\x9f\x13\
\xb0\xce:\x13\x22\xd4\xd0\xc09=5\xc0\xeb^\xf6h\
TT\x81\x88\xa5\xa1\x83\xaf}\xf7|,\xbd{\x05\xd4\
\xf6{\x16\xfd&\x09\x7fF\x9a]\xce\xdcY\xeejl\
\xfd(\xf5\xf5K=\xd0\x9e\xc9\xad\xa91B\xfd\xb4~\
\xde\xa0\xae\xf0\x1fO8\x1d/\xd8\xf1R\x10\xf7C\xe6\
\x80\xa9YA\x90\xe6C\x99\xb0\xe9\xc4$\xbeu\xec\xc9\
x\xc6\xd7\x8f\xc5u\xf7\xac\xa7\x89\x86\x9a\x98\xc2\xbf\x1e\
\xf6\x0b\xbcd\xb7K\x1a\xe6\x1fI\x98\xa2M3\xda\xc4\
\xc0S\xb7\xbe\x16\xab\x9ep:\xfe\xf5\xb4#\xd1\xeb\xd5\
\x0a\x87\x83\xba\xc2\xbb\x1f\x7f*\x9e\xbf\xf3\xe5\xa0\xbao\
\x10\xccP\x0b[\x0c\x13\x11\x08{op\x0f\xbe\xfc\x9c\
o\xe2\x98\x93\x9e\x9b\xc2\x90\xe05e\xffYj~\xdd\
k\x1e]\x81\xbab\xcdj{\xb2td\xea2h\x88\
\x80S>,\x8d\xa8\x8b,_\x8e\x8e\xcf\xa8\xb8\xd7\x88\
\xb3\x16\xc9<t1\x8d\xa6\xfc\x16\x8b\xd7\xc5\x97>\xf5\
\xb7\x18\x1f\xeb\x07M0\xfe\xfe\xad\xdf\xc4y\x17\xde\xa4\
\xc8el\xce\x1c\x9cs\xee58\xf0\x80m]\x99\xa9\
\xd5\x03\x5cv\xf9\xad\x0em\xc3\xe1\x10ox\xe5a\xe8\
\xf5<\x9c\xbf\xfc\xcd\x15\xb8\xe7\x9e\x15\xa8\xcd\xf0\x90\xec\
\x99\xdaX\x97\xe8J>\xcb\xd5\xab\xa3\x5c;J\x97\x83\
J\xf6\x97\x18'\x95Y\xd2\x04L\x83VcP\x1b\xa4\
z\xfe\xee\xe7\xe3\x05;_\xda4\xa5\xce`o\xca\xd6\
\x0c\xd4\xe3\x03\x5c\xb3j..Z\xb6\x10\xb7O\xf71\
\xecO75\x12\x1bAAXH\x84/\x1d\xf3\x1d\xcc\
\xe9M\xa3\xee$\x5c\x93\x0eYr-\x8e{\xe4E\xe8\
\xb9\xb9\xa3\x86)k\xd4\x18\x8eMc8g\x12\xc39\
+1\x9c3\x85\x1a\x00\x07\x07\xa3ULx\xce\x8eW\
\xe0\xa0\xad\xaeA]\xd7\x82.\x19O\xd8\xf6\xcaF\xf3\
s\xbf\xab?-\x0c\xa9\xa9\xc62b\x5c\xb4b\x1d\xdc\
\x0bdm$\x09\x94j\xec:\x7f\x05\xde\xfc\xe8\xdf\xa0\
\xae\xf3 \xd5\xc3h\x0b-\xd4\xdf\x98\x98\x9b*\xb8\xf0\
\x0fi+nr\x83J\xc1\xa2\xb6\x80\x9c\xaeT\x8d\x89\
>h\x1a\xe9\x02\x16\xbeN\xf9W\xd1^R\x04\x81\xa0\
\xe9\x8a\x8br\x5c^t\x93o\xd9m}\xfe\xc0v\x97\
\x86_\x87\x03\x11\xa5_4\x7f\x1c'}\xfaEX\xb8\
 6\xe5\xff\xfd\xfd?\xc2i\xbf\xbc\xccT\xcd\xe8\xf7\
{\xf8\xb7\xff\xef'X\xb6|R\xdc\xdc\xdel\x93~\
\xd7\x7f\xfd\x10\xab\x06\x0d\x8d\xabR\x85[\xd7\xd2\x0eQ\
\x96\xf8\x16c@]\xa6Hi\x8a\xbf\xb2\x8f\x12\xb9\xc1\
\xc1+\xfd(|\x10\x07\x87\xa4\x0f\x17\x98\xee\x06\x10\x06\
\xb0`b%\xde\xf6\xe8_\xb5Z2}\xceB\xe3\x9e\
\xba\xc2\x07~{\x00\xbe\xff\xe7]\xb1tz\x1e\xc6\xea\
!\xa6\xb8\x87%\xeb\xdf\x83W\xed\x7f\x0e^\xb0\xcbE\
\x8di\xdd\xad\x8aj\xb0\xb7\xc9\xf8\x14\xfe\xe5\xb1g\xe2\
_O;\xa2\x09\xc1\x8215\xd5\xc3\x9b\x0f>\xabu\
14\xf8\x0c\xe0\x92\xfb\xe6\xe1\xb3\xe7\xee\x83s\xae\xdf\
\x127\xde\xbb\x08\x15\xd7Xw\xde$\xf6\xdd\xf2z\xbc\
b\xbf?`\xff\x0d\xefhb\x12\xa2`\xc5}\xbcl\
\xdf?\xe2\xac\xeb\xb7@\xba)k8\xac\xf0\xb6\xc7\xfe\
\xa21\xfb%\x81q\x8d;\xeb>\xde~\xc6\xe3\xf0\xa3\
\xcbw@]\xf7@\xa8\xf1\x84\x1d\xae\xc4\xfb\x0f;\x1d\
\xeb\x8f\xcb\xcb6\x9b\xc1<n\x8f?\xe2\xf3\xe7\xec\x83\
\xa5\xab\xe7\xa2?1\x81\xf7|\xf0'X8\x7f\xa2\xc1\
N\x9d\x03\x9e\xc9\x9c\xab\x87\x03\xfc\xfb\xdb\x8e\xc6\xfcy\
\xfe\xc8\xee\xcf\x9f\xf8+\x5cv\xd5\x9d\xc6]\x17n\x15\
\xd5\xb8\xf9\x8ee\x99@x\x14\x11E\x1a}D\x0a\xf3\
EA\xb6\xac\xd6\xedFG\x99\xb5\x01O[\x02\xa3\xc0\
P\xc6-\x97\x04\x9chO!\x891^U8\xf1S\
/\xc2\xa6\x9b\xac\x17V\xfe\xf9/\xfd\x1a_\xfc\xc6\xef\
1\xd6\xefA\xd3|\xf3\xf3\xaa\x1b\x96\xe2qG\x7f\x1c\
\xc7<ywl\xbax\x01\xee\xbeg\x15N=\xf32\
\x5cz\xc5m\xe8\xf7+\x03M\xb9'NGK\xa3K\
\xadJ,\xd4\x97\x18_\xf1)\x87YS\xea\xeb\xd1\x8b\
\xb6\xf2\x06\x95\xa9]X\xd1 \x03C\x00\xaf\xdc\xff\x1c\
\xccE|\xc5\xd4\xd5\x93\xf3q\xecW\x9f\x8d{\xa6\x1a\
\x82\x9f\xdb\x9fj\x01\x1a\xe2\xf6\x15\xf3\xf0\xce3\x1e\x87\
so\xde\x1c\x1f>\xfcT\x10\x8f5b\x93\x00P\x05\
\x02\xe39\xbb\x5c\x8e\x8f\xff\xe6 \xdc\xbej\x1e@\xc0\
v\x1b\xde\x81]7\xbc\x0b\x18\x8e+\x98\x98\x19\xdf\xbf\
~\x09\xdep\xcaQ\x18\xeb\x0dP\x8301>\x0d\x00\
XY\xf7\xf1\xcbk\xb6\xc1\x19Wl\x8f\xf7\xfd\xcd\xa9\
x\xce\xf6W\x19!\xc98t\xc9\x0d\x98\x1e\xccA\x7f\
|\x0a\xcc\xc0\xa1[\xdd\x80\xcd\xe7\xae\x86:P\x19\xc0\
}\x04<\xe3\xa4g\xe3\xd6\x95\x0b1\xde\x1b\x82{C\
\x10\x803\xaf\xd9\x0a\xcf\xfe\xc6\xb3q\xea\xdf\x9e\x88\xde\
`\x1c\xdd\xa2\xa9\x8a@\xd3cx\xe2N\x97\xe1\xcb\x7f\
\xdc\x13\xfd1\xc2\x19\xf2$#Cg\x0c\xc6\xd4\xcaU\
\xf8\xa77=)\x14\x00?<\xe3b\x5cx\xf9\x1d(\
3\xaf\xa8\xb0]G\x91\xf7B0*\xe43k*\x16\
\x11\xa0\xd0r\x94\x8cF\x82\xa9\x02rn\x85M\x12f\
\xd4\x96e\x02P\xcb\x98\x8f\xacN\x0a\xfc\x96\x1e},\
K\x03&vFr\x1d3\x19\xb9+\xcb\x19\x18\xd4\xf8\
\xc4\x87\x9f\x8b\x9dw\xdc$,\xf3\xcd\xef\xff\x01\xef\xf9\
\xf0O\xdb\xab\xd2\x04N\x84\xeb@`\xdc\xb3|\x15\x8e\
?\xf9w\x19*\x06\xfac\xbd\xf6\xbb@e+\x98#\
k&\xc5)d\xf5\xa9<;\x17L\xb8\xaf.\x04\xe7\
\x85\xaf\x8f\xdb5\x7f\xfb\xd9/\x03d`\xa3#\x10\xe5\
\x8c%j4H\x0f\xc4\xf8\x5c\x1e\xe2\x85{^\x08\x0c\
\xfb\x06\xa8\x1a\xcb\x99\xf0\x82\xaf\x1f\x83{\xa6\xe6\x14=\
\xdf~\x8f\xf1\x83\x8bv\xc0\x91\xdb\x5c\x86'mu\x83\
7\xeb\x06\x15\x8e\xda\xe5b\x9c\xf0\x87\xe6\xac\xf9\x83\x96\
\x5c/\x98?\xa7a\x7f\x80\x7f\xfd\xc9\x11\xe8\xf7\x06\xad\
\xc0\xcf\x8eNjy\xac?\xc4;\x7fr\x04\x9e\xb8\xdd\
\xd5Xh\x88\x84\x865\xb6]w)n^\xb5\x0e\xaa\
\x8a\xb1\xd7&7\x82\x87\xd4X\xd3\x02\xb9\xff}\xd6!\
\xb8e\xd9\xba@\xaf\xad_h\x9bk\xef]\x17?\xbd\
j;\x1c\xb9\xe4:\xedB\x11\xb0\xf3\xfaK\xd1o\xb7\
K\xe7F\xe1\x18\x98@\xe2\xb2\xcd \xc92\xa1F\x16\
\x84\x8bF0\x0e\xa6\x07\xd8g\x8f-\xb0\xcb\x0e\x9b`\
\xbd\xf5\xe6\xa1\xdfk\xcc\xe7e\xcb&q\xc9\xe5\xb7\xe0\
\xdc?\xde\x80A\xcd\xa8z\x92\x99e\x83\xec\xf9^(\
\x06f\xc6`j\x80=v\xdd\x1c;o\xbf1\x16\xad\
\xbf\x00c=`\xc8\xc0\xe4\xcai\x5cx\xe9\xcd8\xff\
\x82\x1b1D\xb3c3\x93\x89\xc4\x85u?\xa2\x8e\xcb\
~\x85\x1e\x80\xc8\x9ac4\x83\xa9\x1a\xef\x7f\xe7\xd3\xf0\
\xd8C\xb6\x0f\xb3\xff\xe2\x97\x97\xe2\x9f\xdf\xfd\x03\x8cO\
\xf4\xdbn\x09X\x84kZ\xd7\x00\xb8F\xedp\xd4\xcc\
J0\x00\x1e\xb6\x8b\xdd\x88\xd1\xab\xe2\xa3>\x89\x80\x89\
\x89\x1e\x06\x83a\xfb\xdcTV\xf5z\xa1E\x9fa\x91\
Z_\x99\x80N\x1fX[\xbf\xaf\xa2\xae\x10\x92_\x08\
\x83P\x08\x84\xe6V\xfev\xc4\x0eWb\xee\xb0\x82\x1d\
\xb9\xbab|\xe87\x8f\xc2\x9d\x93sQ>\xad\xb4a\
\x88\xaa_\xe3\x8b\xe7\xee\x8b'ns=\xaa\xa1\x18\x80\
\xd6\x84\xdcm\xc3\xbb\x00\xaePQ\x8du&V7s\
\xb6\x86P\xeeX5\x0fw\xaf\x9e\x83y\x13\x03\x0f)\
K\xb8\x80\x7f\xf8\xc9\x13\xb1\xd9\xdc\xfb@\xc4\xa8Q\xa1\
\x89\x1a\x00w\xad\xce~\xe1\x16\xeb\xae\x00U@]'\
p*\xd4c\x93\xf8\xf6\x9fw\x04\xf5X_d\xdc\x11\
\x01\xe3O\xb7o\x8c#\xb7\xba^\xf8g\x8d\x88\xddp\
b5\x06u\x85^\xb2\x0c\xc2\xe5\xcb\xc2t.\xa9\x0e\
\xb4\xc2M\xf1\x831\x07\xdb\xdf\x0b\xe6\xf5\xf1\xca\x17\x1d\
\x8c\xe7<c?\xac\xbbpN\xc2\xa8q\xbf\x19\xab\xa7\
\x068\xe5'\x17\xe0\x93_\xf8%\xae\xbd\xe5\x1e\xf4z\
\xad#$\x03\x9cF#170\xce\x1b\xef\xe1\xe5/\
<\x08\xc7>s?l\xb0h^jA\x84\x0b\x9a\x82\
\x93\x93\xd3\xf8\xde\x8f\xfe\x8cO\x9d\xf0+\xdcx\xeb\xb2\
f\xf1\x8d\x09T%7.fln\xa7]\xc5\xf3L\
\xd1Qn\x16\x05\xbd\xee\xb8C\xf1\xcc\xa7\xee\x15f\xf9\
\xf3\x857\xe35\xff\xf4MP%\xa7\x9d\xa5\x05\x9c\xfb\
\xfc\x8a\xe7\xed\x83\xb7\xbc\xe1o\xdaW\x99\x00~~\xe6\
%x\xd5?}\x07\x00c\xc7%\x1b\xe0\x94\x93_\x03\
\xa2\xaa]\x13\x13\xc3\xf8\x95\xcf\xbdL\x09\xb1\x0f\x7f\xe6\
\xe7\xf8\xe4\x09\xbfFrW<\xa3\x1bt\x09\xf5mc\
x\xfan\x82\xe6[\x17\x03\xf0\xeb\x92\xa8+\xe6(:\
\xd2\x04\x021\x04\xe0\xb1K\xaeC\xdek\x94\xcbNa\
\x80\xaf\x9d/\x90N\x14,,\xcbr\xeaw\xd7o\x01\
\xcc\x9d\x04ON\xb4\x93\x01\x04p\x0d\x1e\x106Yx\
\x1fVOW\x98\x18\x1b\xb6\xc4\x95\xcd\xdbT\xe3\xba\xf3\
Vb\xc1\xf8\x14\x86\xdck\xa6\x5cJDQ5\xe6:\
1\x83P\x83\xd1\xacQ\xa8\x99\x9a^\xb4U\xfe\xe8\xaa\
mp\xe3\xf29\x18\xf2Xg\x09U\x00\x96\x0f\xe7\xa0\
\xdf\x1b\xbam\x0a\x1d$\x83\xaaY\xe4d\xd6\xeb\x0f\x99\
P\xa1F\xf6\x8d\xe5\xf6ad\x95&\x08N\xd0q^\
\xd4\xd6\xe22:>=\xfd\x1e\x0e\x878\xea\xf0]\xf0\
\xdew<\x0d\xf3\xe6\x8d;\xa6W#@\x849\x13c\
8\xe6\xa9{\xe3\xe9O\xde\x13\x1f\xf9\xcc\xcf\xf1\xf1\xe3\
\x7f\x89^\xbf/\x1a\x97?\x9a\x8a\xea\xba\xc6\xa3\xf7\xdf\
\x1a\xff\xfd\x9egb\xfd\xf5\xe6\x22]b\x11\xd5\x0f\x00\
s\xe7\x8e\xe39\xc7\xec\x83g\x1e\xbd7>\xf8\xb1\x9f\
\xe2\x93_\xfa\x0d\xc6\xc6z\x1d\xcc\x9dP\x1c\xc1\xd4$\
~0\xa8\xbc\xe9\xb0m\xb3f\xc6\xd1O\xd8\x15o|\
\xcda\xa1P\xb9\xee\xfa\xbb\xf0\xe2\xd7~\x09\x83Z\xe0\
^\x11\xa9V\x88\xd4\xf6'\x0b\xb84\x96\x99\x8e+4\
\xab\x18\x9b\xf9\xff\x11}!-\xe4\x95\xc6v\xeb(\xe2\
x@WFi9\xe1\xf6\x01\x1d\xaft\xa3)\xfd\x03\
\x82,(\x06B\xb5\xc3\xedO\xb1r\xbe5\xffVO\
\xf5q\xc0\x167\xfa!#\xc6O\xaf\xda\x0e\xabP\xa3\
\x9f& \xa4\x17\x114\xd7\x9b\x18\xe0\xc8\xcf\xbd\x04}\
\x89\xfc\x16\x89\xcb\xa7z\x18\x1b\x1bb\x88\x0a\xcb\xa7\xe6\
\x82\xeb\x9e\x91r\xc0\xdca\x1f\xef8\xec\x17\xf8\x97\xd3\
\x8e@\xbf\xef\xaf,\xcf\xc8m\xa5&\x01LU;[\
\xd9\xae\x08l\xb3\xd6L\xf8\xe55[\xe3\x97\xd7l\xdd\
\x99\xe3\xdc\xaa\x871\xb3\xb0'\xd5\x99\x86i\x93\xf5\x96\
\x89S\x912\x01]\xbd|\x014S\x07\xbet\x17\x10\
#5\x13\xa0|\xcb\xe4\xb7+<\xe5\xba\x06\x83!^\
\xf3\xb7\x07\xe3\x1f_\xffxG2\xa3\xf4%\x11\xd0\xeb\
Wx\xd3\xdf\x1d\x8e%[\xae\x8f7\xbd\xf3\xbb\xe8\x8f\
\xf5\x90\xaf\xe1\xce\xeeA=\xac\xf1\xf4\xbfy$>\xf0\
\x1f\xcf(\x86\xaaBa\x00B\xbfGx\xcb\x1b\x8e\xc4\
6[o\x8c7\xbf\xeb\xbb\x18KSq\xddr\xe7r\
\x92\xf1L\xaa\x0a\xb3\x05I\x98\x82p\xc0\x1e\x9b\xe3\xfd\
\xff\xfe\x8c\x90\x11\xef\xbeg%^\xf0\xaa\x13\xb0l\xd5\
\xb4&{\x17\x03\xc9?\xcb\xc8\xcb\xc3\xc74\x13\xa6\xcb\
\x95\x84\x1e]\x88U\x0b\xb0>\xa7H\x89\xd1\x96\x87\xfb\
6\xa0\xa7\x0f\xda*\x01\x9d\xbf\xc9&\x08\x84\x9a\x19\xe3\
U\x8dM\x16\xac\x00\xa6\xc75\xe8L\xf8\xc3\xcd\x9b\xa2\
\xc7\x95\xde\x88l{'\x9e\xfbT\xe3\x9a{\xd6\x83\x14\
R\x8d+\x9bL\xe6\xa6\xf5\xf3n\xdc\x14\xa8\x86\x8d-\
o }\xde\xce\x97`\xfb\x0d\xef\xc6g\xcf\xdd\x13g\
^\xb9=\xa6\x980\xde\x1bt\x22\xcc\xfaK\xca\xb5\x8d\
b\xa1\x80\xf6\xd9\x11\xe4\x91\xf5\xd5\x15\x9e\xb4\xc3%\x81\
@\xacq\xc1\xcd\x8b\xcb(V\x95\xb5\xd6O!Q\x1b\
\x5cb\xb9\xe8I\xe0\xf1\xe9G>\x12\xff\xf8\xfa#F\
6S6\xb3\xdb:\x8e\xda\x0b\xd7\x5c\xbf\x14\x9f<\xf1\
\xac<\xa3\xd8\x95g\xec\xb9\xcb\xa6\xf8\xc0\xbb\x9e>\x92\
bx\x06\xc6y\xe6\xd3\xf6\xc2\x1dw,\xc3\x07>\xfd\
sT\xbdJ\xca\xe7\xb2\xf5&]\xc9\xba\x9c\x91@\xd8\
z\xf3\xf5\xf0\xb9\x8f<\xbfugtZ\xb9r\x0a\xc7\
\xbe\xfcx\xdc\xb6te[\xad\x0d\xbc\x19\xbc\x92\x08\xce\
\x95\xc6\xa5\xfd\xef\xb0e\xb8\xdc\xff\xb8P^\x09h\x82\
\xb0\x1d\x1c6\xde&0\xd3\xed\x08\xcdX!\x03\x87\xd5\
\xb4}\xe6hS\x8f.&\x7f\xdb\xdb\x01s\xbd\xcds\
U\x11\xb6Yx\x8f\x96[\x9d\xc2\xabq\xe1m\x9b@\
\xef\xf3\x16\x84g|\x99\xa4\xe2\xec\x02\x96d\xee\xca\xd3\
`.\xb8m1\xae\x5c>\x0f\xdb\xcf[\xe5;Z\xf7\
\xb0\xdf\x06wb\xdf#\x7f\x8a\xe9'\x9f\x8a?\xdd\xbc\
\x18\xbf\xbbu1.\xbamc\x5cp\xe3b\x5cw\xdf\
\x06\x983\xb6\x1aL\xe6rIeq\x95Lk\x0d\xb2\
\x0d\x95\xd4\x04\xbcb\xbfs\xb0A_K\x12\x06\xb0\x0c\
\x15~v\xd5\x127\xb7\xdc\xfc\x89\xcc=\xf6C$\xb2\
h\x0b \x97\xdc`\xc1\x1c\xbc\xfb\xedO\x09\xe1\xae\x99\
q\xda\xe9\x17\xe1\xecs\xae\xc6\xb2\x15\xab\xb1`\x9d\x09\
<j\xdfmp\xe4\xe3wkM[\xd1k\x02\xde\xf8\
\x9a\xc3\xf1\xa3\xd3/\xc2\xf57\xdf\xa3\xeb\x1b\x02\x1f}\
\xdf\xb3\x8c?\x9eQw\xe6\xaf/\xc3/\xcf\xba\x02\xf7\
\xdc\xbb\x12\x0b\xe6\xcf\xc1\xde{m\x85'?\xf1\x91M\
\xe0\xd1\xa4W\xbd\xf4P\xfc\xf8\x8c\x8bp\xf1\xd5wt\
tFA\xdf\x12>\xbb\x00]g(\xc5\xe3\xb3\xe7n\
\x9b\xe2\xb8\xbf=\x18\xf3\x82Y\x14f\xc6q\xaf\xfd\x12\
\xae\xbe~\xa9\xeeW\x87zK\xa0\x99\x86\xa3\xd9\x09\x1d\
7 \x5cq\xed]8\xf2\x19\x1f\x05c\x88\xc14\xe3\
\x8c\xef\xbf\xa9\x8dw\xe8B\xaf\xf9\x87\x93p\xe55\xb7\
w1\xa6\xbb\xee\x99n\x1c\xc4(\xa8\x1b\xc4J$\x0d\
yR\xf1\x80\xf6\xcb\xc2+:\xde\xd3_\xa8`5\x0d\
j`\xc1\x9cI`\x98f\xce\x05\xd1\xf6\x19\xab&'\
B[#\x8cZ'\x89'\x03cnMy\x93e|\
l\x88w\x9f\xf18\x9cp\xf4)\xa0a\x15H\x95\x06\
\xf6\xf1\x01a\xbf\x8do\xc7\xbe\x1b\xdf\x86\x1a\x0c\x9a\x18\
b\xe9\x8a\xb98\xeb\xc6-q\xe6\xb5[\xe0g\x97\xef\
\x88\xe5\xc3^\x1e`\xe9`Z\xfc\xc78\xcdY\x08\xd8\
}\xc3\xdb\xf1\xc6\x83\xce\x01\x0d*]\x88*|\xea\xf7\
{cH\xbd\x11\xedh\xc6W.\xb7\xe9\xbf5:r\
P\xae\xc6\xeb^\xfe\x18\xcc\x9d\xeb\x89~jz\x88\x17\
\xbf\xeaD\x9c\xf3\xa7\x1bA=\xea\x84\xc8\x97\xbf\xf3\x07\
<\xea\xe4s\xf0\xc5O\xbe\x08\x13\x13z\x1a\xb7\x22\xc6\
\xeb_\xfe\x18\xbc\xe9\x9d\xdfk7L5\xe9YO\xdd\
\x03\x9b.^\xcf\xb5Q\xd7\x8c\xbf{\xf3\xc98\xf5\xcc\
K\xd1\x1b\xab\x1a\x89H\xc0W\xbe\xf7G|\xe1\xa4\xb3\
\xf0\xf5\xe3_\x86y\x066\xaa\x08\xaf\x7f\xe5\xe3\xf0\xf2\
\x7f\xf8\x1a\xc6\xc6D\x04>$VV3\x92.\xba+\
\xd2\x91\x8f\x7fd\xd1\xf2 J\xb1\x03\x8a\x9a\xd0c\x13\
\x0a\x04O\x1e\xea\x04\xa9\xaa\xc257\xdf\x07\x100\xb9\
b\x0au\xcd^\x00\x10p\xeb\x1d+p\xed-+\xc5\
Y\x97\x91\xdb\xaa\xe3.\xda>\xd2\xef\xb5\xe6\xb7\x7fY\
\x9e\x09(A\xe7\x82\xe4\x10\xf7\xb2G\x81\xc1\xb6\xe4\xc4\
\xd8\xa43\x91S\xb9\xbaf\xb5\xc0kVn\x91\xec\x9b\
:\xfdG4\xcf\xc0\xaf\xaf\xdf\x12\xff\xdf9\xfb\x81\xc7\
k/U\xcc\x19\x02\x04B\x0f=T\xab\xc7\xb1a\x7f\
\x88\xa7.\xb9\x06\xff\xfd\x98_\xe2\x9cW\x7f\x12\xef;\
\xe24l<gy\x86U\x85?8\xb7o\xac\xed\x8e\
\xf6\xda\x1f\x9b/\xb8\x07'<\xf3\xbb\x18\x97\xcc\xcf\x0d\
\x1e\xae]5\x07_\xf8\xdd\xbe\x0aw\xde\xe0\x0a>\x8c\
\xb0\xd1\xedE\x95\x0c\x80\x86\x8c\xa7?e\xcf\x10\xcd\x1f\
\xf9\xf4\xcf\xf0\xbb\x0bn\x04\x89\x98\x1b\x11\xa1\xea\xf5\xf0\
\xbb\x0bn\xc2G?\xf3\xb3\xa0\x14\xe1\xa8#\x1f\x89y\
sz]\x99\xa9\xd5\xd3x\xf1\xf3\x1e\x15\xb6\xf1\x95o\
\xfe\x0e\xa7\xfe\xear\xf4\xfa\xbdlR\x03\xa0\x1e\xe1\xd2\
k\xee\xc2\x7f|\xe0\xc7a_\x1ew\xe8\x0eXo\xc1\
\xc4(\xf9*P\x92p\xcbV\x0a\x9a|\xa3\xeb\xf9\xe8\
\x7f=\x07s\xda\x00\xa4\x16\xa4\x96\x08\xcc\x11\x9f%s\
^a-\x97\xad\xd5\x0aW\x8b\xdd\xa6`]\xe7\x95\xa0\
Z\x00Y\xa6/Y\xec\x1c\xfc\xf6\x01\x8dJ5,:\
\x1a\x99\x0di\xcb\x81g\xed\xfc\x87@\xcd\xb6\xdd\xa0c\
D\x8c~\xcfL\xd3\x94\xa2C\x81F\xcc\xee\xadq?\
Z\xacU\x15\xf0\x89\xdf\x1c\x80\xb7\x9c\xf68\xac\xa4Z\
W\xee\x1dp\xf3\xc4 b\x8c\x0d{8f\xfb\xabp\
\xc6q_\xc61\xbb^\xd6\xcc\xf1*\xfe\x13\x83 \x15\
\xba\xa9q\xc9\xbaw\xe3;\xcf\xfd&\xd6\x85]\xf7\xc9\
\x98F\x8d\xd7}\xff\xc9\x88V,\x87\xbf\xa3\xe7\xa8+\
\xe6/\x01\xd8g\x8f-1w\xee\x98+\xc2\x0c|\xe5\
\xdb\xe7\xb6\xf3\xef\xe4\xaa#\x02\xbe\xf2\xcd\xdf7\xcb\xa0\
M\xaa\xaa\x0a\xfb\xed\xb9e\x97w\x8bM\xd6\xc3\x0e\xdb\
n\xec\xdb\x00\xf0\x95o\x9e\x8b*\x1a\xdb\xb6?'\x7f\
\xf7|\xac\x9a\x9c\xf6]\x22\xc2\x01{/\xe9\xe4\xe0h\
A\x90\x19\xa1\xb4\xc8f6i\xa3\x0d\x16\xe0=o;\
\x0a\x83\xc1\xc0\x18xf\xbcK<\x10!\x19\xd9mn\
;6:\xa0\x09c\xect\xa6D\xc9\x05\xcd\x99\xfd!\
<\xa5\x962\xa1(\x07\xcc6\x93;\x9f\xa7\x97X5\
`\x9e[F\x5c1=\x9e\x83t\xa2\xe3`\xc2x\x7f\
\x18\xae\xbd\x8f\x09^\xb7\xa9\xd6\xa8\x17L\xf0\xf1~\x8d\
\xef^\xba3\x0e;\xfe%\xf8\xf2e;b9\x0dP\
W\xc3fuX{\xc2P\xc1\xe7@+\xbe@ \xcc\
\xa9\x09\xffu\xd8\xcf\xf0\xf2}\xff\x80\xc1t\x01\x99\xa1\
\xefWa\xa7\x0d\xef\xc4\xb7\x8e\xfd\x16\xd6\xad\x84\xf4h\
Ey\xdd\x1b\xe0\xad\xa7\x1f\x86K\xef\xda0K\x0d\xab\
\xf9\x1dO\xf2\xe8F[\xfc\x12\x1baL\x84\x1d\xb7\xdb\
8$\x83\xcb\xaf\xba\x0dw-]\x89\x1ck\xd1\xf5\x12\
\x80\xbb\xef\x9b\xc4\xe5W\xde\x165\x85\x1d\xb7\xdd\xb8\x8b\
\x1fo\xb7\xdd\x86\xa1\x89\xber\xe5\x14.\xba\xec\xd6\xac\
\xa1] \xb5\xf1\xbd\x7f{\xee5a\x1b\xdbm\xbdq\
g\x0a\xd3,\x889U]Xj\xaf\xc7)\x08)\x10\
\x01O}\xe2\xeex\xcaa;u\xdd\x09o\x9f2\xe3\
T\x5c\x9f\x95V?*\xd7\x81\xcb\xd2\x8cs\x96\x9c\x1f\
\xad\xe5D\xe5B,W\xefXDS\x5c\xa6M\x8a\x15\
\xad\xf4\xd4\xd5\xa4\xffi_\xc3\xd2)\x01\x98^=\x01\
\x90\xde\x0f\x0f\x00<\x04\xc6\xe7L\x05K2\x11?w\
\xcbG\xcd\x07\xab\xf1\x82~\xde\xb9j\x0e\xdeu\xc6\xe1\
\xd8\xf3c\xaf\xc3\xcbNy2>\x7f\xd1n\xb8l\xd5\
:\x18\x8cO\xa1\xae\xea\xf6\xc6VkFi\xdf\x84\xea\
\x1e\xdez\xc8o\xb0\xd7f\xb7\xeao#D\xf8~\x9b\
\xde\x88o>\xe7\xdbXX\xd5\x82$\xdb_U\x8d\xf7\
\xfd\xe6 |\xef\xb2\x1dA\x1d\xe3!\x16\xd86.0\
C\xcc\xa1\xab\x8f\xd4\x1b,Zo~H<7\xdcp\
7\xc6\xc6\xc5\xc2\x9e\xa0S\xe3s\xc7q\xed\xb5w\xea\
MHmZ\xbc\xf1\xc2\xce\x87\xddv\x8b\x0dB\x98\xae\
\xbd\xfe\xaef\x15\x9b\xe8\x93<\xe8\x16\x00\xfac}\x5c\
zE$d\x08\x1b\xae?\xb79\xc5g\x86$#\xea\
\xcc3/\x04\xbak\xe9\x0a\x9cs\xeeU\x9e\x0e\xdb\xf4\
\x9ew<\x1d\x8b\x16\xcc1(!5\x1c\xda-,%\
V\x8a,\xc7\xa5f\xb0Q\xa2\xb1\x0e7\x82\xc9\xf08\
\xcdD\x9a\xa2p\xceU\xe5\xc2\x11\xeb7P\xd8\xbbP\
\xe3n7\xcf5\x11\xae[\xb6n3O\xde\xf9\xb1)\
$^a\xbb\xf5\xee\xce1\x04\xd7Q\xc3d\xaaY\x91\
\xb9\x18v\xcd\xbf\x89\x00\xaa\x18U\x8f\xf1\xab\xeb\xb6\xc2\
\xfb\x7f}\x10\x1e\xff\xb9\x17c\x8f\x8f\xbe\x16\xcf\xfe\xd6\
1x\xfbY\x07\xe3\x7f\xae\xde\x06\xb7\x0e*\xd4\xbd\xa1\
\xa8R\xfbg\xd5T\x1f\xffp\xe0\xd9\x18\x0c{\x0eL\
\xf98\x1c\x02\x8f\xdb\xe2\x1a|\xe9\xe8\xefc\xa2\x86f\
~\x06\xea~\x8d\xff\xfe\xfd~\xf8\xfcy\xfb\xa2'\xd7\
G9io\x9e\xdd\xf8\x15\xeeWv\xaej\x83\xa79\
sz!Q\xdc~\xd7}\xa8\xaa\x1e\x10\x8em\xdbw\
\x22\xdc\xb5tE\xa8|\xd6[0\xd1\x1c\xc5\x05\xc6\xf8\
Xd\xd2\x01K\xef^\xd9L\xe5\x09\xc0\x8c\x91\x02\x10\
a\xc5\x8a\xd5\xe1\x90\xae\xb3`^\xbb\x8bqf\xff\xbd\
\xd3\xc6#Ur3\xcf\xff\xcc\x97|\x1e/{\xd3\xd7\
q\xfb\x9d\xcb\xc3<\x0b\x16\xcc\xc1\x07\xdeu4\x86\x83\
a\x16V\xa4yYv\xa2\x04\x1b\xcb@aG\xbe\xec\
\xce\xe2\x96}p\xf8\x11x\xb2\x02\xa9\xf9/u0\x92\
\x13\x08\xb9\xfdL\x1e\x92H\xba \xe0(\x87SW\xea\
mT\xf3\xcc\x8c\xbbW\xcd\xc1\xb2a\xcfa\x8c@\xd8\
~\xa3;\xd0k\x8d4\xea\xa2\xfc\xa2\x93\x11\x08!\xa6\
Jy\x92\x11d\xf4/\x13&\xc6\x07\x98\xe6\x0a\x7f\xba\
mc|\xfd\xcf\xbb\xe1\xcd?y\x02\xf6\xff\xc4k\xf1\
\xa2\xef=\x0d\x7f\xbc{\x91\x88\x02\x8b\x8a\xab\x0a\x07m\
y#\xe6\xd2\xd0\x87%\xda\x01\xabk\xc2\xd3v\xb9\x18\
\x9f>\xfaG\x18\xab\xf3\xd0t\x01\xd5^\x8d\x8f\x9f\xbb\
\x17>q\xf6\x01\xe8W\xb5\x80\xd3\xa8\x11\x1b\xe3\x09\x08\
\xab\xa8?\x22\xf9M(\xe5F\xd5mf\x90\x99\xb5\xf0\
cn\xfa\x1f\xd5\xd1\xac|k\xdd\xc3\xa2<\xe6f\xbd\
\x80\xd0z\x96\x8e\x09\x8c\xaa\xaaB&J\xda\x9f\xd8\xf8\
\xd1AK\x09\x9d\xa3\xb4\xff=\xf7\xac\xc43_\xf2\x05\
\xdc|\xfb}\x98\x9cf\xfc\xfd?\x7f\xab\x98\xf7\xd0\x03\
\xb7\xc7s\x8f\xde\xcb5\xe3p>\x82NC/n\x86\
\x9b\xac\xd2\x14\xb9\xebEH\xef) \x9d-c\x19\xcb\
\x13\xd1\xb3n\xac2m6\x7f\xab\xc8\x9b\xd7BN\x06\
2\x92\x0c\xd1RD\xc1O\x84\x89\x89i\x9cw\xe3\xe2\
\xc6\x0d\x00\x09\x00\x19\x8f\xdb\xf2:\xac\x9a\x1e\x17\xaf\xa3\
!\xcbu\xd6\xdc\xc3\xfc\xde\x00\x0b\xfb\xd3X\xd8\x1f`\
ao\x88\x85\xbd\x01\x16T\xd3\x98[\x0dD\xbb\xe9\xae\
\xf3\xd6\x17\xe6\x1a\x18\xd6\x19+\xea\x92\x85fcM\x8f\
\x80\x89\xf1)\x9cs\xc3f8\xf6k\xcf\xc1\xb9\xb7/\
rC\xc75\x03u\x0f;nx'\x86\xea\x9c\xf6\xe6\
\xefp\xd8\xc3\x0bv\xff\x13>x\xc4/P\x0d\xfaB\
\x88%\x8a\x1c\xe0c\xe7\xee\x85\x0f\xfd\xe6\x10\x8c\xf5\xea\
@\x98j!@\x99\x92\xdb\xbf^%\x84t`\xac\xb8\
\xb4\xf2kjj\x102\xe8\xa2\xf5\xe6\xa1\xe6Zt5\
Y+:\xca\xb3\xee:\xe3\xa1\x0bp\xdf\xf2\xa9\xce\x9d\
\x9d\x9a\x1a\xb8\xef\x04`\xc1\x82\xb9\x18\x0ej\xc8P\xb6\
r\x81\xdb\xb6\xd7\x09\xe6\xe5\x01`\xd9}\xabPU\xd4\
M\x1e\xcch\xdeR\xa2\xd38\xe7'?\x7f&n\xb8\
\xe5\xdev\xf3\x0e\xe3\x9c?^\x87\xe3O\xfaM\xb1\xae\
\xb7\xfd\xe3\x93\xb0x\xc3\xf9\x22\xf6\x94\xc6??\x8f<\
\xc6%\x88\xf6g\x06\x1d\xd1\x89\xe88\xa2P\x02\xe8#\
\xc9\xf5\xfd\x99\xbat~\x9bh\xae\xf9k\xd6\x01\xf8\x93\
h\xb3\xc4\x18\xf5N#\x9d\xc0\xf8\xed\x8d[\xe2\xb1\xd2\
wn\xd3f\xeb\xdc\x87\x83\xb6\xb8\x01\xe7\xdd\xba8\xf1\
b@\xa0Y\xa2\x8d\xd7\x03\x9c\xf7\x86O\xa0\x1a\x00\xa8\
\xa8\xf3\xf1\x18\xc0\xefn\xde\x04\xc7~\xf5XL\xf4\x87\
X\xbc`\x19\xb6^\xef^0j0\x01\x155\xeb\xf9\
\xffx\xd3\x16X5\xad\xb6\xee\x09\xe8\x19\x89q\xea\x8a\
\xf1\xe9\xdf=\x0a\xfb>\xe5\xc7\xf9\x98.\xb4\x02\x9b\x09\
\xbd\xb1\x01z`4\x07\x8a6\x80\x0f\xeb\x1e\xfe\xfe\xc0\
_\xe3\xf5\x07\xfc\x014\xe8\xb9\xc1\xe6\x8a\xf1\x91s\xf6\
\xc7\x87\xcf>\x00c\xfd\xa1\xc6D\x17\xed\xd1*\x9f\x81\
\xf6`O\xc0\xcev\x14c\xbb\x94\xc6.\xcb\xa6$V\
o\xbbcY\xb8\xf9d\xd3M\xd6\xc5`z\x88^\x95\
\xa6\xf3\x92\x05\xd7p[\xc5\xc0\xf4\xd446\xd9tQ\
\xd0\x22\xe3\xb6;\x97#\x09\xc1k\xae\xbf\x1bQ\xdaa\
\xdb\x8dQOO\x83\xc7\xfb\x99$M\x9ccz0\xc4\
\xf6\xdbn\xe4\xca23\xee\xecV\xe4!\xcb]\x97\x02\
\xab\xb1\xe0\xdbSK?\xc9K\xa8z=\xfc\xd7\xc7~\
\x8a\xc7\x1e\xb2\x03\xb6Y\xb2\xa1\xcb?gb\x0c\x1f{\
\xdf\xb3q\xcc\x8b?\x8f\xaa\xdf\x13\x03\xa0\xe3&E\xab\
#\x80y\x94\x80\xcaC\x191\xbaX\x83\xa3\xb6\x22C\
\xd0Q\x16\x12d(\xdc\xb5\xd2\xae\xa7\x11\xf7\x02\xe4\x86\
\xc2\x9e\x08\x19\xcc\xf6\xbf\xe4\xf3\x9er\xe9\x8e\xe0\xb1\x01\
\xacD#\x1e\xc7\x1b\x0f\xfa\x0d\xa6\x86\xc9\x11\xc8{\xd2\
\xa5\xcb\xc0m\xbf^\xba\xdf\xefQ\xad\x9c\x00M\xcd\x01\
MN\xa0Z=\x07\xb4z\x02\x98\x1c\xc7\xe57/\xc6\
\x9c\xb1\x01\x88\x18G\xedx9\xbe\xf8\xa4\xef\xe3\x8bO\
<\x15'<\xf1'8\xfe\x09\xa7\xe3\x84#\x7f\x82\xa7\
\xed|I\xee\x93\xb2=\xb5\x06\xe6\x8aq\xdb\xbd\x0b\x9a\
\x0d;V+W\x8c\xe9\xe9\x1ej\xb1\xd9fj\xba\xc2\
\xdb\x1f{\x1a\xfe~\xbf?\xa2\x1a&\xcd\x9f\xb55\xf7\
\x86x\xf7\xaf\x1f\x85\x8f\xfd\xee\x00\x8c\xf7\x83\xf6=@\
\xdd\xe0\xb2xl%Bl\x16J\x94\xb3\xaf\x96\x19\xb8\
\xec\xca\xdbC\xf3z\xd7\x9d6\xc5\xbc\xb9\x13\x9d5\xc7\
,\xf0\xcfM$}\xfeD\x0f{>r\x8b\xa0<\xe1\
\xaak\xeehb\x00\x04\x5cz\x95\x0f\xe2\x01\xc0\xbc\xb9\
c\xd8\xeb\x91[\x00\x90\xb3!\x06\xbd5c\xbf}\xb6\
\x0e\xbbt\xd9\x95\xb7\x98C3\x0b\x9d\x97\x92q6\xf1\
\x02\xcet\xcbT\xe1uo\xfd&\x86\xc3x\xee`\xcf\
\xdd6\xc7\xdf\xbd\xe4\x90\xe68\x8aD3&\x1e\xc7\x05\
\x81\xc3&o\xf3\xb2\xd1x\x85\x22ES\xc7^\xb4\xd3\
Yj\x8a\x8em\x14Y\xabeET\xedXg\xd5\xd8\
\x06,\x22]/+\xb5W]\x91(+\xb5\xd8\x0d\xcb\
\xd6\xc5/\xaf\xdb\xcc4\xd8\xfc\xdc\x7f\xf1-x\xd9\xbe\
\xbf\x07\xd7\xd6\x97\xd7-o\xb3\xde\xddx\xdd\xfe\xbfG\
\xb8\xbd\xab7\x8d_\x5c\xbbegR\xde75\x01B\
\x85^U\xa3W1z\xbd\x1aT\x01o<\xf07\xd8\
`\xee\x0a\x90!\x14\xd7\xc7!a\x9b\xc5w\x88\x15\x8c\
\x19\x1c\xa6\x1a\xd7.]\xd4\x95\xe0\x9a\xf0\xa1'\xff\x04\
/\xde\xedrq\x8aPf\xfeao\x88\x7f8\xf5q\
8\xe1\x0f{\xb5{\xbf]\xf7\xca\x04 \xf3vh\x9e\
\xc1p\x8c,\xc66\xfd\xf9\xa2\x1b\xb1r\xa5\x9fg\xaf\
\x88\xf0\xcc'?\xb2\xab\xc0j1\x22\xe0YO\xdb'\
\x5c3\x0f\x00\xbf\xfb\xc3\xb5\xcd\xa2!\x22\xdc|\xdbr\
\x5cu\xf5\x1da\xbe\xe7\x1d\xb3/\xeaa\x89A\x80g\
\x1e\xb5\x07\xe6\x07\xab\x14\x07\x83\x1a\xbf\xfb\xc3u\xe8$\
\xdf\x08\xa6\xee\xe2\x0a\xad\xd6(G\x0b\xd8\xbe\x00\x03\xb8\
\xf4\x9a\xdb\xf1\xb1\xcf\xfe\xa2\x88\xe07\xbe\xfap\xec\xb4\
\x8d\x98\xe9\x989\xd4\xdef\x93\x92\xc9\xb7],7\x22\
\xb6\xe5\x5c\xee\x11G\x84\xb1\xfa\x1b7\x9a\x83\x80\xdd\xcd\
\xb7\x1aa\xfaY\xee)\xb6^\x86\x965\xfd\xaa\xc6G\
~{0\xea\xc6vWH#\xee\xe3m\x07\x9f\x8d\x7f\
x\xf4Y\x00\xf70\x10\x82\xa3\xe6\x0a\xab\xa6\xfb8d\
\xab\xeb\xf0\xcdg\x7f\x1bs\xd0\xcb\x16\x02\xd09\x91W\
\xdd\xb7\x08?\xbbv\xebN\xca\x9e\x7f\xd3bp5\xd4\
\xed\x00X\x9fj\xfc\xf0\xf9'\xe3\xe0-\xaf\xc5\xca\xc9\
q\xd4L\xcdr\xd4\xbai\xb1\x06c\xf5T\x0f\x07m\
~#\xfe\xe3\xb1\xbf\xd0\x83\xd5\x0a\x8a\x8b\xef\xd8\x10\xf7\
\x0e&@L\xa0\x1a\xf8\xd4\xd1\xdf\xc7\xd3\xb7\xbf\x0az\
\x19EC\xa5\xd3\x04<\xef\x1b\xcf\xc2\xd7\xff\xb8/&\
\xa7\xe6`\xe5\xaayX\xb9j.V\xac\x9a\x8b\x95+\
\xe7b\xd5\xaa9X\xb5r\x0e&W\xcd\xc5\xaaUs\
\xb1z\xaa=\xed(\xd5a\x03\x81\xa9\xcf4\x82\xee\x22\
\x09\xd3\xfe\x1e\x12\xe1\x94S/\x08\xa8\x0c\xf8\xa77>\
\x11[.^\x17u]\x8b\xb8\x0e\xa1f`\xc7-\xd7\
\xc7\x9b\xcd\xce\xc1T\xed\x99\xbf\xba\x02w\xdf\xb7\xbau\
;\x19\xe3\x13}\x1c\xff\xd5\xb3C\xa9\xf6\xecc\xf6\xc5\
\x11\x07\xef\x80\xe1`\x08\xe6\xbau\xe1\x1a\xcaZ\xb2\xe9\
\xbax\xc7[\x9e\x14j\xec\x1f\xff\xf4B\xac\x9a\x1av\
\x83\xc0u=B\xd3\x8a;\xa6\x0bA\xb6|o\x05\xa0\
\x94)7\xc2\xf0\x13\xc7\xff\x0a\x17^rSX?U\
\x84\x8f\xfc\xe73\x1b\xe7\xcf\xc6\xbeGF\x01\xec\x1d\x9a\
i\x1c\x09\xd3\x83aX\xe2\x88Cw\xc2\xe4\xe4\xea\xd6\
\x22\xf3\xb7\xfdyab\x83\xf29/\xa9\xbf1\x94\xe2\
T`\x1d\x1f\x94&\xc4\xcc^\x8b\x0f3T\xc4\xf8\xc3\
\xcd\x9b\xe0\xe4\xcbv\xc4\xb1;\x5c\xa9\xfcj0\x80a\
\x1f\xaf\xd9\xfd\x8fx\xfe\xee\x17\xe0\xc7\x97\xef\x88\xab\xee\
Z\x08&\xc2z\xe3+\xf0\xf8m\xaf\xc6\xf6\xeb.C\
U\xf7L\xcb\xad\xa0\xe8\x0d\xf1\xce\xd3\x0f\xc3X\xafs\
\x22\xf0\xe7\x9b7\xc1\xb5+\xd6\xc16\xf3&U^\x80\
\xb1\xe1\xd84\xbe\xf0\x94\x1f\xe2\x96\x95?\xc7\xa9\xd7l\
\x83\x9b\xeeY\x84\xa5\x93c\x98;>\xc4\xe2u\x96\xe1\
\xf1[_\xdd\xdc\x1f0\xeck\x9f\x86\x01\xd0\x10\x9f?\
oO\x8c\x8d\x0dQ\xd7\x84\x8f>\xe5\x078b\xf3\x1b\
\xcd\xf9\x81\x1a\xa1_{\xc1\xd7@\xed\x05$iY\x0a\
s\xd5\x9dG@\x94M\xfd\x9f^\xb9\x0d^\xfb\xbd'\
\xb9\x0bp\xf5`\xcc\x14:\x92\xe6\x82\xceU\x11\xe1\x93\
\xc7\xff\x12\xcfx\xea^\x18\xebk\x98\xd7\x99?\x81S\
\xbe\xfej\x9c\xf0\xd5\xdf\xe2\xac\xdf]\x89U\x93\x03\xcc\
\x9b7\x8e\xc7\x1e\xb4=\xfe\xf6\xb9\x8f\x12\xfb\xf2s\xaa\
\x01\xbc\xff\x13\xa77K{\x85\xa0\xfc\xc6\xf7\xff\x88W\
\xbf\xe4Pl\xbe\xd9\x22\xd7\xfeg>\xfc<\xfc\xe0'\
\x7f\xc6/\xce\xba\x12w\xdd\xbd\x02\x13\xe3=\x1c\xb0\xf7\
\x12\xbc\xf09\xfbc|\xdc\x1f\x197\x18\xd4\xf8\xe8\xa7\
\x7f\x81~OL\xbd\xd2\x885~\x061\x91@q\xf4\
\x07\xd6\x19\xab\xc6\x15\xf8\xc9\xb7_\x8b\x89\x00\xa6m\xb7\
\xde\x18o~\xcdax\xef\xc7\xce\x1078\xc1\xed\xdf\
\x8fA\x13\x82\x87\x01B\x8d\x95\xab\xa60/X\xa1\xf9\
\x9a\x97?\x16G<n\x17\x5cy\xd5m\xa8k\xe0\x83\
\x9f=\x137\xdc|7\x14\x17\xaa#\xd9D\xc5\xc5)\
$KP\xf9\xb9\x1fW\x90\x01\x97\xfb\xfdsq\x1d\x00\
\x94\xa5\xf2\x06a\xc2X\x8f\xf1o\xa7\x1f\x8e=6\xbd\
\x03\xbb\xcc\xbf\xafm\x82\xb26\xe3\x1e\xd6\x05p\xec\xf6\
\x97\x01\xf6T&\xee\x99\x88z\xf3\xbb\xa6!>\xfb\xa7\
=\xf0\xdb\x9b7CE\xdd\xb1<\x98\x18\x9b\xc6\xbf\x9e\
\xfe\x04|\xe5\xe8\xef\x82\x86}\x90\xbap\x84P\xd5}\
l6g\x0a/\xdd\xf9\xb2\x96\xf9\xd2h\xb4\x0bv\x06\
v\xd0\x9b\xfe\xfd\xf1\xee\xf5\xf1\x9d\x8bv\xc5\xd8X\x8d\
\xe9\xe9>v\xd9\xe0\x9e\xcc\xfc\x04\xe5\xde&\x8c\xd1\xa4\
?'\x9e\xda\xa0\x9f\x14\xb3\x04\x80&\xfb\xa8\xebJ\xaf\
\x0f\xd1\xf1\x1c\x01N\x81\xd2\x94\x0d\xec\xbf\xddt\xfb2\
\xbc\xf7\x03?\xc6;\xde\xfadW\xc5\xbc\xb9\xe3x\xcd\
q\x8f\xc6\xab_\xfa\xe8\xa6\x19\xe6fyp\xd0\x14\x03\
\xf8\xc4\xe7\xce\xc4%W\xde\x8e\xaaWi\x9dSUx\
\xed[\xbe\x81o\x9d\xf82\xf4\xfb=\x0b\x02\x9e\xfa7\
\xbb\xe3\xa8#\xc5f\x9c\x11Kb\xdf\xfb\xc1\x1f\xe3\xba\
[\xef\xcdyf\xd0B\xb3X+\x14!\x0dZp\x02\
7\xde\xbe\x0c\xff\xfe\xfe\x1f\xe1=o{j\x98\xfd\xb8\
\x17\x1e\x8c\x1f\x9fq1\xfe|\xe9m\xb9\x8a<8!\
\xbe\x88\xd24i\x0e<\xf4'\xc6q\xf1%7\xe1\xd1\
\x07\xef\x10\x96\xdba\xbb\x8d\xb1\xc3v\x1b\x83\x198\xe3\
\xd7\x97\xe1\xfa\x9b\x97\xc2.\x9f\xef\xd0\xd1\xb1b\xeeO\
\xa2mR\xef|\x80\xb0\x8d\x01\xe8i\x01\x99\x89`W\
Ue\xb1`\x85\x82|\x92\xefj\xaa\xf0\xc2\xaf=\x0b\
\x17\xdc\xbb\x00~M3\x5c\xdd\xb6.9\xf2L5N\
\xber\x07\xbc\xefg\x8fn\x8f\xd0\xca\x9a\x9a\x88p\xce\
\x0d\x9b\xe1?\xcf:\x08\xdc\x1f\x9a:\x8d\xa4\xa4\x1a\x84\
\x1aD\xac5\x83I7N\x8d\xe3\x15\xffs4\xfa\xe3\
\xc3\xa6\xcf\xf6B\xcb\x0e\x84 \x02g\xfb\xd5\x0d\x92\x99\
w\xa1\xbc.DU\x95\x02Z\xa2\xda\x99]\xcf\xc8\x0c\
l\xc6\xf2\x0b'\x9f\x83\xaf~\xeb\xf7E\xf4\xa7\x9bj\
\xaa\xaa\xc0\xfc\x0c|\xff\x87\x7f\xc2\x87?{&z\x86\
\xf9\x13J.\xbc\xe2V\xbc\xe6\xcd'\x17\x03j\xe9n\
?\x1a\xc1\xfc_\xfc\xca\xd9\xf8\xfc\xd7\xce\xd1yf`\
pW\xd7\xac\x04\x02\x87\xb1\xa5\xaf|\xe7<\xfc\xe2\xd7\
\x97\x17pD\xf8\xd8\xfb\x9e\x8d\xb1tJ\x0c'\xaf\xa7\
$\x98%,y\xec\xfb\xfd\x0a?\xfc\xe9\xc53\xc6\x81\
\x88\x80M\x1f\xb10\xef\xba4\xeem\x1a\x97\xe4\x04y\
\xf5\xc2\x96\x9c\x8c-I\xe9h[\xbd\xd6\xdfG\x03\xc8\
Te\xffF\xe6F~\xbcoz\x0c\xcf8\xe9\x858\
\xf1\xf2\x1dQ\x8fM\x83\xbb\x8d:\x05\xc6\xe9\xaan\x91\
L\x84\x95\xfd!\xde\xfe\xabC\xf0\xcf?9\x12\xfd\xf1\
a\xc8{U\xc58\xfe\x0f{\xe1U?:\x12w\xd5\
\x8d/\xab\x17V\x8b\x7f\xaa\x1bY\xd84!\x82\x01\xce\
\xbc\xed\x11x\xea\x97_\x88{V\xcf\xc9\x8b%\xb8n\
0QW\x00WP\xb7\xce\xb6\xbfY=Sc\xc90\
\x9aUa\xddw\xf1\xaf&\x0c\xdbE9\xf2\x86\x18\x1b\
;\xcd\xbfc\xaa){y\x8d\xdf96\xde\xc7\xbf\xbc\
\xf7\x14\xfc\xdb\xfbN\xc1\xf4\xf4\x10\xec\xf0_J\xcd\x0c\
\xc1\x07?y\x06\xfe\xfe\xed\xdf\xe9\x0e\x08e\x9f\x0bT\
U8\xe3\xac\xab\xf0\xf4\x17}\x0e7\xdcx\xf7,\xea\
\xceeW\xad\x9a\xc2[\xff\xed\xbbx\xd7\x7f\x9f\x8a\xb1\
\xf1\xe4^\x98\x88\xd4\xac\x22\xa7\x85\xbd\x00dY\x22*\
\xd9\xe0\xe9Mo\xff\x0e\xee\xb9oU\xc8\xa0\x9bn\xb2\
\x1e\xde\xfd/\x7f\xd3\xaco@\xb3\x81,\x9f\x8e\x14\x8d\
\x89\x9e2H$\xf9\xed\x1f\xfe\x09\xbf:\xfb\x0a\xcc\x94\
v\xdan\xb1\x0e\x1ew5&\xd1\x0e\xf1\xd7;\x05\xf9\
m<nb7 \x89\xff\x02V\xaa\xd9'=\x9f\xc9\
Q&\xcd\xa1U\x8d\x7f;\xf5p<\xf1\xc4\xe7\xe3\x7f\
\xae\x5c\x82\xa9\xde\x00\xa8j/\x03\x12\xd3\xa3\xd1\xf8+\
@8\xf1\xe2\xedq\xc8g^\x86\xaf\xfd\xe9\x91\x18k\
\x8f\xdb6z\xb4+\xdf\xabj\xfc\xfc\xaa\xadq\xf0\xa7\
_\x86w\xff\xf6@\x5c\xb6|>xl\xaa\xad\xb7\x15\
<J\xb5\xb4\xff\xaa!\xea\xb1\x01N\xbbvS<\xff\
\x7f\x8e\xc6\x0b\xbf\xf9L\xdc7=\xae\xda`\x22\xd0\xc4\
40o\x0a<wu\xfbo\xba\xf97g\x0a<g\
:\xff\x9b;\xd5\xbek\xf2`n\xfa>\xd5~\x1b\x80\
\xe7L\x83\xe6N\xb5g\x02f\x90\x9cR\xe9d\x16\xb7\
&es#\xae\xbc@dTJ\x16\xdb\xd8X\x1f'\
\xfd\xcf\xf9x\xccS?\x8c\xaf~\xf3\x5c\xac^\x1d\x07\
\xa2Ru\xf5\x90\xf1\xdd\x1f^\x80\xc3\x8e\xfe8>\xf1\
\xc5\xb3Z\xc6\x8c\x87\xba#\xa8\x0a\xb8\xe4\xca\xdbq\xc4\
1\x1f\xc7;\xfe\xf3\x14\x5cu\xd5\x1d\xea&oM\xcc\
\xc0\xddw\xaf\xc4g\xbe\xf0+\x1c\xf4\xc4\x0f\xe2[?\
\xba\xc0\xc4\x1dD`\x99\x9ax\x82\xbd8\x05\xcc\xa8z\
\x22\x13\x1aK\xa3\xbbP\xa5n\xff\xb5g+\x96l\x8f\
\xa4\x07\x08\xc0\xf2U\xd3x\xcb\xdb\xbf\xa3.eI\xc2\
\x9b\x19x\xfaQ{\xe3\xb0\x83\xb7\xeb\xb8,\xcdD\xe5\
\xfc\xdc\xad\xbd\xb0\x96R\xf7\x5cUx\xd1kO\xc2\x1b\
\xff\xf5\xdb\xf8\xd5o\xae\xc0p\xa8\xd95\xe1k\xe3\x8d\
\x17`jP\x0b8\xa9\xc8\x99:~,\xdb\xa7Np\
\xe4@h\xfbe\xbb\xfd\xdf\x15,;\xc8\xf2cT8\
\x81U~\x14r\xe97M\xc7\x18}\xae\xb0\xffV\xd7\
a\xb7\x0d\x97b\x93u\xee\xc5:\xe3S\xe8\xf7j\xd4\
\x83>\x96N\x8f\xe1\xe6\x15\xf3q\xe9\xed\x1b\xe3\xeck\
\x97\x80\xfa\xc3\xa0\xa6$\xd1\xd2!\x87\xa4>'\xbbf\
\xf5\xf4\x18\x16\xcf_\x81\xdd7\xbd\x01[o\xb0\x1c\x1b\
N\xac\xc2\xa2\x89I\xf4\x881`\xc2\xddS\xe3\xb8m\
\xc5:\xb8\xfc\xf6\x0dq\xdeM\x9bb\x0a\xe9\x84^\x9f\
\x18\xc0\xbc\xde\x00\xe3\xd5\xa0\x99M@;\x9b\xd0\x06\xf7\
*Bw\xee\x9f\xa2uj\xe4\x0fQ{\x14~\x07>\
cu\xdd\xc7\xeaZL=\xca\x03O\x8cZ\xaf\xeb\x1a\
\xdbm\xb5>\xc6z\xb9\x0en\x09\xfe\xaa\xeb\xee\xc3\xd4\
`h\x0cA\xef8\xe7k\xc3\x01\x1a\x0e\xb1\xdf>[\
b\x97\xed\x17c\xd1\xa2\xf9X8\x7f\x1c\xab&\x87\xb8\
\xe7\xde\x15\xb8\xfc\x9a;p\xcey\xd7a\xf9\xe4\xa0\x99\
\x0at&F\x12\xbaR\xfbIM\xd3h\xc6\xa9\xa9i\
l\xfe\x88u\xb1\xf3\x8e\x8f\xc0V\x9b.\xc2\xd8x\x1f\
u\xcd\xb8\xf3\xaee\xb8\xec\xaa;\xf0\xe7\x8bo\xc1\x9c\
y\xe3*\xd6\x94k\xca\xe4<\xac\x81y\x13\xbd\xce\x85\
H\xef{U\x85{WL\xb5\xfb+Z\x01\xd0#\x8c\
\xf5\xaa.\x8a\xde\x1c\xa9\x0e\xac\x9e\xb63\x09\xe5\xc0Y\
]\x8b\xf5)\x81\xd0\xa8kn\xaf\xf6j\xce\xb8\x18\xeb\
.\x00I-2\x86j/\xb9V\x969Ws\x96b\
=\x18b\xbb%\x1b`\xe1\xc2y\xcdmR\xf5\x10w\
\xdd\xb3\x0a\xb7\xdd\xb5\xaa\xdds!\xaaa\x09\x97\xb7\xd4\
s\x1c\xae\xb4\xec(\x97\xebn\x07\x8e\x8b\xc9\xa3\xc1\xa3\
\x81\x89\x10\x19\xa5T/T\x1b\xc4M\xed\xbd\xaa\xb9\xd1\
\x17T\x03\x94\x06\x8e\xba\xf8\xdaL\xb5\xab~uM&\
Bo8/\xd5\xd5k\x07\xb5fn\x19\xb7B\xcd\xd4\
2\xa8\x17\x5c\x16\xc7\x8c&H\xc6\xb2\x9d\x96g\x9b@\
_\x8b1\xe3\xc3\xb28UVWivqi\xc9\x9a\
\xfb\xd1V\x94\x83J\x10fm\x8a\x0a\x8fJ\xac\xdaR\
\x7f\xa9\xbd\xae\xb5m\xa6\xe6\xf6\xf4b\x07K\x84\x93Y\
\x8e=\xb7\xfb\x02\xd0\xe0\xban\xdb\xe5\xf6\x12<\x8f{\
\xddoI\x9f\xd1\xb88:`\x98\xe8<\xa3[d\xe5\
pk\xff\xb6Y\xa2nu\x0a\xc6\xc0KZv\x87u\
\xb7\xc22\xe8M\x1e\xcb\x04w\xfa\x90\x0e\x92NL\xaf\
\x14\x9d\xf0\x19\x9dp\xd6\xfd\xf1\xa7~7\xa9\x9b\x05\x90\
Q\x00R\x05\xd8\x8d},}\xa2 \x9e\x9a}U\x9a\
)\xedbb\x10\x06\x1d\xf1\xa5\xdbv\xb4\x13B\x96\xe0\
\xc2\xdbP,\x08\xc6\xd4i\xff\xd5\x89\xe2\x91\x19\xa9J\
\xff\x11\x9a\xb7\xdbV\xda\x8eHw\x98c*\xd7\xb5\xdd\
D\xf1d|3\xadM\xd0\x18I\x81L8FR\xd6\
M\xd8\x1f\xe1\xfdK\x81\x10\xc4\x05J\x03-\x8flo\
\x9a\xce\x9e$\xb8\xbd\x01\xc1\x1d\xb5&\x00u\xc1\x08\xd9\
\x11\xefmf(\xc9\x8d\xa1$\xfct\xf9\x85\xd6l\x91\
\xd7j\xb4\xb5\xbdHE6\xdc\xd6\x93w\xe3\x11\xd4\x8c\
\x92\xbb\xd9\xca\xb6\x93\xbaO\xbe]\xa7\xd1\x0dZ\xacK\
\xdb\xa10\x0bi\xc9W\xd9\x8f\x10{n\x93?\xe1\x98\
\x1d\xc2\xaa\x11u:A(G9\x9f\x06\x1c\x89\xeaJ\
\xb2\xb7\x0e+\xd8\xbe\xd8@\x03\x87\x0dZ\x84\xc6\x9bW\
\x9dZ\x8d\x13\xcd\xf0\xbd\xeb\x11\xeb\x18_P\x87\xd3\xb0\
\xa3\x8c\x18\x96V\x0e\xa9\xeaC\x98g\x82_<S\xf4\
>,\xe0;\xe3c3\x5c\xa8!h\x98K\x00\xdb\xfa\
,\x91{\xc3\x5c\xd7\x11\xc38\xabsy\xd8\xd2\x00\x99\
z\xa4\x9d\xe4\xd5\xd0ht\xc8>H&\xa1\xc2x\x95\
\xe0\xa5\xc2o\x13\xd0\x88\xca\x85BS\xe254UF\
\xc2\x99\xc5\x94<\x22^\x8b\xf5\xcc\x9f~\x93?\xab'\
BE\x86\x9d\xd9!]\xbeW2=D\x8a\x9a $\
{\xce\x80\xe9`\xe7c\xb5\x7f\xa9\xfdg\xa1UtH\
\x01\xf3Q\x1e\x0f\x8b4[\x87\x17\xf4f\x8c\xa5\x9a\x9c\
\x0d\x97#\xe2Ut\x83\x9e\x84x\x17)\x920X\x80\
\xedo\x1d\xf1\x8d\x1b\x9e\xad\xf4\x19\x85\x90\xc8\xfc.\x10\
8E\xf4\xa2u\x9a\x17$\x91\xe00\x7f\x15-\x94\x14\
\x8a4\x99X7\x15\xd6\x97\x9f\xf5\xe1/2\xaf\xfcn\
q]\x1e\x7f\xdd\xffh\x0c\x12-G81\xc4\xc7\x1e\
\x07,iO\xd4\x93EG\xc0Y\x94G\x22\xbd\xb0=\
P\xd6&\xe0\x8f\x04\xd3\xe0iy\x11#$w\xcc\x9d\
\xc5\xc2Q}\xa9\xb3\xd6t!tSgQSV\x83\
\x8dT\xc9\xd1xD\xa6\x12\xeb\xa2\x0ctS{\x1a\x8f\
\x08O\xa5\xb5ck\xdf\x8b:\xa8\xc8\xc0\x11\x93\xe4J\
(l\xa0D\xc8\x1apg\x98\x93\xae\xdb\xff.u\xc0\
\xbb\x02Z\xd3[\xf5A\xbem\x870;\x14B+*\
\x90\x02\x1cq\xd4oC\xa1\xf6\x8e\xc7RW\x03lg\
\xfc\x91PH\xba\x9f\x91[\x1b\xe3J\xeac \x1e3\
K\xf3\xac\xcf\xca`\xad\x98\xa3\xa1\xca\x1b\x8f\xf4\xd8y\
\xea\xd2H\xa8l]^A\x8e\x22\x10-O\xac-\xe0\
\xaf@\x94\xc1\xb3\x122\xac\x04\x17\xb5++\x80\xa1+\
\xd3fa>\xb5\x80]\x0bv@\xbcl\x97\x9c\x9f4\
7\x9bf\xd2\xf4\x1b\xfb:\xb8\xd4\x8a<K!\xea\xb3\
\x95\xfa\x1a*\xfd\xab\xe4\xf3d\xb8\xdd\x22.\xb7m4\
\xd2\xd4\xf9\xaf\xb6>\xda\xbcT\x12\x0e2gt\xbbT\
\xa9?\xb6.;\xae%\x18}\xab\xda\xe4\x95\xe65\x15\
[\xb3o\xb5\xa5\x9b`\xb10\xc9v-L\xda\xaa\xf2\
\xb9K\x82\xb8`I\xa8\xb8\x81\x1d\xf3,d\xe4\x1e\x9d\
QN\x9d\x1d\x13s*pDV\x05\xf3f\x04\xf3'\
\xcd\x90=\xc1\x8c(k\xa2\xf8\xb7\x9d\xcdl\x90\x8a<\
\x18\x06y\xf2\xd0\xb2\x94\xcf.\x91\xc8+\x1bS\xe9\xc4\
 \x91n6\x1a\x92\x846`\x9d\xcb!\xb83\xd7\xb4\
\x9f\x97Y\xd2~\x13X\x97\x17?\xb2\x86\xc1m\x07-\
\x9a\xe9\x92\xc0\x22\xabB\x8a\x92\x84\xf7\xd8|\x09\x15\xa6\
\xd22\xf1\xdf\x98\xdd,~g\xf2\xb9-~xD\x99\
\x92\x95\x91\xac\x05\x86m\xb34\xe6^p\x95\xfaP2\
\xfdu\x95Q\x84$\xe30\xb6\xfafv\xf7\xb8\xf0=\
~K%z\x03\xec\xbd\x00\xe5A\x09\x9b\xa6\x5c\xca\xea\
\xb9\x08aN/\x90F\xbd\xacGaO\x86\xd8e\xd4\
\xd8\xe8(\x85[Xr\x8f\xf4\x95\x81\xd1Y\x1d\xad\x15\
\xa3\x9bS\x05\xb2\x983\xeeD\xa71\xe50H\xe6c\
\xf5\xe4\x05\x9b\xd4\xb6\xde\xbcd\xc7D:\x9acG&\
\xa0F\x91K\x0e\x84\xd5\xd4\xb6\xbc\xb1\x8e\xdc_\x89L\
\x0a\xe9*\xdf8\x9d\xbfy\x5c\xb0)\x01D\x8c\xac\x99\
BP\x90t\xd9\x12\xdc&\xf2o\x9d\x17K\x97\xb6/\
\xa3\xd4b\x88\xef\xc8\xeb\xec\xf8\xc0Zc\x12\xd7\x1c\xb4\
)\xbe\xd9=2$\xeb\x03\x00\x0aF1\xb6\x7f+\xdf\
\x99r\xdc\xdevQ\xdet\xab\xf5q\xacY:F'\
M\xb8\x9a\x99G\xf8\x87]?\xb3\x1f\x18\xe9\x16g\x0e\
\x98a4\x00\x9b|\x1a\x99\x91\xc5\x92\xf1\x14\x91\x81\xd5\
\xea\x1e\x8e\xfc5\xd2\x5c\x22\xaf\x96\xb6\x8a@G\xb8\xb3\
\xc2\x02b\xf7\xde\x8fG\x84\xc0\x0c\xa1\xef\xff(\xb3\xd7\
6\xa6Mr#n\x14\xae\xe3\xe3 \xb3;\xa8\x95\x83\
4\xc3l/\xdaqKn\x1b`\xac)\x0er\x9b7\
\x1c\xd0g\xa7\x84\xb4eYD \xd9\xfas\x0fH0\
|l{\x8dH\xe64\xa2\xd4%+T,WF#\
\x04\x88S\x81\xf3@s0\xc4\x11\xa9\x97\xa4\x96\xb5&\
\xb4\xbf\xc9\xad$n\xac\xf94@\x05\xbf\x96#\x02f\
\xc1\x1f\x04\x0a\xc9\x22\xb7\x95E\x11#1m\xe7IX\
A\xa4\xfa\x11\x09\x18\x16\xbe\xb9\xd8m%\xb4|$e\
c\xfc!x\xe3}G9|]{\xa1PI\xd8\xb0\
\x8e\x89\x1d\x87(q\x90%\xdbr\xdd\xb3\x8am\xc4\xbd\
\x911T\x9b\xc8\xc1 h\x885\xb1F\xd5\x87\x8a9\
\x99g\xad\x16T\x91\x1f{\xb1a l\xbdh\xd3\x8c\
\x9e\xe85\xbfJtT\x02T\xba\x1e9\x8f]\xc3\xef\
m\x91R\x12\xed!\x81\x22aL<\xabEI\x89\x8a\
l\xaa\xa0\xaa\xd7\xd9<{\xf8oR\xaeYDjA\
\x924\x0a\x99\xdcF\xbb\x16\x1dO\xab\x85\xf5Z\xaa\xc8\
\xab\x8c\xbc\xdf\xf2\xb2\xe5\xc4X\xde\x9fU\xbdv\x8bC\
\xc4`\xbb>\xc9\xb7\x9a\x11)\x84\xd8\xe6\xf7\xc25\x83\
\xc6\xe69\xe1\x5c2~\xec\xff\x96Z\x8c~\x97\xbcz\
[61\x9c:\x07S\xc0\x95\x05\xa5\xc7\xb1\x1e\x87h\
\x14\xed?9\x16\xa9\xfa\xc64\xa6\x04\x07\x00\xbbh*\
rU\xb4\x11n\xdfZ\xaf0\xe3\xd5^V\xaa0F\
\xb6]+`\xac\x9dY\x1a#\xabld\xae\x80\x0e\x05\
\xae)\xc2c A\xd5Q=\xe9\xac\x96h\x00b\xcf\
\x92\x1dJ\xf3:\xc2\x5c>\xad3\xcc\xf3\x02\x08\xdaH\
\x15D>`I\x93\xe5\xb6\xa4\x8d!6\x9d\x0b\x982\
\x14]=,\xf3 l\xd7Z\x16\xba\xc7V[\xc0\x95\
\xf5\xfe\x1d\x89\xba\xf4\x90\xa9\xef\xee>y\x01\x09g\x82\
\xc9\x96n!o\xc8\xbc\xb1\x9b'q\x9a\xf1\xa6{6\
\xf2\xccH6\xb7\xd0[\x03\x8es\xfdv\x01\x9a3\xfb\
]_,\xbe\x03\x8bF\xaa\xc9\x8e\x0e,=I\xfa\x90\
\x18\xb2t\x10\xa0%\x10\xa8lj\x91\x16\xa2\xc7\xb3\xb6\
\x12c\xd5e-\xc9 \x06\xe0\x81\x87\xa4\xc3\xcc\xec\x09\
&9\x1e\xa4\xcaT\xb2\xcb\xb1~\x8f\x92\xf6\xe3\x229\
\xa4\x8c,\x92\xef\x93?/$\x18\xe5|\xce\x87v\x9d\
\xf5\x92M\x87\xc4\xa4\x8f$}\xae\xec\x81F\xd5\x90A\
\x8c|\x1fKi\xab\x91\xac\xb8\xf0~\x98\x1ddRm\
$U!\xcc\xf1P\x18\xcb\xbf\xb2\xdf\xd1\xf1Q\xd0u\
\xa6od-\x85\xc8\xfa\xb2AK \xef\xa6#UW\
<\xee\x1en\xad\x01K\xe6i\xc4\x0c\x91u\x22\xe16\
\xf4T\xecS\xeaLd\xa19;+\xd7\xadhJ\x8f\
\x8b\xb3dY\xe4\xa5\xf22\xb8\x02`\x86\x17l\xfe@\
\xab\xab\xa1\x95\xcaM\x0a\xc1\xe6]\x07\x8dp\xb7*\x8d\
\x0a6\x84\x17i\xe3TY\x96q\xa4\xde\x072\xd4\xac\
\x81n\xa6\xd3X5\x9bMioSh\xcd\xe75@\
\xec\xc0DbI\xb0\x89\xbb\x1a\x8c\xa16\x8b8-\x1a\
\xb0s\xf1\xd2F\xed i\x92\xb7\x92\x5c\xda\x91\xe4Q\
\xad\x1a\x8d\xfc\xe7\xd1\x9ed\xf6\xaf\xbdY\x9am\xa6\xd4\
\xff\xd4\xa7\xd8\x8d\xd1\xe5\xda\xda\x8d\xb0\xb5Z\xb2\xa8Q\
\x8bn\x89\x1c\xb7\x88\xfet;\x1d\xb9\xba\xa5\xce\x0c\xb7\
\xf8+d\xaa\x5c\x86\xa0\xf1\xd9\xbc6\xd6C\x1a'c\
\xdf\xa9\xb6\x13\x133\xcc\xd7R?$]\xb2\xcf\xaap\
\x81\x5c\xbf\xb1@s\x19\xa1\x16\xd2\x1e\xe6n44>\
+G\xb2\xd2\x1a\x0fLE\xcf\x12\xda\x86\xd0\x9a>\xc4\
\xba\x01T\xfeL\xd6AD\x84B\xba\x0b_\xb2|$\
\xa3f\xc2\xacu#\xff\xd6j\xf6\x08X#,\xba5\
\x01\x16\x06\xef\xd7fV(\x99\x8eb\xd0)\x80#\xec\
b\x82\xde\xea\xad\xc8\xbc\xb5L\xa5\xf3i?\xd7\xe0Z\
\x0a\xbe`\x9b4\x8d|3J\x03F\x8aed\x87\xf5\
\xf7V3\xab\x03c\xfd\xb5C\x06\x8f\xa5\xb1\x1d\xd5\x9f\
\xf46\xa6\x0fry\xa4\xb5@\xc2j\xd2m\x96l\xbb\
\xa2`\xec.X%\xe4Y1\xe9.\x90\xef/R$\
\xc9\xba\xc49U0\x0d[\x0f\xc62t(%E\xe7\
\x94/\xaej\xd2\xe5\xb4\xcf--\x02\xa9\xb1\x10\xe77\
>\xaf\xdf\xb3 !`\xf3\x1e\xe2[\xe4\x0b\xeb\xd3\xd3\
d\x1f\x14\x11\xa8)Pa\xfc\x93\xee}\xae\xd5\xde\xdc\
F\x02J\xd1N\xc7\x9f\x9a\xb1\xbd\xc0\x90\x18\x19%\xa6\
}\x0d\xbaOQ*\xe0\x9f-V\xa3;%\x8dFs\
\xf5\x06\xbf)\xfa\x0e\xb8)>i \xb9C1\xdbw\
n\x83\x8c\xc6o\xc1\x93\x1e\x01g\xc6\xb2\xd5\xec\x11\xc6\
u\xac\xa1\x85\xa9,\x05M\x19k\xae\x0b\xe6\x963f\
]6i\xe6K\xbe\xb1\xee\x95\x1e\x13\x09\x8e\xba2G\
o\xe5)\x99h\x96m|\x5c\xdf\xae\x10O\xe4/\x07\
C\xe6\xce`\x95\x86\xc7\xeb\xed\x12\xfa#\x1b\xc4\xc2\xa8\
\x99H\x0b\x06\xad\xf7xD\x9b\xba\xed\x0e'\xec-\x8d\
R\x0d9\x12 \xdbI\x03\xee\xcb\x97Y*\xd2N\xd1\
\xef\x92\xa0\x88p#\xf2\xb8)49\x9b\x13\xb9A\x11\
\xbeE\xbdD\x85\xb6M\xcf\x82i`\x973\xf4\xf4\x84\
\xafk,\xaaP\x8f\x1b\x13\xa8hU\xb2\xe9\x87\x02\xa1\
-\xa7\xac\x10o\xce;\x8aR\xb8\xcd&}|\xb9W\
\xc2\x0b\x845f\xe3\x13Q\x22\xf7\xdf\xf4\xbe\x0a\xe4\xa8\
\x01&})\x9b\xb9r\x11\x02\x8bw\xfa\x16\x01\xb9\x0e\
\x90\xba\x5cZ8\xf8\xfa\xed\xe2]\xdf5\x0fu\x5c^\
#2\xebn\xcf\xeeye\xb5]\xb2!5\x88\x9e#\
\x97v\x8e|\xa3sXKD\xb6j\xfc\xf4\xce\x9a\xcc\
\x22)\xbeE1\x22\x96\x12\xc3\xc7B]\x1b\xa5\x01l\
\x1c\xdd\x10m\xfcO\xf5N<+fH\x9d2\xe5\x14\
\x01{\xc72N\xe4\xbb\x19\x99\xf8\xe9\xfe>\xd2m(\
:1.\xe9l\xdc\x16\x09\xb2\x12w,\xe1(\x0b\x8c\
\xae\xfdpA\x9b\xc5\xb5\xa8\xaf\xeb\xb3\x15\x1a\xa3\xf8\xd5\
\xd6\x9d\xcbV1IDK\x09}%\xacr\xebFc\
\xe3Z3\xa64\x18\xf3\x7f\xad\xcf\xae\xbf\xc4\x83Q\xb6\
\x0f\xb2\xa8\xd1\x83\xc1A\x1f\xe59\xc8\xd6\x02(\xef\x18\
\x880hE\x95v\x17\x10\xd6d\x18\x8be\x1b\x9a\xb1\
\xb4(\x8d\x06Z3\xa7\x9c\xbad\x98\xa9:SJA\
o\xd4d\xd2M\x960\xa5{\x97G\x92:\xb7!\x12\
*\xf6\xb0\xcc\x98\x88\x8d\xe5g\x83\x15\xac\xeb\x8c{#\
\xaa7\x8c\xc5\x06\xa7>\x80]\x16\x05\xa42j\xc6\x1b\
ya\xa8\xc3\x5cj\xdd\x0a\xc0@qu\xc1s\x81'\
aAd\xf9gq[\x86@\xed\x05\xe0\x22q\xc6\xef\
4\xd0\x92\xe0$\x9b\xe5c\xa0\xa5\xd1\xe8\xbbI\x1e\x09\
%\xdfPj\x13d&\x88\x85\x96\x14\x1eZPE\x0b\
\xa0,\xcbXF\x8eDM\xae5\xf2\x87)\xc8-\xe1\
\x93\xf9M?Y\xd6\x9eg-2+\xfa\xf6x$\xd4\
\xa4j\x8a\xccb\x96\xdfY\xc3eY\x5c\x8d\xb1\xeaC\
\xa6\x8f\xd8\x023cm4p\xc6N\xdbwyqi\
\x84'*1\xad\xa6\xa7\xdcgA\x8f$!\x95p[\
u&\xda&\xcd\xbe\xd6i\xd4\xee\xb3\xa7B\x8b+)\
45\xae\xa45(\xddBi=\x09\x9cv'Z\xc9\
\xef\xbe\xef2U\x16\x9c\x84\xfc\xc8_\xe8\xfe\x92\x91B\
\x1d\x92\xacQ\xad\xc7\xdd\x87\xde\xbc\xd9\xa7d\xb3\x9b\xaf\
\x8d\x9c\x95\x12\x93\x95\xee:\x82\xf9\xa6c\x00\x10\xbdP\
v\x87\xa79H\xd7@b \xb7\x17\xc1\x19\x11O\xd9\
\xbd\x82h\xc7\xaex\xc8mX\xb1\x94\xdd2/\xd4\xbd\
e\xe5\xfb5\xd3y>$0\xa4\xe1\xf5\xac\x13 \xcf\
\x8e\xa30\xcf\xc3\xd5\x13\xd1\x14\x9f\x11 \x14\xd6\x1f\xf5\
\xcd|\x0f,\x83\xdc\xc7\xf4\xd3,\x89biSI\x98\
\xd2\x01\xb5\xd2\x8a\xd3\x96S\xe6\x0e\xbd8XC/[\
k\x19\xdfM\x81k\xb7\xa0\x91\x8d2\xe6\x10\xdb\xc2V\
1\xfe\xffB\xfc\x96\xae)\xc9\xa0s\x00\x00\x00\x00I\
END\xaeB`\x82\
"

qt_resource_name = b"\
\x00\x0c\
\x07o\x84\x7f\
\x00a\
\x00p\x00p\x00_\x00i\x00c\x00o\x00n\x00.\x00i\x00c\x00o\
"

qt_resource_struct = b"\
\x00\x00\x00\x00\x00\x02\x00\x00\x00\x01\x00\x00\x00\x01\
\x00\x00\x00\x00\x00\x00\x00\x00\
\x00\x00\x00\x00\x00\x00\x00\x00\x00\x01\x00\x00\x00\x00\
\x00\x00\x01\x98PfT]\
"

def qInitResources():
    QtCore.qRegisterResourceData(0x03, qt_resource_struct, qt_resource_name, qt_resource_data)

def qCleanupResources():
    QtCore.qUnregisterResourceData(0x03, qt_resource_struct, qt_resource_name, qt_resource_data)

qInitResources()
