# Resource object code (Python 3)
# Created by: object code
# Created by: The Resource Compiler for Qt version 6.6.3
# WARNING! All changes made in this file will be lost!

from PySide6 import QtCore

qt_resource_data = b"\
\x00\x00\x89\xfa\
\x00\
\x03\xbd>x\xda\xec\xbd\x07\xbc\x5cGu0>+\x17\
l\xd3\x82\xcdG\x09\xe4#\x89\xe9\x81|\x01\x02\xc1\xb1\
%\x19\x08\x90\x06\x18\x17BH\x02\x04\x02\x1f5\xd8\x96\
\xe9`\x1c\xda\x97?\xb1\x0d\x18l\xe3.\xd9\xb2du\
\xbd\xde\xcb\xf6\xde{/\xafl\xef\xbd\xdc\xb9\xff3\xb3\
\xe5\xed\xdb\xb7\xed\xc9\x96y\x92\xee\xd1\xefh\xf7\xdd{\
w\xee\xdc\xb9s\xce\x9cs\xe6\x14\x84x\xf0\x0f\x85\x10\
\xfc\xff\xc7\xe8\xcd\x0b\x17\xa1W \x84\xde\x0cH\x0e\xeb\
x\xf5\xe3\x14\xf6_\x84\xaez!\xa2\xc8\x01\x07\xdb\x81\
[o\xbbu\x13r\xc0\x01\x07\x1c\xfds\xc0\x01\x07\x1c\
p\xc0\x01\x07\x1cp\xc0\x01\x07\x1cp\xc0\x01\x07\x1cp\
\xc0\x01\x07\x1cp\xc0\x01\x07\x1cp\xc0\x01\x07\x1cp\xc0\
\x01\x07\x1cp\xc0\x01\x07\x1cp\xc0\x01\x07\x1cp\xc0\x01\
\x07\x1cp\xc0\x01\x07\x1cp\xc0\x01\x07\x1cp\xc0\x01\x07\
\x1cp\xc0\x01\x07\x1cp\xc0\x01\x07\x1cp\xc0\x01\x07\x1c\
p\xc0\x01\x07\x1cp\xc0\x01\x07\x1cp\xc0\x01\x07\x1cp\
\xc0\x01\x07\x1cp\xc0\x01\x07\x1cp\xc0\x01\x07\x1cp\xc0\
\x01\x07\x1cp\xc0\x01\x07\x1cp\xc0\x01\x07\x1cp\xc0\x01\
\x07\x1cp\xc0\x01\x07\x1cp\xc0\x01\x07\x1cp\xc0\x01\x07\
\x1cp\xc0\x01\x07\x1cp\xc0\x01\x07\x1cp\xc0\x01\x07\x1c\
p\xc0\x01\x07;\x1f\x14\x0a\xf9&\xe4\x80\x03\x0e8\xfa\
\xe7\xe0\xc2\x04\xb3\xd9\xb2\x09\xe7\xa6\xc6)\x0a\xf9\xcbH\
\xadR#\xa3\xc1\x84d\x121\x9a\x9d\x9c@R\xb1\x0c\
\xf1\x17\x96\x91\xcda\xe5\x06n\x87\x83\xc5lj\xe1\xe4\
\xd8(\x9a\x18\x19A\xfc\xe5Ed4\x9a\x91\xcb\xedF\
\xfe\x80\x1fY\xad647;\x85f\xa7'\x10\xcb\xb2\
\xc8l4R\xe4\xe0B\xa0{S\x03\xcd\xc8\x04to\
4\x99\xd1\xfb\xfe\xfe}hlt\x04\xdd\xfe\x99\x9by\
\xa3\xa7O\xbeL(\x10\xbeY&\x95\xbds~n\xf6\
5\xfb\x1fy\xf8\x8a\xa5\xc5\x19\x98C\xcbH.\x97q\
\x03\xb8\xc3\xc1\xa5\xd5 \x87F\x8d\x16gf\xd1\xf4D\
\x9d\xbe\x8f\x1d9\xfcb\xa9T\xf6F\x85B\xf1A\xa5\
R\xf9/2\x99\xe2\xda\xe3G\x0f\xfd\x81\xd5`A3\
SS\x88\xbf\xb4\x04\xfc\xc1@\x91\x83\x0b\x87\xfe-@\
\xff\x80\xbcC\x87\x9fA\x87\x0f\x1d\xbaR,\x12\xdcj\
5\x9b\xb4n\xb7'\xb4\xba\xb2\x16s\xd8m\xabZ\x95\
\xe2\xf8\xf2\xe2\xe2\xf5ss\xb3\x17I\xc4\x22$\x14\xf0\
\xb9A\xdc\xa9k\xbf\xd5\x8a,\x16\x90\xe7,f\xde\xcf\
\xee\xfc):y\xec\xd8\x8b\x80\x8f\xdfb\xb5\x98\xe7V\
VV\xd7\x13\xc9d\xa2X*fC\xa1pB\xa3Q\
-\x0a\x96\x16\xf7\x8e\x8d\x8c\x5ct\xfa\xf8\x09\xa4\xd7\xeb\
\x90\xc9d\xa4s\x82\x83\xf3\x17\xc8;6\x99\x0c\xf0\x9e\
\xcd\xc8\xebv\xf1\xe2\xe9$onv\xfe\x7f\x1bt\xba\
GC\xa1P\xa5V\xab\xb1\x18c\x96m`!\x9fg\
=^\xcf\x8aT*\xfd\xbf\xd3\x93\xe3\x17\xcf\xcd\xcf\xa2\
\xa9\xd9in w(\xfd\x9b-\x16\x1eY\xf3''\
\xa6_\xa2\xd3h\xef\x8dF\x22\xc9j\xb5\xca\xe0\x16\xd4\
\xbf\x16\x8bE\xd6\xeb\xf5xdR\xe9'\x7f\xf3\xcb\xfb\
.\xda\x7f\xe0\x00\xd2ju\x1c\xfd\x9f\xc7`\xb79\x90\
\xc3\xe1@\xde\xac\x05\xb9\x5c\xee]d\x9e,.,\x5c\
m\xb3\x98\x8e\xe6\xb2\x99\x0aK(~\x03\xe0\x0f\x06\x0e\
\xb1L\x8da\x98\xf5\xf5`B\xa6\x90\x7f\x8a\xfcfb\
z\x8a\x1b\xcc\x1d\x086\xa0\x7f\xf2~N\x8f\x9c\xbeD\
\xaf3\xdc\x95J\xa5\xcb@\xed\x84\xf8k\xb8\xf12q\
\xfd\x1d\xd3W\x0d|\x81\x05\xb9`U\x22\x95}\xfe\xc9\
\x83\x07/}|\xff\xe3H\xc0\xc9w\xe75\xfd[-\
v\xe4\xb0;v\xad\xc5\xd6x\x82\xa5\xe57\xd8\xad\xb6\
\x13\xb9l\xb6L\xe8\x1c&\x07\xaeO\x91\x064\xb8\x00\
\x00\xb0\x00\x8c=^\x9fu\x99\xcf\xff\x135\xac\x13F\
n\x9d\xd8q\x10Y_G\xf3\x0b\x8bH,\x12\xbf+\
\x1a\x8bZ\x1b\xab}\x15\xdea\xad\xf1^\xeb\xef\x16\xd7\
\xff#\xe7\x81\x07\xe0\xb5\xb5\xd5\xa0L&\xfb\xda\x81\x03\
O\xbc`ff\x1aMNMp\x83y\x9e\x80\x13\xd6\
{\x8av\x07r\xbb](\x1eN\xa2l4\xb7K(\
\x10\xff\xb1\xc3j\xa7\xb4O\xe6H]\xe0\xef\xa4\x7f\xfa\
\x8f\x08\x8cd\x0da\xb2\xd9\x5ci\x99/\xf8\x1eYc\
\xb4\x06\xceV\xb4\xd3`fv\x8e\xae\xff6\xab\xed+\
\xd9L\xb6\x0c\xef\xadBh\x1fo\xbc\xd7M\xef\x17\xd7\
\x99@\x95\xa9\xd5\x98`0\x18\x11\x0bE\xdf\xfa\xcdo\
\x7f}\xe9\xf8\xd8i435\xce\x0d\xe89\x0cn\xb7\
\x93\x22\xa1{\x82\x0e\x9b\x1dd~\x07\x92I\xe5H,\
\x11_m\xa7\xb4\x9f\xab\xe2\xfa\xfa\xc0\xe0\x0d\xfag7\
\xd6\x88\x86\x14\x00\xb2\x01\x08\x07\xb5R\xb9\xccj\xd4\x9a\
\x13J\x95\xe6b\x8b\xd5\xce\x0d\xf2\x0e\x03\xe0\xcd\xe8\xbe\
\xfb\x1f\xbc\xd4\xe5\xf2\xfc\x02\xf4{\x10\xd9\x18x\xbf,\
\xc8\xfeLm\xd3\x1be7Ix\xe4\xdd\x83\x86\xc7\xb0\
\x91p8)\x93J\xee8~\xe4\xe0\xe5S\x13\xa3(\
\x95N\x81\xbeh\xa7\xc8\xc1\xb9I\xffn\xaf\x0b\xb9\xdc\
N\x9e\xc7\xeb\xe1\xcdMO\x13}\xff\x95\xe6\xba\xbe\x8f\
\xbb\xcc\x89-s\xa4n\x05\xa4s\xa4V\xa9TX\x8b\
\xc5z\xd2l\xb2^\xear\xba\xb9A\xdea\xa0\xd7\xe9\
\xd0\xc9cGw\xd9m\xf6\xeff2i\xd0\xf7\xa9\xde\
_k\x93\xff{\x01}\xcd\x84\x07\x04\xd7\xd6c2\xa9\
\xf4\x9b\xfb\x1f{\xf8\x05\xbf{\xe4Qd4\x1a\x91\xdd\
n\xe3\x06\xf7\x1c\xa5\x7f\x8f\xd7\x8d\xbc>/obr\
\x02\x89\x04\xfcW\x9aL\xc6\xc7\xb2\xd9\x0c\xd3\x8d\xde\xf1\
V^\x80[Z\x00\xac#eX\xffu:\xdd\xfe\x89\
\xd1q^\xc0\x1f\xe0\x06y\x87\x01\xd9\xdb\x19\x1d\x1fE\
\x8bK\x8b\xff\xb2\xbe\xbeNl:\xb5\xba|\xc7v\xd2\
\x7fW\xdeO\x98\x00\xd9\xff\x89\x84C)\xb9Lv\xe7\
\x81\xa7\x0f]\xf1\xdd\x1f\xfc\x08\x89\x84\x22np\xcf1\
\xb0;\xad(\x1c\x0d\xa3\xc0\x8a\x9f\xea\x84K\xfc\xa5\xab\
,\x16\xcb#@\xfb\xe5\x01kA7\x19\x91\xca\x89\x91\
H$\xa9\xd1\xa8o\x5c\x09\xac \xbb\xc9\xc5\x0d\xf2\x0e\
\x83\xd0z\x08\xfd\xfc\xe7?CO\x1f<\xf8zX\xb7\
E\x84_S\x19\xa0\xbe\xfe\xf7Y\xfb\x9b\xf3\x812z\
\x22\x07\xe0H4\x96\x94\xcb\x15?\xfa\xdd\x03\x0f]>\
99\x85\xa6\xa6\xb8=\xdfs\x09\x02>\x1f\x8a\x85\xc3\
H.\x91\xc1\xba/|\xb9\xd5b\xbd?\x9d\xc9\x94\xa8\
\x9d\x7f{@i?\x95N\x97`N\xfdlr|\xec\
R\x91H\xc8\x0d\xf0\x0e\x84x,\x8e\x82\xeb\xeb\xbco\
\x7f\xe7[\xc4_\xf3z\xbf\xd7\xef\xaa\xd6\xaaTv\x1b\
\x82\xfeq\xfb\xfb\xae1\xd5Z,\x1aMI\xa5\xb2\xbb\
\x1ez\xf8\x91\xcb\xa7\xa6&\xd1\xd2\xd2\x027\xc8;\x9d\
\xee\xbd~\xb4\xe2\x0b\xa0\xe0\xca\x1aZ\x9e\x9bC\x0a\x89\
\xfc\x95N\x9b\xfd\xe1L&[\xc0\x0c\xd0>C\xf6\x81\
1\xee:\x0bz\xcc\x8fl6\x97w\xbb<\xbfX^\
\x5c\xbcR.\x97Sy\x82\x83\x9d\x07\xa9T\x1c%\x93\
q^&\x93B\x8f\x0bF\x90V\xa3\xfe\xd8\xda\xda\xaa\
\x9f\xec\xf3w\xb3\xff\xf7\xa2\x7f\x22\x02\x00\x07\xa82\xc0\
\x05b\xb1XN\xab\xd1\xfc\xf8\xd4\xa9c\x97\xcf\xcd\xcd\
\xa2\xf9\xf9yn\xa0w*\xed\x83N\xbe\x02ho\xf8\
\x81\xcc\xce\xce\x5c\xa5\xd7\xe9\x1f\xc9\xe7rej\x07\xae\
\xabx\xed\xaf\x1bw\xcc\x04r~\x93|\x10\x8dF\xaa\
f\x93\xe9~\x09_\xf0R\x99X\x8c\x0c\x06#\x12\x0b\
\xb9\xf5\x7f'\x02\xd0*\x8aD\xa2\xf4\x93\xd8\x02M\x06\
\xfd\xc5Z\xad\xee_\x03\x81\xc0*C\xb7\x00\xa8\xec\xb7\
\x99\xd6\xbbK\x03\x0c[w\x14$\xc8f\xd2\xe9\x14\xf0\
\x80\x9f<\xf4\xe0\xef.\x1f\x1d\x1dC\x04\xadf\xdb&\
\xe4`g\xd0\xbf\x0f\xe4\xfe\xa3G\x0f\xa2\x89\xd1\x91+\
U\x1a\xe5#\xf0\xeaj]\xde7\xee!\xe8\xb3M\xcf\
?2W\xe2\xb1X\x09\xde\xfb\x03\xd3\xe3\xa3\xaf\x90\x8b\
%H!\x12s\x83\xbc\xc3\xe9\xbf\x89bxWK\x0b\
\x8b\xe8\x89\x07\x1f\xbbH\xab\xd5|\x22\x14\x0e\xaeV\xab\
\x95N\x1e\x80\xbb\x92?ny\x074\x9d\xc0\xd8t2\
]\x94Ie\xf7\x1c\xd8\x7f\xe0%'O\x8d\xa0\x13#\
c\x1c\xfd\xef\x10X]]A\xd1x\x84\xae\xf9?\xf9\
\xaf;\xd1\xf4\xcc\xd4\x1fHe\x92\xfb\x13\x89xyc\
\x0b\xaf\xf9\xbeq/\x1d\xb0~Y\xc3A4\x12\x09\x97\
\xd5*\xe5\xaf\x84\x02\xe1\xcb%\x22\x11\x9dK$6\x98\
\x83s\x03r\xd9\x0cR)\x94H*\x96\x22\x91P\x0c\
r\x80\xe6S \x06xj\xd5Z\xf3}3=\xf7\x7f\
q\xbb<\xd8\xda\xffa\x13\xf1DI&W\xfc\xea\xb1\
\x03\x07_461\x85\xe4R\x05G\xff\xbfgXi\
\xc8\xfc\x1a\x95\x0a\xfd\xec\x87w\x91u\xff\xa5R\xa9\xf4\
W\xf1D\xbc\xb4\xf1\x8eq\x7f\x0d\x7f\xc3\xfcKi?\
\x1c\x0e\x97T*\xe5/\x97\x97\x16\xaf<t\xf8\x10z\
\xf1\x8b^\x8a\x0a\xa5\x22E\x0e\xce-h\xdajV\xd7\
\x83\x17\xeb\xb4\x86\x9bV\x80\x09\xd4\xea\xf6\x80\xc1v`\
\xbc\xc5>PK\xa5R\x05\x99\x5c~\xef\xa1C\xcf\xbc\
\xf4\xc4\xf1\x13\x88\xcf_BN\x17\xe7\x1f\xf4\xfb\x00\x9f\
\xc7Ci?\xe0\xf3\xa3\x1b\xff\xfech\xe4\xd8\xc9\x17\
I\x84\xe2{c\xd1H\xa1\xae\xc7\xe3\xf6=\xfc\xc1\x96\
>8\x15\x8bF\xf3\x0a\xb9\xe2\xe7R\x91\xf4\xe5\x0f\xfc\
\xea>:\x7f\x9a\xb4\xcf\xd1\xff\xb9\x07\xa5b\x09\x1d=\
<F\xde#/\xb4\xber\x91^\xab\xff\xc4J`\xc5\
\x0d\xba\x00\x1e\xec\x13\xd4\x92\x19qC;d\x88\xab`\
2\x99*)d\x8aG\x8e\x1d9z\xe5\x91\xa7\x0f\xa3\
`4\x8a\x0cF\x13\x8d?j\x22\x07\xcf\x0f\xfd+d\
2t\x18\xd6\xe8\xe9\xe9\xc9\x17\xc2;\xf9\x7f\xd1h,\
\x87\xeb\xf1^\xed\xc6\xbe\x01\x9a\x7f\x1d@o,\x18\xf4\
\xfa\xbb\xa4b\xf1\x0b$\x121Z\x06\xde.\x14\x09\xd1\
\xfc\xfc,\xd1)\xd0\xe2\xe2\x02ZX\x98o\xe1\xfc\x1c\
|\xce\xc3\xe7\xfc\x1c|\x9fC\x0bp~yy\x09\x81\
\xdc\x00\xeb\xc2\x22Z\x82\xbf\x17\x17\xe6\xd0\xe2\xd2\x02Z\
Z^F\xfc\xa5e8\xb7\x84\x16\xe1\xfa\xb9\xb9\x194\
3;\x0d\x9f\xf0[hknn\xbe\xde\x06\xb4\xb7\x04\
m,A\x1bK\x0b\x0b\xf4\xd8\x1c\x5cO\xef\xb9X\xbf\
\xe7\xdc,\xfcvf\x86\xeeI\x93>\xd1\xeb\xe9\xbd\x16\
\xe0\xdc,\x22vj\xd2\xfe<|.\x90\xefp\xed\xf4\
\xd4\x14Er\xbf:\xce\xa3\xd9\xd99\xe8\xc3,m\x9f\
\xdc\x87<'\x89o\x9e\x83\xe3\xb3p|\x16~;\x0b\
\xf7\x9a\x9d\x86\xdfNN\xd1\x5c\x19\xe4\xd8\x02\xdcg\x99\
\xdcwq\x09~\xb3H\xdb\x22\xbf\x9b\x9f%8S\xef\
\xdf\xf44\x22{f\xb3\xf3\xe49\xa1\x8d\x99ixG\
pl\x92\xf4\x03\x8e\xc3x\xce\xc1\xb1\xd9\x99\xfa\xb5\xa4\
m\xf2L\xa4}\xda\x97\xd9z\xbf\xc9\xb9\xb9\xc6x\x91\
\x9c=\xe4=L\xd3k\xa7\xe9\xb5\xcd\xe333\xa4\x7f\
\x930\xbe\x0bH(XF\x02\xf2\x1e\xe8\x98\xcc\xc3;\
Y@J\x95\x02)\xe4r\xf4\xd4\xa1\xfdH\xab\xd6\xfe\
\xd3*\x00\xf1\xf5\xe9\xe5\x17\xdc\x0d\x9b~ \x0cfk\
\xc9T\xaa\x0as\xef\x91'\x1f\x7f\xe2\xc5\xcb0\x0e\x13\
'G\x90\xcdb\xe1\xe8\xff\xf9\xa0{\x9f\x8fb6\x9b\
E\xbf\xbc\xf7^4r\xfa\xf4\x8b$\x12\xc9\xdd\xc1`\
\xb0\x88\xdb\xf4\xb5-&\x9dNo\xaf\x0d\x99\x9f\x85\xb6\
X\xbb\xcdvX\xadT\xfd\x99V\xa3~\x8bL.{\
\x87H,~\x17\xd0\xf4{a\x1e_\x07\xfc\xe5\xba)\
\x82\x93\x93\xd7MNN\xee\x9e\x9c\x9a\xb8vbb\x02\
\xbeO\xec\xa681\xb1\x1b\xce\xef\x01z\xd9\x0d\xf3z\
\xcf\xdc\xdc\xf4\x9e\x99\xe9\xa9=\xd3S\x13{a\xce\xee\
\x06:\xdb\x0dsz\x0f\xcc\xf7=3\x93\x13{&&\
\xc6\xf6\x8e\x8d\x8d\xee\x99\x18\x9f\xd8;95y\xfd\xc4\
\xc4\xe4^hc\x0f\xb4\xbf\x07\xe8\xe5Z\x98\xcf\xd7\xc1\
|\xa6\xedNL\x8c\xef\x81>\xec\x9e\xaa\xff\x0d\xbf\x19\
\xdb366\xb6g\xe4\xf4\xc8\xde\xe9i\xd2\xf6\xccn\
\xb8\x1e\xee5\x05\xe7\xc6\xc9\xf9\xbd\xa4\xfd\xa9\x89\xf1\xeb\
\x09N\x8c\x8d]?:2\x02xz\xcf\xf8\xf88m\
\x0f\xfa\xbeg|l\x02\xda\x81\xef\x93\xf5c\x93\x13\xf4\
;\xe9\x13\x5c\x07\xfd\x9b\x18\xdb=\x0e\xf7\x19\x1f\x1d\xd9\
3z\xfa\xf4\x9e\xb1\x91\x91\xbd\xe3\x13c\xd0\xc7\xa9=\
\xc0\x13\xf6\xceL\xcf\xec\x9d\x9c\x9c\x86{M\xec\x9d\x98\
\x1c\xdbM\xee=I\xee\x0d\x08\xf7\xdb;2rz\xef\
8\x1c'\xcf9>6\xbawttt\xcf\xe9S\x8d\
\xb6\xc6FvO\x8c\x8d\x90\xe3{\xc8\xf1186\x0a\
\xf7\x1a\x1b\xa7\xfd\xd8;9>\xbe\x17\xfa\xbdw\x0c\xce\
\x8dO\x8c_\x0bm\xee\x1e\x1f\x87\xdf\xc2\xef\xa0\xdd\xdd\
\xa3\xa3#\xf0\xf7\x18\x19G\xe8\xef\xc8\x9e1\xe8\xe3\xd8\
\xe9S0\xbeS\xd7-\xcc\xcf^\x07|h7\xf4\xf1\
:\x18\xff\xebfg'\xaf\x95\xc9$\xef\x00\xfa\x7f\x87\
F\xa3\xfe\x0b\xadV\xfb6\xab\xc5zg\x22\x99(t\
\xe8\x01\xb8\xb7r\xd8\x9a4\xcdu\x85\x8dE\x225\xad\
Z\xfd;\x91H\xfcr\xc2\x0b\x81\xeey\x1c\xfd\x9f]\
\xf0\xfb\xeb\xb4o4\x18\xd0/\xef\xb9\x1b}\xf5\xff~\
\xfeb\xfe\xf2\xd2\x9d\xa1P\xa8Hvk\x9aV<\xbc\
\xc5\xbe\xdb\xc5\xd4[\xbf\x10W*\x15\xec\xf7\xf9j+\
\x01\xbf)\x93M/\xc5\xe3qs4\x1a\xf1\x84\xc3\xa1\
\x95\xd5\xb5\xb5h \xe0O\x07\x02\x81\xb4\x1f>\xfd~\
\x8aY\xc0\x14`\x06\xfa\x93\x85\xfe\x10\xcc\x11\x84k\xb3\
\x80y\x8a~\x7f\xce\xef\xf3\x16\xe0\x1az\x1ctOz\
\xdc\xef\xf5\xe5\xbd^O\xc1\x0b\xe7\xe07E\x9f\xdf_\
\xf4\xfa\xfcE\xe8C\xde\xef\xf3\xe7\xe1:\xb8\x9f?\x03\
\xbf\xa7m{\xc9qh\x83\xdc\x0b\xda\xcb\xfb\xe0\xb7\x1e\
\xaf7\xef\xf1\xb8\x1bm\x07\xe0\x1c\xb4\x0b\xf7\x83\xeb\xf3\
p\xae@\xae\xf1z\xbd%\xb8O\xc9\xe3\xf1\x14\xddn\
w\xc9\xe3v\xe7\x9b\xedy\xbd\xe4:_\x0e0\xef\xab\
\xb7M\x10\xbe\x93\xf6\xc9y\xda7\xfaL\xb4-\x8f'\
\x0f\x08}\xf6\x15\xc8\xbd\xa0\x7f\x05\xe8\x1f\x5c\xe3'm\
\x16\xa0\xef\xb9z\xff\xc9\xbd\xbdE\xf2|\xe4\xbe>\x9f\
7\x07\xcfY\x7f^h\xc3\xe3\x86v\xdc\x9e\x1c\xfcM\
0O\x8fy<9\xd27\xf8\x0e\xf7\x83\xfb\xd7\xdb \
\xfd'm\x90\xfe\xa5\xe0X\xd6W\xffM\x96\x5cO~\
O\xda\xae_K\x9e\xb5\xde^\xc0\x1fH\xaf\xac\x042\
0\x860~\xbe\x0cy_\xd0\xd7\xe4\xfa\xfa\x9a\x0f\x96\
|\x82\x9e\xd5\xd55\xed\xca\xea\xaa8\x14\x0e\xe7\xc8\x1e\
\x7f\x17\xdf\xe0\x1e_[\xa4\xdf\x88\x1dd\xd9l&[\
\xd3\xeb\xf5\x07FF\xc7\xae|\xfa\xc9\x83H\xa3\xd6\xd2\
8s\x0e\xce\x0ex}.dwX\xd1]w\xfd\x10\
\x8d\x9c:u)\xc8\xac__\x03\x1aeqK\xd7\xdf\
\xe4\xdb\xdfC\xed\xdf,\xd7\x01\xdf(\x95J\x98in\
\xfd\xe3V;\xb5\xc6g\xf3;\xc1j\xdb\xf1\xf6\xbfk\
\x1d\xd7u~g\x06\x1c\xaf\xf5\xf8m\xaf6:\xdbc\
\xfa\xfc\x9e\xe9\xd3\x063d\xbf\xb7\xd3\xbfa\x90\xe9\xf1\
\xfb^\xfd\xeb\xf7\x9c\x9dmU;\xde\x13S\xcf\xe1\xc0\
\x10\xff~\x5c\xad\xd6\xd8J\xb5\xc2\x92x.\x8cq\xa7\
?\x00\xeea\x0dh,+\x0d\x0f\xa1\x86>@\xfeJ\
\xa5R\x8c\x5c\xa9\xfa\xed\xb1g\x8e]116\x89\xc4\
b)G\xa8g\x01\x02>/\x82\xb5\x0eE\xc2\x11\x9a\
\xe3I\x22\x96\xdc\xe8\xf7\x07\x024x\xb3\xcf\x9e\xee\x16\
/\x9f\x0d\x9bN\xe7\x95\xcdyF\xde,\xd3e\xaf\xb8\
)\xff1m\xbc\x86ik\xac\x1d\x99n\xc7\xd8\xcd\xd7\
\xb6\x16\x95\xe6\xd6c[\x0e\x12\xea\x8b\xd4j\x1bon\
\xa3\xa7\x8e\xdaz\xb6\xcd\xfd\xdb<\xc7\x1b\x8e\x0elk\
N\xe3\xf6g\xef\xe2#\x83{<\xe3\xc6\xfe\xd8\xc6\xb5\
L\xbf\xbe\xe1-\xe3A\x9f\xb1+o\xc6xK\xdb=\
\xfa\x81q\x8f\xb1\xee\xf9<}\xe7\xcb\xe0]\x81\xd68\
7\xa0\x16\x0e\x853R\x89\xec\xb3\x82\xe5e\xa4Tj\
\x90\xdd\xce\xc9\x00\xcf\xad\xdc\xef\xaf\xd3\xbf\xd7Cm\xf2\
j\x95\xfa\xf5 \xd3\xca\xca\xf5 \x8fj\x17\x9a\xeb\x16\
\xeb\x85qghoK\x92\xeb\x98{\xbd\xe7\x0b3`\
\x8e\xf5\xe2\x1bL\xc7\xb9N\x9e\xc3t\xdc\xaf\x7f\x1bx\
\xf3\xbeT\x97\xfb\xb6\xaf\x8d\xdd\xf8W\xb7\xeb1;\x1c\
\x1d1m\xbc\xac\xee]1\xb8\xcf\xbd\x8f\xe3\xde6\xb7\
6k\x0e\xd3\xf1wG;\x18w\x19?\xa6\x8f\xbfo\
/\xff\xdfA+I[\xdfp\x93\x03\xd4\xaa K\xd8\
\x1dv\xc9\xe8\xd8\xe9?:\xf4\xcc\x93\x1c\xfd\x9f\x05\xfa\
\xf7\xb9}\x08\xf47t\xe2\xd4\xb1]\x16\xab\xe5\xbf\xd3\
\x99\x0c\xc9\xf1R\x86\xb7P\xed\xf4\xda\xea\xff\xce\x07\xf9\
\x03\xf4\x9d\xb3\xb8#W\x10\xee\xf0&\xde\xba.\xe2n\
t\xbd\xe9\xa7L\x0f\x1f\xc5\xd6\x5c\xc7\x1b\xce\xcb\x9b\xe8\
\x00\xe3.6\xea!\xe4\x84\xb6Tx\xdd\xd6\xfa\x1e{\
`,\xdb!\xbf\xd4\x0f2]\xfa\xdd\x1b\xd9\x0e\xfa\xed\
\xcb\xab1\xdel\xaa\xed\xe8O\xbb\x1c\x81\x1b\x8c\xa8\xdb\
\xbb\xe9\x11\xe7\x8d\xb7\xbd\xf8wM\x1c@\xf3\x8b\xe0\xea\
\xfa\xfazA\xa9T^Cr\x06\xd8\xecv\xd0S9\
\xbf\x80\xe7\xcc\xe6\x1f\xf0#/`0\x1a\xe6\x19\xf4\xfa\
\x17\x05\xfc\x01~\xb5Re\x9b\xf9\x5c\xfb\xd03\xde\xa6\
l\xd7\x97w\xe03k\xbf\xa7\xafi\x0f3s\xfb\xfc\
\x1e\xa2\xc5\xa1\x9f\x1f\xf7\x98\xf2=vG1\x1e\xf4H\
x\xf0\x08\xe0\xde\xf9\x15\xb6\xea`\xb8\xb7\x8ffO\xf2\
\xdb\x92\xd3\x8b}\xd6d\xdd3\x14\xb4\xfbA\xe2\x17\x80\
\xab\xf9\x5c\xbe\xe4v{n$\xf2)\xa1}\x8e\xfe\x9f\
\xc3\xf5\x1f\xf4~\x82dl\xf5z\xfd\xcb#\xa1\x88\x9c\
\xa1\xb9\xba\x99Z\xcb.3\x1c-\x0f&\xc5\xee\xd7w\
\x91#1;@\x8f\xc4\x1d\xd7\xf6\xdb\x93\xec\xa2\xa3\xe2\
Am\xe3\x8eX&<`\x0f\xbb\xf3\xf7\x83\xe4c\xdc\
e\xff\x8b\xedm/\xef;\xa6\x9dz\x15;\x84\xdd\x0d\
\xf7\xb1\xdd\x0e\xc1\xa7\xcf\x12\x1b\xd8\xca\x01(\xfd\x17\x8b\
\xc5\x8a\xcd\xee\xf8*LW\x9e\xd3\xe5\xe4\xe8\xff9\x84\
\x96\x9f\xafFO\xec+/\xf3z\xfcb\xe2\xc7It\
\xaf3X\x7f\x9fS\x99\xe0Y\xb4\xd1ky\xeco\xaf\
\xc2]\xcf\xb1}\xaeg\x07\xf0\xbdax\xd8\x19>;\
\x1e8\xe6xx^2H\xce\xe9\xc5o\x9f\xe5<\xc0\
}\x5c\x83\x1bv'\xcc\xd6\x88>j\xb5\xdan&k\
\x94N\xaf\xe3\xe8\xff9\x84\xf5\xe0:*e\xf2t\xfd\
_\x5c\x5c\xbe\x04\xc6y\x86\xd8\x5c\xba\xac\xfd]bz\
[\xb4\x86\xb7'\xe3\x0e\xcc\x15\xc1\x0e\x99G\xec\xb9\xd0\
K\xb6\xc4\xad\xe2\xeer\xfb0\xb2L7\xe5\x17\x0fa\
#c\x878\xc6\x0e\x93Wq\x1b\xed\xe2!\x87\x0co\
\x97\xeft\x1f[\xbc\x1dn\xd0\xb4\xb9\xd0x\xe1\xb5\xd5\
\xf5\x88T*{'\xf1\x01P\xa9\x94\x1c\xd1>\xc7\xf4\
Oq}\x9d\xf2\x00\xa3\xc1\xf4\x9d|>_&\xee\x98\
\x1d\xef\xba\xdfZ\xd8K\x7f\xec;'\xf1p{Hg\
\xb2\x96\xf6\xe3\x1f\xbd\xe4\xf0\x819,\xf0\xe0g\xdf\xe4\
\xc82@\x96`\xfb\xd8'\x87Y\xf0\xfb\xd1\xd7\xb0\xfb\
pxxY\xac\xf3\xc9\xf06x+f\xbb\xdaJ\xda\
\xcd\x1cxK\x1d\x01ZF \x9f/`\x9b\xd5\xf6\xf8\
\xf8\xc8\xe8\x8b\x05\xcb|\xf4\xe3\x1f\xef\xe3\x88\xf69\xa6\
\xff\xb5\xf55\x14\x0c\x05i\xcdN\x99\x5c\xf1\x87.\x97\
[\x5c\x80qo8\xee\x0c##v\xd3\xdf\xd9\xb6}\
\x1cR\xe6\x83\xe4\xfa\xad\xd0=\x05\x86\xc4\x11\xb0U\xdc\
\xc8!\xc7\xd4\xcf\xd7Hr\x98F^\xf9Z#G\x04\
u-\x81\xff\xaa\xc4\x1e\xd1\x88?\xa85\xeb\xce\x90\xa0\
\x11\x8c7!\xb9\x96\x1a/h\x1bl\xc7\xb9f\xfb\xcd\
\xdf\xd3\xe3\xb4\x0c\x11=G\xcf\xd7\xff\xa6\xf7c\xd8\xfa\
\xf5$\xe15CO6\xafi\xe4\xb6\xa6m\xd0cL\
#\x97q\xeb^\x98\xf6\x9b~2-\xa85\xfe5\xda\
h\x7fn\x86$\xcbo\xf4\xa3V\xbf\xb2\xfe\x0b\x86i\
=3\xbd\x9ei\x0cIs,\x98\xb6\xebis\x8d>\
\xb0\xcdqb6\x90\xfe\x16\xd7\x9a\xbdi\xe6\xf0k\xf5\
\xb9\xf1\x98$\xbf7A\xb8\xb0Zk\xb6O~\xc72\
\xf5\xbc\xee\xb85\x86DQ\xac5b\xc2\x98~n\xe1\
\xc3\xad\xfbM\xcf\x89\xfa\x9c)\x97\xca\x8c\xcdf\x15\xc9\
\xa4\xd2\xb7\xcae2D\xe8\x9f\xe4\x89\xe1\xe0\xec\xc0\xa1\
\xc3GP\xb1\x94D\x93SS\xef7\x03\x90Znl\
{\x8eW\xdc\x93\xa7w.'-\x06@\xe2\xc1\xf2\xf9\
\x5c1\x9b\xcb\x97\xb2\xb9\x5c9\x9b\xcd\x94\xd2\xe9\x14\xc1\
\x0a\xc9!\x92J\xa7\xaa\xe9t\xba\x9aN\xa5k\xe9t\
\xb2\x96\xc9\xa4\x0035\xb8\xae\x9a\xcdd*\x99L\xba\
\x92\x81k\xc8\xf7,|\xcff\xb3p,Sm\x1c\xab\
\xe6\xe0\xba\x5c.[!\x08\xbf\xa1\xd7\x93O\xfa=\x9b\
\x81\xfbe\xcbp=`\x9a|\xd6\xcfe\xe0\xdaF\xdb\
Y\xb8w\xbd]r-`&]\xca\xd4\xb1~oz\
\x1d`:M1\xdbj\x83\xb4\x9f\xa6}'}\x81k\
k\xb4\xfd\x8d>\x97\xe9\xf1\x16\xd2k\xc9\xf1J\xe3z\
z,C\x9f\x9f\x8cE\xba\xd1\xf74\xe97\xf9N\x8e\
\xd3\xeb\xe8X\x00f\x086~S\xef\x03=W\xbf\xbe\
\xde\xbf\x1a\x1ccH_\xb2\x8d~g\xe93\xa4\x9a\xe7\
\xeb\xfd$}\x80c\xf0\xdbZ\x1d\xb3U:\xaem\xfd\
I\xa5\xe8\xfb\xa9\xa4S\xc9r:\x95*A{\xad\xf1\
\x81kKp\xcf\x22\xb4U$\xfd\xca\xe72\xb5|.\
W\x83w\x00\x98\xa9\x94J\x05f\xfbz\x18n\xf3K\
\xc0L\xa5\x5ca\x1d\x0e\x87fn~\xf6\x9d\xb33\xb3\
\xb4\xc6\xcc:\xacS\x1c\x9c=\x98\x98\x9cFG\x8e\x1d\
C~\xdf\x0a\x9a\x9a\x9e\xfa\xb0\xd3\xe1\xb2V+\xd5M\
\xfb\xe5C\xe8\xaf\x9b\x18A<\x19\xaf\xcad\xb2\xa3&\
\xa3\xf1\xeb:\x9d\xfe\xdbj\x8d\xf6{J\x95\xf2\x87\x0a\
\x99\xfc\xdbR\xb1\xf8\x0e\x89H\xf4M\xc0;\xc4\x02\xe1\
7\xc5B\xe17\xe5\x12\xc97\xe52\xe9\xb7\x14r\xd9\
\x1dp\xcd\x1d\xc0\xfb\xf7\xc9%\xd2o\xaa\xe4\x8a}*\
\x85\xfcv\x85\x5c~\xbbL\x22\xd9'\x15\x0a\xf7)\xa4\
\xd2;\xd4J\xc5\xed\x1a\xb5\xf26\xb5Jy\x1b='\
\x95\xde.\x97JoS\xca\xa5\xb7\xca\xe5\xb2[e2\
\xe9\xad\x12\xb1\x88\xe0m\x0a\x99d\x1f\xb4\x0d\xe7e\xb7\
+H\x1b\x22\x11|J\xf7)\xe5\xb2\xdb\xa1\xed\xdb\x14\
\x0a\x05\x5c#\xbf\x0d~\x7f\xabT\x22\xbeM&\x12\xdd\
\x06\xf7\xba\x15\xd6\x9e\xdbdR\xc9m2\xb1\xe4V%\
\xfc^%\x97\xdd\xa6\x82\xeb\xe0~\xfb\xe0\xfc\xed2\xb1\
x\x9fL,\xdaG\xee\x0b\xed\xdf&\x11\x8bo\x17\xf1\
\xf9\xb7\xc3\xb3\xc01\x09\x5c#&\xed\xdc&\x95\x906\
\xa0\x1f\xf0L\x04\xe5\x14\xc5\xf0\x8cbx.\xd9mj\
\xe8\xbfF)\xbf]\xa5T@?\xa1\x7fb!\xf4M\
\xbe\x8f\x1eS(\xeeP(\xc8xH(*\xe5\x12\xe8\
\xabl\x1f\xf4\xf9v%\x8c\x81\x9c|\x97\xca`\x9c\xa4\
\xdf\x86g\xf9&\xb9\x1e~\xfbM\xc0;\xc8\xbd\x94R\
\xd9>%\x5c#\x87c\xf0\xfc\xfb\x14r)\xf9\x1b\xae\
\x07\x84\xfb)\x15\xf2}r\xb1\x04\xae%mKo'\
\xd7\xc3X\x90~\xde\x0e\xc7oU+\x94\xb7\xc250\
\xae22\x1e\xb7\xca$\xd2o\xc0\xb9o\xe8\xf5\x9a;\
\x8c\x06\xfd\xb7\xf5:\xed\xb7H\x1b&\x83\xe1)\x12/\
6\xac\xad\x02o\xaa\x0aW\xf7\x0f)\xc1\xba\xe3t8\
\xa0\x8b\xb2wO\x8c\x8d!\xa9T\x82VV\x02\x1c\xfd\
?Opb\xff\x11\xa4\xd6\xeb\xd0\xdc\xf4\xdcG\x80\x07\
\xac\xf6\xcc\xf38\x04\x87/\x93\x18 \xbfO\x03\xf3\xe3\
\x9aG\x1f~\x84\xb6\x0f\x87w\x8d\x9c8\x85$\x22!\
\x12\x09\x04HHp\x89\x8f\x88\x8f'\x89/%\xc7\x81\
\xfe\x10\xcc1\xf8.F\xc0\x1b\x90T(B\x0a\x99\x14\
\xe6\x82\x94\xe6\x09\x5c\x9e\x9fG@c\x08\xe6+R)\
\xe5\x08\xe6\x1e\x12\x09\x05hiq\x91\xd6\x9d\xe7/\xcd\
#\xb1H\x84H\xbc1\x89\x9d%q\xbc\x22\xc12\x8d\
[%m\x02\xff@sS\xd3H\x0a\xdf\x81Fi\xdb\
\xc0\xa7\xa0Mh{\x91\xd4\xba\x13\xc2}\xf9\x88\xe4(\
\x02\xba\xa5q\xc2\x82\xc5%@h\x07\xfa\x08\xb4]?\
>;G\xfb'\x81{\x03?\xa3H\xe4\xd4\xc5\xb9y\
h\x1b~+\x86>\xc0\xbdH;\xa4?\xfc\xa5\x054\
z\xe28Z\x9a\xaf\x9f'\xcf:73\x05\xc7\x17\x91\
\x1c~\x0b\xf4\x8b\x80\x17 \xa1p\x19\xcdLM\xd4\x9f\
Q\x22\x82\xb1\x80~\x12\x19\x98\xbfL\x9fS.\x15\x91\
\xba\x0bHJ\xfa\x0d\xbf!c(\x811\x92\x8b\x85\xb4\
M\xa0]zO\xc1\xd22\x12B\x1br\xf2\x9c\xd0_\
\xe0\x8f4\xbe\x98\xb4\x01<\x90\x8e\x1f\x10\x1a\xb4\x07m\
\xc0\xb8\x01\xcf\x83\xefb\xa4\x10K\xe0z\x18k\xbe\x00\
-\xd3g\x81\xf7\x01\xd7\xca\x1a\xcf-\x84\xe3Sc\xe3\
\xad< \xc7\x8e\x1e&q\xc0\x7f\x01\xf2\xfar\xb9T\
:\x83\xf5\xbfn\xef/\x96J,\xe8\xfbZx\xc7\xef\
\x9a<5\x8a2\xc5\x1cr9\x9d\x1cQ>\x8f05\
>\x89\x8e\x1c>\x8aBknt\xea\xd4\xc9\x8f\x03/\
\xf6V7r\xbb0\xc3E\xfdo\xbc\xdbZ\xa5\xc2\xf8\
\xbd>\x8bJ\xa1\xfc0\xc9\x17\xe1\xf3\xaf\xd0y\xd3\x9e\
\xef\x17t\xcc\x16f\xd2Y\x94\xcf\x17(Vj\xccf\
\xac\x947\xb0Zm!\xcc\x9b\x16\xd6jp\xacVA\
\xa0{4\xae-\xb5]_\xa1X\xaa\x14[\xd8\x84R\
\xb9\xb8\x09\x9bP\x81\xef\x04\xcb\xe5\x12\x1c\xaf\xc0' \
i\xa3Xha\x13\xca\xc5\xd2&l\x87J\xa5V\xc7\
r\x15\xda(C\xff\xe0\x9aR\x91b\xa9\x02\xedA\xff\
(\x92\xbf)\xc2y\xd2\xe7J\xa5\x81e\xf8]\xb1\x81\
\xa5\xd6\xb3\x93\xef\x04\xf3\x80l\xb5D\x9f\x97\xfc\xb6\x89\
\xf0\xeeZX*\x957a\x13\x8a\xf0\x0c\xedH\xc7\x83\
\xb4\xd3\xc0\xe6\xf8\x97\xab5\xda>\xcb6\x9e\xbfT\xdc\
E\xae\x05y\xe3m\x06\x83V\x08\xfaK\xd3\x140\x84\
\xfd\xbf\xdd\xbf\x82\xe8\xfb%\x90\xf9\xedJ\xbe@\xf0\xae\
\xe9\x99i\xb4\x12\x5cGV\xaeF\xd0\xef\x05FN\x8f\
\xa1\xe3GG\xd0\xda\xfa:\x1a\x1b\x1d\xfd\x98\xcb\xed\xee\
\xcc\xf7<\xacY\x87L\x86r\xa9\x5cf\xbc^\xaf\xc3\
\xa07|\x84\xf0\x00\x9d\xce\x00\xeb\x96\xaa+\xfd\x13l\
\xd1\x0cG\xffC\xd3?=V9;\xf4\x0f\xef\x0f\xb0\
\xde^\xb1X\xa65`@b\xa7\xb2\x9c\xc9l|\xbd\
\xd1\xa8\x9fJ\xa7Sl\xab\xf4_\x975\x02\xf7\x9e=\
\x0c\x89\x19t;\x9df\x90\x9f\xde{\xf7\xff\xfb\x05r\
\xb9,h|\xfc4G\x88\xbfgx\xea\xa9\xa7\x90\xc9\
dB\x13\x13\x13\x1fw\xb9\x5c\x84\x07\xe0F\xcd\xf7^\
\xb1;\xdd\xf6r\xe9y\xc2?B\xa1\xa0\xdf`\xd0\xdf\
\x14\x89\xa4w\xad\xaf\x07Q\xc0\xef\xe3\x06y\x87C\x9d\
\xf6[\xf4\xcf\x03\xbe\xc6\xab\xd5j<r\xcej\xb5\xbe\
\xd5\xe5r\x8f\xe5r\xb9a\xb6\x896\xc2\xfb\xda|\xae\
@G\xac\xae\xae\xadiTJ\xe5\xee\xd1\xc9I\xa4\xd7\
ZQ$\x12A\xf1X\x82\x1b\xfc\xdf\x13\xa43\x19\x8a\
\x8f>\xf2\x08:t\xe8i\xb4\xb6\xb2\x86FO\x9f\xfe\
8\xe8bk\xf5\xfcN\xb8]\x17`\x86\xf0\x89\xa5H\
~\xbb\xb2\xb2\x12\xd0\xe9t\xd4\x9f\xdbj\xb1 \x87\x83\
\x8b\xe9:\x07\xe8\x9fG\xe9\x1fh\xbfZ\xa9\xf1F\x84\
sH\xa7\xd5\xfd\x9f@\xc0?],\x14\x86\x8d\xf9m\
\xc5&7\x5c%\x18\xb2&\x00\xed\xcb\xf4F\xc3{d\
\x0a\x19\xb2\x98\x8dT/$\xb4\xcf\xd1\xff\xef\x9f\xfe\x09\
f\xb29\xfaN\xd6|q42r\xea\x16\xbb\xdd^\
\xd7\x05\xb6\xc6\x8c\x0e\xe3g\xca\x80|\x8e\x03+\xab\x1e\
\x95F\xfb\x11\xdan0\x88^\xff\x97\xd7Q\xd9\x92\x83\
\x1dH\xffu]\x81W,\x80\xde\x8fY\xc4\x9f^D\
&\xa3\xe9\xed\x1e\x8fw\x09\xf4\x14vk\xfc\xe5P>\
\x81\x98\xf8\x99\xae\xad\x04\x0cZ\xad\xf6\xdd*\x95\x1a\xad\
\xae\xf8\xb9\x9a\xc0;\x90\xfe\x09\xba\xdc.\xf4\xd8\xa3\x0f\
\xa1T>Ol\x03\x1f\xb6;\x1c6X\x13\xd8\x86\x8f\
\xe6\x96\xfa>}\xfcg\x1b<\xa0\xc6\x06`\xf1P)\
\xd5\xffH\xec\x017~\xfasH\xa3Vq\x03\xbf\x03\
\xa1R\xa8\xdb2\x8a\xb0\xf6\x93\xbf\xf5z\xe3\x1b\xbd^\
\xff,\xc9\xed\xb4U\xcf\x1f\xca\xf7\x87\xe4\x86c\xfd>\
\xbfV\xabT\xfe\xb5\x05\xf4\xcb\xc6\xbe\x107\xd8;\x94\
\xfe\x89\x0cp\xf2\xf8q\x94\x89\x99Px5\x81N\x8e\
\x9e\xfe[\x87\xc3e-\x97+\x98\x1dP\xfb\xa5\x87\x8e\
\x00,\xa0Z\xf3z\xdcF\xb1@\xb0\xfb\xd4\xf1\x11\xa4\
Q)\xb8\x81\xdf\x81@\xec\x93Q\xd0\xc7\x7f|\xd7\x8f\
\x91N\xady\x95\xd3n?^\xc8\xe7\xa9\x9f\xe5\xd6\xa0\
\xe5\x81q\x08L\xa5Zf=^\xb7A\xaeT\xbdw\
\xfc\xc4)t\xf7o\x1eD\xa9L\x8a\x22\x07;\x1b\xb2\
\xc0\x0b\xc8zm0j\xd0\xf4\xf4\xec\x87\x9dN\xb7\xb9\
\x5c\xaa\xd7\x83\xdef\xac\x1b\xb9\xbeR*\x16\xabV\x8b\
E(\x10\xf0\xaf\x22\xfb\xcb\x1c\xec<H&\x92\xe8\x18\
\xf0~\xb1Tz9\xc8\xe7\xf7\xe4\xb3Y\x22\xf4\xd7\xda\
\xec\xc0\x83b7Z\xb4_.\x97\x19\xb7\xdb\xa5\x15\x8b\
E\xef%9\xdb\x9b\xfb\xc0\x1c\xfd\x9f;\xf4\xaf\xd5\xe9\
\xd0\xfe\x83\x07\x91\xcf\x1b@\xd3\xb3s\x1ft8\x9c\x86\
b\xb1\xb89\xdf$\x1e\xca&@si\xc5\xe3\xf1\x84\
\xd3\xe9\xda\xbb\xb6\xb6\xce\x0d\xf0\x0e\x04\x12\x1f.\x14\x8a\
\x90V\xa3\xfdp4\x1a[cq\xcf\x9ck\xfdr$\
\x80\xcc_\xc5\x0e\xbb]&\x12\x0a\xfe\xf2\xe83\x87\x90\
\xde`@\x01x\xe7D\xb6\xe4\xe0\xdc\x83\xe3\xc7\x8e!\
\xab\xcbG\xeaT\x5c\x0f\xf4\xab\x00\xfd\xb0\x99+\x90i\
\x8b\x03a\x06\xd8\x82j\xa5R\xb9\xa2\xd1j\xef\xe2\xf4\
\xbf\x9d\x09$\xe7\x9eVc\xd8\xe5t8\xbf\x9bIg\
:s\x04\x0f\xda\xf3\xa1\xeb>\xb1\x13\xba\x9cN\x1d\xac\
\xf9\xff\xe7\xf4\xf1c(\x1c\x8e\xf0R\xe947\xb8\xe7\
0\xdc\xf7\xeb_\xa3{\xef\xb9\x179\x1cV\xb4\xb8\xb8\
\xf4n\x9b\xdd!,\x14\x0al[]Pf\x88\x18u\
\xe2\xfbQQ\xaa\x94?\xe5\xe8\x7fg\x82\xc5dA\xf3\
3s\x17\xb9]\xee\x1fd\xb3\xd9\xf6\xdc\xa0\xcc\x10\xf2\
\x1dS(\x16\xb0\xd9h\x92-\xcc/\xbcs|t\x1c\
\xb9\xdcn\x94H\xa7P&\xcf\xad\xfb\xe72\x14\xf2y\
\x8aD'0Ythqa\xf9\xafl\x0e\xbb\xa4\x90\
/\x0c\xe3+\xdcZ?@\xfcO\x1b\x0c\x86\x0f\x87\x82\
!Th\xf3\xa5\xe3`g\x80\xdb\xedAF\xa3\x9e\xd4\
\xdf\xf9\x97T2U\xea!\xfb\xe3.\xf9\x97q>\x97\
c\xe1\xdd\x8a'\xc6\xc6\xde\xfe\x9f_\xfd:m\x8f\xf0\
\xf9L.G\x91\x83s\x9f\xfe\x8b\x85\x02:ur\x14\
\x99\x9d\x1e\xb4\xb0\xbc\xfc\xe7v\x9b}\x0a\x8e\xb5\xaf\x0f\
\xb8G.\xe0*\xa9\x11\xe4\xb0\xd9\x16\x04K\x8bW>\
\x04\xf2\x04G\xff;\x0f\x12\xb18:u\xe24\xd2k\
\xf5W\xfb}~I\xa5Rf{\xd0\xff&\xfb.\x89\
)\xd6j\xd43\xa3\xa7O\xbfijb\x1c\x1d~\xfa\
\x10J$\x124\xae\x83\x83\xde@jq\xb4\xe3N\x87\
l&\x8d<\x1e7\xe5\xeb\xc4\x97O\x22\x95\xbc\xc5\xe9\
pL\xa4\x92\xc9f\xcd0\xa6\x8e\xb8YG\x80\xd6\x92\
)\x95J5\xaf\xd7\xa7\x85k\xaf\xbd\xf7\xd7c\xa8\xc6\
\xd48\xfa\xdf\x81\x90\xcb\xe6\xa8\xcf?\x01\xb9Lz\x8b\
\xdf\xef\x0b\xd7hj\x14\x92\x1f~k\xbd\x03\x92{%\
\x9dNc\xbdN\xcb\x1f\x1f=\xfd\x06R\x8f\xf4\xc4\xf1\
\x93\xd4\x8f\xa8\x19\xd7\xc5\xc1\xf9E\xff\x84n+\x8d\xb8\
\x9d\xc9\xf1\x11$\x95\xc9\xffT\xa5T\x1e\x8cF\xa34\
\xcf\x0f\xd9\xeb#\xf3\x82\xa9\xd7\x14!\xfb~5\x9b\xd5\
f\x91\xcad\x1f\xff\xff\xbe\xff_\xc8\x0d\xfc\x83\xc4\xfd\
\xec\x14\xfao\x8f\x9f\xb9\xd0\xfd\x12\x09\xfd\xd7j\x18\xe4\
\x80\x18\xca\x17\xca\xbb\xd4j\xe5\xe7\xfc~o\xa8X\xf7\
\xfd\xab\xb6!\x91\xf9\xaa\xc9D\xbc\xa2R)\x16'&\
\xc6\xde\xf2\xf8c\x0f#\x9dN\x8b2\xd9\xec\x053^\
\x02\x81\x08\x09\x84b\xc4\xe7\xf3i,8\xf9$\xf5\xae\
I|\xb9R\xa9Dj\x95\x06\xa9\xd5\x1a\x04zQ\xdd\
\xff\xddn\xa3\xeb\xa6\xc3\x09\xe8p\x22\xaf\xd7\x8bV\x02\
+<@\xf8\x0c\xa0`0\xb8\xa3\x9f\xb7T\xd8\x88\xbd\
+\x14\x8b-?\xae\x85\xf9\xf9+e\x12\xf1\x7f\xfb\xfd\
\xfe\xb5H4V\x81s$wL%\x1a\x8bf\x9dN\
\xe7\xb8D,\xd9\xabS*yv\xfa\xec\xcf.\xc6\xbb\
\x08\xf7%H|\xd5I|^\x15\xd6\x9aT*C1\
\x9dJSL\xa5R(\x91\x8c\xa3x<\x86\xe2 \xd3\
\xc6`>'\x12I8\x96@\xb1x\x04%\xe2Q\x14\
O\xc4\xe8\xdf\xa4\x06r3f\x8e\xe87\xc4\xc6q\xa1\
\x83\xcdjAz\x9d\x8e\xc6\xfc--.\xdc`2\x99\
d\xe1p\x18\xdej\xb1J\x9c\xb9H\x0e\xa0\x95\x80/\
n1\x19\x1f\x9a\x9d\x9d\xfa\x13\x92oajz\x02\x11\
;\xff\x85B\xff#\xa3\x13@\xfb\x22\xa4\xd1\xea\xa8\xdd\
$\x02\xfaN*\x9bA\xe1h\x02\xf9W\xd6\xe8\x9e\xb9\
\xcb\xe5B.\xa7\x1b9\x5c\x1e\xa4\xd5\x19iN3\xb3\
\xd1By\x81\x15\xc6\xd8`0!\x89H\x85D|1\
\x92JeH$\x96\x00\xefP\xc2\xa7t\xc7\xd2\x7f\x13\
\xcbY\xe0\x01@/\xa9x\x12MM\x8e#\xfe\xe2\xc2\
eS\xd3\xd3\xef\xd5\xe9\x8d\xff\xbc\x1e\x0c~ieu\
\xe5\xdf4:\xed\x87\xe5R\xd9\xab\xf7?\xf6\x04J\xa7\
S\x88\xa91$\xae\x84\xe2\xb3Y\xaf\xc3\xa10:q\
\xec$\x8c\x95\x02Y\xccVZ/\xd6n\x03\xdej\xb3\
\x22+\xfc\xadP(\x90V\xadF\x1a\x95\x0ai5\x1a\
\xd0g\xb5H)W\xd0\xdc\x17*8GP\xadT \
\x8d\x92|W#!\xf0\xf1\xa9\xc9)435\x8eB\
\xa1u\xb4\xb2\xe2\xbf\xe0y\x80\xd7\xe3\xa3\xfc\xfd\xc8\xa1\
C$\xa7\xca\x9fj\xb5\xda\x7f\x5c_[\xfb\xce\xda\xea\
\xeao\xbcn\xd7w\x85\x82\xe5\x0f\xe9u\xaa\x97J\xc4\
\x02\xb4\xbc\xb4p\xc1\x8d\xcf7n\xfb6oqi\xf9\
\x8dJ\x95\xfa\x1f-f\xcb\x8dN\xb7\xe7\x13\xfe\xd5\x95\
[l\x0e\xd7?\x9b-\xb6OY-\xb6O\x9a\xcd\x96\
\x7f2\x9b\x00-\xb6\x7f\x02\xba\xb8I\xaf7\xdch4\
\x98n0\x9bL\x1f\x03\xfc(|\xff\x98B\xa6\xf9\x98\
D$\xfd\xa8H$\xfe\xe8\xb2@\xb0[ \x94]\xbc\
\xcc\x17\xd2\xbc0;\x0d\xca\x85\xf2&,\x82~G\xf0\
\xf8\xd1#\xc0\xc3\x96\xd1\xec\xec,\x1a\x9f\x9a\xa7\xd7F\
2)\xa4\xd4\xa8i.\x1c\xa7\xc5F\xe7R\x93\xf6\xcf\
\x94\xfe\xdd.7\xfa\xd2\x97>\x8ffgf\x90\x80/\
z\x95B\xae\xfa[\x93\xd1|\x83\xcdj\xbf\xc1j\xb1\
\xde`\xb3\x98?n1Y>\x0es\xf5&\x1d\xa0^\
\xab\xbb\x19h\xff&\x83\x1e>u\xfaO\xa8U\xaa[\
\xd4J\xe5M*\x85\xfcF\x8dJq\x93N\xa3\xba\xd9\
\xa07\xde\xa2\xd1h?!\x14\x0ao^\x98\x9fyg\
\xd3O-\x1c\x89\x5c\xf0< \x03\xeb\xd9\xea\xda\x0a\x12\
\x09\x85H\x01\xbct\xfa\xf4\xe8E\xa0\xe7\xbf\xe0\xa1\x07\
~\xbbk\x1ax\xa5^\xa7\x81\xb5\xec\xc2\xcc\xd3\xa9\xd6\
hw{\xbc>i4\x1a\xcb'S\xc9b&\x9b+\
\xe5\x0b\xf92\xa9a\x90L\x91\xbc\x8a\xe9J2\x99*\
SL\xa5J\xf1D\xa2\x18\x8f'J\xc9D\xb2\x98L\
&\x0b\x80E\x90I\x0b\xd1H\xac\x14\x09GJa\xc0\
`0\x14\x84\xb9\xfa\x95\x07\xee\xbf\x9b77;\xb9\xf3\
\xf4\xc3|~\x13\xb6\x03\xf1\xe9\xac\x82L\xce\xd4j-\
_\xcf$\xc8D\x98\xe4\xf2 qem\xb4\xbf]\xfa\
\xaf\xd5\xeay@\x88\x9e\xb4\xff\x89Ga\xad\x9e|\x17\
\xc8P\x93\xb1h,\x0d\xf7 9,K)\x18\xe7T\
2Y\x83q\xad\x80\xbc_\x8e\xc7b\x95x\xfd\xb3\x14\
\x8f\xc7\xe1{\xbc\x1c\x8dF+\x14#\x91J,\x1a\x81\
c\xd1\x1a\xbc\x138\x16+\x85\x82\xc1\xb2\xc7\xe52\xca\
\xa5\xe2=B\xfe\x22\x0a\xae\x878\x03U\x03\xfc\x1e/\
Z\xf5\x07Z\xfa\x9e^\xabA~\x9f\x0fx\xbe\x00t\
\xa9\xd8\x059&J\xa5b2\x9b\xc9v\xc6\xc63\x03\
\xea\xc0\xf6?\x8e1\x1b\x5c_\x0b\x8a\xc5\xc2\xbf\x91J\
\xc5\xc8\xe5p\x9e3\xf4Oes\xa2\x97\x17I\x0e\x9d\
\x8d\xdc=\x1b\xe7\x9e\x05\xfd3\x1bm---\xbf\x14\
\xf4\xd1\xd3\xc5b\x81\x1d\xb2\x86\xc0 l\xbe\xb3*\xbc\
O\xd6fs\xdcI\xe7\xbc\x7f\x85#\xfc6\xc8\x17r\
(W\xc8\x82\xce\x97GL\xa1v\xc1\x8f\x87N\xa7]\
(\x97K\xed\xbe\x91mu\x94\x1b\xb8\xa5v\x0e\xeeR\
\xf3\xae\xb5WF\xf7Z\xb3\xd9,\xebt\xb9\xfe\xd3\xe9\
q\xef\xb8|\x88\x83\xe8\xfflA\xa5\x9e\xf3\x8aG\xe2\
\x91\x94J\xe5G\xc3\xe1p\x82\xa55\x8b\xb7Q\xf3\xab\
g\x0d\x90V\xadP\x22;0*\x95\xfa\x9b\x0f?\xf8\
\x10\xf2\x078\xfa\xe7\xa07X\xac\xe6}$'{=\
\x06\xa6\x95#\xa7\xd6*n00ON+\x0f\xfa\xa6\
=UR\xaeauue\x14d\xdc+e2)7\
\xd0\x00\xd5Z\x05dO\x86\xd0\xffE\x1a\xb5\xe6\xa1R\
i\x13\xdf\x1d\x98\x87\xa4\xb3\xfev\x0f\xff\xe4j\x0c\x14\
\x8a\xe9\x99\xa9\x1b'&\xc7A\xae\xe5b\xd48\xe8\x0d\
\xcb\xcbK\xef\x01\xbd\xd1\xda*\x1a\xbfQW\xbe\xadp\
\x06\xeeWg\xaa\xb9\xf00m\xeb\x10m\xc3\xe7\xf3F\
\xf9|\xfe[\xc5\x221\xc8[E\x8a\x172\x94Ke\
4r\xea4\x12\x0bEo\x5c[[S\xd4j\x0c\xdb\
\xa5\x96gg\xb6y\xcc\x0e\xae\xef\xd7\xccSE\xaa\xf1\
\xb0k\xabk\xe2\x85\x85\xb9\xd7\xf0\x97\x17Q8\x1c\xe5\
&9\x07=\xe1\xee{\xee\xbe4\x12\x8b>^\xad\x91\
2W\xb4.\x14\xdeT?\x07\xf7\xab\xa5\x87\xbb\xd5d\
m\xf9Y&\x92I\x12'\xf7ebo\xf9\xf9\xff\xfc\
\xe8\x82\xf6\xa5*WJ\x08\x93}\xa8\xc3G\x90H(\
\xfat$\x12\xc95\xd6~\xb6wM\xd2~\xf6\x96\xf6\
J\x14\xcd\xf7\x84k\xa0_`\x95R\xf9\x84B&\xd9\
\xe5v\xdaA\xbf\xe1|\xd69\xe8\x0dj\xad\x16\x19L\
\xc6\xdb\x0b\x85B\x99\x16\xd0\xab\xd7b\xc3\x1d\x8b\xfe\x06\
\x8dc\x8c{\xcb\xa6\x9d\xb93\xab\xac\xc5j\x9b\x90H\
e\x971\x0c\x0bs\xf1\xc2\xa6\x7f\xa1P\x88\x16\x16\xe7\
/\xb7\xd9l\x0f\xe4r9f\xc3\x07\xad{\xcdB\xdc\
W\xce\xc7\x9dU{i{\x89D<\xa9R)?\xfa\
?\xbf\xbd\x87\xda\xb8\x88/\x10\x07\x1c\xf4\x82ER[\
E$~K\x22\x1e\xf7\x10y\x94\x96{d\x99>\xb9\
0:Y\xc3\x86\x0e\xd0^N\x96&\xdc\x05q\x22\x9e\
H\xd8\xb5:\xdd;\xc8\xbd\xf2\xf9</\xff<\xda\xdb\
v\x1a\xfdOMN\xa2\xe9\xa9\xa9?u:\x1c\x1e\x8c\
qm\xfbu\x891\xdbC\x1f\xc0\xb4\xbe%\x8b+6\
\xbbM7;;\xf3J\x22s\x95\x8bE\x8a\x1cp\xd0\
\x0b\xb4Z5\x9a\x9c\x98|\x81\xd3\xe1\x9c\xa8U\xab\x98\
\xd6oe\x19\xa6C\xf7\xc4]\xea\xafw\x91Eqg\
=\xf4Z&\x9b))\x94\x8a\xdb\x88OM\x96\xd6\xc9\
\xb90\xe9\x9f\xf8\x18\x12\x9a4\x9b\xcc7%\x13\xc9<\
\x89)\x18\x10\x93\xd6//\xddV\x1e\x00r\x1b\xd9\xc7\
\xb5Zm\xdf\xfb\xaf\x9f\xfex\x17\xe15eR\x8f\x83\
\xa3\x7f\x0e\xfa\x80\xdb\xed\xa4\xf3\xd2h2}\x9a\xd4\x91\
eXZ\xe6\xb9\xdf\xda\xd4o/j\x93\xd8J\xe2\xe7\
H}4\x8f\xc7{P(\x92\xbcX\xad\xd1\xc2\x9c\xac\
\xa2|\xee\xc2\x93I\x9f\xda\xff(\xfa\xd9O~\xbcK\
\xaf\xd3\x1d\xaeV\xab\x9d\xb2?\xeem\xf7\xc7\xbd\xe8\x7f\
K|r0\x18\x8a,--\xbfobb\x92\xbeS\
Rk\x87\x03\x0e\xfa\xd2\xbf\xcb\xc5\x93\x8b%\xa4^\xe2\
\xdb\xd6\xd7\xd6\xfc\xcd\x1a\xf5}\x8b\xa3\xe0\xad\xc2@\x87\
\xec\xdf2\x01\x10\x5c]]\xf5/..\xbeS \x10\
\xa2\xb5\x95\x15J\xff\xf9\xfc\x85\xb5.\x99\x0d\x06\xa4\xd3\
h^\xe1q\xbb5\x0cC\x87\xb7\x91w\x8ce\xfa\xdb\
\xf61\x1e\x22O)\xadU\xb4\xb6\xb2zZ.\x91\x5c\
E\xea_f\xb9\x5c\x15\x1c\x0c\x01N\xa7\x1b\xe5\x0ay\
\xde\xf8\xc8\xd8\x15\x81@\xe0a\xd0S\xebs\x13\xe3\xde\
{\xfex\xa8\x1cj\xcd=\xa9Z*\x95\xac:\xec\xf6\
\xcf\x915\xa9Zax\xb9B\xf1\xbc\xa5\xffZ\xad\xb6\
\x09\xc9\x9e\xbf\x90/n\xd4\xa1\x15\x7f6\x95Hd\xfb\
\xf8W\xf6\x90\xfb\xf1\xc0<\xf5\xc5b\xb1\xa2\xd7\xe9\xbf\
Oj\x12\xd3\x18\x85r\x99\x9b\xdc\x1c\x0c\x04\x97\xc7\x89\
<>7O!W \x95J\xf5\xf5t*U\xa6\xb1\
\xef\x18\x0f\xca\x83\x89\x07\x94Ok:\x0f\xd6\xaa\xb5*\
c\xb5Y\xa6GFO\xbe\x90\xccMB\xfb\x17\x00\xfd\
\x93\x9as@\x8b\x18\x9d<~\x1a\xd5J\xe5]\x1e\xaf\
\xf7^\xa0S\xb6\x87\xdc\x8f\x07\x97&\xedn\xff\xc7\xd4\
\xdfz}E\xa3\xd6\xbcC\x03:\xd6\xca\xca*7\xb1\
9\x18\x9e\xfe\xfdnZC~ia\xe1\xdaP0\xe4\
\x06\xf9\xb4\xb2a\x9f\xde\xb2\xcf\x84\xbb\xd7J\xde\xb4/\
\xd8t\x0ad\x1a\xb2\x04\xb3\xba\xba\xb2n4\x18\xdf\xfe\
\xdf?\xf99\x8d\xb9/\x14\xcf\xff\xf5\x1f\x1e\x9b\xe2c\
\x8f>\x8c\xf8\xcbKo\x08\x87Cj\xbc\xc9g\x02\xb3\
\x03\xf4\xfb\xbe\xb5\x09\x1b,\xb6F|-\xad\x16\xe3\xec\
\xc4\xd8\xc9\xcb\x92\xc9 7\xa99\xd8\x16\x80~\x8e\xc4\
\x22\x01\x12\x0a\x96/\xd3\xe9\xb4\x93\xe5r\xb9V\xb7\x01\
bvH;`\xbf\x1aZ\xd4\x1f0\x97\xcb\x96%R\
\xc9wIL\xfb\xca\xda\xda\x05A\xff\xb5F\x0c\xe1\xec\
\xfc,2\x99\x8c7D\x22\x91R\x1f\xbb)\xdb'\xf7\
h\xa7;@\xbb\x0cP%\xbe\x1b~\xbf\xff3\xe4^\
\xfce\x017\xa19\xd86\xfd\xfb\xfd\xf5<\x09b\x89\
\xf8[\xc5\x12\x15Rk\x9b\xfc\xfb{\xcf\xd1^\x8a\xe9\
&\xbeA\xe4^\xbd^w8\x14O^\xec\x0b\xac\x9c\
\xb7\xf4\xdf\x84j\x05\xd6~\xb6\xbe\xe7w\xe8\xc9\x83/\
\xb0Z,\xfbI\xee\xd0\xe1byz\xca\xff\xb8\xdd\xd7\
\xb7\xf9}%\xe0O\x89\xf8\x82wJ\xc5b\x9a\xff\xa7\
R\xe1\xec\xfe\x1cl\x8f\xfe\x09\xda\xedv\x92s\xe6\x8d\
\xeb\xebk\xc1\xe1\xeacc<DNe\x9aW\x97\xd8\
\x13\x83\xc1\xa0M \x14\xbd[\x22\x91\xa2\xd5\xf5\xf3[\
Ne\x80\xfe\x09\xfe\xe1k_\x89T\x0a\xd5k\xedV\
\x9b\x83\xc5\xdd|*0;\x90\xfe1\xee\xacW\xc7\xd4\
\x0f\xe2F]J\xef\xc9\xb9\x99\xa9+\x17\xe6f(\xed\
\x9f-\xfa\xcf\xe4\xb2\x9b\x90\x00\xa9{\x1f\x89FP,\
\x91@\xc9t\x0a\xa5\x00\xf3\xb9|\x1d\xf3\x85z\xdc\x07\
\xf9l\xf8}\xb6\xe7^\x22\xc8Aw\x88\x84\xc3-\x0c\
\x85\xc2(\x1c\x0c\xa1 \xd0\xcc\x1a\xc8\xcek\x81U\x9a\
Cb\xc5_\xc7\xe7\x0a\xa6\xa7\xa6\xd0\x81'\xf6\xbf\xcc\
b\xb1\xcc\xd7\xa8\x0b\xd0F<o\x97\xe5\xa8W\x5cP\
g\xfcJ+.=\x16\x8d\xd6\xe42\xd9\x17\xe6a\x9e\
\xba\x9c\xae\xf3\x97\xf6a\x0d&\x18\x8f\xc6@\xaf\x12\x22\
\x85\x5c\xf6o\xf1x<\xbdQG~\x90\xbd\xbf\xcb\x8e\
\xcb\x16>[o'\x95L2\xd0\xfe\x1d\xc7\x8e?C\
\xeb\x1c\x9e\x0d\xfa/\x12?\xe2\x22\xc9\x9d\x9eC\x85l\
\x16\xa5I~\xb8H\x10\x19\xf4:d$\xfb\x9aZ\x0d\
Z^\x98Gs\xb33H.\x93\xd0wK\xed\xbc9\
\xf2\x1b\xa0\xfft\xa2\xde\x06 G\xff\xbd!\x1e\x8b\xc2\
\x9c\x09\xc3g\x8cb2\x9fl\xd1\x7f(\xb4F\xe9?\
\xb0\xb6\x82\xd6m~Z\xe3\x8c\xe4.\x09x\xeb\xf8\x5c\
\xc0\xe2\xd2\x22}o\x1a\x8d\xe6\xcb\x89D\xa236\xb5\
W,J\x93\x0b\xe0\x1erkk\xae\x96\xcbe\x16\xd6\
\xc1\xb9\xf1\xd3\xa7\xaf\x12-\xf3Q\xa5Z\xa1x\xbe\x01\
,\xca\x94\xfe\xc9X\xc6#\x91KA\xef9\xd8\xc8\xf3\
Q\x1bPc\x90\x1dbO\xa0\x91k\x81\xb8j2l\
0\xb8nW\xc9\xe5\xef\xd2(\x954\xbe\xf0\xb9\xa4\x7f\
\x12;P$5\x13@W3\x16X\xf8\x9e\xa3\xf3\xf1\
\x96\x7f\xfc[\xc4_\x5cFK\x8b\xf3\x97\xa9@^\x04\
|\xe7\xd2\xfc\xdc{\xc6FN\xff9\x7fi\xe1u^\
\x97\xe7\x12\xa9LF\xf3n\xc2\xba\x7fQ!\x97\xe3\x91\
\xdf\x12\x1e\xd2N\xfbyh?W\xc8s\x84\xdfF\xff\
\xb1&\xfd\xc7c(\x1a\x8d\xf0`\xbcyA\xba\xfe\x07\
y\xa1\xf5\xe0\xae\xf5\xb5\xb5\x8b\xd6VV/\x22\xf9v\
\xfd>?\xef\xb9\xa4\xff\xa7\x9f9\x84\xe6\xe6f\xd1\xd4\
\xd4\xd45\xa1p\xc8\xdb\xf0Q\xc1\xb8Kl_o{\
 \xee\x9b\xcb\xc2\xef\xf7\xc7\x15r\xf9\x9bHL\xf0\xf9\
J\xff\xd4\xf6W\xad\xf2\xfe\xee\x1f\xff\x01\xcd/\xcc_\
\x03\xba\x95\x1bc\x86\xe9R[\x10\xb3}Yg\xbb~\
\x80;\xed\xfe\xc0b*,\xac\xc1\xe3\x01_\xe0\xd2\xa4\
;\x01t_A\xd5\xe7p\xedo\xa3\x7f\x1e\xa1\xd5r\
\xb1\xc4{\xec\xd1GI\x9e\xcc\xab\x142\xd9gV\x03\
\xfe\x07\x22\xa1\x90;\xb8\xbe\x9e\xf7z\xdc%\x97\xcb\x91\
\xf0\x07|j\x87\xd3q\x8f\xde\xa0\xffg\xa7\xd3\xf9J\
\xd0\x0dv5\xf2\xa8\xf1\xaa\xd52\x8f\xe8\x04E\xa0}\
B\xf7M\xe4\x00\xd1\x9c\xc3\xc9d\x12%b$\xafs\
\x8c\x07<\x80\x17\x8dGy\xc9d\x82\xe4\x82\xdeU\xab\
Tv\xb1\xb5*\xcf\xe7t\xed2\x1b\xcd\xbb~\xf8\x83\
\x1f\xf2T\x1a5\xef\xc0\xc1\xa7\xd0\xcc\xf44r\xb8\xdd\
\xc8\xeb\xf3 \xab\xd3\x8e\xdc^\xf7\x19\xf7C \x10\xa0\
\x89\xf1\x89\xcb}~\xdf3D\xb7l\xaeYx\xeb\x9e\
5\xde\xea\x0a\xd8=WM\x1b\xff\xa8\xe5r\xb9\xa2\xdd\
f\xfd\x1c\xb9W}\xad:\xbfr0\x91\xdc\xc0\x8d\xdc\
\x81\xbcO~\xf2\xd3 \x0f\xcb\xbf\x1c\x8dD\x1a\xfe\xbe\
[\xfc*7\xd9P\x86\xb1\xa3\xb6\xc7\xfa\x92\xb14\x1a\
\xf4_%\xf7%9\xc4+\xe5\xe7\x96\x97\x12\xfa/5\
\xd6\xffB#\x8eX&\x95\xfe\x99\xc9l<\x15O\xc4\
\xf3\xe5R\xa9\xbd6:\x9d'\xa4\xce\x06\xf4\x8bM\xa5\
\x92i\xe0\xf5|\xbb\xdd\xfa#\xab\xcd\xf2\x8ec\xa7\x8e\
\xbc\xec\xfa\xbf\xfc0z\xf0\x81\xfbI\x5c\x02\xafX(\
\xf28\xfa\xdf\x80\x04\xc9\xf5\x0eHx@2\x9e\xe0\xc1\
\xa8\xa2\xff\xbe\xe7WH\xa1\xd1\xa3CO\x1f\xbedv\
v\xee*\xadN\xff\x06\x93\xc9\xf4A\xb3\xc5\xf2\x19\x83\
\xc1\xf8U\x89T~\xe3\xc8\xe8\xe8\x9f\xde\xf7\xab__\
6;=E\xdf\x91Z\xa7~V\xf4\xbf\xff\xc0\x01$\
\xe0\x0b\xe0=\xcb\xbeW(\x14*\x83\xec|\xb8g\xae\
*\xdc\xcd~\xc8\x10?U\xa3^?*X\x5c\xbe\xb8\
\x18\xcfQ\xfa\xaf\xd5\x98\xf3\x8c\xfe\x19\xe0\xa1c\xe8\xc4\
\xb1\xa3/\xb3\xdb\xedS\xb0&w\xcb\xf3\xd3\xdfv\x82\
\xfb\xe8\x07\xc47\x0b\xd0\xe7\xf3\x85U*\xd5\x1b\xeb\xbc\
\xb4B\xf1\xb9\x04\xea\xa7\x0d\x98Nf\xd0M7\xdcL\
\xeaA\xbc\xc5h4.\xe5rY\xb6k\xce\x87\x0d;\
E\x9d\x17\xd4jl\xa9X\xac\x80\x8e\x924\x9a\x0cs\
\xc0\x0b?\xbf\xb4\xb8\xf8\xfa\xc7\x1ex\xa0\x95[\xd5\x0b\
\xb2\xabB\xa1D\x89h\xec\x82\xa5}\xd0\x0fi\xbd\x01\
\x12#\xc60\xb8\xbeg<!D\xe3\x93S\xafQ\xaa\
u\x7f\xef\xf2x\xfe\x0b\xc6\x89\x1f\x0c\x86V\x93\xc9T\
2\x9f\xcf\xe7\x8a\x00\xa1`(c0\x18\xd6t:\xdd\
\xefDB\xc1{\xe6\x853\xbb\x96\xf9K\x88\xbf\xbc|\
\xc6}!\xf6\x1c\x15\xe8\x92J\xa5\xe2\xadk\xeb\xeb\xfe\
F\xb8\x7fg\x10j\xbf\xbc\x14l\xb7\xd8A\xdc\xca\x0b\
\xc6\xb0\x81@\xc0\xacP)\xdf\xa2R\xab\x11\xccd\x90\
\x95\xcf?\xfa\x9f\x9f\x9d%\xb9\xfa\xdf\xea\xf5x\x82]\
\xec(x\x88\x98\xbe\x9e\xb9~\x88o\x16\x89\xd5t\xbb\
\x9c\xf3\xd3S\x13WR\xbfj\xba\xefwv\xe8\xff\xa9\
\x03\xfb\xd1\xf4\xc4\xe4\x15Z\x8d\xe61X\xd7\xa9O7\
\xde\xbc&\xe0\x0e\xfa\xdf\x92C\x16d\x93Z(\x14\xaa\
\x00?\x94\xc9\xa5\xd2\x9f\xcb$\x92\xb7\x1ez|\xff%\
\xc2\xe5%$\x11\x8b\xd1\xf5\xef\xf9+\x042\xc5yE\
\xd7\xcd\xbc\xf2\x04\xb39\x90u(\x02?\x05Y\x1fx\
(\xaa\x94\x8ahrz\x16\xc9\xe4r$W(\xd0\xdb\
^\xf1\x1a\x9eP |\xb1L&\xbf^\xa3\xd1\xdd\x13\
\x0a\x86\xe7\xe3\x89d\x1c\xe4\xafZ=5\x07\xae\xc2\xff\
\xf0\x9d\xa9\x929\xc0\xd4\xeb\x99U\x81\x1f\xb0\x01\xbf\xdf\
\xaeV\xa9>\xff\xcc3\xc7.\x95J%H\xa3Q\x9d\
q\xbf\x89\x8f\xce\xf1\xa3G/7\x9a\x8c3\x95Z\x95\
\xa8\xaeL{\x06\x10v0\xe0>r\x02\x9b\xce\xa4\x0b\
\x1a\xad\xf6KK\xcb|B\xfb<\xb2\xfe\xc3-(\x9e\
\x0f\xf4\xef\xf58(\x0f\x07\xde\xfc\xadL&S\x1a\xd2\
\xee7p\x1b\xa0\xcd\xad\xba\x9aL$jf\x93\xe16\
\xa2gP\xbb\xffY\xb0\xa3\x10\xda'<\xda\xe1\xb0#\
\x8dJ\xfd\xfe\xb5\xb5\xb5\x08\xa9\x89F|\xba\x1b\xfe\xe1\
\xbd|C\xdb\xebm7\x1f\x88\xc8\x925\xe2\x03\x01s\
\x1f\xfb}^\xbfA\xa7\xdb/\x11\x89\xde762r\
\xb9X\x22F\x1a\xb5\x06-?\x8b\xb5k'\xd3?\xd1\
\xa5\x08\xfd\xc3|\xa0u\x9dH}&\xb5^\x8b\xc4\x12\
\x09\xfa\xfc\xed_\xe1\xc1\xf3\xbf^\xa7\xd7\x7f\xd9nw\
,'S\xa9P\xa1Pd\x98\x8d\xfcp@\xead\xed\
\xa46_:\xf6\x0d~Pk\xd4\xa8$\xe5\x8cp<\
\x1a\x8b\x01\x0f\xf8\x0f2\xf7\xa2\xb10\xb2X\xccg\xd4\
o\xb2gE\xda\xb0\x98\xcd\xff\x9cJ&i,@#\
7`g\x9e\xba!\xe3W6\x1f#\xfb\x00++k\
\xbfS\xc8\x14\x97\x93\x5c\x98\xd0\xf2yC\xff\x04r\xf0\
n\xb5Z\xed\xa5\xc0\xd3g+\xf0\xac\xf5\xbc\xaa\x18\xf7\
\xf1\xf1\xc3\xc3D\x014H\x8c\xd8\xfe\xab\x91H\xc4/\
X^\xdeC\xe4\x0c\x92S\xbcZ9;\xf1>V\xab\
\x0d\x9eEw\xa9\xd9dy\x92\xbc\xb7:\x03\xc2\xcd<\
q\x83\x18XO?F\xf2_\xbeP\xc0\xab+\x81\xa8\
\xd3i\x7fX\xa6\x90\xdd(\x93\xc8^\x94J\xa6\x91T\
\xaeD*\xad\x0e%\xe2\x09\x9a7\xa5R\xad\xd7Hk\
\xe29F\xff<\x22\xd7\x17\xe0\x93\xe4\xbf!tE\xec\
u\xe4S\xa9V]!\x95J?`4\x98~\xb6\xb6\
\xb2\xaaM\xa5\xd3\xa5Flh\xafX\xbb\xce\xfd\xf5:\
\x8f\xc5\xcd|[5\xd6\xe3q\x1bA\xf7\xfc\x8b\xa9\xc9\
\x893\xee\xf7\x1f~\xe8CH,\x93\xa1e\xa1\xf0\xcf\
W\xd7\xd6\xfc\x8d\x8c`L\xdb\xfe5; ?u\xff\
\xd8\x15\xe0ekk\xeb\xeee\xbe\xe0\xedG\x8e\x9d\xa0\
k&h\xc8\xe7\x05\xfdg3Y$\x95H\x81\x87\x8a\
\xaf\xf1\xf9\xfc\x1e\xa6\xfeBkm\xb5\xc5{\xec\xf3\xe1\
\xc1\xfb\x82\xf45`\xa6T*\xb1N\xa7\xeb\xb4V\xaf\
{\x09\xd5\xfdK\x85\xb3F\xff\xa4\xee\xa3J\xa5\xbe\x1a\
\xf8\x8d\xb2\xfe(\xd4\xed\xa8\x17\xfd\xe3-\xd2@\xaf|\
%m\xf1\xa1\xc5b\x9eM&\x931\x8f\xdb=f1\
[nY\x12\x88^\x95\xd1\x9b\xd0\x91c\xc7\xd0\xe1C\
OQ\x1ep\xae\xd1\x7f\xab\xd6|\x96\xe6`\xe3e\xb3\
9J\xfb\xcb\x8b|4==\xfdr\x90\xabn0\x19\
\xcd\xc7b\xb1\xd8J.\x9be\x99\xf6\x5c\xb0\x83\xf3\xbe\
w\xee\x12\xe1f\xbcn\x22\x1eg\x95r\xf9\x9d\xdf\xfe\
\xd1\x9d\xbb\xc8^\xde\x99\x00\xa9\x19\xf5\xc8\xe3O\xa1\xd9\
\xf9\xa5+\xdc\x1e\xef#\xc5b\xa9I\xff[c\xff\x06\
\xe7\xae\xee\x9e\xa3:\x1e/\xd9\xec\x8e\x9b\x8e\x1c:J\
\xe8\x9e\x07\xca\x0c\xc1g=\xee\x15\x5c\xdb\x84\xcf'\x80\
8\x06\xc8\xa2'\x0e<\x81f\xe7f\xf7\xc5c\xb1Z\
[>uf\xb0o\x7f_\xff\x7fvc\x0f%[\xe5\
\x0b\x96\x7fz\xff\x03\xf7\x13\x9d\x9fW\x05\xfeY\x06\xfd\
\xbf|\x16\xf2}(\x95*b\x9f\xdb\x0d:\xab\xb7\x99\
\xd5\xa9-\xd7\xfb\xb0\xeb~/\xfa\xdfdK\x82\xf5\x0b\
\xa7\x92\xa9\x9c\xc7\xeb\xd7\x9a\x8c\xa6/,.-\xbd\xf6\
\xe8\xe1gZ\xb6\xc2_~\xefg\xe7\x04\xfd\xd7\xd7{\
\xe2\x03\x99C\xa5b\x81\xeag\xb7\x7f\xeb\x0e$S(\
^\x0d:\xce\xbf\xba\x1c\xce9\xa0\xfbl\xb5Zm\xee\
\xab\xd5p\xf7\x5cP\xc3\xd2V\xabV\x07y=v\xbb\
]y\xe2\xd8\xb1W\xcf\x81l\xe8r\xbb(n\x97\xfe\
#\xd1(oqq\x1e\xc9\xe5\xd2\xdb@_\xa9\xb2[\
\xec=\x98\x1d\x82?\xf5\xeas\xb5R\xa9V\x1d\x0e\xd7\
\x81\xd1\xc9\xe9K\xc9\xf8\x9c\x0f\xf4\x0f\xaf\x10-\xcc\xcd\
\x93\x1a\xca/v\xd8\xedO\x01\xdfo\xc8hl\xe7\xde\
?\x1e@7}\xe6\x01\xc6\xe1px]!\x97\xbd\xfb\
\xf6\xaf\x7f\x0dUjU^\x93\xf6\xcf\x06\xfd\xeb4\x1a\
R\x83\xf4\xdd\xe9t\xca\x8e\x9b2go\xfa\xdf\x8eQ\
\xa3\x9b\x1d\xb9N\x0b\xa0\xe3\x92\xfar\x1e\xafgQ\xab\
\xd1|F!\x93\xbf\xd8l\xb1\x92\xdciH\xa7\xd5\xd2\
\xdaL;\x19\x08\xaf\x92\xcc\x896\xbeK\xa5\xaf\x00=\
\xff\x0bN\x87s\x06\xe8>_\xabV[\xebB3\x07\
\x0c\xee\x9d\x0f\xa2\xab\xbc\x8d\xbb\x8dk]\x06`\xdcn\
\xf7\xfa\xc2\xc2\xc2\x1bDB\xd1\x19\xd1\x7flu\x95\xfa\
\x1b?\xf3\xf4a$\x97\xca\xde\x15\x0c\x85\x9c\xd4\xdc0\
\xb8.\xcd\x90Zl#&xe\xd5e4\x99\xaf\x16\
\x8b\xa5H\x0a\xa8\xd7\x1bh\x8dq\x9d\xc1\x04\xdf-H\
o4\xd3wN\xea\x0c[\xac\xf0\xdd\x0c\xc7\x8dF\xa4\
\x87\xf3:\x9d\x01\x19\x0dFd2\x99\x90\xc9`&\xf9\
\xcb\xe8>\x0a\xc8>H(\x16!\x85J\x89\x94*\x15\
R\xc1\xfcU+\xd5\xc4\xa7\x91\xe8\xe4\x80zz\x1f\xbd\
\xa1\x8e\x06\xd2\x9e\xd1\xd0h\x17\xee\x0d\xe7\xc8\xb5j\x8d\
\x9a\xe8g \xff\xaa\x91JM\xea\x9f+\xe1\x98\x0ai\
\xb4j\xa4\xd5i\x91\x06PO\xfb\x00h4Q4\x99\
\xadH,\x96 \x01\x9f\xff\x8e\xd5@\xc0\xd7a\x07g\
\x87\x8b\xe9\xed\xbbN\xd2Wl4\x19\xf8\xc7O\x1d\xbf\
\x82\xda\xfdI-\xe2j\xed\xac\xd1?\xf1\xe5u\xd8\x1d\
\xffkeu\x95\x0f\xf3\xb6=\xffk\xb7}\x1fv\x88\
\xe7\xec\x95\xdf\xbc\xbd\xf6\x0c\xb1\x15V\xc9\xfa\x98H$\
\xb2~\xafo\xcc`0}H\xa3V_A|\x8d\xa3\
\xb1 \xb2\xdb\xad[\xf5\xedFM\xf5&>\xe7\xfa|\
\xb1\xbc\x09\xdb\xa1T.P\xacTK\xc8\xee\xb0\xa1\xd1\
\x13\xa7\x10\x9f\xbft%\xe8O7\x9b\xcdfE4\x1a\
\xcdV*e\xa6^\xef\xa9k\xeeW\xcc\xf6\xe7\x01\xbd\
rC\xb7\xf9\x85\xd0\xa3L\xc0\xef\x8f\xc9$\x92\xb7\xab\
\x15\xf23\xa2\xff \x895\x00$\xf3ka~\xfeR\
\xe0\xb9\x13\x95r\x85\xc1\xfd\xfd\xff\x86\xb1\x03\xb5\x7fV\
s\xb9|\xc1d\xb6\xfc\xc2fs\xfc\xb9\xc5b\xbd\x06\
h\xf9Z\xc0\xbf6\x9a-\xef5\x99l\xef5Y\xac\
\xef\xb5Zl\xd7\xd9m\xb6kmv\xeb5V+\x5c\
c\xb1\xc0y\xeb5@o\xd7\xc2\xb8\xee\x06\xdep\xad\
\xc5l\xbb\xc6b\xb1\x5cg2\x19\xf7\x10;\xb5Z\xab\
y\x9fF\xab\xd9\xab\xd1j\xf7jt\xba\xeb\xb5\x1a\xdd\
^\xbdN\xb7\xc7\xa07\xec\x81yt\x9d\xd1h\x86k\
\xcd\xe4^\xbb\xa1\x8d\xbd&\xb3i7\xf4\x83\x1c\xdbm\
0\x99\xf6\xeat\xba\xf7\x01\x8d\xff\x8dF\xa7y\xbfV\
\xab{\xbfV\x07\x08m\xea\xf4\x9a\xf7\xe9\x0d\xba\xf7\xeb\
\x0dz\xf8\xd4\x7f\x00d\xd4\xbf\x01\xfe\xf4\xd7\xa0\xb3\xbe\
\x07\xee\xff\x1e\x8b\xcd\xfe^\xe0Y\xef\xd5\x19\x0c\xbf\xcc\
\xe5rUv{2\xdd`\xdf\x1f\xea\xef\x9f\xa8\xe8u\
\xda/6\xd7\x96*\xb5\xfd\x95(\x9e\x0d\xfa\xa7y\x84\
\x0by\x04\xba\xdaO\xc835m\xce\x1b\xb6 <\x0c\
\x9d\xb3C\xfa7\xb1]\xf6\x0f\x99\x1a,\x97\xb1h,\
\xee\xf3z\x1f\xd3\xe9\xb4\xd7\xcf/L_d\xb1Zi\
=t\x99T\x8a\xa2\xe1\xc8\xf3N\xff\xc4\xd7\xba\x5c*\
R,\x16\xcahue\x85\x8e\xd5\xfc\xdc\x02\xda\xff\xc4\
c\x17\x09\x96\x97\xf7ZL\xa6c\xa1`(U\xa5|\
\xb3n\xebh\xfao\x0f\xe0\x85\x83\xf2\xbf4\x8as\xe1\
n\xf6\x16Rw'(\x14\xf0\xdfDko\x02\xff\xde\
n\xac\x0d\xa1\xfdP(\x84\xd6V\xeb\xcf\xa4V\xa9\xbe\
\x06\xf2X\x81\xe4\x97\xeeb\xff\x1b\xa4\xba\xf6\xd2\x13\x89\
i\x0c\x83\x8c\x9c\xae\x96+\x8er\xb9\xec-\x15K~\
@_\xa9T\xf2\x96J\xf0w\xb9\xe2\x85\xf7\x18(\x16\
\x0b\xfeR\xa9\xe8+\x94\xe0\x1c\x9c\x87c\x04\xfd\xc5b\
)\x00\xd7\xc29\xfa\x1b\x7f\xb1T\x5c)\x16\x8a\xabp\
\x9c\xe0J\x0b\x0bp\xbcX \x9f\x81\xe6o\xe0\xd3_\
.\x17\x03\xe5ri\xa5\x5c\xaa\x1f#\x9f\xc5\x12\x5c\x9f\
/\xac\x02\xae\x81\x1eGp\xb5P,\xae\x92\xcfb1\
\xbf\x0a\xb2'm\x1f\xfa\xb3V\xc7\x02\xf4\xbb\xe8\x81y\
\xe0\x81O\xf2\xdd\x9b\xcdfs\x1d\xef\xa6{\xe6\xc4\xae\
y\xbe\xba\xd9\x05[qTx\x05\x98\xfb\xdc\xf4\xe4\x9f\
/\xcd\xcf5\xe8\xbf\xd4\xc2\xb3\x01\x11\xa0-\x9b\xcd\x86\
\x9c.\xe7\x1b\xfd~\x9f\x85\x84\x86\xe3F^\xc7\x0d\xbb\
F\xab\xe6S\x1f\xbd\x00\xe3!\xf2\x1a\xf4\x99W,\x0b\
\xe3\xcdF#\x91\x00\xc8\x81w\x83\xbc\xf7\x06\xd2?\x0b\
\xc8m\xa4.;\xc9wv\xb6\xe9\xbfT.5\x91W\
i\xa3\xffT*\xcd\xfb\xe5o\x7f\x8d\xf6?\xf6\xc8.\
\x91H\xf4\x0e\x95R\xf1\xbbU`\x08\x85B\x81\xed\x91\
;\xbb\x1f\xbfg\xfa\xd3\x10n\x9f$L\xc7\xfaO\xbf\
\xdb\xacV\xcb\xd1#\xcf\xbc\xe6\xe4\xc9\x13\xb4\xd6<\xc1\
m\xdb\x00\xc3!\x8a\x13\x93Shqq\xf1\xcd\x0e\x87\
c\x9d\xec;u\xd4\xff\x18\x94\x97\xb2\xa7\xfc\xbf\xb9\xce\
`Oy\x98\x19NV\xee2\xf70\xdb\xc3N\x85\xd9\
>y\xb7\x07\xe4\xdf\xde4\x87\x99.\xb1\xce\xb8\x8b/\
L?\xbf\xc8!u\xe4:}\x91\xf9\xef\xf3z\x1e\x03\
\xd9\xee\x0a\xa3^\x0fs\xafpV\xe9\xbf\x98/R\x04\
\xf9\x1f\xfd\xebo?D\xf6\x93?\xea\xf5z\xdc0\xaf\
1\xbb\xc1\x03\xda\xeb\x122\xfds\x19\x0f\xe9\xfb\xd8\xdb\
\x8f\x84\xd8\x060\x8cC\x15\xd6'\x8b\xc3a\xfb\x8a\xdd\
d\xbe\xca\x0cz`\xd3FX,\x9dM\xfa/\xa2j\
\xb1B\xea\xc0\x13\xfa\xe7\x91\xb1!\xf7\xfc\xbb\x8f\xfd\x03\
:~\xfa\xc4\xd52\x85\xfc\x07\x1e\x8f\xd7\x9f\xcf\xe7\x9b\
\xf93kmy4{e\xcc\x1b\xd6\xf6\xd3Wol\
\xde\x8f\xf0g\x90\x89\xef\xbf\xf7\x97w_F|P\xdd\
\x1e7\xc53\xa2\xffH\x04\x9d8q\x14\x1d9\xf2\xf4\
K\x1cN\xe7\xd1\xf2F\xfe\x8a\x9e\xf4\x8f\xf1\xd0\xf4\x8f\
\xbb\xe4\xc1\x1c\xbe\xe68n\xff-\x1e\xb6>v\xaf\x9a\
\xd9\xb8\xbf?+\xee\xe6\xd7\xb6\xa5^:\xde\x90\xeb\x86\
\xcd\xf31\x8c\x1d\xa5u\xeft*\xc9H\xc4\xa2\xdb\x97\
\x16\x17Z5\xec\xcf\xee\xfeu\xa9\x81\xf5y\x1eZ]\
\xbfH*\x11\xef5\x1a\x0d\x8b\xe1P\xa8D\xf6\x9b\xdb\
\xde\x013 \xaf\xe1\x99\xac\x13[\xf6>Zc\x0d\x14\
\x96\xcdfr^\xaf\xf7\x94H(\xfcK\xd2\xdfg\x9e\
~\x1a\xa5\xd2I^\x22\x9d9+\xe3Q-W)\x82\
.Lm\xfa\x87\x9e:\x88N\x1c=\xfa\x02!_\xf0\
\xb7z\xbdN\x10O$\xca0S\xaa\x03r\xbbn\xc3\
N\xdee\xad\xc5]\xe7t3\x1d\x04\x1b\x09\x87\x222\
\xa9\xe4\xc3\x80\xc8h\xd0#\xb7\xdbM\xf1Le?\xe2\
\xaf\xb8\xb8,DJ\xa5\xfa?b\xb1xm\x00\xbf\xda\
\xee>\xe00t\xcav\xa19v\x08~\xc1v\xfa\x1e\
\xf7\xe0\x17\x1dm\xe2\xbe\xfc\x02o\xa6\xfbM\xfe\xeeC\
\xee\xddn\xcbW\xaaU\xd7\x93\xc4\xfa\xae\x07\xadf\x93\
\xf1-\x16\xb3\x19\xa5\x92\xc9\xe7a\x0f\xbb\xd0\xc0<\xf5\
W%s~vf\x06\x89D\x82\xab\x14J\xf9W\x5c\
\x0e\x87,\x1e\x8dV\xea\xfb\x1c,\xd3\xa7\x9eA\xbf\xe9\
\x80\xb7!'t\xf2_\xb6R\xa90\xebk\xeb^\x93\
\xc9t\xc7\xec\xf4\xf4+\xa7\xa7\xc6\x11\xfc}V\xc6\x83\
\xc4W\x81\x0e\x89\x1a>\x97\xc4\xc7\xe3\xed*\x85\xe2A\
\xbf\xcf\x1f\x01\xfd\x157j:\xd4\xb6A\xf3\xb8\x87\xaf\
\xc4@\x1b\xc9\xc6\x9c\xc6\xf5\x18]`\xbf\xf1x\xac\xa2\
\xd1\xa8\xee\x12,-]&\x11\x09\x91\xfcY\xd6\xddf\
M\x11$\x15\x0b\xd1<\xe8\x9a3\xd3\xd3\xd7\x04\x83\xeb\
\xee\x96\x17\xe0\xd0\xb9\xab\x06\xca<\xc3\xac\xc9\x9b\xe6\x16\
\x1enm\xef\xb5^\xf7\xfam\xef\xf6q\xcf{u\x97\
\xfd\xdb\xf8\x08\x1e`\xcf\x1f('\xe3f\xaco\x955\
\x1a\x0c\xe3R\xb1\xe4b\x12_\xfc|\x80??E\xb1\
\x9c\xafm\xe8\x02\xce\xba\xdd\xbd\xc2\xb0<\x99L\xf6G\
b\xa1\xe0\xcbN\x9b\xedx\xc0\xefOf\xb3\xd9Z\x9b\
\xff\xdav\xf6\x84\x869\x87\xbb\xef\x17\xe0\x0a\xdc\xb3\x9a\
J\xa6\x8a\x0e\xbbmL\xadV\xee\xfe\xe1w\xef\xda%\
\x97\xcb\x90\xd7\xe7G\xcd\xd8\x08\x90]\x11\xd0h\xbd&\
\xd26r\xa3\x97\x8a%\x8a\x84\x0f\xca\xe5r\x92\xc3\x1d\
\x19\xb5\xba\x17\x09\x05\x82\x7fw\xda\x1dz\xe0\xc3UZ\
\xec\xbe\xee\x8b\xdf\xbe7\xda\xbb\xae3\x1eJ\xd6\xe9\xf0\
\x01\xdc\x94\xee\xb95'\x09\xf5\x97J%\xbc\xbe\x1e\x5c\
\xd1\xe9t\xdf\x9d\x99\x9d\xbalyi\x01\xcd\xcdL?\
w>`*\x15\x89e\xb9\xcc\xa0\xd7=MtP\xb6\
k,0\xeeg\xf7\x19v\xad\x1bV^\x1a&V\x06\
o3\xe6f\x987\xc4\x0c\xc8\xd9\xd9+\x1f\xf2P6\
@\xdc-\xf1\x17U\xecH\x0d\x052\xbf\x1d\x9f\x22\xf3\
9\x18\x0c?\xcf~\xac\xc5\x16\xe6i\xccn\x0ee\xf3\
Y\xba7z\xea\xe4q$X^|\x99B!\x7f\x9f\
F\xa9\xb8\xdfa\xb3:\x93\xa9d\xb9Z\xad4\xf5_\
\xea\xb3\xdea\x1f\xc0\x1dk\x1f\xee\x97\xfd\xac\xcf\xde7\
\xdbn{$\xfe\xc9\xf1XlU\xa3\xd6\xdc\x05:\xca\
\x1f\x9c8~\x0a)\xe4\x9aM\xf4\x0f\xc2\xca\xd0\xf4_\
\xb7\xf1\x97Q\xae\xee\xbb\xc7\xbb\xed\x1b\xb7\xa2\xe9\xa9\xb1\
7\x1b\xf5\xba\xc7@\xceN7\xe2\xe3\x9b*~\xbf\xbd\
\x903\xd9\xf3\xd9X\x01\xea{-d,\x09\xaf!{\
00\xbce6\x93\xc9\xe4].\x87I\xaf\xd3\xdf\xa3\
Vk\xde\x0e\xcf{\xb1@(@\xd2g\xb9\xeew\xc2\
\xc4\xc48mS\x22\x95|\xb5H\x9c5\xbb\xeb\xb9\xbd\
rU\xe2\xde\xfeJ\x03u\xc4au\xe7a\xb6\x9ep\
w\xdbr\xb7w\x86\x87\x8a\xc3\x1bB\xce\xef\xf6\x1b\x86\
\xed_S\xb1\xdd&\xde\x9aS\x1e\xb7\xdb\xb78?\xf7\
\xc7O?u\x80\xce\xc9\xdf\x17\x10\xfaob8\x18D\
\xa9D\x12)@\xd7\x5cX\x98G\x0f\xfe\xfa\xde\x8b\xe4\
\x0a\xd9\xdb\xe5J\xd9\xf7|^\x8f \x1a\x8d\x94*\xe5\
R\x8d\x88/m\xf6\xc2.r\x14\x1e\xd2\x8f\x10\xf75\
\x8c7\xdb\x22\xfej.\xb7\xeb\x00\xd0\xc5[\x9dNZ\
\xdf\x8e\x07\xf4\xcf+\x83\xde^\x02\x19\xbe4\x84\x0fa\
\xa5\x91\xbf\xa9ig\xe1\x0b\x04\x97I\xa4\xd2\x9bm6\
\xab>\x9b\xcd\xb4\x8bwx\xf3|\xc1g\x22\xffna\
h\x0d\xc9\x8f\xfa\xc90\xb8I\xffL-\x9f\xcf\xd7\xc2\
\xa1`|ueeL\xa9R|M,\x16\xbe\xf6}\
\xef\xbb~\x17\xf1k!\xbe'\x04\x1dV\xcbs\xfa\xce\
\xedV\x1b2\x9b,\xc4\x17\xfc\x0d\x91Ht\xa5\xc1\xf0\
\xda\xec>\x18\x0f\xa0av(\x9b\x01\xde\xc2\xe7q\x1f\
\xf9\xafs\xcd\xc5\xec66Z\xb6\x11\xb7\xd2\xab\xff\xcc\
\x10\xf4>\xac\x0c\xd3W\xff'\xba\xa5\xcf\xeb}\xe8\xc4\
\xb1\xa3W\xdcr\xd3G\x7f\xaf\xf4\xbf\xc5F\x14\x8f\xa2\
g\x9e8\x80\x08\x9d\xdd\xf2\xa5\x7fBJ\x95\x12\xdd\xff\
\xc8\x03\x08t\xd0?\xd1\xe9\xb4\x9fv\xb9\x5c\xd3\xa0\x97\
\xa6\xcb 76\xb6\x8e\x98\x0e[\xde\x99\xd8\xc9\xda\xdf\
9\xb3E\x9f\x03B)\x14\x0a\x8c?\xb0\xaaR\xaa4\
\x1f\x0b\xc5Vw\xa9U\x1a\x94Jg\xd0\xb0\xf4/\x91\
\x8a\x91P\xc8G\xa3\xe3#$>\xf9\xd5*\x95\xea>\
\x90\xb1\xc3\xf0.\x98\xc6=z\xd7\xc1\xea\x94h0\xcb\
v\xbd\x16o\xb19\xe1f~\x07\xfa\xaf\xbe\xdf\xc1\x10\
\x9b~\x22\x9e(Z\xccV\x9f\xc5b\xbd[.\x93\x7f\
P(\x10\xbd\x82\xc4\xfa\x13\x9d\xc4\xe3\xf5\xa2P8B\
\xf1l\x01\x89\x09\x1e\x1f\x1f\x7f\xa1\xd3\xe1X$%\xc2\
\xf1\xd6}\xacAv\xad\xa1\xea\xd8\xb1\xcfI~\xbcm\
\xf9N\xb3\xdd\xf7\xdd\x87Z\xf3\x87\xb5u\x9e\xc9\xb3\xb4\
j'\xc4\xa2\x91\xb2T\x22\xfa\xb7\x99\xe9I\xe4\xb1\xca\
v\x14\xfdo\x92\x97\x89\x8c\xddXg\x9f|\xecq$\
\x93/\xc3z${\xa9^\xa7\xbb\x01\xf0D8\x1c\x8a\
4\xf2 \x0e\xda\x07\x1db/v\xa0}\xb5F\xe2\x09\
\x22\x00 ;\xed\x93K\xe5\xaf \xfa\x0a\xc9o\x15\x8d\
D{>\x83L&A\xf1H\x9c\xfa\xa1jt\xea\x8b\
4\x1a\xf5\xdf\xb9\x9c\xce\xa5L6C\xd7\xdf\x8d=\x1e\
\x8c\xcf\xe0\xbd\xe3!\xde?\x8d\xf1\x22\x5c\x80\xe4W\x0a\
\x05\x83Q\xb9L6+\x5c\xe6\xef[Z\xe4\xbf\xee\xfe\
_?p\x09\xc9\x9d762\x06\xf2W\x14\xdd{\xcf\
=-\xda?\x9b\xf4O\xfcb\xff\xea\x96\xcf \xab\xd5\
\xfaU\x92svH\xbb\xf60~\xad\xdb\x8d\x1f\x19\x86\
\xaf\x0c#o\xe1\xe1\xd7\x99\xbe~\x09\xc3\xf8)lw\
n75?\xd0\x9ck,\xc8\xd9z\xb1H\xf8\xb6\xb1\
\x91S4\x8e|\x87\xd3\x7fK\xbf\xb6\x98\xed\xf4\x93\xf8\
f[\x1d\x8e\xcb\xe5\x0a\xf9?\xb8\xdc\xce\xc3\xe1P(\
[)Wz\xd9W\xb7\xebK\xdak\xac\x1b\xb5\xa7\x18\
\x9c\xcdf\x0b\x81@\xe08\xf0\xa07\xe8\x0czDj\
\xa4\x11\xa4{z\x0d\xdf\x89Z\xb5\x8c\x80\xb4\x91D\x22\
D\x06\x9d\x1e\xa9\xe4\xf2+\x94J\xf97\x88\x1fO\xa9\
T\xaa\xaf\xc5MsL\xf7w>\x5c\xac\xde@Y\x13\
\x94\xfbJ\xb9\x0a2~\xcc\xef\xf3=\xa8T\xab>*\
W*_J\xfa-X\x16\xa2/}\xf5?\xd17\xf6\
\xff\x00EI~\xc0X\x8c|>/\xef6\x95J#\
\x91@\x04}\x10\xfc\xf5\xda\xeaj\xa2\x99\xd3\xbf#\x1e\
\x10\x0f\xd0\x81\xb6;\x1e\x03x\xe5\x99\x88\xf8g\xfc\xbb\
3\xa9\xd9s&\x9dho\xafF\xea\xa6\xe8\xb4\x9a'\
\xeb{N\x0c\xb5_\x9f\x0bP.\x97\x1aX\xe6\xe5r\
9\xaa\x83\xdf\xf9\xa3;\x91@$|\x89\xc5l\xfe[\
\x87\xdd>\x07s\xb7T\xa9VZ\xfb\x1c\x18\xf7\xf4\x05\
\x1c\x96\x7f\xe3\xb6\xa9A\xd3e4\xd2V`\x92\x87!\
\x14\x0a\xa9\x9c.\xe7^\xa1H~\x89\x10\xe4\x00\xa2\xdb\
\xc3\xf1\x16\xfd\x9f>u\x1cIa\xfd\x97\xcbe\xafU\
\xcae\xf7\x87\xc3\xc1B3~\x9b\xf8\xbe\xd5\xf3\x9e\xf4\
\xb0\xe7\xe3\xa1\xf7/z\xc5>\x91\x1a\xael,\x1a]\
\xf3\xb8=\xbf\xd2ku\xef:~\xec\xf8e\xcb\xfcz\
=\xd7\x18\xd09.\x17P*\x96@\x95D\x96\xc4\xe7\
\xb5\xf0\xf9\x00\x97\xdb\x83\x16\xe6\xe6@\xee8\xf5J\xbb\
\xcd>Ab\xd0\x89\xffn3\x17D\x0f\x03\xe0 9\
\xba\xa7a\xfc\x0c\xf5x<\xc4>s\xa7\xa9\x05\x0f`\
M\xdb\xd1M\xb6\xb3\xdf=\x84|\x83\xab\xf1x<!\
\xe0/}\xea\xc83\x87\xe8\xba_=G\xf2\xa56\xe9\
\xbfR)\xd2\xfc$0_\xe8\xbe\x81F\xabAdo\
Z!\x13\xbf\x12\xe8\xec\xeb>\xbfo)\x95J\x96k\
\xb5*,\xd6d\xfb\x90a6tK\xdc\xe9\xbb\xd1\xc7\
\xc6\xd6s\xa3\xadu\x98\xf8+\x91x{\xbdN\xfb\xdd\
\xe3G\x9f\xb9\xe2\xe37|\x84\xf2\xd3J\xb9\xee\xdf4\
>>\x8a\xc4\x12\xe1;\xedv\xfbX*\x99\xaam6\
)u\xba\xb9\x0d\x9c7l\xa7\x0d\xb7\xe3\x04\x89\xfd\xab\
6\xf4\x14\x16\xd6\xfb\xb4\xd5j>$\x95\x8a? \x91\
H/\xb1[-$\xdf\x22\x8dsJg\xd2(\x93N\
\xa3R\xa1Qs\xa5\x8d\xf6\x9f/\xfaOD\xe3\xc8a\
\xb7\xa1\x13\xa7N\x22\xbe\x80\x7fg2\x99\xa4\x19\xe8A\
\xbe\xaa\xb4\xe5yzV\x0b\xec\x19\xb5\x81\x07\xea\x08\xdd\
l\xc7\xb8\x87\xedyX\x9f\xdca\xe5\xd3A6\xcf>\
mQ5\x90\xb1\xd9lN\xbeP\xf8\xca\xfaZ\xf5\xdc\
\xe7\xf8}\xbe\x81\xec\xc5\xa5\x92\x09\xa4\xd7\xaa\xd0\xe3\x8f\
<\x0c\xf2\xb6\xf4\x0f\xcdf\xd3W\xfd>\xaf-\x9b\xcb\
T\xebI\xaf0\xd3VYbk\xbc\xccvW\xe0\x0e\
?\xd9D\x22Q\x04\xf9\xff\xd7*\x95\xfa\x0fH,'\
\x19[\x87CGr\x9d} \x10XQ\xe7\xf3\x05B\
\xfb\xb5\x0e_\xf7n\xfb3\xed}\xec\xe07\xb8\xcdw\
ms\xee\xf6&O#>\x1d\xc0\x8fR\x16\xb3iJ\
&\x11}dqi\xf1\xa5|\xfe\x22\x0a\x87\xd7\x91\xd1\
\xa8\xdbQ\xef\x8d\xd0\x7fh-\x88F'\xc7\xd0\xc2\xd2\
\xc2\xfbA\x96Ze\xea\x0c\xa0\x19\xc3\xdco\x9f\x06\xf7\
\xf7\x11\x18\xce\xe7i8z\xc2\xdb\x91\xb1\x87\xd5\xf7\xb7\
e\xbf\xe9/o\x0cms y\xd2\xb0\xd9l~\xec\
\xc0\x81\x03\x97\x11\xf9ydr\xf9\x9c\xaf\xedG\xe8\xbf\
\xda\xdc[+\xb3H*\x95\xa2\x0f~j7\xcfh0\
^m4\x18\xee\x09\x06\x83\xbe\x86\x8fIo_\xd7\xa1\
\xf6\x81\xbb\xf3\xd4f;\xc0kj\xfe\x80\xff\x80\xc3\xe1\
x\x1d\xe9\x97J%\xffH \x10\xf0\x92<z\xd4\x8f\
\x0f\xf7\xaa\xd5\xd4^\xde\xba\xe3x/\xff~\xbc\xc9g\
\x87\xca8\xa9D\xb2\xe8t\xb9\x16dR\xe9-#\xa7\
N\xbed%\x10@\x22\x90\x8b\xee\xfc\xe9OQ4\xbc\
\xf3j\xe3\x11\xfa'H\xde\x1b\xc9Qj2\x18$\x15\
\xe0_L\xc3\xffp\x08=\x99=\x0b2\xc2\x99\xea\x07\
x\xf8\xeb\xf1v\xd6\xffA\xfb\x9f\xc3^G1\x1c\x0e\
WuZ\xdd\xc7\x97\x96\x97h\x8e\xa4R\xf1\xfc\xa9\xed\
Y\xad\xd6(\x16A\xa7!\xbcmi\x89\x8fb\xd9\xfc\
%r\xa5\xeaz\x97\xdbu0\x12\x8e\x14j4MF\
\xab\xfe\x04\x1e\x82\xef\x0e#\x03\xb4\xfc\x07A\xf6gV\
W\xd6\xe6\x81\xc7\xde\x13\x0a\xae{\x99\xba\xb9\xa0\x19\xcb\
1\xc8\xc0?P\xb7\xc5\x9b}\xb8)?)\x15\x0b\xac\
\xdf\xe7[\xb3\x18\x0dw(d\xd2\xff\xfd\xc4C\xf5\x5c\
\xe8F\xbd\x16\xcd\xcfL\xed\xd8\xf7Eh?\x1e\x89!\
\x8f\xdb\x83>\xfa\xfe=<\x95B\xf1\x8b|>W\xa3\
f\x16\xdcw\x5c0\xcb\xf6\xb5\xeb\x0c\xb3\xff\xbe\x1d\xbb\
\xefv\xda\x18\xc6\x17wX\x1f\xc2g\xd3\xbf-\xe3A\
f\xdf\xea\xea\x9a\x95\xbf\xb4\xf86\xe2s\x0a\xb2\x16:\
\x1f\xe9\x9f \xd09\x8d\xa9q\xaf\xae\xa1\xb9\x85EX\
\x07E/\xd6h4\x9f\xf6\xb8\xdd\xaaL&]\xc3\x9b\
sM\xb1\xc3\xd9\x01{\xaeG\xed\xf9\x18\xa9\xcf \xcc\
cL\xf5\x0eLl\xfcl\xb7\xbaw\xbd\xe3\xee\xb6\xea\
\x98\x9dr.m\x8f\xdc'\x1a\x8d\xc4M&\xe3#r\
\xb9\xf4\x1d\xf7\x1cy\x8a'\x15\x89\xd0\xfaj\xe0\xac\xc5\
+>\xd7\x10\x8bD)\xea-f\xa4\xd6h\xfej-\
\xb8\x9e&\xb2R\x83g>\xdb\xb5\xbb[\xacM\xd3\xff\
\xb5i\x1en+G\xd0\x18\xfa\xadYh\x9a\xb6\x99\x96\
\xf3l+WB+\x91q+\x87%S\xbf\x8ci\xb5\
\xbe\xe9'-\xf7\xfbMs\xa7Q\x13\x0d\xb3gl\x9a\
\x1c\xbc\xff\x81I\xec\xb8\xc5ly@\xabR\x5cb\xd4\
\xebh\xad\xbc\xf3\x11j\xa0\x0b4\xb1\x5c\x03\xdd\x80\xc4\
6\x5c\xcc\xa3>:2\x99\xe4u&\xa3\xfe\xe7~\xbf\
w\xb5X\xc8w\xf8\x9cu\xc6f\xe2.~\xc1C\xf8\
\x0f`\xdc\x19\xbb\xcc\x0cX\xb7\xda\xa7Z7yq\x93\
\x9eB\xf4\xe3x,Z\xb3Y-|\xbdFw\xb3\x80\
/\xb8D\xabQ\xd3<fd\xdd/\xb7\xe5-\xd8\xe9\
\x10\x8dD\x90L\xa3D\xfb\x9f|\x12MLN\xbe\xca\
\xedvK\xa8\x93\x05\xa6~\x9d\x83\xe6\xff0q\x82\xed\
\xb1\xb4\xc4\xae\xd0\x9e?\xb3\x13\xdb\xf3j2\x1d\xc7\xdb\
\x10w9\xd6\xba\xbeJ\xd2\xcb4\xd7\x82\xfa=\x9by\
-6\xf4?\xbc9/UG\xce\x0b\xcc\xf4\x5c#\xf0\
@_\x88\x96z\xd8\xa1k0\xe9T*%\xe4/\xfd\
+ \x22\xb1\xfe\xe7+t\xd2\x7f\x05\x90\xe4\xf7\xe3\x0b\
\x96\x91D\x22B\xc7\x8f\x1d\xbcxyi\xe1Z\xadV\
9\x99I\xa7\xcbt{\xa0\x9e?\xaes\xfc7\xb9\xcf\
\x9e\x81\x8f\xd6\xb3\x8dOn\xf3\xd5\xaf\xaf6\xc4\x7f\x07\
d\xfdU\xb9T\xf2_Sc\xa7\xfe\xe8\xe0\x81\xa7\x90\
\xd7\xe5\x02::7k\x1d\x11\xfa'X\xabUy\xf2\
#c<\xad^\xf7\xfdD*I\x16Qf\xc8\xfd\xac\
~\xf2w\x9bLEs]\xd4b\xb1\x08\x91\x99\xd8h\
$\xcaF\xc2a\x0c\xf7&\x7f\xd3\xcf0`$B\xbe\
Gq,\x1a\xc3\xb1X\x94\x89\xc6\xa2\xf4\xdah\xb4\xf9\
I\xae\x0f\xd3\xbfc\xf1X\xfd\x93\xb6G\x10\x8e\xc7\xc8\
\xdfQ\x5c\xbf\xae~=9\x1f\x8f\x91\xf6b\xe4\x5c\x1d\
cQ\x9cH\xc4\x99d2QM\x00\xc2'N&\x93\
\xb8X,\xe0.\xf3\xad3\x97\xcf\xf0\xb6\xcd\x86\x85\x9a\
\x84\xcb\xb8\x9cN\x8dI\xaf\xbb\xca\xe3\xb0\xa3\x0b\x11\xaa\
\xe5\x12r\xbb\xec\xe8\xbe\xfb\xeeAs\xb3Shrf\
\xfc\xe5F\xa3\xfeG\xc1\xb5\xb5@\x95\xe4\xa1\xa8\xd7@\
\xabu\x84X\xe2!}\xf3\xd8\xae>\x03C\xed#m\
\xf9\xed\xa6\xfc\x9bu\x9f}\x86\xe4i+9\x1d\x8eQ\
\x85Tz\xfd\xfe\x03O\x5c\xbc\xbc0K\xd7{\x9f\xdb\
y\xce\xbe\x93h=/0\x0a\x01\x92x\x8f\xf9\xb9\xd9\
\x7f\x08\x85\x810\x07\xc7|\xe3\xee\xe9\x0b\xbb\xc7>\x90\
\x17\x0b\xb4\x1d\x07\x19\xe9\x87J\xa5\xf2\xb3\x0a\x85\xf2\xdf\
eR\xe9g\x152\xd9g\x95\x0a\xf9g\x15r\xf9g\
\xe5\x0a\xf9\xe7\x14J\xd5\x7f(\x95\xaa\xcf\xab\xd5\x9a\xff\
\xd0\xea4_\xd0\xeat_\x80\xbf?\xa7\x82\xe3\x04\x95\
j\xe5\x17\xd4j\xd5\x17\xd5Zr^\xfb\x05\x8dZ\xfd\
%\x8dZ\xf9%\xb5J\xf9e\xb5Z\xf9e\x8dN\xf3\
E\x8dZ\xf3\x05r\xadZ\xa5\xa2\xd7j\xd5\xea\xcf\xeb\
\xb4\xba\xcfk\xb5\xda\xff \xe7\xb4j\xcd\x17\xb5Z\xcd\
\x17\x8c\x06\xfd\xbf[l\x96\xcf[l\xe6/Z\xad\x96\
/\xd9\xec\xf6/8\x9d\xce\xa9R\xbd\x06\xe6p\xdb\xd1\
\xbdu\xd2v\xbeAj\xe40z\xbd\xee\x89\xef\x7f\xff\
;\xbb\x9c6\xeb\x05K\xff\x04\x99j\x85\xd2\x8dH\xc2\
G\xc5R\xe1b\x99X\xf2\x01\x8f\xdb%\xc8d\xd2\x15\
\xbcU\xfe\xc2\x9b\xf9\xc0\xb0\xfb\x83\xb8\x9f/x\xcf\xcd\
\xa5-\xbc\x9e\xac\xf9\xe5\x0a^\x09\x04b&\xbd\xf6\x07\
b\x91\xe0\xd5O\xee\x7f|S\x1c\xd1\xb9\x0e\x91X\x8c\
\xa2\x84\xe6\xb9\x15\xbc\xcc\xe5v\xcd4\xe2 \x07\xfa\xca\
\xe3\xc1\xfb^-\xf9\xbc\x90\xcf'\x9d\x0e\xe7\xc7Im\
\xb4\xe9\xa9i451\x89\x96\x17\x17\xd1\xc2\xfc,\xc9\
I\x8a&\xa7\xa7\xd0\xc9\xd3\xa3htl\x02MMN\
\xa1\xa3\xc7\x8f\xa0\xd1\xf1143=\x83N\x9d<\x8d\
\xc6G\xc7\xd1\xf8\xc4\x18:v\xf28\x1a\x9f\x9a@#\
\x93\xa3\xe8\x81\xdf\xfe\x06\x1d~\xfaI\xf4\xc4\x13\x0f\xa1\
\xc7\xf7?\x8cN\x8d\x9cDG\x9f9\x82N\x9d8\x85\
FO\x9f\x82\xcf\x13hnj\x0a\xcd\xcf\xce\xa3S\xa7\
N\xa1\xf1\x9114z\xf2\x14:~\xe2(\xe2/-\
\xa0\x93#'\xd0\xbe\xef\xdd\x81\x9e~\xfa\x10rX\xec\
W8\xdd\x9e\xa7J\x8d\x9a8C\xf8\xa9\x0f\xd8Wl\
\xe5\xd3d\xc2\xa1P\xc1d4~\xc0nu \x0e\x10\
\xad\x11K\xeac\x13\xb0\x1a\xcd\xa4\xb6\xdd\x1f\x19\xf4\x86\
\xff\x09\x87CI\x1aZ\x5c7\xf9t\xd6\x9f<\x13s\
\xd46\xea\xb3m\xf5!\xc9e3\x18\xd6|\xbeT\x22\
\xb9\xe1\xc1G\x1f\xdfEt\xb7L:C\xed\x9b\x04\xcf\
' \xfcL\xab\xd1 \xb1Xto6\x9b\x1bb\x9e\
\xe3\x81\xfe\xb3\xb8M\x87'<\xc5l6\x9dr8\x9c\
\x97\x93\xfc\x855\xa6Fm`\xd9l\x96\xd6J\xcd\xa4\
S(\x95J\xb6|#\xd9FN\x16\x12\xe3E>I\
-I\xf2\xb9\xbe\xba\x862\xa9t\x93\x07\xf3D\xfc\x05\
\xf4\xaf\x9f\xfb4\xfd\xdb\xed\x09\xc0'\xe6\xe1F\x0d\xbd\
&\x9f&\xbeV\xe43\x91H\xc0\xbd2\xb4f[\xa1\
\x90G,\xe8\xa6\xb5Z\x85'\x93+\x11\xc8\x1e\xef\x8a\
\xc5\xe3\xf6m\xefg\xf4\xcc\x01\xd7\xb2i2\x81\x80\xdf\
\xb6\xb4\xb8\xf8:\xb9L\xc6\x11\x7f\x83\xfe\x9bu\xe2I\
M\x0aR\xdb\xd2j\xb1\xbc@\xaf\xd1~.\xb8\xbab\
,n\xca\xb3\xb9)&\x17\xb3\x83\xf3\xad\x0d#\xf7o\
\xb9\x16o\xb6!\xb2\xb9L&g1\x99~\xa7P\xc8\
\xfeP$\x12\xa1\x83O>E\xe7P\x93\xf6\xcf7\xfa\
'\xf9\x81\xadV+\xc9\x0b\xf0W\xc1P(\xd8\xf4m\
\xd8<\xc5\xfb\xe9P\xb8\xd7\x9ej\xd3O\x8b\xe8\xde\xeb\
Z\xb5\xf6C:\xad\x1ea\x9a\xeb~\xf3\xdeW\xb3f\
`\x0d\x03\xb2\xf0\x9d\xc5\xa8\x0a\xdfIN\xfczM\xd1\
\xda\x16$\xc7I\xbda\x82\x18\x13z\xae\xa2H\xa3\xee\
2(n\x94\xcf0\x18\x90\xb6W\xc7v;\x15y\xa7\
\x12\x89\x00\xb9\xdc\xeeO\xa7\xd2\xa92\xdb7\xad\xf5\xe0\
\xb8\x87\x8e<\xeeU\x12[\x0ek\xc8\xdd.\xaf\xf7R\
\x97\xcb\xc5\x11\x7f\x17 \xf9\xc8\x1c\x16\x1b\xfa\xf2\xb7\xbf\
\x82\xf4*\xf55.\x87}\xa6\x90\xcf147F=\
.\x85\xe9\x13_\xb8M[_\xb7\x9c\x03\xb8\x95\xeb\x8b\
\xc4\x03\x87\x82\xe1\x80\xcdj\xdd'Z^x!\xc8\xfc\
t\x8e@W(\x9e\xcf@j\xb6\x8e\x8e\x8d\xbd\xc4\xe1\
t\x08i\x82\xba\x8d\xa0\xe8aj\x02\x0d\xf2\x9d#\xf9\
\x1dY\x9b\xcd\xfa\x9f:}}\xaf\x84\xd0fW\x1b2\
f6a\x9d7l\xa6\xfb^\xd0\xe4!\x14q\x9d\x07\
\xf4\xba\xae\x90\xaa\xe7~;y\xf2\xe4\x8b\x1c\x0e\xfb\x11\
\xe0\x1d\x9d\xb5=6\x93t\xd7\xb5\x1eou\x0e\xdf\xc8\
\xdd\x5c\x8b\xc7c\x05\x89H\xf8/\x82\xe5\xa5\xf3Fg\
<\x1b`Pk\x91\xddjGF\x89\x90\xd4\xab\x7f\x85\
\xc3f\xbb?\x14\x0c\xc6\xcb\x952\xdb\x88\x9fe\xd8\xed\
\xd5X\xc4\x83\xcd\xb4l#)\x07u\x0f\xaa\x15\x8a\x05\
\xecv\xb9\xc4\x06\x83\xe1\xfd\xa3s\x8b\xbbT\x0a\x19\xe8\
\x8fc(\x14\x0c]\x10\xef\x80\xe8\xe6_\xfe\xf2\xd7v\
\xf9\xfc\xbe\xef4\xec`\xdb\x95\xafX\xb6{^l\x8a\
\xc4?:\x1a\x8d<$\x14\xf2I,fO\xfa\x7f>\
\x80\xca\x07\x80\x84\xfe%b\xd1\x9fX-\xe6\x00\xdb?\
\x87\xc5\xb0\xf9\x8dZ\xd1o$\x0edmmM\xa9\xd7\
\xe9\xaeV*\x14\xa8T,s\x84>@\x07%r\xb5\
L,AN\xab\xfd\x85\x06\xbd\xfe\x93^\x9f\xc7N\xfd\
\x87{\xc6\xa6\x0e\x1dW\xd8\xb6\xf6\xe3\xf6\xd8|\x0c\xf3\
\x90\x05\xbd>\xef\xf1\xfa\xf7\x0bE\x927|\xed[\xff\
\x89*\xd5\xcaY\xa9\xc1\xbe\x93\xa1\x5c\xac\xd2\xbc r\
\x99\xfcC\xe1p\xb8\xd0\xe9\x8f1X4\x1eh3\xc4\
\xab\x01\xff\xaapy\xf1M\x82\xe5\x05Z_\xf3\xf7\xb6\
OMt\x07\xc07\xfc\xf1\xd5H\xa5R~1\x1a\x8b\
\x16\xd8\xde\xf9n\xdb\xf7\x84\x86\x8a\x1d\xa0u}\x8bE\
V.\x93>~\xc7\xbe\xef\xa3t:\x83\xca\xa5\x0aG\
\xe4}\x00\x96a\x82<\xe2;\xf8\x83\xaf\xdf\x81\xbe\xf7\
\xad\xef \xadV\xfd\xce\xf5\xb55q\xb5Za\xfa\xfa\
m\xe3\x9e\xaah_\x19\x81\x88\xb9\xd1Ht\xc5\xe5p\
\xdff\xd0\xda^\xfa\xf4\xd1cD\x1f\xe1\xd1\xdc\xa2\x95\
\x0b\x8b_\x9b\xcd\x16$\x10\x0a\xd1\xec\xdc\xdc\x9f\x86B\
AI]\xedj\x8e'\x1e&\x0e` ON%S\
e\x9b\xc5zC\xd36Wk\xe8\xf6\xcf7\xed7\xef\
\x0f\xcf\xb8K*\x95>\xbd\x91\xc7\xa6o\xeds\xdcV\
\x11as\xbe\xcb\x8e\x5c\x150\x8fI\x8e\xcf\x8cV\xa3\
\xb9\xd9h4\x92\xba\xbe(_-rD\xde\x97\xfe\x99\
\x16\x12;\x0d\x91\xcd\x1ez\xe4q\xe4\xb0\xdb\xef\xc8\xe7\
s\x95\x8e\x18\x1d\xdc5\x9f\xfe\xd0q\x9d\xf5\xd3\xc4.\
\xed\xf7\x05\x9e\x82\xaf\x97\x03\xee\xaa\x95+\xbbj\x95*\
\xafT\x80\xf5\xa1\x5c\xbb\xe0\xde\x81\xc5dF*\x83\x94\
\xd4\xe6\xbc\x1b\xc6\xbc\x19\xde\xd8\x91\xc3\x1b\x0f\x92\xfd{\
\xee\x9b\x11~k\xb1Z\x8f\x9d8u\xfa\xe2j\xb5\xc6\
\xfb}\xd1?\xc9\x07\xb9\xb04\x8f\x14J\xf9\x9b}~\
\xbf\x96\xb8=\xf6\xf7\x11\xc7\xec\xf0\xf6'\xca8\xabn\
\x97\xdb\x03\xb2\xd4\xab\xa5\x12\x09\xc2%2\x9f\xaa\x1c\x91\
\xf7\xd3\xc9j\xb5&\xf2*\x95\x122\xa8\x95\xc8`0\
\xee\x01\x1d\xca\xc2\xd0\xe2$x;\xf1Bx@h9\
n\xf8\xf3\xe2|>\xbb\xea\xf1z\xbe4vz\xf4\xa2\
\xb1\xd1\x11\x14\x8d\xe6h]\xf2R\xf9\xc2\x93\xd7H^\
E\xfe\xd2\x12\x12\xf2\x05\x7f\x17\x8f\xc5\x22@\xb0,\xde\
\xe4S\x8d\xfb\xe4w\xc5\x03\xe5\x01\xd2T<\x1ew\x99\
L\xe6\xb7S~[cx\xbf\xaf\xf5\x7fjz\x06\xa9\
\xb5\xda/'\x12\x89\x1a;\xb0\xd6\x05f\x87\x95y`\
\xf1'v\xe4\xaa\xddf\xfb\xed\xc3\xbf\xfd\xed\x0b\x1e\xfa\
\xcdoZ\xb5f8\xe8G\xffU\x82\xbcZ\xb5\xb2\x8b\
\xac\xfdF\x8b\xf5\xe5\x1e\x8fo\x8c\xe4\xc3o\xf3\xdf>\
\xd3\xd8\xef\xde|\x01\xdeW8\x18L\xe8@V\x0b\xad\
\xae\x92\x98\x05\x92W\x98w!\xd2\x7f\x22\x1e\xa3\xb5\xb9\
\xc5R\xc9\x0b\x9d.\xa7\x9c\xe4qi\xe5\x05\xc3\x18w\
\xcfk=0\xc6\xbf=n\xb2\x96\xcb\xe5J@ww\
\x8cML\xd2\xb1\xae1\xcc\xf3\xbe\xceH\xe5r\xb4\xb0\
\xbc\xf4b\xbf?\xf0d\xc3\xe7\xa7\xd6%Nl\x08?\
\xb2\xae\xb2N5\x14\x0e\x95dJ\xf9G\x05b>\x82\
#\xa8T*S\xe4\xa0\xdf{\xa9\xa0Z\xa5L\xfd6\
4\x06\xedez\xbd\xe1g\xe9T\xba\xd4\xe6K\xf5l\
\xe2\xc7q\x17;mS\x9a%y\x19q$\x142X\
\x0c\xc6k\x96\xa7\xa7A\xf7\xaf\xa2\x0b\x95\xfe\xe3\xb1(\
\xef\xa1\x07\x1f\xdae6\x9a~Z(\x14\xaaxSN\
\xf0v\xd7\xbf-\xceYC\xe4\xbfe\x99b\xa9\xc4z\
\xbc\xbe\xfd\x16\xab\xedr\x9b\xdd\x81J\xcf\xf3\xbe\x18\xbc\
m\xb4\xb8\xb8\x84\xf8|\xc1[|>\xdfjG\xfc\xd1\
\xb0\xf9\xbf{>'\xd1qV\xd6V\x95Ss3o\
\xba\xef\xc1\xfb\xa9\xac\xc1\xd1\xff\x10\xf6\xe7F\xee\x80C\
\x07\x0f_$W\xc8\xbf\x11\x0e\x87\xb3\xb8\x15k\xdf\xb9\
\xa6\xe0ac\xbe\xbb\xb9\xfbv\xadqIbz\x03~\
\xff\x94\xc1hz\xed\x22\x7f\x99\xe6fKg\xb2\x17\x1c\
\xfd\x03\xf2\xa6\xc6&\x91B&{\xef\xea\xcaj\x9a\xdd\
Z\xc3x\xd8\xfaN\xdd\xe3\x80\x81B\x22\x91\x88U\xa9\
R\xbd]\xa7\xd3\xd7\xe3&\x9fG[+\xb9_.\x9f\
@\x16\xb3\xf5\x96X4Zb\x07\xd7-\xdeV>1\
\x12\xebk2\x9b\xefk\xf8 \xf2\xca\x952G\xff\x03\
 \xb0\xbaBkq\x1f<|\x98\xd4!\xfa\xc0J`\
e\xbd\x91\xab\x93\xe9_{i\x1b\x81\xdb=v\x0c\xda\
j\xdc2\xd9L\xb6\x06\xeb\xd2o\x17\x16\x97/#{\
\xd4J\xa5\xec\xc2\xa3\xffX\x0c\x1d?\xfa\x0c:}\xe2\
\xc4k\xdc.\xa7\xb4\xc366\xc8\xce\xdf\xedX;\xff\
\xa6:\x00\xd9\x07p:\x9c79\xad\xce\x16\xfd?_\
\xb9\xf0\xc8\xfd\x0e>\xf9\xd4\xc5z\x9d\xfep\xa5Rn\
\xc6x2\xec\xf6s\x8ew=\x9e\xcbe\x93\x1a\x8d\xe6\
\x93R\x99\x0c\x15\xf2Ej\xfb\xe7\xa0;T+D\xe6\
\xaf\xc7\x04\x9d>~\x9c\xe4\xe9\xbf\xda\xedv/\x92\xbd\
\xd3\x86\xdf_]6\xc3\xbd\xf36\xe1as\xcb\xe1\x1e\
<\xa4\xdez\xfd^\x98\xad\xa5\x93\xe9\xbc\xcdj\xff\x01\
\x9f?\x7f\x99V\xabF\xeb\xa1\xe0\x85\xc5\x03\xa21\xa4\
\x00\xfdx=\x12%\xb9\xde\xbf\x93\xce\xa4\xdbk\xedn\
\x1d~<\xb4l\xdc0\x8e35\xd0\xb9k^\xaf\xe7\
\xf1\xc5\x859\x9a\x0b\xef\xf9\xca\x85I\xf6\xe1m\xc4\xcf\
\xcc`\xfa\xdfn\xb7\xd7\xd8\xccy\xdc{\x1d\xc1\x03d\
\xff\xcdr(\x03M\xf9}^\xad\xc9d\xf8_\x0e'\
\xe86\x85\x0a\xba\xd0\xfcH\x86\xa2\xfbf\xbe\xa0J=\
?\xc0\xbe}\xdf\x00}l\xe9Uf\x8b\xe9t>\x9f\
k\xd4\xc1\xc5\x98\x1d\xaa\x06\xf1Pv\xd9~s\xb2\xad\
\xd6;\xdd\x12`#\xd1h\xccb1\xdd8?3\x8d\
|\x01\xff\x05\xf7~\x9c\x0e\x07\x22\xb5\x07\x05\x02\xfe\xdf\
\x85\xc3\xa1\xe0F\xde\x8d\x816\xd8vCM\xb7\x1c\x8f\
4\x87\x0a\xa9!\xe9\xf7\xfb<f\xb3\xf9UTF&\
\xfe\x16\xe5\xb3+\x1f\x13\xdf2\x9a\xef\x10\x9eK,\x16\
}!\x1e\x8f\xe7z\xf8\xfbn7\xcfD+\xaf-\xe1\
kz\xad\xe6\xb1\x9f\xfc\xe0[\x17y}^\x8e\xd0\x07\
\xd1\x7f=\x06\x83\xa7U)/\xd5\xe9\xd4\xbfH\xa6\x92\
\xd5\x1e9\xf7\x06\xdb\xf5z\xe6\x17\xc5\x83\xde-\xd3\xb9\
\x7f\x05r\x09\xeb\xf3\xfb\x15\x0a\x95\xeaMF\xa3\x09\x19\
\xf4\x86\x0b\xea\xfd\x80^\x8c&'G\x91\x5c&y\x89\
N\xa7\x9b#~\xd8\x9bk\x03\xe2\x0d_\x0c\x8c\xbb\xe5\
d\xec\x99\x9f\x097\x8a\xc8f\xd2\xe9\x94\xd5j\xbb\xf9\
\xb1\x87\x1f\xa6\xfb\xad\xe5\xb3\xbc\xfe\x13\xfa\x7f\xf4w\x8f\
\xa1D0~\x91\xc3\xe9\xbc\xbfP\xf7\xf9\xa9\xb1\xdd\xeb\
\xfd\xb0C\xe6@m\x7f\xe6\xda\xea\xeaZQ\xa3V\x7f\
P\x22\x91!\x97\xdd\xce\x11z\x17\xa8\x94Z\xb9\x02y\
\x95J\x8dG\x8e\xc9d\xd2\x8f\xaf\xad\xad\x86h\x1a\xb7\
\xee\xfe\xbd\xc3\xe6\xf09\x93\xfa\x0e\xad|\x1fm\xab\x17\
.\x95\xca\xac\xc3\xe1<\xa5\xd5h\xaf2\x01\x0f\xf0z\
\xdc\x17\xcc;\x8a\xc7b\xc4\x07\xa8\x91\x1f\x98\xff\xd3\x5c\
>\xdf\xa8\x0b\xd0\x08\xe7k\x85M\xf5\x8d\x91\xef\xba\x0f\
\x88\x1b\x0er$\xc6\xc0`0>,\x93\x08P\xa1\xcc\
\x9eu\xfa'\xcf233\x83\x16\x16\x16\xffl}}\
\xcd\xdc\xe8\x123\xc8\x86\x8c\x07\xfa\xfe\xe3\xa6\xdc\x88\x89\
\xec?11\xf6:\x01\x7f\x19\x19uZ\x8e\xd8{\xd0\
?\xe5\x01e\x86\xc7\x17\x08\xd1\xdc\xdc\xdc\x9fY\xadV\
m\x99\xee\xc3\xe2\x01\xbe|\xb8o\xae\xa9\xb6\xdcK\x0c\
\xdb;\xc7\xf8\xa0\xbc\x0e\xcdINj\x0b\xe4\x0dF\xc3\
\xad4\xa7\xafQO\xeb\x88^\x18\xf4\x1f\xa7(W\xaa\
\x90B\xa1|G \xb0\x12m\xd1|3\xc2m\xb3\xee\
?\xcc>Lk\x5c\x89i\x87\xc4]D\xa3Q\xb9\xc5\
l\xbe\xdaj9\xfbyq\xd4J5\x8a\xa7\x12\xc4\xa7\
\xec_@\xf6o\xcf#8l\x0dA\xdc\xdd\xd6Tg\
i\xe9t\x9a\x059\xf1'D\x9eu:l\x1c\xa1\xf7\
\xb4\xf9\xd5(\x12\x9a\x92\x8b\xc5W\x18\xf5\x86G\xd3\x99\
L\xb7\xd8\xcbn\xb2e_\xfb+\x99\x5c\xc4\xa7\xb7a\
;d:\xf6\xaa;\xf3|\xe0>\xbc\x9e\xf2t\x98\xa3\
\xd8\x1f\xf0\x07\xc5\x12\xf1^\x97\xd3\x85\xd6W\xd6.(\
\xfa\x9f\x9a\x9c@O=y\xe0e\x06\xbd^\x5c\xabV\
\xb7\x86\xc0n\xaa\xeb\xd2\xae\xfbw\xf7\x13j\xe4\xfcm\
\xe6e\xaf\xa5S\xa9\x9c\xc9h\xfc\x04 b\x0bg\xc7\
\x0f\x80\xcc3bg\x9a\x18\x1bG\xbf\xbb\xff\x81+\xcc\
F\xd3\x09RL\x8e\xdd\x5c\xcbe\x1by~6\xafA\
\xcd?b\xb1hrvv\xf6f@4r\xf2\x18G\
\xe8\x1dv\xfe&\xd2\x5c,\xe9\x08Z\x5c\x9cAj\x95\
\xfa\xb3\xa0k\xa6@\xea\xaf\xc0\x9ch\xe6\x9e\x1e\xe4\xe3\
\xdfs\x1f0\x93\xc9\x14\x1d\x16\x8b5\x1e\x8d\x16\x1a\x05\
\x08\x99^ri\x97\xfc\xc2\xb8\xc3\x87\xbb\x99\xbb\x92u\
\xbb\x5c\xd3\x16\x93\xf9\xe5\xa4>\xb7\xd9bA\x85\x0bd\
/W\xc0_\xa2\x9f:\xad\xe6K\xc9d\xa2\xd4OW\
\xc6C\xda\xcc\xda\xb4,\xeas\xb1\xe2_9(\x15\x88\
_l\xd2\x19\xcf\x8e\xdeO}\xca\xeb\xf1$B\x91\xf0\
\x95\xa0\xd7\xb8\xda|\xca\x86\xcd'\xd1#\x99\x04-\xee\
^#\xf6\x22\x97\xd3)V\xaa\xd4\xaf\xd0h\xb54\xbe\
\x80\x83\xee\xf4\xff\xc1\xeb\xff\x9e\xd6\xc23\x1a\x8dop\
\xba\xdc2\x12\x17N\xf7\xdf\xf0\xd0\xb9>7g[n\
\xe4y&s\xc9n\xb7\xc9\x97f\xa6\xdfa\xd4j\x1f\
'\xb5\x06\x1a\xf9\xdd\x99F~\x8fm\xbd\xdb\xf6DN\
\xc0W\xaaZ\xad\xf6g\xc7O\x8e^\xd2\x8c\x1d+\x96\
\xce\xffx\xae\x87\x1e\xb8\x8f\xe6n^Z^zW(\
\x1cr4^\x0f3\x0c/\xee\x93G{\xd3\xf9\xb5\xd5\
\xd5\x90R!\xbfZ\x0ft\xd3\x9e?\xba\xf6,i\xa8\
\x99\xff\x83\xec\xbf\xd7\xaa5\xeaW*\x12\x89?\x0a\xb2\
\x7f\xbcc>\xf4\xf3Y\xeeX\x8bpg^#\xa2\xf7\
WK\xe5\x12\x96)d\x0f\x91{x\x02~\x8e\xfe\x9b\
\xba~\xa5^\xe3\xa4\x8d\xfey\x0a\xd0)\xf9\x02\xc9\xe5\
&\xb3\xf1\xbet:U\xdbf\xee\xae-\xa6{\xb2F\
\x13\x1e\x12\x5c[\xf7\x98\x8d\xc6\xeb\xa7GG\x91H(\
\xba\xd2iw\x1c\xcde\xb3\xed\xf9\xde\xb7S\xcb\xbbC\
g\xc5\xec\xca\xcaJB&\x93\xde\xf8\x8d\xef\xdcq\xc1\
\xd0\xbf\xc7\xe3A\x1a\x8d\xe6\xffo\xefK\xc0\x1c;\xaa\
sK\xd3c\x8fml\xf7\x8c\xcd\xfa\x80\x0cvH\x00\
'\x10\x87\x07|\x90\x84\x0cI\xfc\x85$8\xc9K\x02\
I\x00\xe3\xe0\xc0\x0b\x09Ip\x88_ \x04\xe3\x19\xe2\
%v\x8c7\x0c6\x18\xc7\x83\x97\xf1,\x9e\xb5{z\
\x95\xba\xb5\xef\xfb\xbe\xb5\xb6\xee\x96\xd4\xea\xd6\xd6\xda\xb7\
[zUu\xaf\xd4Z\xae\xa4\xab\xf1\xd6\xd3V\xcd\x9c\
O\xd2=\xb7\xa5{o\xd5\xa9:\xe7\xd49\xff\x01H\
\xef\xb9\xc2\xebu\xbf\x88\xc69\x9b\x0d\x059\xfa\xff\x9a\
\xf6\x7f\xab\xdd\x9c\xcdd\xf3\xcb\xa1\xd0'Q_\xbd\xb2\
\xf2\x8fq\x9bp\x8e1\xc9\xf3%s\xf6n4\x8f=\
U(\xe4\xd9\xc6C/l\xd3\xbe\xfb\x02L\xab\xc5\xe3\
\xf1\x94\xd9l\xbeI\xa1\x16\xef\x88\xba\x9e\xaf\xb4\xfc\xd3\
\xcf\xa4\x0a\xa2\xd1(\xc09\x11&\xa3\xf1\xd3\x1b\xeb\xb1\
\x0dH;\xfck=\xb0\xbe\xfb\xe1\xcd\xc1&|\x0fz\
\x97H&6-\x16\xf3?\xc9\xf8\x921\xac\xe7\x9d<\
r\x04\xd8\xad\x96_\xf1/-i\x19,\x1b\x16?\x0f\
\x1c\x14\xab\xde\xba\xb7C\xe1<$\x97\xdb#Y\x14\x0a\
\xdf*\x94H\xc1\x03\x8f?\xf2\x86\xe8C<\xd7\xc9\xe5\
r`\xd0\xeb\x0f\xe6\xf3\xf9\x1ad\xcfy\xe7\xb2\x17@\
\xb1\xbdGk3\xb4Z,O\xfc\xea\x0d\xef\xe1\xd9m\
\xf6WN\xfe1f M\xbc\x9b\x7f\xf7\xd38\xe6\xe7\
:\xaf\xd7\xa3\xa0\xf1\x8d!\xec\xaf\xab\xc0A\x98gp\
K\xfe)\xca\xe5t\x98\xcf\x9d=\xf3\x96\x87\x1e\xbc\x1f\
T\x0aeP\x19a}t\xc9?\x8e\xef\xff\xc1\xc3\x0f\
a|\x89\xfdF\x83QV\xadV`\x8b~\x0e\xfb\xc4\
\x97\xf4\x8c'\xc7\xc1\xe4\xb9\x5c\x1e\xda\xac\xd6\x1fON\
M^F\xd6\xe5|\x9e\x8c\xd9\xcf\xfd\xd1\xc7\x80\xd9h\
\xf8\xb3\xe5\xe5\xe5\x18\x1dJ|A\xb9\x82m{\xda\xd9\
\x5c\xaef4\xe8\xef\xb1-\xb9\xc6<A\xff\x1b\xa2\x0f\
C\x81 0\x1aL\x98>\x12\x8dDV I\x0a\xe6\
\x84\x09\xc6\xc5gKR\xbb\xbd.\xb7\xcal2\xef\xf3\
\xb8=\xaf\x9c\xfcW(B\xb5J\x8dw\xea\xd4I \
\x12\x0a\xff\x22\xb6\xb6\x96\x1d\x10'\x0a9\xda6\xcd\xa2\
\xdehN\xc48\xd1\xf7<\xf3\xb3\xa7w\xe3qG\xc6\
\xfbH\xfe\x19\xdf\x0b\x8d\xc9\x8a\x9f\xcb\xe1'\x9e$\xaf\
\x12\xb1\xf8.\xa4/U:d\x9e\x0b\x86GW\xff\xa0\
9\xa5\x1e\x0c\x04\x17Lf\xcb\xbb\x989\x7f\x17\xacA\
\xb0\xb1\xb1N~\xeb\x99\xa7~\xb2\xcbl2}'\x11\
\x8fWY\xea\xbap\xc9]m\xd7])HE\x22\x91\
\xa0B\xa98\xa0\xd3\xeb\xd0=\xfd\xf4\x0d\xd1\x8f\x1e\xb7\
\x1b\xe3\xf6_a\xb3\xda\xd4x\x1f\xa0\xd3\x86\xbf\xa08\
\xcc\x16\x1d\x22\xb3\x99\x898l\xf6\xdf\xb7Y\xacd\x9d\
\xa8\xbd\x02\xf6s\xad\x8e\xc6^\xbd\x11[~\xea\x12\xb3\
\xd9t\xdf\xe6\xe6\xe6\xcb\x89)m\xbb\x1f\xa6\xb6du\
=\x16\xcb\xa9\x95\x8a?\x15\xcc\xcf\x92\xfa\xb7\xc5Q\x9e\
\xcf\x96\xdf\x8f\xa9\x0f\x8es\xaeg&\xcf\x03\xc1\xfc\xfc\
\x87\xbdn\xb7\xb7F\x06\x11\xeb\xde\xeb@}\xb2Y\x14\
\x00-C\xb8\xbe\xb8\xc1`\xbci\xecM{i\x9c^\
<\xe7W\xa9\x06\xbe#\xef\xf0\xcf~\x06\xfc\xbe\xa5\xbd\
\xbe%\xdf\x91|.?h\x1f\x81K\x9cg\xb5\x5c*\
\xd5\x82\x81\xc0\x09\x85\x5c\xbeW\xaf\xd3\xbe!\xfaQ0\
?\x07>p\xfdu<\x87\xddvG.\x97cp\x99\
\xeb=q\x99a\xef\x1cZ\xd69\x1e\xe7\xccy\xbd\xde\
\xfb\xd6\xb2Q\x1e\xc1\x05y%\xe4\x1fc\x89S\x14\xef\
j0\x06\xa6'&\xafw9\x9c!\xa6\xb6!\xd5g\
\x1f\x83k=pR\xdb\x07\xe3\xd2\x05C\xa1E\xa9X\
\xfa\x0bD\xf7,\x94y\x88F\x82\xdf.\xff\xc4\xf7\xaa\
R\xa9\xf6x<\x9e\x1fb\x1br\xc0\xf3g;\xdeZ\
\x0f\x92\x0c\xba\xc4\xc6FV\xa7U\x7f\x15}\x04G\x8e\
\x1d\x05\xb1\x8d8-\xfb[\xf2\x0f\xccj/\x90\xcb\xa4\
@\xa5\x94\xdf\xb8\xb2\xbaj\xa2\x08\xc6s\x1b\x9e0\xd5\
\x7fw\xa13y\x85\x98\x1c\xd5L&[t\xda\xed\xff\
\x84\xefK\xa9T\xee\xf8~\x0cG\xc2\x00\xe7\xea\xea\xf4\
\x86\x8fD\xa3kq\x9c\xe5N\xcb\x12\xac\x0d\xcc\xbb\xea\
\xf2\x17v\xd7\xd7\xc3\xfe\xdbP(\xa4\x9c\x17\x08\xae\xbb\
\xfd_\xef {v\xd5\x97Yc\xa1J\xea\xcfVy\
f'\x1f\xd8m\xf6?O\xc4\x13E\xd8\x9d\x8f\x08{\
\xef7\xf7\xadqB\xd6~\x5c3]\xa1V\xfd\xe0\xa1\
\xc7\x1e\xc5\xf1\x8bH\xf6+`$\xff[\xad\x90\xad\x82\
\x0f\xdc\xf0n03=\x8d\xecG\xe3\xef\xac\xc7\xd6#\
\xe8\xb1V\xeb}krC\xb6\xe3m\xbe#<\x87\xb8\
\x1d\x8e\xe7-F\xfd\x95>\x8f\x87\xc1\x0e\xae4\xa9!\
\xff\xdf\xfc\xe6\xdf\x22\xbbO@j\xae\xba\x9c\xce\xcf\xa1\
9#A\xd7\x88m\xabOU\xe7\xbe\xf7\x80g\x00\xaa\
\x8a\xf4\x17\x18\x09\x87mZ\xad\xf6\x97\x09f\xaeZ\xb3\
\xa3\xfbq#\x1e\x07w\xddy\x08,\x0aE\xd7\xae\xac\
\xae\x9c\xa6}7\xd4\xa0<\xe0A\xf1t\xad~\x5c\xb8\
\x1a\x0e\x17\xe4J\xe5\xef\x08\x84B\x82\x09\xf8r\xe5\x9f\
\xf6\xfd\xd5\x80pqa7\xd2\xfd_\xacT*l~\
\xc8~\x98\x7f\x83\xecAj}=\x16\x95*\x95\xbf\x87\
\x7f\xafT*\x91<&\x9c\xcfV*\x8e\xb0>\x89\xfc\
\x17\xe9:\xe7|\xfe\xfc[\x9dN\xe7Y\x5c_\x83\xc5\
\xfe\x82\x03p\xfc \xb3\xd1Wk\xac\x15\xc1\x80_#\
\x17\x0b\xdfo6\xe8\x00d\xf6y[\xe5\xbf\xb5\xa1\xb5\
\x1ah5\x06\xb0 \x90\xedq\xda\xdd\x8f\xa0\xcf\xbd\xf0\
\xde\x06\xdb\x05\x90\xce\x15\xc4\xffr\xb9|\xcdb\xb1>\
(\x11I.\xc1\xf2\x9fN&v\xae\xfc#\xdd*\x9b\
\xcb\xf3\x0c:\x0d\xb0[,\xdf\xcef2\xcc\x1c\x0e\x07\
\xf9\xfc\xb9\xfa\xd1)d\x03P>\x9f\xef{O\x1f~\
f\x8c\xc4\xecUk/+w\x16\xe3I\xab\x94*4\
\xef\xbb\xf6#{\xcd\xdc\xe2\x03\xa6\xb8a}\xc0\xde>\
(<\xfb\xa1\x05\xc6`0h\xe7\xf8\xfc\xab\x1b9\x8c\
\xa5b\x897\x92\xff\xad&\x95\xc9\xc0\x13?}\x02\xd7\
\x96\xb9umm\xad\xc0\x92o5h\xdf\xaf5G\x0f\
\xd7\xa6\xc7\xf5\xa2\xc3V\xab\xf5\x8fN\x9d>\x05\xa2\x91\
H\xb3\xde\x0bl\xd1\x01\xd8\xf6\xb0\xc4\x221\x22\xc9{\
\xddn\xb7\xac\xbcU\xe7q8\x1b\x10\xb6\x86}Q0\
\x12\x8d.\xcbU\xaa\x8fjt:\x90\xf4\x87w\xb4\xfc\
\xaf\x84\x02@(\x10\x01\xa5\x5cu \x95L\x85\x18\x5c\
@.\x18 \x14\x07[\x1a?O\xca\xeb\xf5*\x17\x85\
\xc2+e29\xa8\xd4\xca\x84.\xb4\x1d?y\x1a\xc8\
\xe42\xa0T+\xbf\x90J\xa56;\x82\x97\xe1\x00\x1c\
\xd9^\xfaAs\xec\xa29\x10Z,\x96\x83_\xff\xe6\
\x1d\xbb\x22h\x1c\xd2\xb2\x8f\xa8T\x1f\xc9?\xd3f\xa6\
&\xc1\xf9\x89\x89wZ-fS\xb5R\xae\xb3\xe8\xdd\
\xbdb\xf1!\x8b\xfcWs\xd9L\xcd\xe9\xb4\xdf\x8b\xf4\
\xb9\xdd?~\xe6Y\xa66\xd7V\xcd\xa7\x9e\xbe\xa0*\
\xa9\xf5\x02\x8e=\xfb,0\xe8\xf4\x7f\x8c\xe6\x8dx\xc7\
\xf8\xed\x87'\xcc\xa6\x17\xd6H\xcd\xa0\x02\xae\x19\xe4{\
L\xafQ_\xea\xb0\xd9v\xb0\xfc\xaf7\xf7T\xd0\x9a\
wy \x10\x9c\xa2!\x99!5\x1c\x0e\x03\xec\x81\x19\
\x00k\xd8\xb1\xb2\x16\x8b\xadiu\xdaO|\xff\xdeC\
$^\x04\xc7\xed_H\xcbd\x0a\xc0h4\x01\x99L\
q)\x9a\xef\x1f/\x14\x0a\x5c|\xbf\x03\xee\xa3\xbd\x0e\
\xe5\xf2\xf2rJ&\x93\xfd\xc6\xfc\xdc\x1c\xc1\x15A\xb2\
\xcf\xd0\x1bw\xfd\xafa\x0cODh\xa0\x00\xe1\x02\x9f\
\xae+k2|+\x99LT\x1b\x0bg\x1f\x1d\xac\x13\
?\xa25f\x9c`*\x07\x02\x01\x91\xc1\xa8{\xd7\xa2\
h\x01\x14K%\x8c\x1f\xcb\xf9\xda\xf0\xb5\xdc\xfb\xe0\x13\
\xe0\xe4\x89\x93\x97\x18\x0d\xc6\x1f\xe1\xbd \xc8n\xe3\xf5\
V\x02`\x1b\x06>\xd9\x07\x0f\x87\xc3\x09\x95B\xf9'\
:\xa4\x03HeRRo\xb6\x95v\x92\xfc{\x96\x96\
\xc8s\xb4\xd9\xad\xdfF\xb6\x1d.\xccT\x1d\xd2\x8f\xdb\
\x95\xd8\xc5<V\xe2O\xcc\xe7\xf2U\xa5R\xf1_/\
\xbc\xf0\x1c(\x16J\xc4o<\xb4\xdf\xaf\x5c!\x98\xbb\
R\x99\x04\xcc\xf3\xe7>\xb0\xb2\xb2\xecd\xf0\xa3\xa8\x01\
9\x9f}t\xbff>\x19\xd5\x88YX\x0e\x85f\xa7\
\xceO\xbeM*\x11\x83x<\xd1\x22\xff\xa57\xecz\
\xdf\x90\xffr\xb9\xc8\x13\x0a\x85@\xab\xd5^\x1f\x08\x06\
\x1b\xb6\x17\x07<ev}\x11\xb5J4\x1a\x8d\x9b\x8c\
\xa6\xbf\x9c\x9c>\xdf\xac\x156\x8c\xfc\xe38pL\xf3\
\xb33@!\x97\xdf\xe0\xf3z\x1d\xd5j\xa5\x81IG\
u\xe0\xd8s\xad\x1d\x5c/\x16\x8bu\x87\xc3qR\xa5\
V^a0\x1a\x80\xce`\xd9q\xf2\x8f\xdb\xfa\xc6\x06\
!\x09\xb2\xe9T\x1a\xf5\xaf\xa0~]\x83D\xfe\xe1\x85\
\xe6X\xb7\xad\xad\xb8a\xbb,\xe0\x0fN\x98L\xa6q\
\xb3\xd9\x0c\x8a\xf9\xf2\x85\xc9?\xb2\xfd\x1d6+p\xbb\
\x9c\x9fN&\x12ev\x9d\x93\xeb\x9eE\xbd\xd3o@\
m\xa6\xd3u\xbdF{\xd7\xa3\xf7\xff\x80\xec\x8d\x8c\x1a\
\x00\xe5\x0a\x8du\x96\xc9\x97\xe9\xdc^\xaf\x91g4\xe8\
\xefdb\xfc\xb9\xea\x88\x9d{E\xa4\xdf\xb2\xd9lY\
\xaf\xd7=\xa2\xd7i/%\xf8\xad\xb9,\xa0\x86\xf0\x0f\
\xb7\xe2\x0d\x99LF03+\x00R\xa9\xf4\xef6\xd6\
\xd7s\xcc\xf0\xe5\x12\xf7\xd5s\xbc\xc4\xe3\xf1\xb4\xce`\
\xf8\x0b\x85R\x01\x22\xd1xC\xf6y;E\xfe\xa3k\
QB\xebH\x07x\xe4\xe1G\xc1\xd1\x17\x8f\xee\xf3x\
<3\xd8\x076 f\x93\xb3|QL0\xed\xc6z\
|E,\x91\x1d@\xba;\x98<}l\xb0\x9f\x1f\xf5\
k\x83 \xee\xe32\x1d\xf3\xf3\xc8C\x8f\xec\xf6z=\
\x8f\xd5\xa8Z?|\xcfa\xe4\xbf\x89a\x14[__\
]X\x5c\xbcI\xb0\xb8\x08\xcc&\xd3H\xf8\x19\xf9g\
\x8879q\x16\xf0\xe7\xe7>\x10\xf0\xfbm\x90\xa2X\
\x0a\xef\xf6\x8c\x09\xe9\x9as\xb1\xea\xe6v\xbb<\x0a\x85\
\xec}Z\xad\x06\xfc\xd2/^\x0f\x90\xb1Hhx\xf9\
\xaf\x81\xd9\x99i\xa0\xd1i\x80B\xa5\x18\xb7Z-\x93\
8\x86\x90\xbbm\xc8\x8a%\x06\xcb8\xff\xd3\xe7;3\
55\xb9\x17\xd9\x84;n\xfdo\xc8\xffJx\x15\x94\
JE\x1e\xc6\xec\xb7;\x1c_O\xa77\xeb\x1c\xd7\xfe\
\x81\xfb\x03\x8d\x5c\x9a\xccf\x86\xf2.y\xff\xc9\xect\
\x80` 0\xb4\xfc\xe3\xf8[\xec\xebU\xab4\xd7\x86\
B\xcb\x16\xd8\x96\xb3\xd8\x17\xb3\xa8\xdf^\x00l`R\
b\x9d\xd1f\xb3\x0a\xf5\x06\xcd\xe5^\xafs$\xf8-\
\xf2_\xa8\x94p\xec\x06\xef\xc9\x9f>5\xa6\xd7\xeb\xef\
A6vk\xbc\x155D\x8ch\xd3O\x80so\x9d\
\x0e\xc7\xff%\xb16\xc8\xben\xc8\xfe\x85\xc8\x7fc_\
Ig\xd0\x01\x9f\xdf\x07\xd4Z\xcd\xc7\xd7b\xb1U\x06\
w\xac\xa5\xce\x15'\xdc\xa0\xa6\xf3\x0a\xff\x0dZ\x13\xb2\
&\x93\xe5\xa6hl\x8d\xfc\x0e\xd2Y\x08\xed \xf9\xe7\
\xe1W\xa7\xc9\x86\xe6\xf6y<\x8f\xfen$\x1c\x89r\
\xc0\xff\x81\xbd\xfdi\xad\xb8`$\xb6\xaaF\xa1\xff\xab\
\xab+\x93\x8b\x0b\x0b{\x0d\x06\xfdP\xf2_G\xb2\x8f\
\xe3o\xa7\xcfO\x01\xd1\xa2\xf0\xb3\xb9l>>d\x9d\
\x88\x01s\x02\xd9\xa7\xac ;\xef?q\x1f\xcf/\xcc\
\x8e\x04\x9f\xc8>]/\xf7\xec\xd9\xd3\x00\xe9\xfc@\xa7\
U\xdf\xe0[\xf2zq\x1d\xd4\x01\xf9\xe2\xf5>\xfb,\
\x14\xb6\x07\xbd\x1e\xef\xa2`v\xfe]3\x93S\xb4\xdd\
O\xcb>o\x18\xf9o\xe6!1\x84\x9b\xc1`\x04\xe2\
y\xd9\x98\xcb\xed\xfe\xfeff\xb3=\x9f\x15\x0eY\xf7\
\x01;(*\x15\xe8t\xba\x8e\xab5\xba=\xf8:\xd1\
\xbc\xb5\xd3\xe4\xbfI\x12\x89\x18\x08\x04\xf3{\xbd^\xef\
9:\x9f\xaegL\x0d\xdb\xfeI\x0f\xd8\xe0\xad\xbe_\
\x0e\x85\x12&\xa3\xf1#\x1a\x95z(\xf9\xa7\xe3\x86*\
\xbc\xff\xf3\xa77c\xfb\xee\xf1|>_\xef\xc6&\xe2\
\x8c\xf5\xd1\xb5G\x81^*\xe1\xd5p\xcaf\xb5\x7ft\
\xa4\xf7w\xcb?\x8d\xe9e\x00V\xab\xed?\xf3\xb9\x5c\
\x99\x05w\x83\x83\x5c\x91\x04\xb3\x1a\x0e\xb2\x09\x87\xc3\x1b\
&\xbd\xf1O\x053|F\xf6\xa9\x0bZ\xff\xd9\xe4\xdf\
l\xb2\x00\x8b\xd5\x0aLV\xcb\xf5~\xbf_Q\xa9\x94\
\xeb\xb0\x0ea\x1f\xdfd\x8f\xf1\xd1\xc4\x7f\xa4666\
\xd6\xd5*\xd5g\xd0\xda\x03\xf8\xd3\xfc\x1d#\xfflM\
 \xe0\x03\x99Lzw\xbe\x90\xaf\xf5\xc9\xf3e\x8b\xb1\
\xed\xf1\x0c\x1b\x1bl\x10\xe9|\x9bU\x8b\xc5\xfc}\xfc\
;\xb3S3\x0cf\x5c\xb5I\xed{\xbb5\x9a\xe8Z\
\xc2\xa4\xe6\x8eP,\xf9_\x81@@P\xadV!\xc7\
5~P\x1dY|m8\xfe\xa4\xea]\xf2\xe8\xce\x9c\
;\xf56\xbc\x07U\x18\xed\xf3\xd3\xf2\x8f\xfd~\xd9\x0c\
\x10.,\x02\x91P\xf4\xfeh$\xa2g\xea\xf7T9\
\xe8^\xad\x80rL=\x06\x5c'2[Cs\xec\x93\
S\x13\xe7.q9\x1c8~\xf7\x82\xaf\x8fM\xfek\
U\x82\x09\x05\xa6\xa6\xcf\x03\x93\xc1\xf0\xc58\xd2\xdf\x1b\
\xe0t=\xe7)\xd8\x13\xea\x8a\xc4\x04`\xac\x81\x80?\
px\xf2\xdc\xcc\x9b\xe42%p\xedP\x0ch\xec\x9b\
\xc7u\xad\x15r\xf9o&\x13\x89h\x8b\xdd\xc4\xd4n\
\xa8\x0f\x83\xdb\xd6\xe9\xf7\xa5\xb0\x8d\xedp8f\x7f\xfe\
\xe2Q\x9eY\xa5\xe3$\xffI\xda\xb6\xe3\xdd|\xf3\xcd\
`~~\xfe\x0f\xf1~Q\xcb\xf8\xabs\xc1&\xe9g\
\x1f\xe0\x90\xbf\x5c.G-\xf9|\x87\x8e\x9d<6\xa6\
\xd1jF\xf2\xdf\x90\xffR\x094\xf6jMF\xf3?\
'\x12\x89\x0a\xf3\xeck\x5c\xe6\xd6N\x9f?\xfe\xb7\xb2\
\x1c\x0a\xea\xf5\xfa\x0f*\x142`5\x99_\xf9\xbdJ\
$\xff\xb9t\x9e\xbc\x9f\x99\x9e\xb9\xc2n\xb3\x9f+\x97\
+46%\x84\x5c\xae\x995\x9f=\x1c\x8e\xacK$\
\xd2O`\xff\xb5\xcdf\xdd\xb1}\xae\xd7\xea\xc0\xdc\xf4\
\xcc\x95.\xa7K\xdd\xf4\xb1\xc1\xb6Z\xad\x83d\xad\xde\
\x0b\xbb\x19\x7f_:\x952\x194\xba\xebE\xf3\x0b\xdc\
\xd6\x7f\xda\xbf\xc3\x9b8ur\xb7\xc3n\xff^\x86\xc6\
\x94\x1d\x14\x87\xcc\x05\xdb\x9f\x89\xf5\x800\x16\x8b%E\
\x22\xe1\xcdss\xb3X\xf6y#\xf9\xa7\x1b\xae\xdd\x87\
\x1b\x9aw\xdfaw8p]\xa5ZG\xac/\x17,\
\x88f\xac_*\x95\x82hM\xbeK\xa3\x91\xf0\xcc\xaf\
\x12\x8e:\x96\x7fLh\xc4\xf2\x0cj=P+\x94\x9f\
FkF\xba\x87\x9f\x12\xf6ym#\xa4\x03Pn\x8f\
\xe7\xc7?~\xf2'\xbb\xe5\x8a\x9d\x9b\x1b(\x97\xca\xc0\
\x9d\xff\xef[\xbb\xec6\xdbw2t>\x00\xd5c\x9f\
\x9d\xe2\x16\x03\xd0\x9e\xeb\x95Io\x16Ur\xe5W\x94\
h\x1e\x15\x22{\xaa\x5c\xa7z\xcb\x7f\x05\xe29\x82\xc4\
\x0b\xbd\xf4\xd2\x89\xb7!\xdd\xc1H\xf6\x9d\x9a\xf38\x84\
}j\x17\x0d\x9c\x17\xf0\x9a\x80\xf3NVVW\xf9\x06\
\xbd\xeemj\xb5\x12\xe4\x0b\x85\xd1\xfa\xcf\xb43\xa7O\
\x81\xb5\xb5\x18P(\x95_\x8e\xc7\x13\x85\x8e\xb10\xa8\
\xdf\xa9\xd6\xbdU\x5co2\x14\x0a\xda\xc4B\xe1\x8d\xe7\
'\xce\x81\xf0\xea\xea\xab*\xff\xa7\x1e\xe1\x83{\xee<\
\x08\xc4\xfc\xc5q\xb7\xcbu\xacX,pY\x17\xa8\x1e\
s\x00\xd1\x7f\xa3k\xb1\x80\xcd\xee\xf8e\x07\xb2Y,\
\xb6\x9dY;\xc8\xe6p\x02\x89D\x02\x84B\xe1o-\
//gZ\xb0\x5c(\x08{\xf77d\x8f\x03\xeb\x92\
=lK\xad.\xaf>\xe9p\xba.\xf3-\xf9@\x16\
c\xebPTW\xcc\x17\xeeC\xda\xae#\xf2\xcf\xd3\x1b\
\x8d\x1f\x0fG\x22\xa9\x96\xb8.\xae\xb9\xfd\xf5>5K\
j\x85B\xbef2\x1a\x1e\xf9\x9f\xa7\x7f\x8at\x5c{\
3\xb7\xed\x8d\xde\xd6c1`5[p}\x85\xab\xec\
v\xc7L\x95\xc6W\xa3\x06\xc4\xcd\xf4\xb2\x03kh-\
)\x1b\xf4\xfa{\xf0w\xeb\x94r\xb4>\xd7^\xd5\xeb\
\xc7y\xa2\xe5R\x99w\xf8\xe9\xa7\x91=+\xfb\x93\xb5\
\xb5\xe8:\x8b\x0f\x80\xcbzA\xb5`\x05V=\x1e\xef\
\xdd\xd6%+\xcf\xe3\xf3\x82l6Ch'5\xbc\x7f\
\xb2\xb8\xb0\x00\xce\x9d=\xf36\x9f\xcf7E\xef\x03P\
T\x07V\xcb\x10r\x07\xbb|\x84\xeb\xeb\x1bQ\xb3\xc5\
r#\xae\xa5\xdb\xc0\x91`\x93\x7f\x9c\xeb\x8f}Pw\
\xfd\xfbwy6\xab\xed\xc1\x22z\xfe=\xea{p\xc8\
If\xd9\x9b\x84\xb0\x12\x89D\xd6\xf4:\xdd\xa7\xf8H\
\xf7/\xa1\xf1\xb2\xee\xb0\xbe\xa1\xe5\xbe\x81sJr\xeb\
\xc4\x22\x5cS\x11c+o\x0c\x88\x9f\xed#K\xc4\xf9\
V\x0b\xf8\xfdV\xb5Ry\x9dF\xad\x02\xe5b\x19\xe3\
\xb7\xbd\xea\xf2\x8f}\xc7&\x83\x19\xcc\xcf\xcd^\xaaR\
+\x0f\xe7\x0b\xf9j\xbdw]\xf8>\xf7A\xaf|\xd8\
\x03\x16[[s\xa1\xef\xfa\xdfr\x85\x0cd2\x9b;\
N\xfe\xd7\xe3q`\xb5\x980\x9e#P*\x15\xdfM\
\xa7\xd3\x0c&@\xcfz\xda}\xfc\xef\xec\xbay:\x95\
\xaa,--}^\xf8@\x9d\xc8\x7f\x09\xe9\xdc\x8d\xfa\
1\xcdqX\xa5}\xbaK\xbe\x00\xb0;\x5cW\xf9}\
\x01>\x0d/\xd5\xacY:\x08\xef\xb3o\xfc\x1fI\xf5\
E\xea\xbf\xddn\xd7\xcd\xcd\xcd\x8f\x13{\x17\xcd5\xa5\
7p]ol\xefc\xaa\x95\xca@$\x12\x81c/\
\x1e\xbd\xc2\xe3\xf5<\x85c\xe1\xeb\x83\xeb)\xd6{\xd4\
\xe2\xa9\xe1Xa\x9b\xd5\xfa\xed\x83\xf7\xdd\xb3\xebS\x7f\
\xf0)\x22\xfb\xaf\x96\xfc\xe3u\xa4Ax\x0e\xc0\xf5\xa1\
\xf4:=\x9a\xc7\x14\x9f\x0c\x05C\xad\xfa#\xc5\xe2\xa3\
\x1a\xe8\xc7B\xf7R\xb73\x18AX/\xcd\xe6r \
\xb3\x83\xf6\x03\xb1\xfc#{\x98\xc4\x02\xa11\xf0I\xb4\
>\x86(\x02\xad\x04\xd9|z\xac\x9b\x7f}\xe5\x0f\xdb\
\xdc\x95\x0a\xb4;\x1c\x13G\x8e\x1e\xbd\xf4\x83\x1f\xb9\xa1\
)\xfb\x9d\xf2_*\x97\x91-\x22\x03*\x95\xfa\xa6D\
\x22\xb9\xc2\xd4\x93\xa0\x86\x88=a\xdb\xd9i\xdath\
\xee\xae\xd8\x1c\xf6\x7f\x7f\xe8GO\x13|i\x1c\xeb6\
\x92\xff\x12\xa9\xd9x\xe2\xe8\x09 \x98\x15\xdc\x18\xf0\xf9\
\xa3C\xe6Vu\xe0\xc0Va \xe8\xb7\xf2\x05\xfc_\
\x15,\x08\xe8\xfd\xfe\xd7H\xfe\x1b:\xa5\x08\xe91/\
\xbdt\xe2*\xaf\xd7\xfb\x22\x83\x11@\x0d\x81\x09\xdb\xb6\
\x97]C\xaa\xb0\xc7\xe3QLLN\xbc\xe5\xc8\x91\x17\
\x88\xec\xef4\xf9\x8f!\xca\x97J@&\x91\x5c\xae\xd5\
h\xf8\xe5&\xb66\xac\xb3\xd8\x00C\xe5\x091\xd0\xda\
pee\xc5\xeb\xb0\xbb\xde\xbd\xe4\xf5\xf7\x94\x7f\x97\xcd\
\x8e\xfaN\x8c1\xca\xfe\x0d\xd9\x8f\xc4\x8e\x84\x9c\xf3\xfb\
\xe0\xa0\xfa\xd2puu5)\x16\x8b\x7f\x13\xc7=U\
kt\x9c\xfb\x1b\xdd\xdf\x8f\xa9P,\x81[\xbex\x0b\
O\xab\xd1\xfeG6\x93\xadr\xc0M\x83=\xeaGP\
\xb9\x5c\x16j\xd5\xea\xfb&\x8e\x1c\x01\x06\xb3\x99\x8e\xd5\
\xadAB\xaf\x95\xfcg6\xb3@\xa1T\x03\xbd\xc1\xf4\
\x99t*\x1d\x1b\x10\x0f:\x08;\x80\x8a'\xe2)\xab\
\xcd\xfa\xdb:\x93\x86\x8e\x07F:\xc0N\x92\x7f\x9c\xf7\
\x1a\xdf\x88\x83\xdb>\xfbWh\x0ch\xfe#\x95NU\
\x06\xec\xed\xd5\xeb\x5c\xeb\x06\xd1\xfb\x80T>\x97\xcb\xe9\
u\x86\xbf3\xe8\x8dL-\xbfv\xf9\x0f\xad\x84\x81R\
\xa5\x063ss\xfbVVV_\xc2\xfe'\xc8\xb1\x16\
)\x07\x1c\xe8:\xf6\xfb\xaf\xae\x86\xcf\x88\xc4\xd2k\xb5\
H?\x8c\xc7\x93ox\x9f\x1f\xde\xef\xc7xG3\xe7\
N\x03\xb9X\xbc\xcfj\xb6(!\x1d\xefC\xb1\xe4\xfa\
\xf4\x8b\xf5kN\xf5\xc8^\x0e\x9aM\xc6_7\xea\xf5\
dNo\xc8\xfek)\xff\xc9D\x0a\xb8\x9c\x1ed\xd7\
\xda\xafBc\xe9\xf4\x16\xd65\xe4 \xff]X\xb8\xb5\
\x0a2L-f\xebO\x1f~\xf4!^2\x91\x00\xf9\
|\x01\xe4s\xf9\x1d3\x0e6\x90,`B:\x13\xb2\
\x01\x84\x1fB\xb6\xfaZ\x8f\x98\x0f\xd8\x1b\xde\xa17\xda\
\x12\x8e\xb7C6%\x8e\xab~&\xb6\x91\xbc\x84\xe8\xde\
\xc5\x1a\xde\xb3%~?\xdcV\x22k\x00\xe7\x5c\xa1\xf5\
\xff\xc3HW\xd8h\xe02\x0c\x99\x97\xd4>([\x8e\
\xe0\x98\x1f\x8b\xd9\xfco\x18K\xecB\xf0\x08v\x9c\xdf\
\xafR\x22T,\x14\x80X,\x04J\x85\xecs\xa9d\
<\xde\x07\x0b\xa2\x97\x7f\x87\xb1\xafa\xadX*B\x9b\
\xd5r\xe4\xa5\xa3/\xee\xde\x92\xcdWW\xfe{\xb5\xf3\
\xd3\xd3\xc0nw\x00\xa7\xc3\xfd\xb9M\xec\xd4\xa2\xf1J\
[j^\xc0>1\xed\xad\xb6$\x9e\x11\xa9Z$\x1c\
\xb1\xeb\xb4\xba\x0fM\x9e;\x87e\x9f\x87\xe5\x7f\xa7\xcc\
\x01X\xf6\xe3\xc9$\x98:?\x0d\xce\x9d\x9d\xd8\xe7t\
\xb9\xce\xe1\xf8\x87\xfaVM\xa7^8:\x9d\xbe\x80n\
\x1c(\xa6Np\xadV\xa3\xd03\xb4H\xc4\xd2\x0f\xfe\
\xf1\xcd\x7fB|\xef\xe9\xccfS\xfe\xa7\xe6\xe6\x88\x5c\
\xda\x1d\x8e\xcfon\xa6\x8b\xc4\xef\x079\xef\xef\xc1\x1e\
8\x1f\x8d|D\x5c\x03>\xa8\xd7j>\xa1S\xab\xd0\
\xda\x1f\x1f\xc9\x7f\xb9\x88\x89\xec\xb5j\xd4\xaa\xcb\x1dv\
\xfb\xcf\x8a\xb8\xa6\x1a\xc4u8\x87\xa9\x01\x81\x9f3\x85\
\xf5\xc5Zxu5c\xd0j?-\x92J@c\x8f\
\xe7\xf5\x92\xffh8\x06\x5cn\x0f0[m{\x91\xdd\
'\xc2x\xbft,#\xac\x0e\x93\xc3\xc8L\x17x?\
\xb3b6\x99\xffu\xe2\xccY\x82\x11\x97\xcf\xe6v\x94\
\x0e\x90H%\x81^\xa3\x06\xff\xf2\xad\xef\xa3\xf5@\xf2\
\x8f\xb1X\xac\xd4b\x7fs\xa9\xaf\xd2\xc3>o\x94\xd7\
\x84T4\x12-I%\xb2?\x9f\x9f\x9dGzg\x95\
G\xd5`S\xfe\xbd\x1e/8}\xfa\xf4\x1e\xa7\xd3y\
\x8a\xa2Z\xf38\x87\xae\xed\xdd\x85IX\xabUq\x1c\
\xb2H\xadV]\xb6\xbc\x12\xdaQr\x5c@:<\xf6\
\xdd`\x1c\xadR\xa9Hh\xa0\xce\x5c-#\xdd\x1cQ\
\xa5\xbc\x0b\x7f\x9e\x99\x99\xfexh9\xe4G\x8f\xba\xc2\
\x82\x05\xd7o\x9f\xbc\x19\xeb\x8bc\xbdC\xc1\xc0\xe4\xec\
\xf4\xf9k'\x91=Q~\x9d\xf1\x930F\x08Zo\
\xc0\xc4\x8fo\x07\xc1@\xe8\xef3\x9b\x19<GU\xf0\
\xa5\xb6\xc4\x93\xc0\x0e\xbc2\xd8+7\xa8\x5c)\xd7C\
\xa1\xe5\x93b\x91\xf4\x9a3g&\x90\x0d\x80t\x80\xfc\
\xce\x92\x7f\xa4\xf7\x83\xf99\x01\x10\xf0\x17>\x8a\xec&\
\xe7\x96\x1cr\x92\xbd\x9ek\x04\xa4\x031`.\x9f\x87\
~\x7f\xe0\xde\xa9\xd9\xd9K\x8e\x1d;\x8a\xc6n\x85\xc8\
\xffr0\x04\xccF\x13@\xfa\xf9\xfb6\xe2\x1b>X\
\x87\x83b\xfaa\xaf\x9a%,\xf5\xbdH\xae\xaf\xcdf\
\xfb6\xbeO\xb3\xc9\xb0\xa3\xe5?\x8b\xc6d\x06\xefQ\
\xb5\xf8\xa8\x1aq+\x0d\xc2\xf2\x8f\x09=\x9d]h\xde\
\xdde\xb3\xda\xeeH\xd0\xf8J\x15\x0e{\xfe\x1d\x18\xff\
t\xacx6\xb3Yt:l\xffx\xe2\xe8\x0b8\xb6\
\x93W\xc2\xd7T\xdc\x9a\x8f\x90\xfd\xc5\x10\xce\xa7\xc7{\
h\xf8}\x1e]/zE\xef\xb1O\xadA\xc5B\x91\
\x10\xea7\xc2/\xe7K\xa0\x80lnL\xf8;\xb3\x19\
\xf4\x1d\x19\xf4\x1d\x99<9?W,0\xfb\x18e\xac\
W\xa2sJ\xcd\x9a%\xcf>\xf7\x22\xd0\xea\x0c\x1f\x8d\
\xc5\xd6C[\xb5.\x06\xfb\x8aY\xf4Y*\x10\x0am\
\xf0\x17\x16~}zf\x86\xc4L\xc476@l=\
\x86h\x03\xac\xaf\xaf\xd3\xd8Z\xe8}lm\x0d\xcd=\
Q\x10\x89DA,\xb6\x86>\xc7\xc0\x06:\x8ei[\
\xcf\x01\x89\x04\xb0\x99\xad\xc0\xa27\xed\xb1X\xacGK\
[\xf8\xcalxo\xfd\xe6\xccv\x19\xc4\x1by\x14]\
t\x05\xc9\xbf](\x92\xbcU\xaeT\x12\xf9\xc7\xadN\
p&\x17\x80F\xa5\xba=_\xc8\x17\xeb\xf5\xde5\x89\
\xfa\xe0L\xc2\x0e\xac\xc9f\xbf\x85\x96\x97\xe32\x85\xf2\
\x06\xb5\xe6\xe2\xaf\xf3d6\x9b\xc0\xf2r\x08\xa8U*\
0?;\x07pl\xed$\xa2\xb3gN\xa3\xcf\xb3@\
\xbc(\x04\x22\xf4,%b\x09\x90J$8\xb7\x13\x91\
\x04\xe7\xf3\x91\xf8\x1e\x99DJj\xe9\xe0Xl\x81`\
\x11\xe3?\x5c\xe9q\xbb\xc5\xb5*\x01\x82\xadv\xc4}\
\xd7\x07\xfawq\x9e/\xd2\xaf\xd6c1E\xd0\xef\x7f\
\x97P$\x02\x13\x93\x13\xe8wD\xe4:\xc4Bt=\
\x8b\x8b\xe4U\x8cx|\xa4\xfb\xcd\xce\xce\x10\x9a\x9e\x9a\
\x06\x93\xe7&\xc9y|t/x\x0c\x88\xd0y\x8b\xe8\
|\xfc7R\x91\x98\xbc\xca\x90=!\x15c\xdco!\
:&\x22\xc7\x16\xd1\xb5/\x08\x04\xf4w\xa3\xe32\x89\
\x18H\x10\x0f\xff\x86\x10\x1d\x93\xa0{=~\xec88\
x\xe8^\xa4\xeb\xd4\xf6\x84\x82\xa1\xa7pL0]\xf7\
\x12\xd69\xc6\xb0o\xe1\xda\xd16@\xd5\xe5r\x93X\
\x80cG\x8f\x81\xe7\x9e}\x16=\xbf\x19\xb4^\x0aH\
\xce\xe4\xe2\xe2\x028v\xec\x05\xf0\xe2\x8b/\x02\x5c\xab\
\x12\xe9\xb3`\xe2\xdc\x048\x8fh\x0e\xdd\x1f\x7fn\x1e\
\x08\xe6\xf9\x00\xe7\xc3?v\xff\x03\xc0\xe1\xd8~\xb83\
\xfc\xd9\x05\x5c\xe3\x05\xa8\x95\xea\x7fN\xa5\xd3E\x8ex\
\xda\x1d\x11\x02\xed\xc7\xb1\xe0\xd7j$\x1d\x88Z_\x8f\
o\xa2gxShy\x15\xbcx\xfc\x0c\x80\xf5\x22\xd0\
\xeb\xf5@\xa1P\x5c\x89\xfa\xe8\x08\x83C\xd0\xe9C\xe0\
\x827\x09\xd9r\xd01\xc6g \x108\x8fd\xe4\x1a\
\xb9Lv\xf1\xe9e\x89\x0dB'\x8e\x1f\xc7X(\xc0\
lAz\x92\xc5<\xa6R*\xdf\x87\xe4\xfd\xcf\xceO\
\x9c\xfd\x12\xba\xb7\xdb\xa6\xa7\xa7\xfevA\xc0\xff\xb2X\
(\xbaU\x22\x14\xfd\x0d\x92\xff[\x90\xfc\xdf\x22\x95J\
\xbf\x88\xe4\xff\xf3\xe8\xfd\x97\x90\x1c\xa1c\xe83zE\
\x7f\x7f\x0bZ\xf7\xffJ\x22\x92|\xc3\xedr\xad3\xb8\
\xfc5F\xffg\x9fw!\xab\xfc\xd7*\xd5\x0a\xb5\x1c\
\x5c^\x90\xca\xe4_\x9a\x99\x9b\xfb\x8aP$\xbcM.\
\x95|\x09\xc9\xea\xadH\xee\xbf\x84d\xf4\x16\xf4z\x8b\
D,\xbeE&\x96\xa2k\x13\x7fY(\x14~yq\
Ax\xdb\xe2\xc2\xe2W\xd1y\xb7\xa1k\xbeM$\x5c\
\xfc\x1bt\x8f\xb7\x229\xba\x15\xc9\xf1\xadr\x89\xf4V\
t\xdd\x7f\x83\xaf\x1d\xc9?z/\xbeM*\x16}\x09\
\xc99\x22\xf1-\xe8\x9c/\xa2\xef\xfd\x22\x92\xf5/\xa2\
\xdf\xbbE\x86\xce\xc3\xbf\x81\xf8_@s\xc2\xe7eR\
\xd9-*\xb5\xf6\x16\xbd\xce\xf0\x97V\xab\xe5%\x9c\x8b\
\x0c\xeb\xadi\xad\x9c\xe2\x02\xe9\xda\xc6\x10\x12L\x1b\x8f\
\xcb\xeb\xf4x}\xdf\xd1\xa85\xb7\xa3\xf1\xf4\xcfr\xb9\
\xfck\xe8\x19\x7f\x15=\xef\xaf\xa2\xeb\xf9*\x9a[\xff\
A&\x95\xfe=\xba\x8e\xaf\x89D\xa2\xaf\xa1\xfb\xfb\xbb\
\x05\xbe\x00\xd1\xc2W\x90\xdd\xfby$\xff\xbf\xa5\x90\xca\
\xae.!\xddG.\x97\xe1\x5c+\x1c{\xbf\xad\xc6\x9c\
\xcdj\x01:\x9d\xe6\x17\x97\x97\x97\x03-\xb8[l{\
>\x5c\xd1\x15(\xc8\xf8\xe3J\xc5R\xddf\xb5\xff|\
9\xbc:\x86\x0e\xe1\x98?\xde\xd9\x893`aQp\
#\xd2\xa5\x1c\xbd\xb1\x85\xfb\xe6lt\xe5u0\xf1K\
\xd5T*EY,\x96o\x9c\x9f\x99\x06\xfe%\xdfE\
)\xff\x91\xc8*\xf8\xf9\xe1g\xc0\xd3\xf7\xff\x0c\xad\xdd\
\xb2\x1b-f\xcbSh\xae4\x86WW\x13\x88WX\
\x8bD\xcak\xb1\xb5r<\xbeQL&\x93\x05D\xc5\
T2\x95'\x94\x22\x94I\xa5\x92\xb9T\x12Q*\x85\
)\x9fN\xa7\x91:\x9e\xdbD\xc7\x0a\xe8\xf5e`\xaa\
\x13\xb0'*\x9f+\x14q\xce\xd0Z,\x86\xaf\xa3\x84\
\xbe\x17\xfd~\x02]K\x22\x9fL4)\x87\xae-\x1f\
O$\x0a\xf1\x8d8\xa2\x04\xfa\x9bx)\x11\x8f\xe3\xd7\
\xc2\xc6\x06\xa6\x0dD\xeb\xc5D\x22\x9eG\x7f[H\xa5\
\x10\xd1\xf7\x84\x89\xf9^D\xf8~R\xf4\xfd$\x93)\
\xf2\xbd\xa9\xc6\xef$\x93Y\xf4\x9aM\xe2\xfbM\xa77\
\xd1\xba\x9d\xccf\xb3%\x82u_\x87\xfd\xf2\xc8\xfa\xe9\
;\xf4>v\xbePGvl\x1d\xe76&\x13\xc9j\
2\x95\xac\xa0\xdf)\xa3\xf7\x15lC%\x92\x89R2\
\x89\xee)\x11/\xe3\xfa\xc8\xe8\x9e*\xc8N\xa8\xa0{\
,'\xe3\xf1\xecf:\x1d\xf0\xfb\x02B4O\x1cB\
\xf3\xc5;\xed\x16\x0b\xd2\x83\xa6@\xd0\x1f\xd8\x16\xe3\x0d\
\xad\xcf@\xadQ\x83S\xa7O^\xbe\xb4\xe4=\x8el\
\xa8N\xcc\xb7>{\xa8\xbdt\xf6-\x5c\x10\xdc\x07\xe1\
\xd5\xb0\x09\xc9\xe4{'\xcf\x13\x0ch\x9e\x5c\x22\x03\x06\
\xa3\xe1\xcb\xe8y\x15Y\xf4O6[\x0c\x0e\xc8K$\
8\xe4x\xe3fm-\xeaQ*\xe5\x1f[\x5c\xe0o\
{\xfb\xab\xb3\xa11E\xe4\x1f\xeb\x9b\xf7\xfd\xe0\xee]\
\x12\xb4\x9e\xa3>\xb1 \x1b\x89\xa4\xe6\xc26Sl\xa8\
\x1a8}\xce\x1b\xa8\x1b\xf7\xd8/\x87u\x0e\xe7C\x96\
\x1cQ\xee\xb1$\x03\xc7\xdf\xa0\xf8\x1e\xc8%\x87l\x10\
\xe6\x05\xe4\xe6\x17\xed\x8d\x93\x81\xe3\x11\xd0\xdcXu8\
\x1d|\xa4\xdb\xdc\xa8Tk\xc0\xf9\xe9\x19$\x03\xe6m\
!\xffH\x9d\x03\xc5|\x128\x9d\x8e/\xa09\xb6\xca\
\xd4I\x19T\xf3a0\xde:\x83\xb1\x88\xbe3\xafQ\
\xabo\xc5yG\xe8\xf3\xaeg\x7f~\xf8j\xa4s\x9c\
\xa9V\xcb\x95.\xdfl;\x86\x03g\xcc\x1f\x5ck\xa2\
T.A\x8f\xc7}<\xbc\xb2\xba{ue\xe5\xa2\xdb\
\xf7\xc7\xf2\x8ft}b\xdf\xab\x14\xaa\xdfw{\xdc\xe1\
r\xb9\x5cc09\xa8\xad\xe7\x03\x99$i\xd8\xee\x96\
\x81m)\x5c\xad!\x9c\x9d53\xa8\x06\x04&\x1c\x9c\
\xeb\xd7\xa7\x8f\xd9r4Z\xd7Z\x16>\xec\xd7\xb7\xbd\
p^!s\xbb\x90\xe5w\x9aC\x0d\xf6\xa8[3\x08\
\x07d@\xbc#\xecZ\x8f\xe8\x0b\xa1`g\x8c\x11\xec\
\xf1\xf7\x0c>\x19\x85cb<\xde\xa5\xd99\xbe\xe0\xbd\
S3\xb3\xe0\xb9\x17\x8el\x0b\xf9_[['\xf5\x90\
\x91]\xf3\xe1h8\x12d\xb6\x84\xb8\xea\x87\xbd\x9e/\
\xd5\x12#Z\xf7y\x97\x0e5r*\xd4j\xedu>\
\xdf\xd22\x86\x8a\xac\x0f_\xcf\x8d\xfdw\xd1E#\xc5\
/o\xb6X\xbe\xee\xf3\xf9@(\x18\xbc\xf8\xe22\x90\
\xber\xf7\xdd\x07\x81N\xaby\x87\xcdf\x9f\xc6\xe3\x85\
5\x17\x02\xb2\xd6ff&\xdc\x1ei\xdb\xb0\xaf\xff\x04\
\xf6\x0b\xf8\xe18\x1fP=\xf0\xe2\x86\xc1\x98\x85\xbd\xf0\
\xc5z\x88/Wl\xd8A\xd8\x00\x83b\x82\xeb\xf5\xde\
5\xb1\xfa\xe5\xa1\xb6L\xc8\xf41d\x87U4Z\xdd\
\x0f~\xfe\xc2\x91=\xb3\xf3|\xa0V\xab_w\xf9\xc7\
\x84q1\xf5Z\xede8f\xafP\xc8\x0f\x93\x0fV\
\xef\xc8\xadj\x95\x7f\xa6F\x00U\xdf\x88\xc7Ef\x8b\
\xed\x1d.\x97\x07\x98,\xd6\xaflnf\xf2\x18\x97\x93\
c\xbe\xc9\xa0\xb1K\xfc5\xa1P(`2\x99\xdfm\
\xb7\xdb/\xca\x98?\xf4\xec\xc1\xd1\xe7\x9f\x07\x0a\x99\xfc\
\xb6\xd8Z\xac\xd0\x8c\xc9\x84M,S\xd8]\x0f\xb1U\
\x1f\x87\xf5\x1e\x18N\xf5\xde8\x8e\xb0^\xefD\xf6\xef\
/\x07}\xf0\xb4\x06\xe2\xb5p\x9cRz\xf5\xf9\x10q\
\xa8\x03\xafa\xe0\x14\xd0w/\x1cn\xa9\xaa\xb0\xc7\xfd\
t\xdb\xc4\xb43\xb2\xea\xf7\xf97\xf8|\xc1o\xe0\xfd\
\x98``{\xc4\xa7D#1077\x07$\x12\xe9\
\x1d\xc9$\xde\x1b\x86\x1d\xd8\xfb\x90kN8\xeb9h\
\x8eI{\xbc\xfe\xdf\xc6\xeb\xbf\xdd\xe1<Z!5\xa5\
\xc9\xfe\x13\x87\xd4\x8c\x81\xf1)U\xdc\xdcN\xe7\xc9\x13\
G\x8f^\x81\xef\x07\xe3\xfc\x5cl\x0d\xc7C\x9f9s\
\xfa\x0a\x8f\xcb\xfbS\x5c\xa3\x92\xb6\xc3\x98\x1a+\xbd\x8c\
~\xd8\x5c\xfb\xe1\xa0\xc0\xdd>\xd8\x98\x83Ne\xa9\x01\
\x02\xeb\x831w/XV;\xbb\x1b\xb2h0\xb0\x97\
b\xc3r\x80\xdbz\xdf\x95\x01\x01\xe1\x80\xa72L\x5c\
\x0c\xa9\x87\x881)pl\xa1A\xa7\xfb\xfe\x83\xf7\xdf\
?\xe6[\xf2\xf3\xb6\xc3\xd8C\xd7\x81\xf5N\xa0\xd5\xa8\
\xdf\xbd\xba\xbaj\xaf\x91mSH\xef\x85t\xfb\xe0\xfb\
\xad)\xac\x93\x05\xce\xcb\x5cYY}\xc4\xbb\xb4\xf4k\
H\x07\xb2\xc2\xb6=Y\xd8\xa3\xe7 \x87\xfdhZ\xfe\
\xa3\xd1HI\xa5R\xddr\xfa\xfc\x19\xb2\xf6_\x8c\x18\
_x?|\xe2\xec\x99wz\xdcn#\x8e\x9f\xc61\
\x14\xd8\x16#\x91\x14\x03\x85\x0crYo\x87\xa9\xf5\xc0\
u\xef\x15\xf6I\x10\x19\xd6\xae\xbb\x80\xf39\xdd\xce\x05\
\xe1\x82\xf6rr\xb6X%\xfd\xca\x8d\xc2\x96\xc9\xb9q\
>\xee\xd1Z\xb5Z\xa1\xac\x16\x0b\xff\xf4\xe93\x97\x7f\
\xeb\x9eom\x8f}\x80\x8du4\xfe\x04\xe0\x89'~\
2\xe6t:O\xe0\xf8\xceF\x1co\x9b=\x03\xd9\x9f\
!l_v\xba:\x01\xa7\x99\x85\xc3a\x85\xcb\xed\xb9\
=\x97\xcf\x15\x88~\x019\xf9\x16\xfb\xd9b\x0d\x1d\x05\
\xe9\xfe\xc1\xa5\xf3\xd3\xd3\x1f>u\xe64\x89C\xbf\x18\
\xe5\x1f\xaf\xff\x02\x81\xe0\xbd>\x9f/\x8c\xf73 \x84\
\x8d\xd5\x9fj_\xa5 \x97\x9cH\x96u\xbe\x97\x0e\x07\
\xfb\xe7\xc7\xc0\x81\xbe}8X\xa7\xe0\x84/4\x08\xd7\
\x99\x8b>\x08\xfb\xac\xfe\x83|\xf9\xac>?\xd8#\x22\
\x05v\xafu,\xb9F-\xe9\xf4th<\x9e\xd9k\
.\xa7\xd3$\x16\x8b\xf7\xe1X\x98\xed\x22\xff\xebL\xad\
p\xbb\xcd\xfe\x17\x9b\xe9t\x89\x8e\x0f\xa1\xa8!},\
\xac\xdd\x83\xe7\xbed*\x99\x8a\xae\xc5l,8\xb3\xbd\
\xbeb\x90]Ax\xb9\x5c\xaen0\x18\x9e\xd4j\xf5\
\x97^\xack?nJ\x85\x12,\x08\x16\xae\x0b\x06\x03\
\xc1z\x03\x8f\x91)\xb0\xd8\xa9r\xc3\xf6Uh\xb0\xac\
\xc0a\xcb\xa8\xf4\xd4/\xfa\xf9\xe4\xe0\x96\x1c@\xc8\xba\
br\xc7s\xe3\xeaw\xbc\xa0\x9b\xea;\xff\xc0v?\
f\xe7\x867\xf3\xc8\xb9\xde\x03l\x87\xa4\xc3[\xe2T\
\xcda\xb7\x9aE\xc2\x05$\xff\xbam%\xff8\xa6r\
qa\xe1\xfd\x01\x7f`\x0d\xb6\xd7\x04\xe8\x17\x0c\xc4\xe5\
Y \xa9\xaf\xe1\xdc\x1c\x8a\xc93\xeaW[n\x18\x1f\
q\x1d\xc7\x7f\xcc\xcd\xce}ujj\x0a\x98\xadf\x90\
\xcde\x08]l\x0d\xe3\x94LNN\xbe\xcd\xe7\xf7I\
kT\xad\x91\xcc\xd82\xd6\xe00:2\x17\x7f7G\
\x99\x82\x03\xf0W \xdb\xb9p\x885\xfb\x02\xd6\x15\x96\
=`V\xbd\x11\xc2\x01{U\x03\x94\x16\xd8\xa5\xe6\xc3\
n\x85\x88\x8bMC\xf6\xa8p^\x222\x00(\x83^\
';\xf2\xc2\xf3\x97\xf9\x96\x02\xdbF\xfeqn\x03\x8e\
\xc7>s\xfa\xf4UKKK\xcf\x97\xca\xa5^\xbe}\
\xc82\xa7s\x98k\x89\x0b\x9b\xe4d\xb2\xc8?\xe7\x9a\
^\xad{b\xd8\xaep\xbb=N\xb5Z\xf3\x0b\x06\xa3\
\xa9)\xfb\x17\xa3\xfck5zp\xea\xc4\xc4\x98\xdd\xee\
\xb87\xb3\x99\xa1\xf7`\xda\xb7\xe8;\xf6\xfb\x86\xd2\xa5\
\xb9\x9e[\xe7\xb8_\x0eYb\xc1(\x965\xb4^\xe7\
V?\x80\xe3^!g?\x07\x97\xf9\x10\xb6\xfb\xa0z\
\xc9m\xa7\xaf\x83u\xfd\x87=6&[\xeb\x0d\xe2I\
\xbd\x92I\xa7\xabz\x9d\xee\xbb\x7f\xfe\xd7\x7f\xbd\xcb\xeb\
^\xda6\xe3omm\x8d\xc4\xa0\xc8dJ\xa0\xd1\xea\
\xbe\x86\xd4\xf5*\x13\x0f\x0d\xfbH'\xe48]S\x1d\
v\xfb0x\x93l\xbe\x19\xf2\xf7\x18\xe7\xc7h0\x9e\
\xfc\xe1\xa3\x8f\xee\xfe\xf2m\x7f\x7fQ\xcb?\xb6]\xe6\
\xe7\xe6\x01\x7f\x9e\x7f`ee%\xc4`\xf309l\
\xec\x98\xab\x8d\xc5\x89\xc5\x0a\x80\x83i\xe0\x1e=\xb7\xb5\
\x1b\xf6\x90#\x08Y~\x0f\x0e\xd3\xdf=\xe5\xbc\x07\x00\
-\xec\x11\xe9\x00\xfbl\x14\xc0\xa1o\x99\x89D\x82\xb0\
\x07F-\xfd\xaf\x01\xaaI1\xe7\xe3\xee\xac\xe1\x86\xec\
;\xa7X\xbcx\x83R)\x03.\xa7{[\xc9\x7f\xb5\
\x5c\x03\x22\xa4\x87\x0a\xc5\xa2\x8f\xaf\xc7\xd6<L\x0e%\
5d\xfce\x1f\x9d\x0br\xb4\x99z\x8e\x03\x8a\xb6\xa3\
\x88\xfcW\x13\xc9T\xc9f\xb3\x7f\x16\xcb\xce\xca\xea\xca\
E-\xff\x9b\xe9\x14X\x09\x87At}\x1d\xe9\x00\xf6\
\xbb\xf3\xb9\x1c.lU\xc6{F\xf5\x0e\xac\xeafP\
_#\x7f\xa7\xb1(m\x15\xc3l\x99c\x9b\xb3C\xfb\
\xb9\xed\xeb6\xc5\xd1\xa7HqX\xcb[\xea/u\xf9\
y\x86\xddo\xe8^\xbb\xe1\xb0u\xaba\xdbT\x01\xdb\
|\xf4\xed\xf5\x80\xd9\xee\x05\xb6\xe5\x100\x0f\x98\xc1\xb9\
\xec\x8amd\x100\x1b6.l\x1aq\xe4kp~\
JR\xa7\xd1\xdd~\xf8\xa9\xa7\xc7\x16\x05\x0b@\xa5R\
m\xab1\x88m\x00\xe2\x8bR*.\xb5\xda\xac'i\
<U\x08\xd9\xe3\xc4!\x1c^\x9f\x83\xb0~a{@\
\x1d\xb5\xde\xc9\x9aX\xf3\xf9|\xa1\xe9\x99\xa9_\x12\x0a\
\x17\xc1\xc5\xde\xe8<\xf20\xa9\xcf\x22\x16\x09\xdf\xe2\xb4\
\xdbOe\xb3\xd9\x0a\xb1\x97\x98\xb8_fS\x86\xcew\
h\x0c,\xf2\xb9\x81`O\xdeS\xed1\xbf\xb0\xa5\xc6\
[\xeb\xea\xd5\xac\xfb\xd6\x11g\xd8\xac\xa5\xd7\x16\xc7\x09\
\x9bc\x9b\xd9\xbb\x81\xf5\xc6\xf5t\x06\x1f\xe1\x0b\xa1h\
\xdf1\xa4\xea[\xd8r\x14G;\xa0\xd7~\x0fl\xda\
D\xb0=\xb6\x8e\x08#\xec\x8a5\xa6\xebZ\xd2\x8f\xa7\
\x89]\x00\x99\xe7\xd4\xbc\xc7\x86t6\xbe\xa3\xf9X\x1b\
\x1b0\xccV,l>\x02r\x84b\x92\xdc\xe9\x03\xcc\
\xf7Q\xcc'\xb2\xd5\x87sR\xe8\xe7E\xd5\xaa\x10\xe7\
ai4\xea\x07N\x1c=q\xf9\xfc\xcc\x1c\xc0\xf2\xbf\
\xddj\x8db\xf9\xc752#\xd1(\xc6\xe5\xfeF>\
_(\xd4Y\xf3\x01\x07\xfa\xfd\xb8\xe2\xc9\x0e\x1b\xbf\xd5\
\x12W\x9c\xab\xbb\x9c\xce'\x84\xfc\xb9\xcbu\x1a\xf5\x8e\
\x90\x7fLX\x97\x99\x9b\x9f\xc39\xfe\xef\xb2\xdal\x8f\
\x85B\xa1\x8db\xa1X\xc7\xb9T\x14&$V8>\
\x83\x1a@\xbd\xcf\xa91D\xc61s\x0c\x0e\xfa>\xd8\
r~\xa35\xbf\x032S\x0cl\xf9\x1b\xd8\x88!\xd9\
\xca1\xbe\x90\xa0 \xc8\xe0I\xf4\xbb.\xfa\xd9\xb0\xf2\
j\x83\xee\x85\xa6\x1a\xf3\x5c\xc83n\xf9\x8c\x08\xd76\
\xc3\xdf\xdfx\xfe\x18_\x0a\xe3\x9e3\xc7I\xae;~\
\xa5\x9a\xfdC\x08\x12B\xc7\xf3\xb9<\xb5\xb2\xbc\xe22\
\x99\xcc\xdf\x9c\x9a\x9e\xbdrqQ\x04\x1c\xb862\x92\
\xfd\xedZk\x18c)j4\xda\xf7\xad\xac\xacF8\
\x06hq\xc5Z\xbe\xd0=\x9f\xad\x5c?F_M$\
\x12y\x9c#\xc7\xe7\xf3w\x14\xc6'\xc6\xfb8{\xf6\
\x0c\x98\x99\x99\xc1\x18\x8d\x97\x8bE\xe2O\x1a\x0d\xc6'\
\x8dF\xa3\xdcf\xb5\xa9\x1d\x0e\x97\xde\xe9t\x19\xd0\xd8\
1\xba\x9c.\xab\xcb\xe14;\xec\x0e\x13\x1aS\x88\xec\
\xf8\xbd\x11\xf5\x9f\xc1f\xb3\xe9l6\x87\xc1\x8e\x8f;\
\xd19N\x87\x19\x9d\x83\xc8n\xc2\xe7\xe3\xe3n\x97\xcb\
\xe2uyl\x1e\xb7\xc7\xe6v\xb9\xad.\xfc\x8a\xc8\xe5\
r\xd9\x11\xe1W3\x22\x8b\x13\xbdGdu:\x9c\x16\
\xf4\x9bfD&\x97\xcbm\xc1\xe4v{\xcd^\x8f\xd7\
\xb2\xe4E\xe4\xf6Z\xbc^\xaf\xd5\xe3\xf5X\x90=\xe9\
\xda\xdc\xcc\x94\x9ak\xf50\xb1x\x8d\xc0.$k\xe1\
H$\xe1\xb4\xd9m\xe8\xb7\xad\xe8\xbe\xc9uz\xd0\xef\
\xa1k\xb6\xb8=nt}\xe8\x15_;s\x8d\xe8\x1e\
-\xe8\xfe-\x0e\xbb\x1d\x91\xd3\x8a\xee\xd5\x86^-N\
\xa7\xd3\xe8p8\xd13\x22\xcf\xcb\x82k\x9e\xdam6\
+\xb2\xb5\xf0{\x0b>nw\xb8\xd0+:\x1f\xf3\xec\
\x0e3>n\xc3\xe7\xa0cv\x9b\x1d\x9fkEz1\
\xfags \xb2\xe3\xdf\xc1\xc7\xd0;\x0b\x22t\xa6\xcd\
\x8e\xae\xc5\x1e\x0a\x04\xad\x1e\xb7\xdb\x8ct8\xa5\xd9l\
~H.\x95\x7f\xf0\xa5c\xc7\xc7\x16\x16\x16\x81D&\
o\xca\xfev\x95\xffE\x81\x00\x1cy\xfe\xb9\xab\xd0\xf5\
O\xd7\xaa\xb5:\xab\x8c\xc3\x97-\xd3\x1c\xe3\xbe\xbb\xf7\
g\xf1\xfc\x1c\x89D\xb4:\xb5\xe6z\xa3V\x0f\xa2\xc8\
\xf6\xdfiM\xa1P\xe2xl \x14\x0b\xc1\xc3\x0f?\
\xb2\xfb\xf0\xe1\xc3{N\x9d<}\xd9\xec\x1c\xff\x8a\xc5\
E\xe1\x9b\x14J\xe5\xd5:\xadv\x9fF\xad\xde\xabR\
\xaa\xc6\xe5\x0a\xe5\xd5*\x95r\x1c\xfd\xdd8\x9a\x17\xaf\
\x12\x0a\x85WJ\xa4\xf2\xab\x94*\xd5\xb8R\xa5\x1eW\
\xa2\xf3\xd5\xe8\x15\xd9\x9c\xe3\xf8U\xad\xd1\xec5\x19\x8c\
\xd7\x9a\x0d\xa6k\xcd&\xf3\xb5\x06\x83\xe1\x1a\x9d\xc1\xb0\
\x0f\xadS\xd7Z,\xd67\x9bM\xa6}h\xce\xd9\xab\
\xd3\xeb\xc7\x0d\xf8\xbd\xd9|\x8d\x09\x13zo0\x1a\x11\
\xcf\xb4\xcfl\xb1\x5c\x83\xce\xddg\xb3Z\xf7\x22\x99\xda\
\x87$g\x1f\x92\xb3k\x90L\x8c+\xd5\xea_\xf7\xf9\
\xfdAb#\xd4[\xfc\x14\xdc\xfd\xf2\xf5J\xa5\x5c\x0f\
\x06\x83\xcf\xaa\x95j\xfc{{M&\xcb>$\x80\xd7\
X-V\xf4\xbb\x96k\xd0u\xec\xd5\xeb\x8d{\xd1\xfc\
\xb8\x17_\x97\xde\xa0\xdf\xab\xd1h\xc8\xbd\xe2\xfb\xd4j\
\xf5{u:\xfd>\x95\x12\x1fS]-\x91\xc8\xae\x94\
\xcb\x15Wk4\xba\xbd\x1a\xf4\xecTJ\xe5^\xb9\x5c\
~\xb5D*\xbb\x0a??\xa5R=\x8e\xd6\xbd}\xf8\
oeR\xf9\xd52\x99\xfcj\x85\x5c1\x8e\x9e\xf5>\
\xa9D\xbaW&\x93\xed\x93J\xa5\xfb\xa42\xd95\x98\
dR\xd9>\x89D\xbcW(\x12\x8f\x8bE\x92\xbd\x12\
\xb1d\x9fR\xa1\xb8\x16\xf5\xcb\xb5\x0a\xb9|\xdf\xe4\xb9\
s\x97\xdf\xff\xc0}c&\xbd\x11\xc8\x91\xdc\x8b\xd0\xda\
\xff\xafw\xfc\xc3\xb6\x97\x7f\x95B\x01*E\x0a\x18t\
\xfa\xbf\xc5x\x06=\xfc\xf5\x17\xa2\xbf\xbf\xcc\xc0p2\
\x96\xaa\xe5r\x89\xd2\xebu\x87\x95*\x11omm\x15\
\xec\xd4\x96N\xa6\x08\xe52Y\xa2\xe3`\xfcn\xb4\xec\
\x90\xf7~\xbf\x1f\xe8\xd5r`5\x1b\x81\xd9\xa0'\xc7\
0y\xbcn\x12K,@6\x04\xce\xb7B\xcf\x0c\xe8\
\xf4:\x10^Y\x05\xa7N\x9c\x04H\x9e\xc0*z\x1f\
\x0e\xaf\x02\x97\xdd\xd9\xfc\xbb;\xee\xbe\x13|\xe3\x8e\xef\
\x00\x93\xd9\xd4<\x86\xe9\xfc\xdc,\xa9\xb7\xdd\xd8\xa3\xe8\
$\xbb\xd3A^\xd7c\xeb\x00\xad\xff\x00\xa9\xd3`r\
r\x02\xe3\xdc\xbc\xd9\x1f\xf0\xabp\xc0K\xbd\xe9k\x18\
\xae\xff\xf1\xfe\x0eZK\x9f\x5c|i\x8a\xfcF\xa5F\
\xd7\x8b\x855\xc8\xa3p\xedXH_\x03\xac\xd6x\xd5\
\x1a\xc5+\xa3\xe3H\x05o\xbb\xbe\xa5@\x10<\xfe\x83\
'\xd1{\x8a<3\xb6{hP\xb9T\x01\xf9\x02]\
#\x1e\x7f\xce\x17\xf2$\x97\x04)\x01\xc0\xedv\x01\xa7\
\xcb\x09\x90\xee\x83\x9e+\x22\xf4\x19\xd9\x9fHW\xb6\x91\
>Y\x9c\xa5q}\xacV3\xc6\xb6Dd\x01hN\
\x05\xd87%\x91I\x80B\xa9\xb8h\xc6\xdd\xc4\xe9\x93\
\x80\x8ft\x80\xe9\x99\x99\x0f\x87#ao\xff\x18\x00\xce\
\xbe{\xae\xf1\xe4=\xf7\x15\x19/L%\x95J\xa5\x8d\
F\xc3\x1f\xc7b1\x10\xf0/\xedX\xf9O\xc6\x13M\
J%\x934\xa5RMJ\xa4\xd2 \x99\xde$\x94B\
\x94N\xa1\xf7\xa9\x0c\xc8d\x19\xca\xa4Afs\xb3I\
\xf9\x5c\xa1I\x054\xb61\xe5\x8b4\xce&\xae\xd3X\
,\xe2\xe3E\xd0\xc0\xbb/`\xca\xd3\xc7\x08\x95\xd0\xfb\
R\x91\x9c_ T\x02%\xf4Zl`\x92\x96\xcb\xe4\
<\x9c\xd7:33\xbdo\xc9\xe7\x9b\xaf\xd6j\x95z\
o\x9c\x8c^\xf1\xc1\x90\x91\x7f*\xe0\xf3?\xbe\x16\xc5\
{St\xed\xd2\x0a\xfa\xcd\x22\xbe&\xe6\xfa\x1a\xd7\x99\
%\xf8\xa2\x85-\x9c\xd1\x1c\xfd>\x9f\xcd\x12\x1c\xd2\x5c\
\x0e?\x93$\xc8\xe5\xf3\x04\x83t3\xb3I\x13z.\
)\xf4\x9c\xd2\x9bi\xf4|S\xe8\xf95\x9eo\x12$\
\xd0\xf3\xc6\x9f\xf1\xbe8\xa6^-\xba\x16%\xb4\x16\xdd\
\xa2\x8b\xb9!\xbb\x0e \xdd\x07\xf5\xe1\x1c\xc6\x05zn\
\x88\xbaj\xfd\xfc\xf6\x83\xfc\x85}\xf5\x06f?\x05S\
\x15\x8d+\xb7H,y\x07\xae1\x9c\xcbd\xc0\xa8m\
\xaf\x86\xe5\x7fnv\xf6\x1a\x7f  \xa8\xd1X\xfcT\
\x9d\x9b\x8f\xa8\xad\xdf\xb1\xfc\xfb|\xbe\x1f\xe2y\x1e\xf7\
3\x9e_\x8ah\x0e\xc04j\xafn{\xe0\xc1G\x80\
D*\x01j\x8d\xea\x8e\x5c>W\xa1W\xdfa\xf6^\
a\xbf\xfd\x82\xfa\x05\xd8\x0e$'\xb6X,Q.\x8f\
\xfb\x89\xe3'^\xbc\x0c\xebh#\xf9\xdf\x8e\xb1\x8cj\
 \xe0\xcf_\x13\xf0\x07DH\xfd\xaf\x0e^\xff\xd9\xfb\
\x1d\xcb\xff\xd2\xd2\xd2\x0fW\xc3+\xc4\x0e\x1a\xb5\xd7\xae\
y\xdcn\xa0\xd5j\x81N\xa7{o4\x12Y\xda\xda\
B\x1eFg\x1f\xca\x0f\x009\xc4}T\xa3\xd1hI\
*\x93}vv~\x1e(T\x9a\x91\xfco\xc3\xa6C\
\xe3fQ\xb0pm0\x18\x940\xf9^\xd4\x858{\
\x18\xf9\xff\x11\xb2A\x89N\x9e\xddA\xb5x/\x86\xb6\
\xb2\xb2\x02^8\xf2\xc2\x1e\xa3\xd1(\xc4\xbe\x18\x9c\xc6\
\xf3\x0a\xc8\xff\x85y\xfe I\x85\xaf\xa1k\xb2NN\
N|h~~\x0e\xf8|\x81Q'm\xc3\xa6\xd7\xe9\
0.\xff\xb5\xa1`PFm\xd5\x18\x1dZ\xe7\xabT\
*\x94\xdb\xe3\xf9\x11\x8e\xed\xc4\xf5wF\xf2\xff\xda\xb6\
\xef\xfe\xc7\x1d\xe4\xd5d2~=\x95N\xd5\x1a\x98 \
\xb0/\x06-|\x05\xe6\x01\xd6\x9c\xb3j.\x97\xab!\
}\xe4I\x9f\xc7;f\xd0\xeb\xc1\xe6h\xed\xdf\x9e\xf2\
\x8f\xf4\xffE\x01\xff\xcd\xcb\xa1\xa0\xbc%\xf6p\xe8\xf9\
\xbfZA\xeb\xbfg\xe9q\xa4\xf3\xd1\xb5\xb8G\xf2\xff\
\x9a\xb6D\x22\x0e\xe4J\x05\xae\xd3\xfbk\xa1\xe5\xd0F\
\x03\x13\x04\xb6\xef\xe7t\xfao!\x87TM\xc8\x82@\
\xd1\x0f\x0b\x96\x0c\x87t*\x95\x5cXX\xb8\xed\xf1\xc7\
\x1f\x07\xc9d\x12\xa4\xd3\xe9Q'mG\xff\x9fJ\x09\
\xf8s\xb3o\x0e\x06\x03J&^\xf8\x82\xb0\x01\xb1\xfe\
\xef\xf7\xf9\x1f[\x8f\xc5F\xf2\xff:\xb4p8\x0c\xa6\
\xa6g\xc1\xa9\xd3g\xc6=n\xef\x91R\xa9\xd4\x8a\x0b\
6\x04\x9e\xe2\x85\xd4\x9ah\x9d\x1d\xe8Ps\xa4\x0b\x9a\
\xa5R\xf9\xdb\xb1\xdf/\x8d\xf7\xbb\x10\x8d\xda\xf6k\x1a\
\xb5\x06\xe71\xbe\x05\xd9\xff\xba\x96<f8\x84\x1d\xd0\
\xd8\xff\xc39\x1e\x0fc\xff\xff\xa8\xbd>\xf2\x8f\x9f\xbd\
P\xb0\x00\x14r\xd9\xed\xc9D\x82\xc9\xa9xY\xd8\x8e\
\x1c\xf3\xb6a\x1b\xd6{\xb9\x5c\xa6\xd4j\xf5\xcf\x0e~\
\xff\xae\xddx_\x16\xd7\xf5N\xef\xa0\x9a\xcc;m\xfd\
\x9f\x9f\x9dyK0\x10\xd0\xc1f\xcc6\xac\x0f\xde\xff\
k\xc7/\xae \xf9\xf7z\x96\x1e\xc6\xfb\xff\xa3\xf6\xfa\
\xc8\xbf\xc3i\x00s\xb33`A\xc0\xffX$\x12\xf5\
\x92|\x89\xad\x94`\xd8'?\xbb\x13\x96\x85K=\xe1\
\xce\xd4\xcbf\xec@4\x12-k5\xba?p\x98\xed\
$.#\x9eH\x8c:h\xbb\xca\xbfR\x05\xe6\xa6g\
\xde\x8c\xe4_\x05\xe1\x16^\xc3\x80\x1c\x00\xd8\xad\xffW\
j\x1e\x8f\xf7al\xff\xc7ql\xceF\xbcI\xa3\xf6\
\xea\xb7\xd5\xd5eB8\xc6^*\x12_j4\x19\xcf\
\xe1\x98l\x06\x17\xa0g\x9e?|\xd9\xde\xfev|\x09\
\xdc\xbc^o\xf0\xcc\xe93\xef\xc7\xb5UG\xf2\xbf\xbd\
\x1b\x8e\x1f_\x14\xf0\xdf\x1a\xf0\xfb\x15\x14I\x94o`\
\x98\xc0\xa10\x88\xab\x95\x0a\xe5\xf1\xb8\x1f\x8fF##\
\xf9\x7f\x9d\xe4?\xb4\xbc\x02\x82\xa1e\x12\x0f-\x93K\
o\xdf\xdcL\xe3\x9c\xe0r{\xed\xa9\x0e$\x85a\xe2\
|!\x1b4K3g\x94\xe4\x8f\x17\x8a\xc5\xba\xdb\xe3\
~\xe6\xccK'\xde$\x11\x0a\xc1\xca\xf2\xf2\xa8s\xb6\
q\xc3\xb5\xb1'&\xce\xbe\xd5\xeb\xf5(!\xa4j4\
\x9eq\xc3\x0f\xc0\x1d\xbb\xa3R\xa9T]N\xe7\x93\xe1\
\xd5U\x90\x88'x#\xf9\x7f\xed\x1b\x96\x7fL8\x9f\
D\xc0\x9f\xff%\x8f\xdb\xbdB\xcb?[~.k\x0d\
\x98~y\x83\xad\xb0\x11p+\xc0\xa8\x0d\x7f\x82J&\
\x135\xa9X\xfcu\xb4\xa6\xec\xa8\x5c\xdf\x9d\xda\x04\x0b\
\x02\xf0\xfc\x91\x17\xf6z\xbc\x9e\xf35\x82\x9e\xc1\x00q\
\x0c\xc6.o\x1b;\x95r\xb9b3\x9b\xefY\x09\x05\
A|=\xce#\xf5\xaa\xd6b\xc0\x1fX\x06\x91pt\
\xf4\xa0_#\xf9\xc79\xe9G\x8f\x1c\x01\xff\xf3\xd4O\
\xae0\x99\xcc\xcf\x16\x0a\xc5\x8e\x98\x0e\xf6\x9a\x07\xdd\x09\
<\x9ck9m\xe5\xfa\xa2Q\xb3\x1e[s.\xf0\xe7\
\x7fm\x91?\x0f\xccF\xd3\xa8S\xb6y\x93J\xa5\xe0\
\x81\x07\xee\xdf\xedv\xbb\x0f\xe6\xf3y\xaa\x81\x8cU\x87\
\x90;\xce\x17\x8d\xed\x9c\xb4\x18\x8d7\xe1Z\xee\xf1\xd8\
\x06\x0f\x11\x91\xfb\x06\x8d\xdak\xd3\x96\x97\x83$\xa6S\
\x86\xec:\x99L\xfe\x05\x5c\xf7\xbd\xce\x8a\xcf\x0f\x07`\
 s\xaa\x13\xd1H\xf7!\xc1\x06\xd8\xdf`\xb5\xda\xa6\
\xf9\x02\xc1n\xb3\xc5<\xea\x8c\x8b\xa0\xc9uR\x8c#\
\x0d\xe4\x0a\xf9'\xc3+\xab\xc1f=)\xd8\xb2ft\
\xe3\x82\xc0\x8e\xdc\x9f\xba\xc3f\x93\xcfLL\xec\x93\x8b\
\xc5\x00\xfd%X\x8b\x86G\xf2\xff:\xb5\xb3'\xcf\x80\
\xb9\x99\x19p~b\xe2\x06\xbf\xcfo\xc0xH\xadx\
\x92}\xe1\xfdz\x81\xa8\xb3B\xd66\xe1-\x09\xc0Z\
\xa1\x90\xaf\xc8e\xd2\xef`\xbd_\xadV\x8d:\xe2\x22\
h\x18[\xa0\x5c.\xf1tF\xf5n\x9dR\xf3/\xf1\
x<[#n\x00z\x22\x80\xb0\x15+\x17v`\x08\
\xd7q\x91\xacz0\x10\x0c+\xe5\x8a?\x5c]\x8d\x00\
\x99DBd\x1fS4\x12\x19\xc9\xff\xeb\xd0\x02\x01\x7f\
\xa3N\xf8\x98\xd1h\xfcI\xa1X\xa8\xc3\x0e<\xfe\xce\
~\xacw\xd5\x04\x86]X\x9e\xb0\x13C\x8c.\xaeN\
p>\xb0\xdfheeeM\xadQ\x7f\xc0j\xb3\x8e\
:\xe1\x22i8_oy%\x04P\x87\x82\xc5\x05\xfe\
\x9b,&\xf3}\xa1P(\x99\xcbg\xf1\xba\x8e\xf1\xf2\
\xb0[\xa0Fp;i,>\x0c\x8e\x8d\xcb\xb8R\x99\
\xcdL\xcd\xe3r9\xd5\x0a\xd5\xe7\x8e?wd\xcf\xf4\
\xd9\x09\xa0Uk\x9a\xf2\x8fi\xd4^\x1f\xf9\xf7\xf9\x96\
\xc0\xf4\xd4,\x9a\x07T\x7f\x14][\xdbh\xc3\x84\xad\
3\xb9\x01\xcdr\xb5]D51\x94i\xd8V\x06\x97\
\x96\x99\x17\x98}b&\xbe\x18\xcb~%\x97\xcfC\xb3\
\xd9\xfc\xfc\x0b\xcf?\xfb&\x9c\xef3j\x17\x8f\xfcc\
J\xa4\x13@&\x96\x80\xd9\xb9\xe9\xcb5\x1a\xcdg\x5c\
N\xe7\xcf\xfd~\xbf,\x1c\x0ek\x91\x0di\x8d\xc77\
l\x88,\xd1h\xc4\x18\x0c\x06\xa5.\x97kJ\xab\xd1\
<\xb0(\x10\xbcO~\xf4!0{~\x1a\xccL\x9c\
\x1f=\xd0m\x22\xff\x18\xf7\x08c\x96ONN^\xa6\
\xd7\xeb\x1fJ\xa7\xd3d\x0egd\x9b\xaeUA\xcb5\
S\xe3\x0b\xbf\xe2z?d\xff\xb7\xca\xd4\xfcf\xde\xd7\
\x1b\xef;\x88\xd4\xbe\xa4\xca\xa5r\xdd\x1f\x08:T\x1a\
\xcd'D2)\xf0y\x96F\x9dp\x915\x85B\x0e\
\xcc\x0e\x13\x90\x22\xfd\xdda\xb7\x03\xbdFw\x89^\xab\
{\xbbF\xab\xbd^\xa3\xd1\xfe\xaaN\xa7\xfd\xa0N\xab\
\xfb\x15\x83\xde\xf0~\xb3\xd9\xf2N\x9b\xd5v\xc5\x9d\x07\
\xef\xe4i\xd0\x18S)T\xc0\xa8\x1f\xf9z\xb7[\xd3\
\x1a\xb4@\x8c\xfaS$\x92^c4\x18\x1e^__\
_\xc38\xf5\xd9l\xa6\x8e)\x93\xd9\xc4\xaf\x10\x1d\xab\
!\x82\xd9\x5c\x16\xbfG\xc73\x84\xc8\xb1l\x96\xca\xd0\
\xe70\x9f35\xc4\x83\x98\xd0\xe7j\x22\x9eX\xb7Z\
\xacR\xbd\xde\xf8\xdb\x1e\x9b}\x97\xd3\xe6\x00>\xafo\
\xf4\xf0/\xe2f3Y\x08\xd6\xd6KG\x8e\x83\xc3\xcf\
?\x0fdr\x05\xf1\xe7\x9c9u\x0e\x1cy\xfe\x08\xf8\
\xd8\x87~\x0fdJ\x9b\xc0\xef\x0f =\xd3?z`\
\xdb\xb4)\xe5*\xf0\xc8\xa3?$\xfbp\xe7&\xce\x5c\
*\x12\x89>\xc5\xe7\xf3\xbf\xb5(\x12\xdd#\x95\xca\xfe\
[(\x14\xfdP\x22\x95<,\x95\xca\xff[\x22\x95?\
(\x91\xc9\x1e\x12K\xa5\x8f\xa1\xf3\x1e\x17\x89\xc5\x8f\x89\
\xc5\x92\x87\xd1\xfc\xf1\x08z\xff\xa8T&C\xe7I\x1e\
\x94H$\xf7\x0b\x85\xe2\xff^\x14\x8a\xee\x97J\xa5\xdf\
3\x1aL\x9f\x91\xcb\xe4\xd7.\xfb6\x80\xc9hD4\
Z\x07.\xf6\xb6\xe2\x0f\x81\xe5`\x08\x84\x96\x83\xf4k\
0\x88\xde/\x93\xbd%\x9c\xdf\xbf\x8a\x08\xbf\xfa}>\
\x82\xd39j\xdb\xb7\xcd\xcd\xf3\x81Z\xab\x00J\x8d\x02\
\x08\x04|055\x0d\xe6\xd1\xeb\xf1S'\xc1\xc6Z\
l\xf7\xe6zr\x8c*\x16w!}~W-[\x1c\
Km\xc4w\xa3\xf7c\xf8s\x0b5>\xf3\x18\x02\xdf\
\xfe\xee]\xe0\xee\xef\xdd\x0b4j-\xc1O\xc5m\xc9\
7\xd2\xfb\xdf\x08\xf2\x8fe\xbe\x95\xde(\xadk\xafL\
: 2^Z\x1f\xb5Q\x1b\xb5Q{9-=,\
\x1f\x8c\xb5~\xaa\x81=\xed\xecZ'\x7f\xac\x93\xcfk\
\xfdXj\xff\x88\xf9\xa0/\xbf4\x98\x7f\xb0\xf7\xe9\xf5\
\xba\xa8\x8b\x7f\xb0\xfd\xf6\xba\xf8\xe3\xaf2\x7fO'\xbf\
\xe3v:\x9eg\x17\xbf\xe3yv\xf1\xdb.\xa0\xf3\xfb\
:\xf9\xc1\x0e~\xbd\x83/\xea\xe4\x8b\xda\xf9\x87X\xf8\
\xa0\x9d\xdfo\xe9\x83\x03\x96\xc6\xda\xcb\xe4\x97X\xf9[\
\x1d\x92\xbe \xfe\x81\xd7\x99\x7f\xf0\x15\xe3\x0fz\xfe\x83\
\xf8\xac\xfd;\xd6\xce\xbf\x12\x1d\xba\xf4\xedcWc\xd6\
\x95\xef\x01\xed\x02\x80\x86\xcb\x957v\xf0[\xc7W\xba\
C^J\x03\xc6'\x0b\xbfK>\x0e\x0e\xe0\xd7\x87\xe0\
\xd7\x87\xe7\xb7\xcbK\xb0\x8b?>,\xff\xe0p\xfc\xe6\
\xe8\xfa/\xf6\xf9\x93\x95/\xed\x9a\x7f\x0f\xd17\x82\x0f\
\xd4\xb6&%\xd8|\xc7\xdc8\x9e\x90['\xb1\xe6\xe5\
1\x1d\x81\xf9\xad\x9drh\x7f\x07\xff_\x00\xbe\x87&\
?\xd8\xc2\xc7WZ\xfa\xf7\x1b\xdb\xf8\xe9z\x07\xff`\
\xbd\x8d_\xef\xe03\xcf\x88\x95?>\x80\xbf\xa7e\x90\
\xbc\x1e\xfc\xb1\x1e\x83\xb4\xc1\xe7m\xf1y}\xf8i0\
\x98?6\x80\xbf\xa7\x8b\x7f\x883\xbf\xc6\xfa\xfd]\xfc\
\x10\xd8\xbb5\xed\x1f\xc4\x9d\xc2\xdb\x92\xb91\xf2\x07[\
\x83\xfe@K\xa7\xd1|\xd8:\x88\xba\xf8{\xda\xf8\x22\
t~\xba\xf99M\x86\x02\x1b\xff@\x07\x7f\x7f\x8bl\
\xb0\xf1\xc7\x9b\x93*\xafe\xa6J\x93\xbf\x84\xcd\xa7D\
&\xdd\x16~\x89\xfef\xd08\xa1\x93\x9f\xee\xe0\xd7Z\
\xf8if\xf8\x8e\xb7\xf0\xc9\xa2x\x80\x95?\xd6\xce\xdf\
j\x0c\x9f\x17B\xfd \xea\xcd\x07\xd7\xd1_\xd7\xc5g\
\xae\x0fw\x19\xc3\xafu\xf0a?>\xaf\xb1\x14\x8d5\
\xf9\xb0?\xbf}\xe9\x1ak.ec\xcd\xeb8\xd4\xb1\
d\xd1\x9f\xc7\x9a\xdf\xd3\xc9\xa7\xd7\xd2\xb1Z/~\xbd\
\x95?NKe\x1b\x9f\x5c\xd8X\xba?\x9f\xd7\x5c\xa2\
[\xf9{:\x95\x9d\x01\xfc\xcb\xd8\xf8[\xda\x00\xaf1\
k\xf4\xe0\x8f\xb1\xf3k-\xbd\xdd\x97\xbf\xbfy;\xad\
\x07\xb6\x12\xf8\xba\xf8\x07\xda\xf8c\xf5N\xfe\xc16u\
o\xcf\x00\xfe\xfe.\xdd\xa7]]\xd9\xdf\xa5;\xf6\xe2\
c\xa5\xe4S-\xfcR\xcb\xd9D\xa0\xef9\xb0\xa7u\
\xf6\xad\xb5\xe8?\x0d\x81o\xe5C\xb0\xb5\xacp\xe17\
\xc6%\x1b\xbf\xfez\xf1\xf7\xb4\xaf\x00\x87:\xef\xbf\x85\
\x0f:L\x84t\xab~\xc8\xfca\xeb\xec/\x02]\xcb\
\x1al\xd5\xe8D\xa0}Y\xeb\xe4\x1fj\xed\xcd\x9e\xfc\
\x83\xad\xcbb\xeb\xbc\xdd\xc5\x07\xcd\xd9\xb7{|\x91\x9b\
a\xe5\x8f\xd7[\xe6\xfd`\x0b?=\x14\xbft\xa1\xfc\
=[W\xb3\x9f\xf0\x0f\x0c\xc7\x1f\xdb\xe2\x8f\xb3\xf1y\
\x9d\xfc\xd6\xdf\xffx\xb3\x03j\xe4\xa7:\xf9\xbf5\x80\
_\xeb\xe0\x8bZ\xf8\xf8\x00l\x9bn\xf6\x90.;\xc0\
\xca\x87\x0d\xfeX\xcb\xe8\x1d\xaf\xb5\xff}\x09\x0c\xe6\xef\
\xe1\xc8'\x0f\xa4\xf6\x9e.\xfe8;\x9f\xdc\xda\xc7;\
\xfe\xbe\xde\x9fO\xaf\x8f{\xb6\xf4\xd2\x0e\xfe\x18'\xfe\
X;\x7f\xbc\xcd8\xd92a:\xf9A\x16\xfe\xdb[\
\xf8\xa2\xe6\xfa{\xb0\x0f?\xd4\xc5\xdf?\x80\x7f\xa0\x8b\
\xbf\xa5X]\xd6j;4'\xac\xfd\x9c\xf8%\x86\xcf\
\xdcM\xc3$h\xe3o\xcd'\xc1\x1b\x99\xd3\x9b\x22\x80\
\xfbkoC\x1c:L\xe5\xfd[\x87x]\xcbU\xa3\
O\xfa\xf0\xc7:\xff^\xd4\xce\xe7q\xe7\x8f\xb1\xf1\x01\
\x07~C%z\x95\xf9{^\xb5\xef\x17\xbdL~\xb0\
E9\xb9\x10~\xa9\x85\x9f\x1e\xc0\xaf\xf5\xe4\x1f\xec5\
\xbez\xf3\xf7\xdf]\xef\xe4\xb3\xf9\x1fjl\xfc\xfd\x03\
\xf8\xe3\x9d\xee\xa1\xfak\xcb?0$\x9f\xd7\xdb\xff\xc2\
\x89?\xd6\xc7\x7f\x03@\xb7\x7f\x8a7\x04\xffP\x87\xbb\
\xaa\x93/\xe2\xc0\xdf_\xef\xed_f\xe3\x1f\xec\xc7\x87\
\xed\x8f3\xdd\xc9\xaf\x8b\xc6:\xf9\x07\xfa\xf0K]\x9e\
\x8b&\xff\xff\x03\xa7\x22S`\
"

qt_resource_name = b"\
\x00\x08\
\x06WB?\
\x00f\
\x00o\x00n\x00t\x00.\x00i\x00c\x00o\
"

qt_resource_struct = b"\
\x00\x00\x00\x00\x00\x02\x00\x00\x00\x01\x00\x00\x00\x01\
\x00\x00\x00\x00\x00\x00\x00\x00\
\x00\x00\x00\x00\x00\x01\x00\x00\x00\x01\x00\x00\x00\x00\
\x00\x00\x01\x98Y3w\xc3\
"

def qInitResources():
    QtCore.qRegisterResourceData(0x03, qt_resource_struct, qt_resource_name, qt_resource_data)

def qCleanupResources():
    QtCore.qUnregisterResourceData(0x03, qt_resource_struct, qt_resource_name, qt_resource_data)

qInitResources()
