# Resource object code (Python 3)
# Created by: object code
# Created by: The Resource Compiler for Qt version 6.6.3
# WARNING! All changes made in this file will be lost!

from PySide6 import QtCore

qt_resource_data = b"\
\x00\x00\x9b\x17\
\x00\
\x04\x17\xfex\xda\xec\xbd\x07`$Yy.zZ\xb3\
\x81\x9cM\xdc\x84\x0d\x18_c\xb8\xc6\x11Lr \x07\
\x1b\xfbb\xbf\xeb\x84\x01??lv\x17\x8c\x0d\xc6,\
`\xd6\x80\x09&\x1a\x96ea\xf3\xee\xec\xecdI\xa3\
\x9cs\x07\xb5Z\xb9\x83\xb2:\xe7 u\xee\xaa\xbf\xde\
9U\xdd\xad\x0euN\x9dj\x8df\x19P\xc1\xd9\x91\
Z\x1d\xaa\xab\xce\xf7\x87\xefO\x08\x19\xf0\xff\x10 \xfc\
\xdf[P\xf0\x05\xd7\xa0\xe7#\x84^\x89\x17yX0\
(\x8f\xcbG\xfe\x04z\xeeS\x91\xbc\x8e\x8f'\xe6X\
s\xb9\xeaV\xe5\xf0{\xddu\xab\xf6\xf0z\xbd\xc8\xeb\
\xf3\x1a|>7\xf2\x05\xa3\xc8\xe7\x0f\xe0\x9f}\xc8\xef\
\xf3\x1b\x82\x81\x80!\x14\x08\x1a\xfc\x01\x9f!\xe0\xf3\xb5\
\x05}\xfe6\xbf\xdfg\x08\x85\x02\x86X,f\x90$\
\x09\x95\x97\xa1\xbc\xd0{\xde\xf0\xbb\xf2c\xe4\xc0\xff\xb6\
\x95\x97\xa1\xfc\xbb\xfcx6\x9bm\x8b\xc7\x13\xd7D\x22\
\x91\xb6@ \xd8\x16\x8dF\x0d\xb1h\x14\x85\xc3!D\
>/\x80?\xdb\x87\xcf)\xe0\xf7\xe2\xf3p\xa3@0\
\x84\xcf\xd3\xd7\x86\x97!\xe8\xc1\xe7\x16\xc0\xcb\xefC>\
\xaf\x07\xb9\xdd\xbb\x86\xed\x9d\x1dD\x96\xc7\xe3E>\xb7\
[^\xc7\xc7\xf1q\x8c\xfff\xfc\xfb\xfc~\x8c\x9f \
\xc2\x18\x931\x14\x0a\x05Q0\xe0o\x0bb\x1c\x12,\
\xfa\x03\x81\x13\x01\xfc;\xfe\xd7\x90L$\xdbj1\xfe\
\xfc\x97<\x07=\xfe\xf8)\xd4q\xf1\x92\xfc\x18\x94\xf6\
N\xac\xaf;\xae\x9b\x99\x99~\xfa\xc8\xe8\xc8s'F\
\xc7_4=1\xf6\xf2\xf1\xb1\xa1W\x0c\x0d\xf5\xbfj\
`p\xe0U}\xfd\x03\xbf<<2\xfc\xb2\xb1\x91\x91\
\x9b\xc6\xc7\xc6\x9f?><\xfc\xcc\xf1\xb1\xd1\xa7\xce\xce\
\xcd>)\x97I\xb7\xdd\xf1\xb9/\xa2\xff\xef\xa3\xff\x88\
\xda\xdb\xdb\xd1\xb9\x0b\x17\xd1\x07\xff\xfa#\xf2{\xf7w\
\xf7\xca\xff\x86C!C(\x18\xaa\x9c\x9f\xc1\xef\xf3\xc9\
\xf2\x88\x9c\xfb\xee\xf6:\xf2z\xdc\x86L*\x8d\xec\x1b\
\x9ec\xfc\x1f\x1f\xc7G\xf9\x08\x06\x03\xd5\xe5\xf3\xec`\
=\xeaQd@0(\xe3\x9f\xe8\xf6h4\xd2V\xd1\
\xdd\xa5R\xd1\xb0\xb2\xba\xd2\xd6\xdd\xddu\xe2\x91\x87\x1e\
\xba\xe6\xf4c\xa7\xae\xb5\xceZ\x9ec6\x99_6>\
:\xfa\xfb\x03\xfd}\x7f3\xd0\xd7\xfbo\x18\xcb_\x1a\
\x1f\x1d\xff\xce\xc4\xd8\xf8\x8fM3\xa6\x87\xe6\xe7\xe6\x1f\
s\xae:\xcen\xb86;\xd6\xd6\xd6\xfav\xb6\xb7\xa7\
|>\xff\x0c\xb6#f}\xbe\xc0\xac\xdf\xef7bY\
2\x85?s$\x1c\x09w\x05B\xa1\x8b;;\xee\xb3\
.\x97\xf3\xa4mn\xee\x81\xf1\xf1\xf1\x1f\x9d;{\xee\
\xdb\x9d\x9d\x1d_\xea\xee\xeb\xfb\x97\x91\xa1\xd1\xbf\x9e\x9e\
\x9c\xfe\x9d\xf99\xdb\xcd\xf3\xf3\xb6\xa7\xe3\xc7\xaf=\x7f\
\xfe\xfc5}\xbd}'lV\x9b\xe1\x9e\xbb\x7f$\x7f\
\xbf\xbb\x7fx\x17*\x96\x00\xdb\x22al'\x04\x10Y\
^b\x1bx\xbd\x06?\xb6\x0bd\xb9\xe7Wd\xdc\xa6\
s\x15y\xdc\xbb\xf2:>\x8e\x8f\x9f7\xfc\x07=\x01\
\x14\x09Ed\x1b\xfc]oy\x07\xbap\xf6<\xb2\xdb\
\x97\xd1=w\xdfs\xddC\x0f>\xf8\xac\x9e\xae\x9e\x9b\
f-\xd6W\xcd\xcd\xcd\xbfkbb\xecK\xfd}}\
]=]\xdd\x93\xf3\xb69k$\x1c^\xdd\xdb\xdbs\
\xef\xa7\xf7#\xf8\xdf,^E\xbc\xa4T*%\x91\x7f\
\xd3\xe9\xb4\x94\xcbf\xa5|./\xe5\xf3y\xa9X(\
@\xa9$\x88\x82 J\xca\x12\xe4U\x12\x04 \xabX\
*I\x85BA\xca\xe5\xb2\xf2k\xc9\xfb`_\x02\x12\
\x89D1\x99JeS{{1,/\xb6\x1d\x0e\x87\
\xdd\x82\x8f\xe1\xe1\xa1\xf1\xbe\xbe\xbe\x0b\x93\xe3\x93w.\
\xcd/\xbd{fj\xe6\x97\xcf\x9d9\xf7\xc2\xd3\x8f\x9f\
z\xf6O~\xfc\x93'\x07\xc3>40\xd0\x8f\x1e?\
uR\xb6Q\x92\x89\x04YU\xfc\x07\x02X\xfea_\
\x02\xfb8\xc4\xcf9\xde\x18\xc7\xc7\xcf\xfcAl|b\
;\x9bF\x8chph\x08\xf5\xf5\xf7\xa0s\xe7\xce\xa1\
\x9eK\x9dO>\xfb\xf8\x99\x97uu^z\xdd\xe2\xc2\
\xe2\xfb\x5cN\xe7\x1d6\x9b\xad\xc7:k\xf5\xae\xb9\xd6\
\x13\x91pl?\x93\xc9\x140\x8eE\xb2\x8a\xc5\x22\x88\
\xa2\x08 \x81\x80\xdf\xaf\xbc@T\x96T*/\xf2\xb8\
X^P\xfe\xbd\x84_#\xe2E\x0e\xf9\x0d\xc8\xdf\xa0\
\xfa\x1eM\xaf\xab\xfcN\x9e\x83?R\x94JXN\xe0\
\xcf\x17\xb1\xac\x10\xf0*e\xb3\xb9|8\x14\xde_^\
Z\x8e\xe3\xf3\xdd]\x5c\x98\x1f[Z\x5c\xfc\xe6\xac\xd9\
\xf2g\x97.u\xbe\xb1\xe3\xe2\x85W\xb7\xb7_|\xf6\
\xe9{\x1fFX\x9e\xa1\xe1\xa1a\xb4\xba\xb2\x82\x08\x97\
\x81\xaf\x87\xc1\x17\xf0#\xb2\x8e\x8f\xe3\xe3j8<\xdb\
\xbbu\xab\xf6\x08\x07#(\x1c\x0e\xa3H4\x88\xe2\xc9\
\x18\xc2:\x14\x15\x0aE\xf9o\xd3SS\xa8\xbf\xb7\x1b\
\x8d\x8f\x0e\xa1\x99\x91i\xc3\xc0\xd0\xe0/vuw\xbe\
\x7fbr\xf2\xf6\xf5\xb5\x8d\xefnnl\xce\xac\xaf\xad\
G\x82\xc1`\x9e\xe0\x0a\xe3S\xc61\x06\x9e@\xb0\x8a\
\x0fAY\x82\xfc3~L X&P\x96\x97\xf2\x1f\
\x05\xb7\x04\xd5\xf5\x07(\x10\xae\xfe\x0ae\x99\x00p\xb0\
\xc4\x9a\xc7\xcb\xaf\xa9\xca\x8e\xf2s\x88\xd8\x90\xe5A\x11\
\xff^$\xb2\x01*\x0b\x9f\x0f\x16I%|z\xa5|\
.'`|\x97\xd6\xd6\x5c\x99\xf5\xf5u'\xfe^\x0f\
NML}\xae\xb3\xbd\xf3\x83\xd8_x\xcd\xfc\xfc\xc2\
\x89\xce\xb3g\xd1p\x7f?Z\xb4\xce\xa1\x92 \xa1\x8d\
\xb5\x0d|\xdd\xa2\x08\xfb\x0d\xc8\x8b}\x03\x0f\xf6\x15\xbc\
\xd8/\xf0\xe1\xb5\xeb\xf1\x22\xb7\xc7\x83v\xddny\x1d\
\x1f\xc7\xc7\x95<\xb6v6\xab\xab\x16\xfb>\xb7W\xd6\
\xe7_\xfdZ;\x0a`}F|]\x8c\xff\xb6t&\
\xd9\xf6\xd1\x7f\xb8U\xb6{\xbf\xff\xfd\xef\xb5=\xfc\xd0\
\xfd\xd7NMN\xbd`h\xa0\xef\xffNO\x8e\xdf\xed\
u{\x1eK%\x92\x93a\xbc\xd9\xf1!\xa6\xd3\x19\x05\
\xbd\x07zZ\xd6\xe7D\xbf+\xc0\xae=d\x1c\xd6b\
\x15\x0e~\xae\xc5\xaf\x0c\xd9\x0a\xeaE\xa8\xc7u\xe3\x92\
4~ox\x9c\x9c\x9b\x22\x1bd\x1b\xe2\xe0$\xcbv\
\xc8\x81\x0dA^D\xfc\x10\xfc]%l\xf7g#\xe1\
\xc8\xbc\xd3n?;92r\xef\xd8\xd0\xd0\x07\xe7,\
\x96\x97\x9c:\xfd\xd8\xb5\xff\xfd\xf5o\x18\x1ey\xe0^\
\xf4\x89[?\x8a\xe2\xa9\xa4\xc1\xe3\xc5\xbe\x81\xc7\xddF\
\xf0\x8f\x7f&\xf87\xc8\xf8\xdf\xddUb#\xdec\x9f\
\xe1\xf8\xb8\xd2\xf8\xdf q-\xe4#|\xb6\xc7k\x08\
\xfa\x82\x88\xf0\xde>\xe2\xc3n\xee\xa2\x07\x1f\xbc\x1f\x9d\
>{\x06\xdds\xdfON\x9c<\xf9\xd8s''&\
~mjj\xf2\x1f\xc6\xc7F\xba\x96WVWc\xb1\
hd?\xbd'\xfb\xd9 \xc3D\xc1\xa6T\xd1\xad\xd2\
\x81\x96.\xff\xdc\x80\xe9\x83\xbf\xd5\xe8s\xa8\x87g-\
\xfe+R\x80\x8a\xef\xc6\x1f\x9b-\x07\xf5\xa3\xe6mU\
L\x8d\xcaS\xa0\xf9\x0f\xe4{\x13\x8ea\x7foOJ\
&\x12\xf1U\xfb\xb2ktl\xb8\xdf8=\xfd\xf7c\
#\xc3\xaf8\xf3\xf8\xa9\xe7\x0d\xf6\x0e\xb4\xdd\xf1\xe9\xcf\
\xcb\xf23\x1c\x09\x92\xeb\xdb\xe6\xc5\x0b\xdb\x04D.\xa0\
\xc81\xfe\x8f\x8f+\x8c\x7f\xeb\xe24R\xb8*\x1f\xc2\
F:\xd1\xf7\x18\xff\x81\xb6p0\xd864<\x8c\xce\
\x9d:\x8b:;/>\xebB{\xfb\xeb\xac\xd6\xb9\x8f\
\xd9\xe6\xe7\xfb\x1d\x0e{8\x11O\xe4J\xc5BI(\
\x95\x14\xed-U\xb4\xa6\xa2\x92kA\x02t\x8c\x02\x03\
\x9bp`\xa2\xab\xbe\x06T\x00\xca\x03x\xa0\xfc\xacu\
>\xb4\xe7@\x8d\xbc#>\x0a\xf1_\x04A(I\x85\
|^\x8a\x84\xc3\xf9\x95\xe5\xa5\xc4\xe2\xbcmjqq\
\xf1\xd6\xb1\x91\xb1\xb7\x8d\x8f\x8d\xdf8>:\x86F\xf0\
\xf5\x0dE\xc2r\x9e\x01\xc6\xbda\xca4/\xe3\xdfW\
^\xc7\xc7\xf1q\xd4\xf8'\xb8\xc7\xcb\xe0\xc1\xff\xc6\xb0\
\x8f\x8fW\xdb]?\xba[\xce\xa5\x19\x1c\x1a\xfa\x95\x91\
\xa1\xe1[\x1d\xab\xf6\x07\xd6\xd6\xd7\xbc\xd8\xa6\x170\xe0\
\x09\xbf&\xca\xfe\xb2\xcc\xb5\x89\xb5\xfet\x0dnUq\
\xc2\xc0\x1e\xd0\xf0\xa8\x05i\x8a\xeeo\xe4\x06\xea\xf4;\
p\xca\x07\x0d1\xa0\xe2K\x94\xc9\x84Z\x0a\x82\x08\xc5\
b\xa9$\x12\x9fhkskom}\xbd\xd7b6\
\x7ffb|\xfcM\xee\xed\xadk\xef\xfa\x9f\x1f\xa2p\
$L\xf2\x22\x0c\xb5\xf8\xf7x\xdc\xd8?\xd8\xad\xae\xe3\
\xe3\xf8\xb8\x1c\x07\x89Q\x91\xe5\xf7)\xbc\xfd\xc4\xd8\x18\
\x1a\x1e\x1a!\xba\xbem\xd68\xfb\x8c\xd1\xb1\xd1\xf7\x0c\
\x8f\x0e\xdf\xbf\xbd\xbdm\xc5\xae|>\x93NK\x07\xbc\
\xb9\xcc\xd1\x11\xe0\x97\xdd\xf6\x0a\x9fv`:\x03\x05E\
\xa0\xad`A\xfbwU\xe8\x02\xe5\xed\xa1E\x5c\xd7\x91\
\x89\x8c\x97\x82\x8aoR\xeb(\x88\x84*(_'\xb1\
\x12\xa7\xc8\xe6rR,\x1a\x03\x9f\xd7\xbf\xb1\xb8\xb0t\
\xc6h4\xff\x1f\xb3\xc9\xfc\x8c\x07\x1fz\xe0\xc4\x7f}\
\xf9\xbf\xe4{\xb2\xb6\xb6\x8eB~\xef1\xfe\x8f\x8f\x96\
\x8e\xb2//\xaf\x00\xb1\xeb\xc9\x22\xb8'yl;;\
x\x8f\x15\xd0\xbd?\xb9\x0f\xf5u\xf7\xa2{\x7f\xfc\xa3\
\xeb\xbb/\xf5\xdcb1\xcf~lyq\xd9\x18\x0e\x85\
C\xfb\xfb{@\xe2q\xd5\xb8\x9b\xa2\xef\x89~\x13+\
\xa4^\x03\x97^\xab\xfb%\xa0`\x06j\xbdvUh\
\x81\x16`\x1b\xdc~*\x9f\xa7C\xech=\x17\xb4^\
#6|\xfd\x9a\xc7\xcb2\xa1J[TyD\x81\xe4\
)d\xb3Y)\x14\x8a\xc4\x96\x16\x97\xad\xc3CC\x9f\
\xbep\xfe\xfc/\xfe\xe0\xae\xbb\xaf\xef\xeehG\xdf\xf9\
\xd6w\xd0\xfa\xc6\x1aJ'\xd2\x0a7\xe8\xf1 7\xe1\
\x0c\xe5\xe5\x91\xd7\xf1q|\xb0\xf0\x1f\xc46}  \
\xe3\xdf\x80\xf1o\xc06\xa5\xa1\x7f`P\xcea\xf9\xf1\
=?y.\xc6\xff;\x9cv\xe7\x9d\xab++\x1b\xd8\
>-\x0a\xb2}\x0frl\x0eD\x81\xf0\xde\x02\xd4\xc7\
\xdb\xa1\x06\xc6\x0dx\x01\xe0\xc310\xc85&\xbeY\
>:\xcb\xae\x07\xbd\xb6@\xbd\x14\x03=\xf2\xe3\xe0\x5c\
\xeab\x14\xd5\xef\x22V\x9c\x82Jx\x01_h\x22k\
\xc5` P\xb2\xd9l;\xf3\xb6\xb9/\xf7w_z\
kOw\xcf\xb3\xfa{\x94\xdcg\x8f\xc7\xd3\xe6\xde\xde\
Qb\x86\xc7\xf8?>\x1a\x0e\x8f\xdbS\xb7|^\x9f\
\xcc\xe1\x13\xcc\x93\x5c\xf6`0\xd8\x96L&\x0d\x9f\xb9\
\xe3\xf3\xa8\xbb\xb7\xef\xf9\x18\xff\x1fq:\x9c\x8foo\
ne\xd3\xfb\xe9\x0a\xf4\xc4\x0a9\xaf\x8e\x19\xd0\xb2\xbf\
\x1b\x1f\xa0\xf8\xff\xea\xef\x03Z| 4\xbf-\xd4\xf8\
\xf4M\xfc=\xb0\xe4\x0d\x1c\xc2\xf7W\x0b\x1b\xa8\xdb\x1e\
\xcd\xe7\x03jVP\x8dl\x10\xc5d2!mon\
\xec\xad,\xcc?\xd2s\xa9\xfdo\xc6F\xc7\x9eOb\
\x06\xfe`\xc0\xe0\xf5\xfb\x0c\x1e|o\x09\xf6w\xbd\xc7\
9\x03\xc7\x87:\xfee\xff\xde\xefo\xdb\xdfO\xcb9\
\xf7\x0f\xdd\x7f\xff\x89\xc1\xc1\xc1\x17\x8c\x8c\x8c|r\xdd\
\xe9\x1a\x8eF\x22{9\xec\x87\x96\xf5\x94\x88u\x90X\
v\xe7\xa1\xc1\xd7\x06\x0a\xe7\xa5\xa6vYv3#&\
\x0f@\xd3\xa1\x1a\x1c_\xe3yB\xbd\xe8\x01=\xe1\x01\
P\xe1.A\x87\x88\x00\x0d^\x12\xb4]\x8ej\xfe\x83\
lk\xa5\xf7RR\xd0\xefK,-.t\x1b\x8d3\
\xef\xed\x1d\x18z\xcaO\x1e<\x87&\xc6\xc6\x91ej\
\x16\x0dt\xf5\xcb5H\x95u|\x1c\xe3\x9f\xac\xed\xad\
-d\xb3Y\x11\xb6\x1f\xd1\xff}\xf7\x1f\x18:.^\
\xbcir|\xe2\x13K\x8bK\x8b\xf1x<],\x14\
\xa4\x1a\xbfT$Z\xbf\x9c>+\xd6\x99\xbe\xc0\xc7\x93\
\xd5;\xe5@\xd1\x87\xb5\xb8j\x0e\xb3C\xbd.eq\
\xfbz\xe2\x81\x0d\xca\x178b\x8eM\xb6\x8a\x96\xb5\x03\
\x87\xb7!\xa0\x81K\xa9^?\xe2\x7f\xc9\xb5\x0e\xc1P\
8n\x9b_\xe8\x9a\xb5X\xdf>\xd0\xd7\xf7L\xe3\xac\
\x05-\xae,\xa1\xed\xed\x9dc\xfc\x1f\x1fU\xec\x9b\xcd\
&411\x86\xfa\xfa\x07PoO\xefM&\x93\xe5\
\x1f\x97\x96\x96\xac\xa1`\xb0P,\x95\xb0_/\x0aP\
\xd11P\xcey+G\xadj\xb1\xc7f\xe1\xa0\x91\xcd\
\x93\xa8t_K\x86v-V\x817d\x00\x12\x15\xeb\
\xa0\x07\x96@\x11}\xc0\xf6\x1bh~\x11\x0fw\xa0f\
\xbf\x1c\xf8;2\xe9\x8a\xed\xb3|.+z<\x9e4\
\xf6\xdbN\xce\x98\xcc\xefZXYx\xda\xa5\xceK\xe8\
B\x7f\x0f\xba\xf8\xf8\xb9c\x10\xfc\x1c\x1d^\xec\x03V\
\x96\xdd\xbe\x82\x16\x16l\xa8\xa7\xab\x0bMN\x8e\xa3\xf1\
\xf1\x91_\x18\x1f\x1f\xff\xe8\xf6\xf6\xeeP(\x1c!\xb0\
\x17\xf0\x16*\xe1-DV9\xbf^\xde\x9b\x95\xbc\xd6\
J\xaa\x9e\xc4\xa1[)\xb1vu\xbd^\xf7z\xa0\xe5\
\xfa\x81\x1a\xb2T\xe3\xf7\x1aX:\x04\xc7\xcfm\xcf\x83\
z\xac\x10\x80\x95\xc4\xa4\x22\xa7h<\xa7\xd8h\x0b\xc8\
\xc2Y\x14+\xf5\x11b:\x93\x91|>\x7fly\xd5\
\xf1@G{\xc7\x9bH\xae\x86y\xc6\x88\xef\x7f\x07\xfa\
\xc0\xdb\xdfAz\xaa\x10\xbe\x90\xf4*\x90\xeb\x0bvv\
\x8f\xeb\x0b\xae\xe6\xc3\xbd\xbb-/\x8fg\xb7\xba\xdcn\
\xaf\xbc\xb0]\x8f\xc6GG\xd0\xe8\xf0\x18:\xf5\xe8\xa3\
O\x1e\x1b\x19y\xb3\xc5d\xea\x09\xf8\xfc{\xc5\x22)\
e\x91\x08\xa1/\xcauu\x22\x08\x15n\xbf9\xc7\x9e\
\xc7\x86f\xf2\xe94\xfe\x9d\x22\x17@=\xfb\x97\x8e\x7f\
\xa0[&\xc0T\xc2:p\x0e\x5c\xe6\x81~\x1b\x1f\x9a\
\x05\x06H5%\x06\xcc:\x05\x12\x7f\x913\xad\x08;\
\x88o\x1f\x16\xde\xf2\xfd\xdcO\xa7%\xbb\xdd\xb9\xd9\xd7\
\xd7\xff\x9d\xde\xee\xae\x1b\xee\xbf\xe7\xae\x13\xbd\x9d\x1d\xe8\
\xb7^\xf4k\x18\xef\xbb\x18\xff\xbb2\xfe\xbf|\xc7\x0f\
\xd0\xaewW^\xc7\xc7U\x88\xff\xed-yy\xcay\
 \xe4\xdf\x8d\x0d\xfc\x98\xdbm\xe8\xeb\xedC\xdd\xed\xed\
\xd7L\x8c\x8f\xbfvjb\xe2\xb4\xd7\xed\x8e\xe4\xb3Y\
\x99\xcd;\xb0\xf1\xd5I7\x89A\xbe\xe9\xcd\x9b\xe7\xc8\
\xd1\xa3\xa9R\x005\x1a\x81\xc7E\xa0\x18\xfd\x1a'\x00\
*~\x03h;;\xd0\x82<\x81\xc3&\x196\xa6#\
5\xc9\xa1R\xa9(%\x92\xf1\x92\xcd:\xeb\x1c\x1d\x1e\
\xf8Tw\xc7\xc5\xe7\xff\xe3_\xbe\x13e\xf2\x856R\
g\xe4\xf6\xb8\x0dr\x8d!\xc1\xbf\xdbS]\xc7\xc7U\
\x84\x7f\xf7\x0eY\x06\x8c\xfb6\x22\xd3\x83\xe1\x10\xb2\xaf\
:\xd0\xfd\x0f\xde\x83\xda/\xb6\xbfhtd\xe4\xb3.\
\x97kk\x7f\x7f_*\x97\xbf7\xe6\xe8\xe8\xc50\x0f\
\xef\xa6'\x7f\xaf\xd1n\xae\xaa>\x15\xde\x1e4\xceI\
#\xff\x0f\x80\x0f\xb4\xa0\xa5\xd7\x81\x96\xcf\xa0_\xffS\
L#\xe0~?h\x10\xd7p`E\x88$f a\
9 z\xdc;\xc5y\xab\xf5R\xd7\x853\xef1\x8d\
\x0e<Y\xc9\x1b\xf0\xca\xf5\x05n\xaf\xdb\x80q_Y\
\xc7\xa0\xba\x9a\xf0\xef\xd9!\xcb@V4\x1c\x91\xfb^\
\x9a\x8c\xa6\xb6\x89\xa9\x89w,\xd8\xe6;\xbc\x1e\x0f\xe9\
_\xa1\xf0\xc5P\xce9S\xf2\xf2\x19\x94\x15\xb7_\x0d\
4\x8cq\xe4\xc3R\x08\xc3&\xa8\xd1|\x04\xb5\xcf\x04\
\x8e:!5,\xab\x9a\xe1\x1a\xbe\x00\xad\x96P\xa7\x0f\
\x00\x0c\xdb\x02$\x1d5Qjq\xcc\xca{\xc8y\x85\
\xfb{)\xd8p9C\x9333\xdf\xed\xe9\xed\x95[\
\xe7\xc6bq\x03\xe9\xafx\x8c\xff\xab\xf3\xf0a\xfb\x0d\
\xafj\xff\xdb\xee\xee\xee\x17\x8f\x8c\x0c\x7fi{{\xdb\
\x9dN\xa7\x19\xbe<\xb0\xea[A\xa7\xee\xe2\xb1\xed\xb5\
jt@\x95\xf9\xa2\xabk\xd0\xb0)\xa8\xe7\x00|\xf8\
\xd3\x8a\x03\x1c\xc6\xd7g\xe69\xea!%4b\x1e\x8d\
\xb5\x07\x02q\xfe\xa2\xb1Xqn\xcef\xec\xe9\xed~\
\xff\xd4\xd8\xd8\x93\xda\xcf_D>\xaf_Y\xbe\xe3\xbe\
DW\xd3q\xcf\x0f\xfe\x07\xfd\xf8\xae\xef\xa3\x8b\xed\x9d\
\xd7]\xb8p\xf1=F\xa3\xd1\x12\x0e\x87\xf7\xe5\x04\xf2\
r\xceH9\xaf\x1c\xe8<54\xe4\xc7\x010\xa2\xfc\
\xc0\xeb\xc7\xb6\xe0O\xf0\x1a%t[\x1f\xb4rx\xf8\
\x05\x9b\x86\xcd\x02\xa0[\xd7Sk\x04\xb5\xce\x198d\
\x1e-&\x09\xd58N9\xa6K\xec\x81|\xa1\x00\xeb\
\x1b\xebq\x93\xd1\xf8\xbd\x0bg\xce\xfd\xd2\xd93\xa7\xab\
=\xd1\xdd;\xc7\x5c\xe0O\xdb!\xf9\xefC\x01\xbfG\
^\xa4OT6\x97A\xcb\x8eU\xd4\xd9~\x01\x9d;\
\xf5\xd8\xcd\x16\x93\xe9\xf3v\xbb=\x9c\xcf\xe7\x0b\x22\x88\
yl\xe2\xcb\xf1\xbc\xfa\xbd\xca\xeb\xf7\x03p\xe8uZ\
\x0e\x8f\x08\xba\xfc\x05\x16\xf9\x0f\xf4\x5cch()\xe2\
\xcb\xe5\xe7\xc5\x0f%\xc7\x87+O\x88\x93\x03\x85V\xea\
\x92*\xf8\x05v\x8ecS\xcc@T\xf9]\x8e\xf7D\
\x22\x11aa~\xde4::\xf2\xfbx\xb3\xb4\x8d\x0c\
\x0c*5\x05x\x8f\x05\xbc\xa1\x0a\xbf$\xaf\xe3\xe3\x09\
\xc4\x7f\xf0\x01\x82}\x03^rO\x18\x92\xb7;53\
u\xdd\xa5\x8e\x8b\xef\x99\x9f\x9f\x1b\x8e\xc7c%\xb9\x9e\
T\xa9\xc1-\xf7\xa9\x02\xde\xb2Z\xd0\xd0\x9d:\xe8-\
h\xc5\xffm\xfd\x00\xee7\x84\xc3\x9c\x8cV\xf22\xdb\
\xa4\x97\xd4\xdc\x9bV\xe4\x88\xdexe\x03G\x02u?\
Wr\xbdHo\xa2\x8d\x8d\xf5\xad\xc9\xb1\xd1\x7f=\xff\
\xe8cO\xff\x93\xb7\xbc\x15\xf9\x83~\x83\xd7\xed\xaf\xf2\
\xcb\xc7\xf8\x7f\x82sz|^\xec\x9by\x0c\xb1HX\
\xf6\xf5\x1fy\xec\x91\xe7\xf6\xf4t\x7f\xd5\xe5t\xf83\
\xd9\xcc\xe5\x04\x1a\x87}\x0f<\xb9\xb8\x1c\xbc?\x80:\
\x9c@'\x17A5\x91E67\xa8\x16;\xe3\x8ea\
@+\xa6\x05P>\x1b\x98\xc4\xa0Z>4p\xe4\x17\
RC\xa0M\x97\x97\xc4\x0a\x83\x81@zrb\xfcd\
W\xd7\xa5\x9b\xc7'&e\x1d\xb3\xb3\xe36\x1c\xeb\xff\
'\xee\xf0{\xfd\xf2\xb2;\xed(W(\xb4\x91\xc7\xe4\
\xde;c#\xe7\xb1L(\x08B\x91\x16\xff\xd5\x11\x97\
\x02\x16\xef\xdc\xd4_\xb3\xa1\xf7&op\x9b\xd6\x83\x8f\
'?@\xc3>\xae\xcb\x09V\xa34\xa9\xf9y\xc0\xed\
\x13q\xf7\x1f\x02U\x16\xb3Y\xf61y\x90\xfa\xba\xc5\
\x03\xaa\x01\xd8\xd7\x11T\x08\xcd\xc62Hj.5\xc9\
\x22J\xed\xa5\xc02k1\x0d\x0f\x0c\xbe\xfd\x87\xdf\xfc\
\xe6\xb5\x0f\xdcsw5\xce||\x5c\xd9#@zm\
z\x032\xfe?\xfc\xa1\xbfD\xf7\xdc\xf5\x9d\x13}\xfd\
\xbd\xef\xb3-\xcc\x8f%\x92I\x92\xbb'(=\xb6@\
\xcd\xce\xe3\xf7EYU\xb5\xdc6%\xe3\xf3\x80\xe5\xd3\
r\xf7\xe1\xacy\x22h\xf5\xf3a\xf1\x15\xad\xda\xdc\xa0\
\x9fK\x04\xd0a\xb4\xf0\xc9\x1b\xd0\xa29\x80a\x884\
\x10\xba\x0d-\xd1+\xfd\x06H\x0f\xa2\x8d5\x97{\xa0\
\xaf\xe7\x93\xf7\xfd\xf0\xae\xeb{\xba:\x91\xdd\xbez\x0c\
\xc8+|\xc4\xc2q\x14\xf4\x85d>\xe6\xfc\xe9\xb3\xd7\
\xf5tw\xff\x8b\xcb\xb5\xb6\x9b\xce\xa4\xe59\x18\xb2\x9f\
\x0f\xf55)\xa0\xbfGMK\xb1\x7fh\xee\xefC\x7f\
\x0dp\xe2\x14\xb80\xc0\xe3\x1b\x80\x0e\x1b\x82\x15t\x80\
\x16\xed\x01\x8e0\xdf\xe5\xc8\xbb\xe0j\x94\xa4R\xdc\x0c\
j\xb6\x9ab\x00(\xb3\x16H\xee x=\xbb\xe9\xd1\
\xd1\x91o\xcf\xcc\xcc<sxx\x00MM\xcf\xa0\x91\
\xb11\xb4\xbb\xbd[]\xc7\xc7\xe5=\xc8\xdcY\xb2\x08\
\xe6\xcf\x9e?\x83:.\x5c@\x97::\x9e\xd1\xdb\xd5\
\xfdu\xaf\xc7\xb3\xa7\xd4\xe9)\xf31\xe0\xa0\xdf\xfcA\
/m\xf5\xa06\xad^\x1d8cS\x14\xfe\x1ex\xe3\
l@K4`|.\xc5\xf6\x00\x8d~\xc1\xa0'/\
\xa0\x95z!^\xdd\xafS\xd0\x02'\xff\xaf\x9a\xf3D\
o\xa8\x06\x94\xe6\x06\xa0\x8a\x7fy[\x09\x82(\xcfZ\
\x22-\x9e\xf0^\x14l\xb3\xd6{\x07\x06\xfao4N\
O\xa3\xceK]h{s\xfb\x18\xff\x97\xe9\xd8\xf5\xb8\
\xebV\x05\xff\xe4\xd8\xd8\xdcD\xfd\xfd}/\xb3\x98\x8c\
\xf7\x05\xfc>\xa1R\xedU\xf6\x09\x852\xe4E\xce8\
\x1d\xb4\xb0S\x81\xa1\x83ye\x063\xa3\x15\xa8z\x0d\
\xf4\xe4\xca\xd1\xb80\x06F\x80;A\xa9\xc5\xbc\xa6V\
$\x0bpp\x9a\xfc\x05\x10\x92&\xbdX\xffCY\x8b\
\x88\x07\xed[\xe5\x15\x8d\x84$\x9bm\xae{hd\xe4\
\xb7B\x81M422R\x8d\x11\x92\xf9n\xe4\xd8\xdc\
\xdc\xa8[\xc7G\x8b\xf8\x8f\x84\xd1\xae{G\xbe\xbe\x9d\
]\x9d\x7f\xb8\xb2\xb2<\xbc\x97J\x94+\xbc\x0e\xa0\x07\
\xfc\xbaF\xb3\x8f>-\x19\x96A\x98\x03\x8ds\x84\xd6\
\xfat\xf38,\xc0\x1c\xc1A\xf7Q\x9ak\x03\x81\x9e\
\xbc\xcfq\xbe \xb5\xc4\x05p55\xaf\xf4\x02\x96T\
\x1a\x89\x00En\xb1\xe25\xb4\x14%\x86\x8f\xa8Z\xe6\
\x00\x99LZ\x5c__7\xf7\xf7\xf7\xbc?\xe2\xf3\x19\
B\xc1(\xa9\x1bPz\xc4{\xbd\xc7\xf8?$\xfe\xdd\
\x1e\xa5\x06\xfbRg\x07\x92\x82\x12\xbat\xa9\xf3\x03N\
\xa7\xd3\x9e\xc9\x92\xfe{\xb2[\x06*\xc8\x07\xb6-\x0f\
\x1a\x1c\x13\xf0\xf8\xcc\x94\xdeuT\xde\x8f\x95\x17\xc7\xea\
uE\xfb.\xa0R\xe7\x06\xf5|?\xf0\xea}\x00\xed\
\xef\x08l_\x9b\x8f_\xd0_\x04\xa4\x99\x0f\xc8\xea\xb5\
\xa0\x11\x8b`\xc58\x80U\xcbP5\x0b\xc8\xee+\xe4\
s\xd2\xee\xce\xa6gpx\xe8\x1f\xed\xab\xcb\xd7\xf5\xf7\
\xf7\xcb\xd8'\xf3\xc9\x8e\xf1\xdfb|/\x1cD>l\
\xef\x07\x83\x01\xc3\xe7?\xff\xefh\xcc<r\xa2\xab\xab\
\xeb\x83.\xd7\x9a\xb7 \xf7\xe2\x92\x0e\xba\xe9k\xfb\xe3\
\x12\xe8\xc8\x7fi\xb8\xf1\xa2D\xad\xe7\x01^\xd9\xa0V\
F,j\xf0\xef*\xb3\xbc\x80\xd1S\x048\xfcy\xa0\
\x088\x00\x0e\xae\x9d\xd6\x97L<d^\x0e\xa3g\xa1\
Z+\xa2F{\xaaq\xb4\x99Z_\xe4\xa6\xe0/\xaf\
l\xd3\xe4B\xaa\xd1\x01Q\x80]\xf7nrtd\xf8\
\x9f/\xb6_\xb8~p`\x00\xf5\xf4\xf4Uq\xbf\xb1\
\xb1&\xf7\x1d\xab\xac\xe3C#\xc6\x17\x0a\x22\x7f0h\
\xd8\xdb\xdfo\xb3L\x99\xae\xef\xed\xee\xfa$\xb6\xb3\xe2\
\xe5\x9a=P\xe3px9m\x1dzG\x02zO\x9d\
&9\x03\xbc~~\xc3>\x04\x1d\xcf\xe5\xd0\xb7\x12g\
.\x0e\x8b7l\xa9\x0e\x1a\xe8\xf2Fg \x90G\x96\
\xd1\x9b\x93R\x949\xa5\xa1\x8a\xd4j\xbd\xd2A=q\
\x99~\x22?\xb8ww\xb3333\x9f\x9d\x9c\x18\x7f\
:\xe1\x03F\x86G\xe4\xfd\x5c\x8b\xfdc\xfcS\xe2z\
\xd1\x98\xbc\x12\xf18\x12\x0a\x82\xec\xeb\xaf\xae\xd8\xaf\xeb\
\xech\xff\xe4\xc6\xda\xda\xbe\x5c\xa6_\xe9\xf7\x0a\xea|\
/\xe8\xcfmW\xdb\x1a*\x893\xc0\xa3\xe3\x0f\xa3\xfb\
\xb4\xfch\x96\xde\x02`\xce\xf4\xd2\xb4I\xf4\xc8K\x1d\
>\x0cW\xbd\x94\xba]\x03\xaa\xb2Vl\xc0r\x8b\xb9\
\xcb\xc0q\xfd\xa9|Bs\xae\x07(\xdc\x84\xd2\x0d\x1a\
\xc4@\xc0\x9f\x1f\x19\x19\xfd\xf2\xe0\xc0\xe0\xb3\xc6F\xc7\
\xd0\xf4\xd4\xf41\xfe9\x8eh$\x8e\x22\xe18\xf2\xfb\
\xbc\x88\xf4\xe81\x1a\xe7\x9e48\xd0\xf7/\x1b\xebk\
q|YK\xd5\xbeO\xd5\x11\xf7\xa0\xe5_\x02\x00\xb5\
\x8d\x8d6v\xa1\xb9\xcb\x1e0}\x7f\xcd\xb8\xdaab\
\xdb\xecX\x02h\x92Vz\xe2\x91\xad\xce\xf8\x14\x0f\x17\
\x1b\xac\xfb\x925\xf9}\x9a<\x03+\xd8\x7f\x88Zd\
\xee\x88dM\xc3A\x81D\x08%\x8f\xd7\x9b\x9d1\x1a\
\xbf591\xf5\x0b\x13\x13\x13\xb2.\xdb\xd9\xd9=\xc6\
\xbf\xa6\xfe\x8f\x92\xfc\xea\xb6\xe9\xc9\x91\xeb\xfaz\x07>\
\xb5\xb9\xb9\x99!\xa3\xe4\x81Y\x17\xa6\x8f\xff\xe6K\xb5\
\x81\xcb\xbfu\xf4\xe5\xcb\xb42WWe\x83r\xf3\xf5\
\x97\xe3\x00\xfegh\x8d\x14\xd5L\xee\xe1\x08\xcd\xa8p\
v\x9aaV8D\xeeCE\xdd(\xd3!\xfc\x01\x7f\
v\xd66\xf7\x95\x99\xe9\x89g\xdd\x7f\xff\xddhs{\
\x0b\xfb\xb5!y\x1d\x1f\xe5\xbc\x9e`\xb0\xbaR\xc9\x04\
\xca\xe7\xb2\x86\xf5\x8d\x8dk\x06\x07\xfa?\x81\xf5~\xa6\
\xdc\xbe\x95V\xb3\x07\xad\x03\x0f\x80\x83\xdf\xd2\x0a \x83\
\x0e_\xfa\xb0\x1c\x99\xae<\x04\x15\xfe\x5c\xaf\x1f\xd2J\
\x0e\x03H\xfak\xf1y\xe5\x07\xf0\x9fo\x13_\x0a\x14\
\x19\x02:\xe2\x96\x0c?\xa2\xb9\xdf\x8b2\x1bF\x10\x82\
A_\xcej\x9b\xfb\x86\xc9dz\x86e\xd6\x22\xc7\xb4\
\x8e\xf1\xaf\x8a\x7f\x83{w\x17\xc5\xe3\xb1kz\xba{\
>\xb6\xb9\xb1\x99\x12\x94\xe8\x9e\xa8\xe4\xf4\x81\x1e_M\
+6\xd4\x8aM\xc9H#<\x14\x9f\xa4\xc5Ekq\
\x02z\xecw=u\xf5z\xea\x85\xb5\xf8\x09\xe9\x10r\
[+\xbe\x07\xbc\xbaYb\x07\xf7\xd5s'A\xa2\xa4\
#\xa8\xd9\x18u1!%7\x05\xff'\x14\x0a\xe7\xe6\
l\xb6/-.->\x8b\xcc\x9a \xbe\x80q\xc6x\
\x0c~9\xaf7\x8c\xd6\xd7\xd7\xe5k\xe2\xde\x89\xb4\xf5\
\xf7^\xfa\x07\xac\xf7c\x82 \xd6^P\x91\xb1\xbf.\
\xb3\x0d\xcbmG\x02%\xd9\x00\x80\x9f\x7fc\xc5\xc0@\
\xc3\xcf\x06\x0e\x1d\xd9\x8a/\x7f\xd8k\xaa\xa7^\x00t\
\xea}}6\x83v\xe5Ac\x01\xa0f\xc1\x10\xfd\x1e\
5\xd9\x1ar\x1ez%L\x15\x08\x04\xb2&\xe3\xcc\x17\
\x07\x07\x87\x9e\xd2\xdb\xdb\x8b~\xf9W^\x8a\xe6,s\
?\xf7\xf8O\xa6R\xe8\xd9\xcf|\x1az\xfd\xdb\xfe\xc8\
\xd0\xd9\xd1\xfe\xa1\xf5\xb5\xb5\xb0\xdc\xa2\x8bO\xa7Hl\
\x1e\x8e{\x16\x06\xd0\xf1\xa3\xba\x03D\x89^K\x00\x9c\
\xfb\x97\xa7\xc6\xed2\xcc\xc9\xe2\xc0:\x1c\xf6\xfd\x80\xab\
\x0f\x17h\xe7\xdb\xea\xbd6\xbc\xfc\x08h`_\xf5o\
\xc0\xa6 \xb4\xec\x9cZN@v`\xbd^Ond\
d\xf8_\xfe\xfb+_?q\xea\xb1Sr\xbe\xb0\x8f\
\xe4\x0a\x97\xd7\xcf\xcb\x11\x89D\xaa\xeb\xe2\xa5Nd^\
YF\x17.\x9c\xffcl\x1f\x050\xf6K\x95\x0e=\
@\xef\x8b\xa5j\x0f\x03\xdbV\xd6\xb8OM\x0e\x055\
\xbf\x0d\x1a\xf5\xef\x01\x8a\x0e\x1bG\xd7\xe3g\xf3\xea\xd1\
Vk \xb8\xf9zPo2\xd0\xd2{i]\x03\xd0\
\x7f\xbd8\xf2\x00y\xde\x0f\xf4\xf4#\x93\x19@\xa8\xe6\
G\x81\xa0\xf0\x01\x22`[7{\xa9\xf3\xd2?\x12{\
7\x9b\xcf\xfe<\xe3\xdf\x90H\xc4\xd1\xa5\xee.\xb2\xde\
\xb8\xbe\xbe\xb6X(\xe4\x8b\xf8\xc2\x95(\x9c\x1c\x1c>\
\xb4\xd3\xc4\x93\xd3\xee\xdd!\xb82\xee\xdc1=\xfb\xaf\
\xd5\xd8\xe1\xa1z{\xf1bL=\xdc\xa0\x12\xaf\x01\xca\
u<h\xe1q9\xee\xeb\xe1#2\x5c\x1c(\xb0\xec\
\x97JRe\xdd\xec\xf6rI\xba\xb4\xb6\xe6\x8a\xb7w\
t\xfc%\x91\x01\xa5B\x0ey\xdc\xbbd\xee<\x0a\xf8\
\x83?7>\xbf\x0f\x7f\xdf\xb3\xe7\xcf\xa1\xbe\xfe\xbe\x97\
\xdb\xed\xf6\xa1|>W\xc9\xa0\xe0\xa9\xdb;\xdc\x1d\x86\
\xc3\x04\xf8\x80\xc5%\x02g\xdf,\xb5\x5ct\xb1\x81\xe7\
\xd0\x909\xa0\x95;\xac\xde\x83@5\x8e\xa2\xd6\x07\xa7\
\x9a\xbaS\x1b{\xe1|/Qjz\x8d\x22\x12\xa0f\
\xc6J\xb5F\xfb`\x8ew\xf3,r\x8ez$f>\
\x12\xe8._d\xce9\xa8\xa7w@S\xce\xab\xe8\x16\
\x00\xa1T\x82\x8d\x8d\xf5\x8d\xee\xee\xaew\x1b-\x16\xb4\
\xb7\x9fn\xf3\xf9\xfc\x86\x9f\xf5\x1e\xe3\x91PH^\x7f\
\xfb7\x1f@\xa7\x1e\x7f\x1c=v\xe6\xc2\xb3\xa6\xa7g\
\x1e\x88\xc7\xe3\xf2\xa6\x11\xeb\xe3|z\xe3F\xb4y\xf6\
\xc0{kZ\xe4\xb3x\xe6|R\xf7&T\xfa\x90\x13\
\xbb\x07$b\xfb\x08R\xbd\x1c\x10T\x1e+\xe3\xa72\
\x8b\xb4\x0e;\x22\xe55\x94\xf7\x02e\xa6)T\xe7\x9a\
\x8a\x0d\x5cv\xe5q\xa1\xf9\xbd\xaa\xcf/\xaf\xea\xef$\
aC\xa8y\x1cj\xde\xe3\xe0\xf9\xe5\xc4\x0e\x15y\xdc\
Pc\x01\x92z\xad\x0e09Z\xa9\xb9\xb7/-F\
\xa86W\x94\x16\x18V\xcb\xc5\xe6\xe1?ji)(\
\xe4\xf3\xe0r\xad-\x0c\x0e\x0c\xbe\x8e\xd8\x01\x91p\xb4\
\xedgY\xff\x87\xb0\xce'z\x9f\xe0\xff\xc7?\xbe\x1b\
}\xf7{_#uR_\xf7z\xbd\x82T\x9e\xd5X\
\xe9\xdb\xa33\x15\x84#\xbf\xb7Iy\xeb\xa9K\x03\x1d\
\x8f\xe9\x99\x93[\xad\x15\x14E\x91\xcc\x22\x92H]S\
>\x9f\x97\xb2\xb9\xac\x94\xcdf\xa5L\x96\xfc\x9b\x93r\
\xb9\x9cT\xc8\xe3\xbf\xe1\xbf\x17\x8ay\xf9y\xf2*\x16\
\x0e~\xaeYE\xf2x\xb1(\xbf\x97\xfc:\xfco\x0e\
/\xf9\xf7\x82\xf2>\xf9|\xedk\x8a\xf2\xf3\xd5V\xb1\
\xf23\xe53\x94\xf7\xcbWW\xf59\xe5\xcf\xab]\xe4\
{\x90\xefE\xfe\xcda{\x8f\xbc\x1eTq\xd8\x0a\xef\
\xdb\xd2x\x10\x8d~\xe1\xba\xdd\x0cM\x0e\xa8*\xf3\xf1\
\x91Ng\xa4\xd5\xd5\xd5\xee\x91\xe1\x91\x9b-\x0b&\xb4\
\xb4\xbc\xf83\x8d\x7f\xb2\xa2\xd1\xa8\xe1\x0b\x9f\xfd\xfc\x89\
\xf3g\xcf~\xca\xe3\xde\xc9)\xbaGi\xd0]\xd6e\
<\x06x+\xbe.\xab\xceFo\x0d\xb0\x96\x1d\xc2\xc5\
E\x13l\x85C\xe1d(\x18:\x85m\xc0O'\x12\
\xc9\x7f\x8dF\xa2\xb7\x06\x83\x81\x7f\x0a\xf8\x03\x1f\xf5\xe1\
\x15\x0c\x86\xff)\x1c\x8e\xdc\x1a\x8f\xc6o\x8b%\xf0J\
\xc5nO$\x13\xb7&\xe2\x89[\x93\xa9\xc4m\xf1\x04\
^\xf1\xf8\xad\x89d\xf2v\xfc\xf3\xad\x89D\xe2c\xc9\
T\x92\xac\xdbb\xb1\xd8m\xf1X\xfc\xf6H4zk\
8\x1a\xf9\x18\xf9\x1d\xff\xfd\xf6x<y{,\x9e\xf8\
8\xfe\x19\xaf\xe4\xed\x89D\xea\xd6D*u[2\xb5\
w{2\x95\xba=\x91J~<\xb1\x97\xba\x0d?v\
kj/\x85?'E^w\x1b\xfe\xccO\xc4\x95\xd7\
\xdd\x96L\x92\xcfO\xde\xa6\xbcW\xec\xf6h<\xfaq\
\xbc\xc8\xb9\xdc\x9e$\x9f\x11\x8b\xdd\x1e\x8b\xc6n\x8b\xe2\
\x15\xc1\xdf\x89\x9c\x03\xbe\xff\xb7\xfb\x03\x81\x8fc=\x80\
\x7f\x0e}:\x1c\x89\xdc\xe5\xf5\xf9\xdc\xf8\xfdjF2\
h\xf2\xb7\xa0\xd6HM\xa3\x85\xc2!\xe45m\x98(\
\xf0\xd8\x83\xcd2\x1f*\x83\xe6\x14)\x80\xbf\xbbd4\
\x9a\xee\x1b\x1c\x1cz\xd2\xc4\xe4\x04\x1a\x1c\x1a\xf8\xd9\xa8\
\xdf\x0b\x06\xe5\x15\xc4+\x14\x0a\x22\xbc\xf7\x90{}\x03\
}\xe7\xfb\xdfCC\xc3\xc3o\xdb\xdc\xd8t\xcb\xb9}\
2\xf4\xa1\xec\xffj\xf6\xe8\x94\xa4\xe6\xd9\x0d\x12G\xcc\
N\xe7<\x09\x90\xd8c\xbc[\xee\xe3_\xd5\x01X\x0f\
\x8a\xcbKK\xb3\x8b\x0b\x8b\x7f8:2\xf6<b\x03\
\xee\xedg\x10\xc6?\xa9yF\x18\xff\xc8\x8b\xfd\xc1@\
\x00\xcb\xcdP\x18%b\x09\x14K$P4\x15A\x18\
w(\x99H\xa2\xbdt\x0aaY \xe7M\x13\xdb\x8a\
\xfc\x8b\xf1\x87\xf6\xf6R(\xb5\x97\xc4\xef\x15A\xf1H\
L\xe6[C\x11\xf2\xf7(J\x90\xf7\x88\xc5\xf1\xfdH\
\xe0\xf7\xc0+\x99\xc2k\x0f%\xf7\xc8{%Q\x1c\xbf\
_\x9c\xbc\xff\xfe>J\x94\xdf'\x89\x1fO\xc6\x13(\
E\xfeM\xa4\xe4\xcfI\xa5\xf0\xef\xa9\x94\xfc{\x22E\
\xce-\xa6\xacx\x0c\xed\xe1\xe7%\xf0\xfd\x0e\x87\x22\xc8\
\xe3\xf1)v\x1f9\x07\xfc\xaf\x1f\x7f\xafh4\x82$\
\xa9\x80\xe6f\xadO\x9b\x9d\xb3\xfd\x06\xbe\x06_\xdb\xda\
\xd8H\xe4\xf39\xb5\x99\x1c\xb4\xf9\xde\x8c|M\xa0\xf3\
r\xccX\x12\xa8\x84\x93T\xfb\xa1\x83\x86?@\x97A\
\xd5VB\x95\xc6\xa2\x22\xf8}\xbe\xe2\xe8\xc8\xe8\x9df\
\xab\xe9\xda\xf1\x89qt\xf6\xfcYy\xde\x98\xd7\xeb\x93\
\xd7\xd5\x8e\x7f\x7f\x80\xccP\xf3\x19\x1ey\xe8!40\
<\xfcr\xdb\xfc\xdc8\xb1q\xeb`\xdc\xc4\xfb\xb5D\
]_\x16\xba\x17\x98~\xa66A\xd8L|\xd5\xef\x83\
tz_Z^^\x1e\xec\xea\xea\xf9\xa5\xb5\xb5u\xd4\
\xd9\xd1%\xe7?\xe5\x8b\xa5\xb6\x92$\x22\x11\xaf\x92X\
2`\x1b\x1b\x15K\x05y\xae\x01\x96\x8eH\x10\x05C\
I\xc0\x8f\xe3\x7f\x0b\xf8q\xff\x8e\x1f\x09\x02~\xac$\
\x18\x04\xb2\xf0\xdf\xb0Mm\xc8\x17\x8a\xd5\xb9\x87\x95U\
,\x95\xf0\xdf\x05\xfc|@\xf8\x04Q\x14\xcb\x09\x1f\xf6\
7\xb1N\xc7\x98O\xa20\x96\x0d\x95\xe7\xe2-i\xb8\
\xf5\x13\x7f\x87J\xf8\xf9\xe4\xbd\xb1`\xae{/\x01D\
\x84\xcf\xa1\xf2\xb3\x01\xfb/x\xe1\xf3\xc0K~=>\
\x7f\xe5\xb9\x22\x02\xf2\xd9\xf8\xf1<\xfe|\xa8\x9cKQ\
>?\xc3\xf4\xd4\x14\xd1\x05\xa8\xbf\xa7\xf7Z\xd3\xe4\xf4\
\x9f8V\x96\x1c\xd9LZ\x92\x9a\x03\x01<\xbcJ\x03\
\xe8AW\xfd\x220MEz\xda'g\xc0\xa2>\xb7\
@\xf1rEE\x0e\x88\x84\x0f\x94676\xc2\xc3\xc3\
C\x7fn5\x1bQwo\xf7\xcf\x12\xfe\x0d\x91p\xc8\
`\xc0\x8fuwv\xbc`v\xd6r\x06\xdb\xad\x959\
<\xadpq\x0c[N\x8ds\xaem\xe4\xde\xba\xac\xd0\
3\xf8\xf3`\x03A\xa54\xac\xb2\x1fE2O\xc2\xbd\
\xbb\xb3<=1\xf6\x1b\x16\xe34\x99I\x8c\xf5~\x0a\
\x89\x02\xc6=\xc6\x11\xc6\x10\xc1>\xc6^\x09\x15Jy\
\x84\xfd}\x84}gT*\x960\x86\x8b\xa8 \x16P\
\x1e\xff\x9b\xc7\x8fg\x8bY\x82%\xbcJH,`l\
\x93\xc7\xf3\xf8\xef\x85\x02\xfe\x19\xbf\x87\x88q\x8a\xdfG\
^\xf8w\xf2\xdc|\xae$c\x10\xcb\x09\xbc\x0a\xca*\
\x94\xf0\xeb\xc8s\x04\xf9y\x18\xf3\xf8\xf5b\xf99x\
\x09\xe4u\xf8\xbd\x8a\xa2\xfc\xb7\x22\x96E\x05r.x\
\xc9\xef\x8d\x9fS\x92\x7f\xc7\xafMI\xca\xe3\xe4}\xf3\
9\xf9{\xe4\xf1\xca\x91\xcf&\xe7J\xce\x0f\xaf\x1c^\
\x99tV>\x97\xa9\xb1\x09\x94\xc6\x9f1o\xb5\xfd\x85\
\xcb\xe9\xf4\x94J%\xb1\xcc\x05\x89\xea\x1c\x1d5&\xc3\
\xeb\xde1|G\xa0\xe5\x02\x82V@\xe80\xf1\xd8\xf4\
\xfe\xbe\xb48??>:2\xfc+\xdf\xfa\xefo\x11\
\xfb\xaf\xcd\xeb\xbdzc\x02A\xc2\xf5c;/\x91\x8a\
\xe1\xfb\x9c>\xd1\xd1y\xe9\xc9\xd3\xd33_\xc1\xbe@\
\x1e_\x86\x12\xb0T&?\xbf\x0e\x1c6{c\xcfg\
\x89\x92\xae\xc23\x83\x8e'\x17\xb5Q\x06(\xbe\x8db\
\xdf\x08$\xd6a1\x99\xbe,\xcbH\x9f\x1b\xa5\xd3\x19\
\x05\xfb\x0a\xfe\xe5\xf5\xf3x\x0c\x0e\x0e\xa2?\xfd\xf3\xff\
c\x98\x9f\xb3\xdd\x81\xfd\x94\x22\xbe\x5cB\xd9&\x14U\
\xee+\xa3\xcf\xb1z=\x8e\xa4:_\x89\x0aY=\xb9\
\x5c i\xe7\x9d\xf1\xa8\x10\x11\xfbm\x92ev\xf6\xe2\
\x99s\xe7\x9eM\xe4\xa2\xcf\x17\xc0\xfe\xd2\xd5\x19\x13 \
\xd8\x0f\x84CX\x8e\xf9e\x9b\xd0d\xb2\xbc}{k\
'(`\x0d(\x92Y|*>\xb7\x8e\x22UU\xdf\
L\xcdn\x07v~\x8e\xf6}\x04\xe0\x22\x99\xd4\xf3\x8b\
\xaa\xdd\x07\x14WO\x10$\xec\xebm\x8f\x8f\x8c\xfe\xe1\
\xe4\xf88Z]\xb2\xc9\xd7J\xc0\xd8\xaf]?\x8f\x07\
\xd9#\xdf\xf9\xe6\xf7\x91c\xd5\xfeJ\x8f\xdb\xe3\x14\x95\
\x02\x10\x81\x9a\xc7@\x9f\xf7\xa3\x96$\xa1\xcfn\xa4\xf8\
m\x1a\x83a\xf4\xe4qKjy\x01\xa4\x7f}$\x16\
+\x8eML~\xf9b\xfb\xb9k\x96\x96\xe6\x91\xc3\xe1\
\xbc:\xf1\x1f\xc6\xf8\x0f\x04\x0dw\xfd\xe0\x87hhp\
\xe8\x97\x96\x96\x97,\xd8&\x14\xe5\xf9\x1c\xf5=\xe3x\
\x06\xc7\xb6\xd2s\x1e4L5><\xb3\x89f6\xff\
/\xe7\x80B\x85\xdc\x10I\x0cnuuy|eu\
\xe5yx\xc9\xfc\xdb1\xfe\x95\xa3\x84}\x03|\xc5\xda\
\x16\x16\x96\x9f\x16\x0a\x86\xbeW\xee\xf1(\xb4x\xef\xf5\
\xec\x1b=s\x0d[\xea\x8b\xc6\x97\xa7\x04r\x0f\xc1\x12\
\xd6\x11\x9b\xdb\xdb\xde\xf1\xc9\x89\xb7\x9f;{\x0e\xfd\xe7\
\xe7\xfe\xe3\xaa\xbc\x9f\x84\xaf\x1e\x1f\x9f@KK\xcb\xcf\
\x98\xb3\xda~\x94L\xa6\x8ar)o\xb9_ZC\x0e\
\xae\xe6\xbd\x05\x9e\xda\x10h\xb0\xef\x80\xe9\x1b\x00\xa7\x8c\
\xe6\xa8\x95\xa3\xca\x15\xb1\x9c\xdb#\xc7|H\xec\xdb8\
3\xdd\xb5\x97\xdc\xbb6Tc\xd7\x1d\xe3\x1f\xc9\xbc\x03\
\xc1\x7f\xffh\x9f\xc1\xe3\xf1\xde\xb6\xbf\x9f\x86r\x8e\x10\
\xafM\xcd\xac\xd9\xa0\x8cZ\xd1\xd3\xfb\x0c8\xfe\xa6\xc2\
\x04\xab\xe6?\xab5w-\xb3D\xa2\x9c\x1f\xb1\xb2b\
\x9f\xe9\xe9\xea~%\xe9#:>1\xfa\xd3\xcd\xf5\xf9\
\x95xUd\xdb\x87\x02^\xbf\x1c\xdf\x19\x1f\x1bG\xa7\
:\xba\xd0\xf0\xe8\xd8\xdf\xb8\xdd\x9e\x98 \xc8\x8d\xba\x85\
\x0a\xa7\xa35[\x03\xf8\xe4\xa9\xca\xdfE\xe0h\xe1\xc4\
\x85of\xd3\x5c>\x1dP\xad\x01%_\x89\xe0\x7fj\
|\xbc\x9d\xd8\xba\xc9\xbd$:>\x9a\xf0/\xc7\x05\x5c\
\x0e\xe7?\xc5cq\xb5\x9c=N]\x0d<\x0e\xbf\xde\
9G<9\x22jyi\xac\xbed\xa0j\x08\xe0\xff\
\x90\xbc\x80\xf99\xdb=}\xfd]\xcf\x1c\x1e\x1eD\xeb\
\xeb\x1b\xf2\x5c\x91\xed\xedm\xb4\xb9\xb5\x8d\xd67\xb7~\
*\xee\x9b\xcf\xeb\x95W\xd0\xef\xc3+`\x08\x06\x02\x86\
p(\x88>\xfeO\x7f\x8f\xce>\xfe\xd8\xaf--.\
\xb8\x88M\xa3\xd8\xc2uy\xa7\x97#F\xa7\x91\xe6G\
\x91\xba-\xf2\xfcz\xf0\x0f\xf59\x1f\xf2'\xef\xef\xef\
K\x83\xfd\xbd\xe7\x09\xfes\x99\xf41\xe8k\x0eb\xf7\
\x10\xec\xff\xe7\x7f~\x0amom~8\x95J\x09*\
\xf6\xbf\xdeyMz\xe6\xbbP\xa9~`\xa6\xa1q\xe5\
\x84\xeaNT$g\xb7\xbd\xb9\xb9?>4\xf4\xc1{\
\xbf\xf7#\x99C#\xf8\xdf\xd9\xd91`\xfc\x1b67\
6Qe\xfd4\xe0\xdf\xe7\xc5\xf8\xc7\xd8\x0f\x85Bm\
$N\xfd\xed;\xbfy\x8d\xcdj\xbds\x7f\x7f\x0f(\
\xf3\xa6[\xaam\x07&\xe6\xeby}h\xe1\xbe\x00\xcf\
x@\x9dvI\xd9\xdf\x11H\x8c\xa7\xfbR\xc7E%\
\xfe\x96;\x06}\xad\xff/\x08\x15\xfdOr\x85>\x82\
m`A\xa5\xe6\x80)j\x018\xe3\xc8@\x9d\xd3\x08\
j\xfc0h\xe7\x90Q\xf6\xa4^\xce\xb8\xb6\xe6I\xa9\
\x13Z\xb4\xcdo\x0d\x0f\x0e\xbdzrt\x0cy<n\
\xec\x1by\x90sm\x03\xfd\x94\xe1\xdf\xe0\xc3\xe7\x15\x0e\
GH\xaeW\xdb\xb7~\xf4\x9f\xa8\xbb\xab\xe3\xbdkN\
W\xbcq&5\xa5?\x0e\x8b_i\xb9?\x86\x16\x90\
\x81\xf59\xcd\xb5]\xa0\xeb&6\x9f\xa7\x8c\xff\x9e\xae\
\xce~\x11\xc4k\xe3\xf1\xd81\xe8\xeb\xec\xff\x82\x8c\xff\
?y\xeb\xfb\x0c\x89d\xf26\x92'!)\x5c\xb1\x16\
\x8f\xcb\x8a\xdb\xf3\xa4kI:\xf7\x17\xaf\x05\xc9\xbbo\
\xeaz\x89\x1f8=\xb2<\x13\xd2\xe9t\xc9\xb6\xb0p\
\xef\xac\xd9r\xdd\xea\xe2\x12\xf2\xf8|h\x13\xdb\xfe?\
-\xf8'u\xcb~l\xfbG\xa2!\x14\x0a\x87\xda\x88\
\xfc\x9e\x99\x99y\x99unn*\x9f\xcf\x8b\x97)7\
\x8f\xbb\xf6\x13\xf81\xc9\xe4\xf5U\x1a\xe3\xb4\xd2w\xac\
\x8e\x0b$5\xce\xf3s\xd61\xcf\xae\xe7\x99\xee\xe3\x19\
\xb1\xf5\xf6\x7f\x99\xff;w\xe6\xdc\x93\xc3\x91\xf0W\xe5\
z\x00\xc5g\xa4q\xad\x97c\x1e!\xcf\xac0\x9an\
\xd1\xcb\x17\xeb\xefS\xa2\x8c\x1c\x95|\x01\x7f\xa2\xaf\xbf\
\xf7C#\xa3\x83(\xb5\xbf\x87\xdc\xdez\x19\xf0\xc4\xe6\
\xf9\x04\xe5\x15\x09\x87e\xee\xc6d\x9e\xbavtt\xf4\
;\xd1H\xb4T\xceyi\x0a\xd0\xeb\x88\x9d\xea\x9d\xa7\
\xc3\xe2\xef\xf4\xf4\x80i\xdclZ\xf9\xe3\x0c\x0e\xa8\x9a\
\x05$\xd7\xb8D\xc2\xc1\xf5\xa9\x89\x89\xdf3\xcd\xcc \
\xd7U\x1a\xdb=\x8a\x83\xe47\x93\xfd\xd3\xd3s\xe9%\
\xd8\xff\x9f\xa0\xd5\x02\x01\x1d\xffz\xf1\xc5\x8a\x03\xd18\
*\xe0J\x0a\xe6\xfbl\xa0\x90\x09M\xfb\xabP,\x88\
\x0e\x87\xc3r\xf6\xcc\xb9\xffu\xe6\xccYy\x9e\x98\xcf\
\xe7\xfd)\xc9\xf3\x93\xf1o v\xff{\xdf\xff>4\
<<\xf8\xb6\xdd]\xf7\xb6(\xf3\xfd\xa2\xa8\x03\xaf\xc0\
\x93\x12\xd0jsJ\xee\xd9\x9b\xc0\xa3\x07\x80KG\xd4\
\xd4\xe6W}\x80D<\x0e\x18\xfb\xff\xf1\xdd\xef|\x1b\
\x05\xfd~l\xf7\x82\xac\xfb*K\xd3O.\x09\xca*\
\x96\xaa\xeb\xa7\xf5\xc8\x97s~\xc9\x229\xc6\xc5B\xb1\
\xba*G!\x9f\x97W6\x93\x91\xf1\x8f}\xc67\x85\
\x02\xc1=I\x14%\x09\xe00:\xfc2\xe4\xe8B\xe3\
\x7f\x81\xc3g\xa8\xfd\xbd\xa6\x9f\x02w\xfff\xb1\xce\x97\
Q\x98\xcab4\x12)MMN~\xed[\xdf\xfc\xc6\
\x93\x88\x8d\x1d\x0a\x84\xf0\xfey\xe2s\x03\xcb3\xbbH\
z?z\xe4\xa1\x07^l1\x9b\xfa\xf6\xf7\xf7E\xe9\
 \xcf\x07\xe8\x14\x8c\x1e\xda\x9d\x8f\xdbQ\x1b\x86q\xd8\
\xa6R\xcd7\x1dx\xb8\xff\xca\xf3\xc4Z\x97\x82\xd4\xcd\
oml\xceOML\xbdfh`\x08\xc5\xe2)\x82\
\xfb6\x81\xd4\xe7\x90\xfc\xf9bA^$\x1f_\xc9\xe5\
\xcf!I\x90\xcay\xfeJ\xae\x7f\x19\xff\x86Z\xfc\x93\
<\xfb\xdau\xe5\xecv\xa1n\xc9\xb8/\xe4\xe5\xf9m\
\x05\x8c\xf3\x1c\xf6\xeb1\xfe\x0d\x18\xff\x86\x0a\xf6KD\
\xd6Uj\x12\x0a\xa4N o\xc0\xfa\xc2\xb0\xb6\xb6\xf6\
\x14\xf7\xee\xee]\xf8o\xc2\xc1hWzS0\x9e\xc1\
N\x1c7\x1e\xf4\xd2\xb9\xfa\xf2\x7fi\xbdK49\xaf\
\x9al\x16Y\x8f\x14\xb767#3\xd33o#\xd7\
\x18\xe3\xdf\xf0\xd3\x80\xffh4\x8a\xd2\xfbiCg\xd7\
\xc5k\xa6&'>\xed\xf5x\xca\xf5\x8d\xb5}\xa3\x00\
T)q\xe0\xf6\xad\xeb\xfan\xb3\xf3\x81\x81\xd2\xab\x1d\
$\xbah\xd0\xe3\x8f\x80\xa4\xe3o\xaa:i\x7f\x7fO\
ZXX\x18\xe8\xe9\xed\xb9qu\xc5!\xfb\xbdD\xf7\
\xa5RI\xb9\x86\x87`\xa4\x90\x97ky\x0c\x04\xff\xc5\
\x82\x5cc\xd3F\xea\xe6\xc8*\x91:A\x8c\x7f9\x8e\
\x98\xcd\xca\xeb\xa7\x0d\xff9|\xde\x18\xff\x06e\x91\xba\
\xc4\x92\xfc3\xa9a\x225\x8c\xf8{\x1aHM\x22\xf9\
\xee\xe45\x8eU\xfbu\x0b\xf3\xf3\xff\x8a\xf7S\xb4\xa1\
\x0e\xbcV\x8f2cA\xc0\x8f|\xca^\x03\x8e\x99!\
\xa0\xa6\xe3Y\xf5\x08Z\xfe&\x87^Rz4es\
9qeu\xa5wxh\xe8\x19\xf9t\xde@l\x80\
'\xfa {\xf0\xc1\xfb~\x82\x06\x07\x86^\xb1\xb00\
\xbf%\xe7\xf9\xc8\xdd|$\x01\xca\xb5\x1b\xaa\xb5\x95\x5c\
\x0d\x1c\xa0\xa6\xd6\x9f\x8e-\xa0\x8f\xb3W\xbd\xd6\xc0\xe0\
i\xb9\xeb\xfc@_s\xb1\xc6\xcfJ\xa7\xd307o\
\x9bv8\x5c\xaf\x9b\xb7\xcd?+\x97N\xb6\x9d9{\
\x16\x0d\x0d\x8f\xa2\xe9\xa9\x19d\xb5Z\xd1\xc4\xd4$2\
\x1a\xcd\xc8l\xb6\xa0\x9e\x9en\xf4\xa3\x1f\xfc\x10}\xe2\
\xb6\x7fA\xff\xf5\x95\xaf\xca\xb6r.\x9f}B\xf1_\
*\x0a\xf2\xaa`\x9f\xe8\xf5\xd3g\x1fG++\xab$\
\xe7\x1b\xfd\xf7W\xbf\x8eN\x9f:\x85\xa6\xa6'\xd1\xf8\
\xd8\x08\x1a\x18\x18@\x93\x93S\xe8\xec\xd9s\xe83\x9f\
\xfe\x0cz\xfd\x9b~\x1d-\xd8lO7\x9bL\xafr\
\xda\x1d\xdf\xf5y|Iy\xbes}|\x8e6\xfbA\
3J\x0f\xda\xb6\x1a\xc3\x0e\x07Pi)\xdd\xf88\xd4\
\x7f\x0eP\xf8\x84F=\x08Z1E\xb1\x01\x06Jz\
0>b\x89\xf8\xbe\xc5b\xf9+b;v\x5ch\x7f\
\xc2p\x1fO\xc4\xe4%)5\xdd'&\xc6'\xbf\x9f\
H$Kr~?\xd4\xe2\xbf\x89\x86\xd3\x13S\xa3\xf4\
g\x90@\xd2l\xd2\xc1\xaa\xe3\x02\xde8-\xab\x06L\
O.\x83\xday\x08\xd8\x96\x87H$\x1a\xf4\xf9|\x0f\
\xb9\xdd\x9e\xdb\x96\x97\x97\xffvz\xc6\xf8n\xe3\x8c\xe9\
\x1d\x18\xf3o\x9b\xb5Z\xdff\xb1X\xdfA~\xc7\xf7\
\xfc\x9d\xe6\x19\xe3\xdb\xa6&\xa7^\x8fm\xc0\x97\xaf\xaf\
\xad?\xa9\xaf\xbf\xbfZ\x93\xffD\xe2\x9f\xd8'\xd8^\
1\xa4\x12I\x8c};z\xf8\xd1\x87N\xd8\xe6l\xbf\
\xbc\xb8\xb0\xf0\x16\x8b\xd9\xfc\x8e\xe9\x99)\xfc\x1d\xa6\xdf\
\x89\xb1O\xd6\xdbGFF\xff\xb0\xbb\xab\xeb\xed\x93\x13\
\xa3\xff\xcf\xf6\xe6\xe6\xdd\xeb\xebk\xdb\x89D\xbcH\xf6\
\xb7\x8a\xcf\xac\x97\x07\xe6\x90\x0a\xc0\x13\xaf\x95$\xe6(\
q\x16o\xa8=\xcf\x05\xe8\xfd\xceT7s\xa5\x88\x14\
\xdbO\x92km\xcd42<r\xcb\xe8\xe8(\xb2\xdb\
W\x9f\x10\x9b\x9f`?\x12\x0d\xa3S'\x1fA\x17\xce\
\x9d~\xfb\xc6\xfa\x9a\x1b\xfbm\xb2\x9dR\xc6\xbf\x08|\
\xf3\x1d\x19\xf8\xa1%t\xd0\xe6\xc33K\x89X\xe9\xbc\
*\xf7\x0cx9\xe3\x96z\x80U\x86\xc5\x92\x18o\xa1\
X\x80\xbd\xbd=\x08\x87\xc3\xa5@ \x98\x0e\x06CI\
\xfcs4\x1c\x89\xc4\xf0\xbfI\xfc{*\x1c\x0a\xed\x85\
\x83\xa18\xfe}3\x1e\x8bOx\xdc\x9e\x9f\x98-\x96\
\x8f\xf8\x02\xbe\xa7\x93\xf9I\xc2\x92\x13\xcd\xcc\x98\xael\
\xceN\x19\xff\xc4W\xc1\xb7\x9e\xd4\xf0\x5ck\xb7;\xdf\
\xbd\xb3\xbd\xfb\xedx,6\x15\x8b\xc5|\xa1P(\x19\
\x08\x04\x12\xc1@`/\xe0\xf7\xef\x05\x02\xfe\x84\xdf\xef\
\x0f\xee\xee\xee\xc6\xdc\xee\xdd|z\x7f_\xc0W\xa2\xa4\
\xf42\xad\xf6\x80S\xa9\xfb\xd7\x15\x9b\xd7;?\x85\xbb\
\xe72\xd0\xe7\xc0\xeb\xd5\x13\xbc\xb2\xad\x86\x0bT\xfc\x80\
x\x22\x99\xb7\x98\xad\x9f\x99\x992!\xd7\x9a\x13\xcd/\
,^q\xfc\x93\x9eN\xefy\xe7\xdb\xd0\xc8\xc8\xd0\xd3\
f-\xb3\x0f\xec\xa5R\x92\xd2\xcbO\x14\xcb=\xfd\x1a\
\xfb\xeb\xd3\xcc5\xd6,m\xe0\xd4\xc7\xbcz\x9cw\xee\
\x95\xc8\xe8\xeb\xac\xd5kT\xfb5P\x89\xed\x8aJM\
\x84$\xf7\xfe%\xfb\xbfT^\xb5\xbdr+\xff\x96\xaa\
\xf9p\xf8\xddH\x8dH2\x91Hmmn\xb7O\x8c\
\x8c\xff\xf6\xb2m\x01\x19Mf\xecs\x17\xe4u%\x8e\
tV\xc9av9\x9dh?\xb5\xf7t\xfb\xea\xeag\
\xb1=\xb3\x9b\xcb\xe6\xca\xa5\xfbM}\x87\x852\xce\x8b\
5\x8f)\xdf\xb9\xa9_\xb0\xaeyoj}\x9f5y\
b\xe0\xd7I\x87\xe9\x0b*\xaa\xe0\xa0\xa1\x87\x1d\xf0\xd8\
\x8f\x95kS\xc4v\xa3\xb4\xbd\xb5k\x1b\x1b\x19}\xf5\
8\xb6\x01\x88\xfdw\xc5\xb0\x1f\x89\xc8\x0b]\x8b\xd0c\
\x8f>\x84\xda/\x9e\x7f\xdf\xe6\xc6F\xb2\x8cZ\x11*\
\xedn\x18\xfc\x1a\xd0\xf5\xb0\xeel!\x1d)\x05\x1c}\
\x9fZNU\xd2\xd9\xaf\x16j\xea\xcf\xa0\xb6W\x7f\xd5\
\xfe\x85jO\xd4j\x13~AYR\xed\xbfR6\x93\
\x91666\xa6\xadV\xdb-#\xc3\xa32\xf6I\xef\
\x9d\x92P<\xf2\xbd\xb0\xba\xbc\x88LF#:y\xea\
\xb1k\xec\xab+\x1f\x8fE\xa3\xa9r#O\xa1\xfc\x1d\
*\xe7.\xcb9Pfb\x92s/\x1d\xd8A2>\
j\xfb\xfd4_S\xd0\xba\xa9\xc02\xf5\x00Z\x08\x1b\
C\x8b\x0d`\x9b\xcdv\xb59'\xd4dA\xa0+\x8c\
\xca\x1cL\xa5\x8f\x0c\xf6\xb5\xc5\x85\xc5\xa5\xaf]8w\
\xf6I\x93\x93\x13(\xe0\xf7\x1d\xd9\x1c\xa1p X]\
e\xfc\xcb\xb9>\x97:;\x9fi\x9d\x9d\xbd/\x1e\x8f\
SR{u\xbbi\xa0\xc7\xef\xe7\xe3\x02\x00X3\x1a\
\x80?&CI\x03kY?h\xf8\x1f\xdc<\xb1\x98\
\xc9\xa4\x8b+\xcbK\x9fk\xbfx\xe1\x1a\x12\x1f\x10\xa5\
\xd2\x15\xc1\xbf\xc7\xbd\x83\x06\xfa\x07\xd1\x9c\xd5\xfa{;\
\xdb\xdb\xf1J\xfaj\x99\x03\x82\x16\xa470\x025\xac\
\xf9\xdb\xa0\x92\xc2\xc1\xc1\xcfP\xd5\x01\xb4\x16\x9f\x065\
\xfcs\xcb\x18\x0a\xfeUc[\xc4\xccv\xb9\x9c\xb1\xd1\
\xf1\xd1\xdf\x1e\x1e\x1c@~\x9f\xf7\x8a\xe0\x9f\xf4z-\
\xe3\x1fMON\xbf\x01\xfb\x9e\xa9r\xef^-\x1a]\
\xcf\xec:\xad\xfc^=5\x17\xb5v\x16\x0f\xef\xc03\
\xcb\xbe\xd59\xc4\x5cs29\xe2Iu\xf8'\xc7\xd2\
\xe2\xd2\xea\xdc\xdc\xdc\xf3\x14.\xb0xE\xf0o\xb1\x98\
\xd1\xc5\x8b\xe7\xafu:\x1c_\xc02\xa8vv\x89\x08\
\xa0{\xc67\x8f\x7f'\xb1\xaf}#\xee\x81\xd6\xeb\x97\
\x19\xaf\x05:\x7f,\xb1yA\xde\xfd\x02\x8c\xbeC\x5c\
\x1c\x87\xbcR\xa9=\xd1h\x9c\xb9\xff\xb1\x93\x0f_O\
\xe2\xc6G\x86\xff`\xa8\xbaH_\xaf?{\xdf\xbb\xd1\
c\x8f=\xfa\xe4\xb1\xb1\x91\xb3\xfb\xfb\xfbEI\xa5\x9f\
\x0f\x87\x0f\xae\x87\x9b\xd1z\x0f\x00>=\xca\xb8?\xaa\
\xf1\x1b\xda\xacm\xda\xfdk\xb1\x97\x08\xe8\x89M5\xbe\
H\xb6\xad=nopqi\xe9\x0d\x0f>|\xf2\x8a\
\xe1\x7fzb\x0a]j\xefx\xea\xca\xf2J\x0f\xc0\xc1\
, \xa0\xcf\xdb\xd1#\x0fx\xb9\x1c\xa8W\xa7\x00\xfc\
\xf2\x82;n\xa3\xb2\x0f\xa9\xb2C\x0f_$q\x8e_\
\x16Um]|\xcdwvw\x02\xc3#\xc3\xbfy\xe6\
\xcci\xe4v{\xe4\xbe\xc1\xa4\xdf\xf6e\xc5\xbf\x5c\xd7\
\x17\x91\xfb\xb9Gc\x8a\xee\x1f\x1d\x1dy\xf3\xca\xcaj\
\x88\xb0\xd8P{Jt\xe3JO\x0f~\xad|\x09]\
\xfd\x96[\xe0`\xf5\xc6\xf7\xf4\xf0\xffz\xf1\xa0\xd5\x0b\
U\xe6\x06\x93\x89\xe4\xde\xac\xd5\xfa\xff\x1aM&T\x82\
\x82\xbc\x8e\x1c\xffS\xd3hlt\xf4Y\xcbKK+\
\xe5T\xafZy)\xb6\x90\x17\xc1\x91\x7f\xa5\x8b\xe3\xe7\
\x9d\xf5\xcb;/\x9a\xd5;\x92*g@_\xecA\xcf\
>\xc7\xbe_F\x18\x19\x19~$\x16\x8e\xca\xb5w\x04\
\xfb\x97\x1d\xff\xd8\xe7//C\x22\x1eE\x99\x5c\xf1\x9a\
\xbe\xfe\xde\x93$f\xa5\x83\xff\xe6\xb1i\x0e\x83\x19\x1a\
\x85\xa2\xe5\xcf\xf3\xcc\x1b\xd5\xf3\x1d[\xe5\x00\xf4\xc4\xa9\
\xa0\x11\xff\xb9l.m1\x99\xff\xf9\xe2\xb9sW\xac\
.\x80\xe4%\xcdZ\xac\xbf\xb0\xba\xba\xba\xa9\xc41X\
3Y\xb8\xe9Z\xd6\xf5k\xb5\x7f\x0cp\xd8\xa0\xd0\xa2\
\xfcf\xd9\x04\x92\xc4\x9e]\xcf\xe3\xf7\xd0\xc9'\xa5\xa7\
,\xec\xee\xec\xae\x9d>}\xe6\xf7N=\xf68\xda\xf5\
\xec\x22\xaf\xcf\x87<\x97qn@\x05\xff\xa1p\xc4\xd0\
\xd3\xd3\x85\x06\x06\xfa\xde\xe6t:\xb7K\xa5\x92 \xe9\
\x9e\xd9\xa7M\x9c\xb4\xa0\x0b\xf5\xea\x12\xbdX\xe3\xccW\
hi?\xf2pF\xac\xfd+\xe3\xbf\x90\xcbg\xcc3\
3\x9f\x7f\xe5\xcd7\xa2J-\xc1Q\x1f\xf3s\xf3h\
yq\xf9E.\xa7k]\x05\xff\x87\xbdFZ\x18\xe2\
~-\xf0\xc5\x90y{\x0c\x83N\x0b\x8e\xb5\x87\xea\xaf\
\x97\xee\xb9\xd4\x0a\xb7\x1d\x8b\xc5\xc4\xf1\xf1\xf1\xafK\xe5\
\xfe)\x04\xfb\x97\x13\xff\xa1p\x08\x85\x22!\xf4\xc1\xbf\
\xf8\x00Z\xb0\x18O\xcc\x98\x8c\xdf\x8e\xc5\xe2\x92<\xaf\
\x96\x10\x91\xc05\x07E;(K\x8f\x97s<\x17\xe8\
\xf7G\xfb|\x0e\xa3\xaf\xa1\x05\xf9\xa3\xd1\xab\x92\x1f3\
\xe5yr\xa5L6\x93\xb5Z,_$\xf7_\x10D\
\xc3\x95\xe8#:7;\x8b\x96\x16\x16^\xe4t86\
@\x1e_\x0eb\x03\x17\xd6\xa2X\xd4\xbce\x87yo\
\xe0\x10\xc3\xacy`\xbc\xb2\xfc\xf0_\x98\xadW\x959\
\x82\xd8\x02 9\xd3[\x9b\x9b\x8b}\x97.\xbd\xa6\xef\
R\x97\xcc\x03\x10\x1b\xe0\xb2\xd5\xf8a\x9b\xdf\xe1\xb0\xa3\
\x8e\x8b\x1d\xa8\xa7\xab\xfb\xb7]kkk\xa5RQ\xce\
`\xab\x8e\xedk\xcd\xbfQ\xbb9z\xea#\x1a\xb9^\
I\x85\x03\xd2\x90\xef\xa0\xa5sy\xf0)j\xfb\x8c\xaa\
\xb3f%\x8d9\x04\x9c\xb11\x10\xb0\x1f\x98\xb3\xce\xce\
~^\x92\xe7w\x09d\x1e\xd7\x91\xe3\xdf\x86\xf1\xbf\xbc\
\xb4\xf8b\xd7\x01\xfey\xebc\x81\xa5\xcfhvy\xc3\
\xac\xe0jR\x1c\xc3\x1e\xe7\xe9\xd1@\xf9|\xb5X\x1e\
W\xeep\x8d\xaf\x02\xfa\xf3\xc4\x81_\xb6\x94{\xcb\x12\
\x10\x0a\xb1h\x04\x96\x16\x97?Z\xa9\xc9\x09\xf8/\x1f\
\x07\x90L\xc4H\x8c\x17\xb5_<\xdb\xb60\xbfp[\
(\x1c.\xe7\xf9\x8a\xe5\xbc\x0d\x80\xd6e\x9d\xae\xf4m\
\xcaLF\x90T\xb8\x96\xc3\xda\xe9\xbc\xb9\x99jzI\
\xb3\xa6\x9c\xfe\x19\xb4X&\xd0j\x19@\xc6\x7f6\x9d\
3\x9bL\x9f\xfb\x9d\xdf\xfc\x1dDji\xf1\xba\x02\xf6\
\xff\x1c\xb2\xaf\xae\xdc\xb0\xe6tn\x1e\xd4z\xaa\x02E\
\x8b\xbb\xe3\xe0\x86\xf4\xf7\xd5\x82\xe6\x5c;\x89o?q\
\x9f\x17/?\xc9\xc33k\x0c4Q\xaf-\xaa$\x92\
\x13}\xecp:'\xda;;^8<:R\x9d-\
q\xb9j\xfc\xfa{{\xd0\xf9\xb3\xa7_\x82\xe5\xbdE\
 \xf3\xd9\x08\xef/\x02W\xcd.\xc3\x1d\xe3\xf5\xc5$\
\x8ek\xab\xea\x0c4\xd8K:\x5c\x10\xcd\xf9_Z\xbd\
\x9d%I;\x16\xd2*\x07\xd1x.\xd8\xfe\xdf\xcfZ\
L\xc6\xcf\xca5\xb9 \x18\xf0:z\xfdO\xf0o_\
\xbd\xc9\xe5tn\xd7\xe8\x7f\x9e\xef\xc7\xa8\x95cr \
<3\xe2\xf4\xfaa\xaar\x06\xf8\xe3\x0f<{\x94\xe5\
\xe8\x81\x16\x81H\xd17UY+*\x09\x96\xa2\xdf\xef\
\xcfZ,\xb3\xef\x94\xca5a\x97\x8d\xff\x8b\x85\xe5\x7f\
g-\x96\xf7\xee\xee\xec\xe4\xaa5>\xb49\xa9\xfa}\
gPa\x81[\xe1\xed@\xc3O\x03\xde\x1aq\x90Z\
\x1a\x00\x0c\xfc\xfbLW\xacK#\xb6\x09\xa5,\xf6\xff\
gg-\xffN\xee\x932\x8f\xf7\xe8\xfd\xffy\x9b\x0d\
9\xec\xab7\xae\xb9\x5c[\x00z\xfd\xf2V\xfbu\xea\
\x99\xe3\xae\xfd\x1a\x8a3\x00\x14\x9b\xa06\xd1P\x94\xf8\
\xf2=T\x1a\x07\x01O?*J\xa2i]\x9e\x8a\x22\
t\x15+\xa0T\xcc\xe7E\x93\xd1\xd4~\xe6\xec\xb9\xeb\
\x0f\x8b\x7f2\xab\xbd\xb2\xf0G\xa0\xce\x8b\xedO\xb2\xcc\
\x98z\x0a\xf9<)\xef'I\xdc\xe5\xd9\x16j_\xb3\
u\x9e\x1dXQ!\xa6\xef\xc6C)\x02\x8b]\xd4\xa8\
/g\xcb~\xe0\xb7atq<\x9c\x91\xb3b.\x97\
\xcd\xcc[\xad\xffF8`\xc0\xfe?^\xd8\x0f8\xda\
\x18\x80m\x9e\xe8\x7f\xfbM.\x17\xd1\xff\x9a\x1cP\xcd\
\x85\x85V\xe2\xbeZ\xfc\xbf\xa8C.3t\xb2f\x0d\
)\xabw8\x8b\x7f\xd0\x13s\x00z\xcf h\xecW\
\xa2\xe0\x10@ t\xdc\xd6\xc6\xe6\xae\xd1hz\x85\xc9\
lA\xdb[\xdb\x97\x03\xff\x86\xbe\xee\x1e\xec\xeb\xd9^\
\xe9u{vd\xb6A)\xf2\xa9\xb1\x95@\xa3\xd1\x8a\
~>HO\x10D\x9f\x989\x14\x1e[\xd1\xfd\x1a\xcf\
\x078\xe4\xfb\x91{\x81\xf1\x9f\xc9\xceY\xcc\x9fU\xf8\
\xbfR\x1bv\x08\x8f\x1c\xffs\xb6Y\xb4\xb2\xbat\x83\
\xd3e\xdf*\x9b\x83\xcc\xbcm`\x08\xb4\xc3M\x83\xd1\
\xb1G\x9a\x9d@hdS\xa9\xa6\xa3\xbe\xd8\x83\x1e\xff\
C\xebO\xc0.\xa4\x832q\x09Rz?\x9d\x9f5\
\xcf~\xb1\xa7\xb3\x0b\xed\xefg\xe4\xfe\xdc\x1e\xaf[^\
\xfc==\x03($/\xa5\xaf\xe7\xd7\xfe\xebKh|\
t\xe4\x8b\xd8\xc4\xccWmhP\xa9Pb\xce\xdf\x06\
\xde\xb8\x09W. P\xe3:\xa0vR\x8d\xb5\xfd\xaa\
\xbeBC\xf1(Pd/k\xacT\x13_\x03tr\
Tc\x0c\x14g<Z\xf9\x98R6\x93\xce\xcd\xccL\
\xfd\x07\xd1\xffbI8!\x08E\xb9\xc7\xdeQ\x1e\xd6\
9\x0bZYY\xba\xc1\xe1\x5c\xdd\x84\x83~\x9d|\xc2\
\x18t\xdbqZyZ4\x1fCG\xcc\x0e\x18:I\
v\xb39h\xc6\xfaX\x02\xd0y_\x06\xff\xdb\xf4k\
M\x9f+V,\x03\xa4b\xb1(monMNM\
\x8c\xbf\xf0\xde\xbb\xef\x22\xf87`\xec\x1b\xf4\xe2_\x91\
\x01\xa16%\xcfs\xea\xb9\x8b\xcb\x8bC\xb9\x5c^\xaa\
\xe7H\x1a\xbf\x1fO\xff\x0d.{@K\x93\x8b\xcd\xd7\
^U\x160j\x12i\xf1`\xa0\xdd`^\xaeWb\
p\xf9\x12\xc3n\x05\xce\x8b\xd5\x98\x03.\xc9\xf1\xfft\
:799\xf1\x05\x99\xff\x13\x88\xff\x0f\xa8p\xc49\
\x80s\xd6Y\xb4\xba\xb2|\xa3\xd3a\xdf\x86\x83\xd1\x15\
\xccz[\x95\xfe-\x0c\xdb\x19\xd4dm\xc3\xbde\xb9\
\x1b\xa0r\xff\xd4\xfbq\x82\x8e^\x12\xa0^\xeb\xaaR\
\x1f\xa0ZO\xa2\xa2G\xb4\xf2\x00\x80\xcf\xab-\xff\x80\
\xf5v\xb2\xaf\xa7\xfb\xaf:.^@>\xbf\x8c\x7f]\
\xfa?\x14\x0c*+\x142<\xfc\xf0C\xa8\xbd\xbd\xfd\
\x03\x81@ \xa4\x15\xd3\x06\xb6\x1f\xcc\x1b+\x93$\xee\
\xbcl\xa0\xc4X@\xed\xde\xab\xe5\x07\xb0\xe24,\xc1\
\x0d\x8c\x980\x93\xa4`\xc5rt\xda\x88Pc\xfc\x95\
2\x99Lvrr\xf2\xb3\x1f\xfe\xd0\x87\x91 *\xbd\
A\xc5#\x8e\x01X\xe7f\xd1\xb2\xac\xff\x1d\xb5\xf8o\
\x89\x93\x87\xe6\x16\xbe@\x91\xc1\xfc\xbc!P9v\x8d\
\xda \x9eX#\xd7\xecO\x0d\xde\x02\x18z\xaf\xee-\
4y\xe5\xda\xeb\x13O&\xa49\x9b\xf5kg\xef{\
D\xae\x09\xd8\xd8rU\xe7\xf4q\xe3?\x14B\x99t\
\xc6\xf0Z\xf4\x14459\xf5\x95h4\xda\xb0\xff\xd5\
[\xf402i@\xe5\x8b\xb0\xae\x09\x8f\xc3\x0e\x92\xe6\
\x98^]\x9c\x90\x9e\xbc#\x96!\xc3c\xe0\x00?\xe6\
\xd9y\xe5\xf8?E\x82\xff\xe9\xa9\xc9\xcf\xdc\xf1\xef\xff\
\xa6\xe4\xffH\xc2\xd1\xe3\x1f\xeb\x7f\xbb}\xe5f\x87\xc3\
\xbeS\x9f\xff\xc7c\x04q\xe9\x00N\xbd\x00\xbc\xf1\x16\
\xdd\xbd\x9a\xa0)O\x8b\x9d\x92\x07\xfan$0\x02X\
\xa0\xb2\xab\xebr,(8\x02A\x14\xa4\x8d\xcd\x8d\xd9\
3g\xcf\xfe\xaf\xc7N\x9d\x92}\x00]\xf8\xc7\xd8\x8f\
F\xe3\xe85\xaf~\x05\xbax\xe1\xfc/\xbb\x5c.#\
\xf1+$\xb5\xfc\x0e\x80\xc63b6\xed\xe3\xdc\x1fZ\
\xbd\xdft\x1b\xf1\x92\xfa\xdcA\xea\xefP_\x07\xae-\
\xe1\x80S\x13\xf1\xc7\x0bu\xe4\x93@!\x93\xcdf\x8c\
\xc6i\xc2\xffc\xfd/\x1a\xf0:r\xfc\xcfY0\xfe\
W\x96or\xda\x09\xfeAO\xbd\x04\xd3>b\xd4\x85\
\xf0\xd4c\x01\xa8\xf0c\x14\x19\xcd\xea;\xddd\xb3C\
\xb3\x8d\xd0\x90C\x0ajv\x87J\xee\x11@\xc3l\x08\
5\xc3A\x8d\x97\xac\xd5\xa1\x8d=\x85j?K\xdc\xde\
\xd9)\x8e\x8c\x8e\xfd\xe9#'\x1fG\x01\x7f@\xc6\xbf\
\x17/\xb7\xc7#/\xd6\x11\x08\x84\x91\xcb\xe1B\xbd=\
]hxp\xf0m;\xdb\xdbi\xe9\xa0\xae[\x15\xd6\
@\xb7\xdd\xd4,<\x90t$\xea\xeb\xd0\xc7Z6\x1a\
Ml\xd4q\x83\xb5\x89\xa6\x1c\xa7\xa4\xb7\xf7\x87\xd63\
@\xd2a\xd0\x949\x98B\x16\xe3\xdfl\x9c\x91\xf1/\
\xe7\xff\x95\x04t\xd49\xc0V\x8b\x05\xfb\xffK7:\
\xec\xab;\xe5a\x0f\xd0j!\xd4\xe5\xb9\xdf-q\xf2\
\xb4\xbd\x0a\x1c\xa2J\x9f\xd1\x06\x8c\xb8\x17\x7fALM\
\xa1=\xd02\x88a\x7f?-..-}\xff\xf1\xd3\
\xa7\x9fJ8a\x9f\xdf\x87v\xddnM\xfc\xc7c\x11\
\x14\xc3\x8b\xbc\xa6\xa7\xbb\xe3\xfa9\xab\xf5?#\xe1\xb0\
Tn\xe8\xc8\xb0\xcbA=\x1ap\x90w\xc3\x89\x11\xaa\
]\x08\xdc\xee\xb5\x86\x7f\xc5\xc1\xbb\x00EDq\xf5(\
Qw\x8eTS\x9bh\xf6\x1f\xf7\xfe\x06e\xb0`1\
\x9d\xd9\xcf\xce\x9aM\x9f#\xf7\x10\x04%\xff\xef\xa8\xf1\
o\xb1\x18\x09\xff\x7f\xe3\xea\xea\xca\x8e\x92\x0c\x0a\xa2\xb6\
<\xd4r\x9d\xd4.\xce\xa1F7\xb5\xf6&@3\xcb\
\x9b6\x15P(D`X;L\xde\x1fx/X}\
\xcb\x8d\x9a\xa4 9VQX\x5cZtw\xf5t\xdf\
\xf2\x07\xefz+\xf2\x07\x02\x86\x0a\xf6\xb5\xf0\x1f/\xe3\
\xff\xe1\x87\x1e\xbcafzz\xbdT,\xc8\xbd\xaa\xd9\
:\x89V\xcf\x02\xb4\xdcj-\x9fM+L\xcc\xaa\xa1\
\xa9\xe3z\x81\x9a\xf7\x03Z\x9c<\xcdNl\xb6\xcd\x81\
\xca\xeb\xf2\xf4=R\x13\x0e\x00\xa0\xda\x93\xbc\x8e\xc3R\
\x1a\x85\x8a\x84\xff\xcfZ\xcc\xc6;~\xe77^S\xce\
\xff\xbb\x02\xfa\x7f\xd6\x84\xec\xab\xcb79\x1c+\xb5\xfe\
\xbfF\xce\x0b\xd0\xfc\x7fJ\xbfh\x90$}\xb5\x9a\xac\
\xeb\x0f\xa0\xce\x15\xd7\xdb\x7f\xec>R\x0dy=\x075\
C\x94\xdcR\xad>Q\xc0/\xb3\x80\xc1c\x1c\xec\xe5\
\x0a\xfe\xfd\x81\xe0\xbeun\xeeON=\xfe\xa8\x01\xe3\
\x1f\xf9\xfc~M\xfc'\xe2q\xb2\xe4yT\xa3#\xa3\
\xaf[Z\x5cJ\x97s\x8bX5z\xacS\xd7\xa8o\
\xe64s5\xe2\xbc\x0c\x12Q\xed\xbe\xa9({Z\x8a\
\x05\x88\x8c\x9e\x22M5_\xa0\x9e\xbb\xc5\x93\x9f*J\
\xcd\xbdnA\xa2\xcf'\x02\xe9 \xf7\xbb\x98\xc6\xf87\
\x99f\xfe\x9d\xd8\xff\xf8v\x19\xe0\x0a\xe4\xff\xcfZH\
\xfc\x7f\xf9F\xbb}u\x17D\xb1\x0e\x17\xc0\x9c\xcd\xa2\
\x89\x83\xc6\x18\x9f\x9e\xbe\x0fj:Bg\xcf\x0dV\x8f\
\xff\xe6\xf9\x1f\xc0~?\xe0\xdb\xc3\x5c>\x00\xb3\x96\xf0\
@\x10\xc9]\x95\x8b\xd8',NMO>\xfa\xc8\xc9\
\x87\xae\x0d\x84\x82\xc4\x06\xd0\xe8\xed\x1d\xc6\xb6\x7f\x9c,\
\xc3#\x8f<z\xcd\xc8\xc8\xc8w\x92\xa9\x14V\xfeP\
\x82z5\xaa'~\xa6\xbe\x9f\x81\x1dK\xe4\xe0\x805\
\xe5>P\xee\xa1\xca\x8d\x16i<\x100\xfb\x82Ac\
PY\x04v\xdd\x9e\x9e\xbeQ\xc0\x93\xd0\x5cv\xacd\
\xfc\x9b\xcdF9\xff\x1fK\x05\x03^G\x8f\xffY3\
\xa9\xff\xb9\xc5n\xaf\xe8\x7fj\xaf\xc4Vmq\xd0\xa9\
\xefi1$\x1e.U\xcb\x16m\xd2\xfd\xa0\xfa\x5c\xd0\
\xdb\xc7\xf5\xb2\xd0`\xf5\xbaN\xa9\x09/\x96J09\
5\xb1h\x99\xb5>\xcb\xeb\x0b\xa0`y\xb1\xf0\x1f\x8d\
\x84\xb0\xfd\x1f5\x0c\xf4\x0f>uhp\xd8\x5c(\x10\
\xf8\x93\x9b+6\xc9v\x89\xaf\x1f[\x9d\x1c\x06z,\
W\xc7<w\xbd\xbdY\xb9f\xb34`\x19\x80ao\
Q\xee#4\xce{\xd0\x85}\xd0\xb7\x1f+\x12\x8aX\
\x00El\xffg,\x16\xd3\xbf\xc9\xf8\xc7\xf6\xbf$^\
1\xfc\xdf\xec\xb0\xafn\xd7\xf4\xffl\xa5\xc7\x22+6\
/q\xbcW\x03?\xcfL=\xd6\xba7\x9c\xf7\x0b4\
z\xcd\x02\xefw\x07N\x1fG\xab\xbf]\x83\xbe\x11\xb1\
\xcd.\x08\x9b[\x1bn\xa3\xc9\xf4\xbb=\xfd\xfd\x9a\xf8\
\x8fE\xa3d\xc9\xb3\xbc\xadf\xebk\x9dv\xc7\x8eP\
\x92\xe7yBC}w\xe3lEh\xb0\xef[\xb0\xe1\
\x1b\xae\x0dP{\xbc\xd6\x86>\xb4\xd3\x094\xed\x92\xa6\
~\x0f@\xa9\x07S+\xc0\x04h2\xbf\x805{P\
\xa2\xf8m\xbc\xfdM\xd5\xe6\xc8\xc9c\xe12\x99tf\
\xd6b\xfcT\xad\xfd\x0fG\xdc\x03h\x16\xfb\xff\xab\xd8\
\xff\xc7\xfa\x9f\xd4\xff\x8a\x0c[\x07\xe8q^]v8\
C\xc63]\x0eQS\xa7h\xb3\xf5\xcd2\x1at\xcd\
\xa3R\xeb\x0b\xaag\xee\x03G\xc8\xb4&\xe7Q)\xc8\
(&\x12\xf1\xec\xd0\xc0\xc0\xe7\xdb/\x5c\xa8\xe2\xdf\xef\
\xf3S\xb8\xbf\x18Y\x86o~\xe7\xdb\xa8\xa7\xb7\xf7s\
\xe1P(/\xca\xf3Z\xd4\xc3\x8e<\xb1T\xe0(\xa3\
U\x9d\x07\xa49\xb8Q\x952\xa3\xf9&\x12\x1f\xcf\x02\
\x94\xc4T^\x0e\x0aX=b[\xb1oA\xfb\x09d\
\xb0\x8eX\xccf2\x19\xab\xc5r\x07\xe1m\xb0\xd8?\
!a\xec\x1f5\xfe\xad\xb3\x16\xd2\xff\xe3&\x87C\xae\
\xff\x1198^\x15s\x95\x86ch\xa1\x12\x0b\xf4<\
QW\x9f%\xf6\x07B\xab'\xa3Qg\x024\xd9\xa3\
\x15\xe8\x86\xf2\xfc\xcdR:\x93\x06\xdb\xdc\xdc\xd9\xd5\x95\
\x95\xeb\x93\xc9\xa4\xc1\xe7\xf3!\x1f\xa57\x18\xc1\x7f\xd0\
\xb9\x8d\xbe\xf2\xdf\xdfD\xc3\xa3\xa3\x0f\xa4RI\xd9\x8f\
\x00\xf59\xe7\x14\xfe_\x05[\xc03k\x03\xb4p\xab\
2G\x99*\xfby\xf8b.]%\xd1\x0d\x0c\x16_\
E\xb3\xcb\xf4\xf0$\x1c\xfb\xa42HT(fs\xd9\
\xcc\xacu\xf6?$\xa5\xfe\xb7M\x84\xe2\x91\xe3\x9f\xf4\
\xffs9\xed7+\xfd\xff\xa0\x05\xdcP\xfdD-\xbb\
\x9d\x15\x1a\xaf\xfdE\xe4\xf0\x01\xb5\xae\xb9\xa6m\x0f\x14\
_\x97\xae\x7f@C\xa7\xa9\xe9\x1b\x9aO\x03\xb4\x1eR\
\xc40\x14\x8aBIr{\xdc\xf3\xfd}}\xaf\xfe\xdb\
\x0f\xfe\x15\x0a\xf8\x83\xf2\xa2\xe1\x7fqq\x09\xcd\xdb\xe6\
\x9f\xb3\xbe\xbe\xd1\x97\xcf\xe5\x89\x1b\x5c\x92\x9as\x7f\xf4\
\xf4\xbfg\xe9\xc3V\xd2ET\xde\x0f89\x08\x09\xa8\
\xb1'IW3\x93F.Su\x1e\x09_\xce:\xb4\
\xda\xab\xac\xcc\xff\xc9\xad\x98\xe4\xfc\x1f\x8by\xf6s\x7f\
\xfb\xd7\x1f\xac\xf6\xff8z\xfdoFNG\xd5\xffo\
\xd4\x11Z\xf6\xba\xde\xed\xa07\xff_O\xae\xaf\xc6\xbf\
\xa0'O\xbc1F@\x9be\xc7\xc3Q4\x9a\xd1\xa0\
\x11\x07l\xb0\x01HTF\x14\xb0\xbe\xcft^\xea\xf8\
\xbb\x1f\xdd\xf3C\xe4\x0f\x04Q0\xa8\x8e\x7f\xaf\xdb\x83\
\x06\x07\x06PoO\xcf\x1b\x03\x81\xc0Z\xd9\xed\x179\
\xea(y\xed+V\xee6O_0J|\x11Z\x89\
\x0f\x1d\xa6\xbf\xb7&\xaf\x07|{R\xe5\xde\xea\xbb\xc6\
\xa0\x0c]%\xf6\x7f\xd6b1\xcb\xf1?\x11\xfb\xffG\
\x9d\xfbK>\x87\xf0\x7f\x0e\x8c\x7f\xc5\xff\x87\xda\xfc\x1f\
\xb15\x8e[\x933k)\x0e\xa4\x93\x93d\xdf\x02\xe0\
\xf6\x1f\xf4\xf4,\xe7\xed\x1d\xab\xa7\x07zyo\x88B\
8\x1c\x96\x8c3\xd3w\xfc\xf1\xfb\xdf\x88\xd6\xd76P\
4\x1c\xa6\xde\xd3\xbe\xde~\xd4\xd3\xdd\xf3\x11\x8c\xff\x9c\
\x8a\xde\xd7\x92Y\xbc\xf2\x97\xc7\xbe\x15\x19 he\x8e\
\x90\x9am\xc6\x13\x1f\xe2\xf1\x1d\xd4\xb8a\x89S\x86H\
\x92v\xad#\xb3\x8eET\xfc\xff\xec\xac\xd9|\x87t\
\x85\xfa\xff\x92\xcf\x19\x1b\x1fANb\xff;+\xf5\xbf\
\x00:\xf5\xaf\x1e\x8e@G?V\xe6}\xe2\xf6\xc1@\
\x9f\xad\xc0\xfa\xde<K]~\x81\x16\xee\xe8\xf36e\
\xfc\xe3\x8d\x90Ng$\xa7\xd3\xf5Po_\xdf\xb3\xa7\
\xa6\xa7QD\x05\xff\xb1h\x04\xf9\xb0\xfe\xff6\xb6\x11\
\x8c&\xd3g\xc3\x91\x08y\x8bRE\xff\xabt\xd5\xe0\
\x8a\x9b\x00\xdd'\x02\x0d\xff@\xad/\x18\xaf\x0f\xd7X\
\x17\x09\xea\xe5\x87j\xbe\x22\x80Fo:\xbe\xfb\x09-\
\xc9?^\xfb\xa96\xec@\xeeq)\x9b\xc9f\xad\x96\
Y\xb9\xff\x8f\x1c\xff\xc3\xb6\xbfx\x843@\xa4r\x8f\
I\xa7\xc3~\x8bK\xae\xff\xab\x8b\xff\xf1bVb\xc4\
\xea\xd4\xf1\x0f\xbay\x13}\xd7S5\xe3\x94\xca\xeb\xf2\
\xce\xec\xa1\xeeWPO\xed\xa7%\x03\xf3\xd7\x9a(s\
!\xe4\xd8=\xd9#kN\xe7\xc6\x99\xd3\xa7^\xd3\xd3\
\xdd\x85\x1c+\xcb\xaa\xf8\xef\xbe\xd4\x8bF\x87\xc7\x9e\xb9\
\xb5\xb9u/v'\xa5\x03N\x17x\xf3/\x99\xfc \
g}H+\xf3\xc4@b\x92\x92\x5c\x97M\xcf\xccm\
I\x07\xb6U\xcf\xb9\x95f\xe8\xea\xf2M\xe6\xff\x0b\xa4\
\xff\xa7e\xd6\xac\xf4\xff\x17\x846\xb1X<r\xfc[\
\xad\x16b\xff\xdf\x82\xf5\xff\x8eX\xed\x09\xd7\x0a\xaf\x03\
\x1cq\x81\xd6I#\x8dm\xc7\x9b\xc7\xca\x1b\x9fe\xe9\
*\xdes8\xf4|)\xa5\xf1\x94\xd2\x17\x98\xc8\xe55\
\x97+\xd7s\xa9\xf3\xad\xed\xe7\xce!\xd7\xea\x8a*\xfe\
\x87\x06\x87\xd0\xe0\xe0\xd0\xafz\xdc\xbbKJ\xda\xab\xa8\
c61o\xc9>\x17\x09D\x9b\x9b\xc8\x9d\x17\xc3\xb1\
\x9f\x80c\xbf\xe8\x9da\xaa\xa2\x1f@\xd4)'tm\
}\x85\xa2\x11\x8a\xa4\xff\x97\xd9d\xfc\x82\x1c\xff\x13\x85\
\x13 \xf7\xff;Z\x1f\xc0f\x9b\xc5\xf6\xff\xeaM.\
\x97cKT\xc6\xc05\xe8\x7f\x00\xed\x12_\xd5\x5cv\
\x8e\xfd\xa6\xf2\x1a\xa0\xf2\xeb\xbc\xb6\x98\x0am[\xf7\xb8\
\xda\xbc\x18F\x0d\x09-\x7fY\xb5g\x180z\x0ch\
\xd8\xa3@\xcb]\xadT\xb3\x82\xcf\xeb\x93\xac\x16\xcb\x87\
\xfb\xa7\xcf\x1als\x96z\xec\xc7bhoo\x0fY\
,\x16499\xf9z\x8f\xc7\x93\xd4\x8e\xa1\x01=F\
\x06T\x9b\x84\x85gQ[^\x03\x0f\xff&IZ\xf3\
\xda\x9a\xef)\x8d\x8f\xe3\xe4\x07\xa1\x95\x5c2=:\x80\
\xee\xfbc\x13M$\xf8\xc7\xfa\xdf43S\xf6\xff\x95\
\xfa\x7f|ZG\x8b\x7f\xeb\xac\xcc\xff;\xab\xfd?\x98\
\xfc?\xad\xd7\x0b\xc5\xa7V\xb5;5\xde\x03x\xf2\xae\
\xb5\xe2z\xb4\xf7\xe6\xe0}\x81\xe33\xb8\xec\x14Z<\
[\x85\xbf\xd2\xaa\x9f\x91\xf3\x80\xc4t:#.--\
\xdc}\xfa\xf4\xa3O\x19\x1d\x1dl\xc2\x7f6\x9fE\x0b\
K6\xb4\xbc\xbc\xf4\xaeP(X\x94\xe8}\x90X\xb5\
\xfdl\x9b\x15X\x5c'\xa8\xc8N\xdd\x9c\x22h\xc4\xf9\
x\xecv\x91\x93\x0b\x04\x0dNQM\xd7\xe9\xf1=$\
F\x9f\xb0\x9a\xf8\x9f\xcc\x00`\xfb?\x975\xce\x18?\
[\xc1?\x89\xff\x1du\x0e\xb0m\xce\x8a\x9c\xf2\xfc\x0f\
\x07\xad\xfeO\xaf\x19\xaf\x85)\x1e\x9bLO|G\xcf\
\x0c\x11-\xbf\x9f\xf7\xbcxf\x1d3\xb8\xad\xc6\xde\x04\
\x9a5\x81\x0a\x0f \x0a\xa2\xcdj\xb5\x9d:y\xf2y\
\xbd=\xddM\xf8'\xfb\xe6b{\xfb5\xeb\xeb\xeb\xff\
\x8cm\x01Ab\xe7\xfb\xe8\x89\xed\xf2\xf0-<3\xdc\
\xb4bDZ\xf7A\xd4\xe8\xbb\xa8\x96c\xd5J\xcd\x86\
\xde\xbebzj\x9dh</\xc9\xff\xc9\x9a\xa6g>\
+)\xf9\x7fr\xfe\xffQ\xe3\x7f~~\x0e9]\x8e\
\x9b].\xa7\x1a\xfe\xf5\xf2<R\x8b\xd7W\x0b\xa7z\
\xb8?\x0dL\xb6\x94\x90x\xd8\xb8\x85$I\xac\x9e\xe5\
\xac\xcf;\xc0?Y\x8b\xf36\xff@_\xefM}]\
\x97\xea\xf3~\xa2q\xf4\x85;\xbf\x80\xce\x9e=\xfb4\
\xa7\xc3q_\xa9X\x12[\x8d\x99p\xb4\xaf\xd0\x93o\
\xa9\xc2\xa3\x03\xe8\x94#\xd4\xfc(\xb6\xff\xa4\x1a\xe3`\
\xcb\x19\xd0\xddg\xae\x95\xd8pC\xee\x91L\xd4\x90\xf9\
\x1fY\x8bQ\xd6\xffmX\xd6\xb7]\x09\xfc/\xcc\xdb\
\x90\xcb\xe9|\xe9\x9a\xcb\xb5\xd30\xff\xabe\xa2NE\
\xc6\xab\xe8\x03\xad\x19\xe9@\xab\xc1\xe1\xf4\xa7\xb9\xfc1\
=\xb2\x9f'\x0e\xa9\xfe>\xc0%\x17h\xbcI\xa5o\
\xb8<\x9ca\xcd\xe9LX\xcc\xe6\xdf\xe9\xbdp\xa1\x09\
\xff\xe7\xcf\x9fC'\x1f}\xe49\x0b6\xdb\xb8T\xbe\
\x99\xea\xfb\x9fk>\x0a\x97\xad\x07\x87\xd9)|q%\
\x15^\x0e\xb4\xfa\x11J\x14\x0eW\xe2\x98\xd5\xdd\xaa\xee\
k\xbd\x7f\x98\xc2\xf3\x161\xfc\xb3&\xe3L\x15\xff\x84\
\xfb;r\xfe\x8f\xe8\x7f\xa7\xe3\x16\xa7\xcb\xb9[?\xff\
\xf7\xb2\x8c\xf3\xd01\xcb\x8b6\xca\x0bx\xe5\xa9\x1e~\
\x98w\xef\xf3\xf5\x8d\xa1\xdb\xb6,\x8e\x00\xb8\xe2Y\xd5\
\x88\xa9\x12\x03\xf0\xb8\xbd\x19\x8c\xff\xbf>s\xee\x94!\
\x18\x0e\x22\xb2\x88\xedOV\x7f_?\xbap\xe1\xc2\x0b\
\xe6m\xb65\xa9:\xdb\x0f8\xfb\xf0\xb0\xae\x03\xf0\xc8\
S^8\xa8\xf00\xa0\xe5\xd3\xa9\xf0$@%a9\
\xe6\x84i\xc6\xf6\xf4\xc7\x19\xa1\x15\xbb\xb8\xe6\x0b\xc9\xf5\
\xbf9\x8b\xd1t\xa7\xc2\xff\x8bm%1\x8fJG\x9c\
\x038\xbf`Ev\xc7\xea\xcd\xae5\x07\xcd\xfe\xe7\x8d\
\xfd\xab\xd5s\xd0\xfar\xab\x0d\x9a\xd1\xe1;\x81V]\
\xb9\x16\x0f!\xa9\xf7\xde\xa5\xf6\xfd\xe6\xd8\xe4\xa0}\x8b\
5\xc3\x8dM\xdb\xab\xb1\xad\x0d$\x93\xc9\xe2\xf8\xf8\xd8\
W\xef\xbf\xef\xde\xb6F\xfcw\x5c8\x8f&F\xc7n\
^]^\x0eaQ!6\x96\xe9\x83\xa6?\xc5\xca\xfd\
\xa2\xde.\xb5\xfe6\x8d>\x04hss\xaa\xb3\x18\x94\
\xc9\x18\x5c\xd8jN\xf2P?o\x1e.P\xe2\xf3-\
\xea\xeb\x99$J/3m\xdf@\x09\x00\x163Y\xd2\
\xff\xc7T\x89\xff\x11\x1b\x00I\xc5\xa3\xc5\xff\xe2\xc2\x1c\
\xb6\xff\x1d/]_\xab\xea\x7f\xf1\x10>\xafT\x7f-\
\x9a\xae\x83\xa8\xcd\x8d5\x0b\x11\xba\x8c\x05\x0d\x1bNm\
\x0f\x02-\xf6\xa3\x16?\xe2\xb5S\x811z\x92!\xb3\
\x18\xa9v\xaa#\xa4\x00\xf2\xf9<\x8c\x8e\x0e\x9fy\xf0\
\x81{OT\xf0_\xa9\xf9%\xfc\xdf\xf2\xe2\xf2\xff\xde\
\xd9\xdeIV\x86\xcaH\xda=\x13\xf4\xf8\xbb4]\xc7\
\xaa\x93b\xe5\x00\xf2\xd8\x14\xc0\xd9w\x90\xe1\x83\x01G\
\xee?\xf0p{\xcc^2l\xde\x92\x95\xa3\xaa\xe0?\
\x8b\xf1Or\xbc\xa5+\x94\xff/\xe3\x7f~\x9e\xe4\xff\
\xdd\xbc\xbe\xe6j\xc6?\xe8\xe4y\xf8|\xa4V{\xc2\
\xab&\xf5q\xecc\x89cO\xd08jI\x83\x07`\
\xf1\xbb\xbc\xb9\xf5\xa0E\x0b\xd6&\x8a\x16\x8b\x05iz\
zr\xe4\xf4\xe3\x8f]\x13\x8a\x84d\xfc'\x12\x09\xb2\
\x0cC\x03}\x06\xfb\xaa\xfd}\xa9\xe4\x9e\xdc\xeb\x9b\xd2\
\xc3\x86\xd7\xc7o\xe5^\xf3\xf6\x85\xd3;\x03\xbeU\xfc\
\xb3\xce\x108\xcf\xb3\x95\x99\x22z\xbf\x03\xd9|\xf2\xfc\
o\xa3\xa9\x1c\xff\x03\xc0\xf8\x87#\xc7\xff\xd2\xd2\x22r\
\xad9_\xba\xbe\xbe\xee.3F|\xb9N\xa0\xdbW\
\xd2s\xed\xf4\xc4{\x19{\xfa\xb2\xf4\xec\xd4\x9a;\xcc\
\xcbY\x1f\xa6v\xb6j`\x94J%i~~~\xd6\
:g}\x0a\xbeg\xf2=L&Sd\x19.^8\
\xdf6;k\xf9\xe7|\xbe\x90W\xefa\xd3\xd4\xebN\
\xa3w\xb6\x1e\xaeN7\x97\xc8\xbc\xc7\xc0\xd6\xc1R\x8b\
zE\xc5\xdf\x03\xbd\xb2\xa0\xd5\xd8\x0f{\x1f\x03\x94\xc8\
\xfc_\x8b\xd9\xfc\x19b\xffc{\x80\xac+\x82\x7f\xac\
\xfb\x7fqcc}Wc\xfe\xb7\x9e\xbd\xab%\xe3E\
\x9d\xdc+\x8f~\xd7\xe2\xa7\xb5\xdeGd\xc4&t\xc4\
\xa5\x98\xb6\x02\xcb\xb6\xa0|\x87\xfa^\x0a\x82 H[\
[\xdb+\xf36\xdb\x8b\x17\xb0\xed\x16\x0c\x040\xf6\x93\
\xf2:\xf9\xc8#'\x8c3\xc6\xef\x17\x0a\xc5b\x993\
\x04J\x8d=\x87~\xe7\xb1\x7f\x00Z\xc1?h\xf6V\
h\x8e\x17\x02\xbbW\x1bh\xf8\x0d\x8d\x17@\xdb\xfe\x01\
\x8d=\xa3\xdd\x87\xbc\xb1V\x80\x95#\x0br\xfc\x8f\xd4\
\xff[\xcc\x9f\x22\xb8\xc4\xc6\x9b\x01\xaf\xa3\xb7\xff\x17\xe7\
\xd1\x9a\x93\xe8\x7f\x97\xbb\x85\xfe\x1fz\xe3o\x8c}\xa1\
:\xcf\x995\x8b\x5co=\x0f\xcfLj^_X\xb5\
\xef\x04\xe8\xd3\x97j|\x85(Q\x06\x07W\xbf\xa8(\
J\x91Hd\xcbd4\xbd\xb6\xb3\xf3\x92\x8c\xffJ\xbf\
\xdf\x8e\x8b\x17O\x98\x8d\xc6\x07\xb1\x8d H\xc0\x9ac\
\xa6\x15<\x03\xae\xf9\xdf\xc0\xe4\xf8u\xd9y\x92\xd4Z\
\xdd\x89\xee\xd13\xdcE\xec\xda\xaaPC\x94\xf0\xc7\x12\
\x95FOP\xcad\xd2y\xd3\xcc\xd4\x9d\xb2\xfd/`\
\xfc\x0bG\x8f\x7f\xdb\xbc\x95\xd4\xff\xbe\xd4\xe5r\xec6\
\xc4\xff9\xfc?*\xf7/\xb1yd\xe0\x8d%\xb54\
\x87\x84\xc3\x09l\xb5\x96Q\xd7~T\x7f\x11\x9f\x1b\xc0\
\x22\xb2\xd2\x99\xbd\xe0\xe4\xe4\xe4\xfb\x1f}\xf4\x11\xd2\x07\
\xc4\x90L\xc4\x11^m\x03\xfd}\xd7NMN\xb6\x17\
\x8bEQ=\xc6\xa8\x1ewl\x98\xd9\xa7\xc7\xbf\x07\xf5\
\x98-O]<0\x84\x0b\xd7\xbc\xbe\x96\xf0/i\xe7\
xK\x12\x9f\xefA\x8b\xa1p\xdc\xc6f\xfc\x03\x99\xff\
\x91\xdd/\x18\x8d\xd3_\x91\xf1_R\xe6\x7f\x1d\xf51\
o\x9bG\xeb.\xe7/\xad\xb9d\xfeO\x82\xfa\xd1{\
\xd0\xd2\xe6e\xd7g\xab\xeb]\xd0\x9d;I\xdbs\x07\
{\x12\xb8\xe5\x16k\x86\x8cJN\x04-'\x1dZ\xe1\
\xd3\xa0\xa96\x9f\x22\xe0*\x96\x00\xd6\x13\xa9\x89\x89\xf1\
\xdbFF\x861\xfeC2\xff\x97L$\x0d\xfd}\xfd\
\xd7\x98M\xe6\xe1\x92<\xe7\x13\xf4\xe4\xf1\xd0\xc2.\x1c\
\xf7\x1fT\x8b\xad\x18\xf2\xb3\xc9\xef\x02M\x19]\xe3\xc7\
\x80.\xae\x85goi\xe6\x9c\xf3\x0c\x8d\xe5\xb0w\xa9\
\xfbZq\xd4\xc4R6\x9d\xc9\xcfL+\xfa\x1fc\xf1\
\x8a\xcc\xff\x98\xc7>\xa4\xcb\xe5\xc4\xfa\xdf\xb5{P\xff\
\x0b\x92D\x9bL\xa7\x1d/\xe5\xf5\xb7U\xe2:\x9a\xb4\
?h\xf7\x1a\xd0\xe2\xd7u\xdf'I\xe2\x9a\xdf\xda\xf2\
L#5B\x8a6'L\xfe1\x9dN\xe7\x8c33\
\x9f\x9b\x9e\x9a\x96\xf1\x1f\x8b\xc6P:\xb5\x8f\x8cF\xe3\
u6\x9bm\x92p\x84\x0cWV\xbd\xc7\x07\xb4,\xd7\
y\x88\x0d\xd0\xf9\x1e\xd4{\xc9N\xba\x00-\x0e\xb9\x15\
n\x8b\xb7\xdfA\xeb\xbe\xb3\xc2\xd5\x90\xfe?9\xec\xbf\
\xfd\x87\x8c\x7f\xec\xff\x83t\x85\xec\x7f\x87\xfd\xa5N\x97\
\xc3\xad\xf4\x88\x974\xe3\xffz\x088N\x1bH/O\
\xa0y\xdd\xa1\xf5~\xbe\xbc\xf2@o|\x08Z\xfc\xbc\
\xa6\xd9g\x18\xff%\xb3\xd9\xf25\xa3\xc9\x8c\x1cN'\
\xc6\x7f\x1c\x15r%\xb4\xb2\xb2\xfa\x14\x87\xddi\x14\x84\
\x92\xa4\x9e\x1f\xcfU\x87\xa5\x85[=\x1c\xb9&o\xaf\
2K^\x93\x03\x06\xfd\xd7No,\x83W\xcf\xf3\xf4\
\xa7\xd3\xe6\xc8\x15\xb5K\xea\x7fsV\xb3I\xc6\xbf(\
b\xff_\x84+\xa0\xffm\xd8\xffW\xf4?(\xf3?\
\x85C\xc4\xaaZ\x8d\xf7\x1f\xc6\x07\xe7\xc1!\x0f7\xac\
\xeb{\x80v\x1cK\x8f\x1f\x00L\x03\xbb\xbe\xa1:\xa4\
3i\x11\xdbm\xdf'\xb5\xfe\x04\xff\xf1X\x5c\xae\xfd\
\xb3;\x1c\xcf\xd9\xd8\xd8\x98/\xe3_\xe9\xe5\x04\xcc>\
\x0d\xbc\xd7\x92e\xcb\xf3\xce\x02\xd5\xb0\x81U\xf9\xd0\x1a\
\xfbX\xd7\x1e\xa8\x93\x97\xd0\xe0_\x01\xdfwT\xfd\x1e\
\xd0Z\x5c\x104|a\xa5\xfe/\x9b\xcd\xcd\x96\xf1\x8f\
\xa1h\xc0\xeb\xc8\xf3\xffe\xfc;\x1c\xb7\xac\xad\xc9\xfc\
\xbf\xde\xb8\x9c\x96\x1eh\xc5\x1f\xe4\xb4\x03\xb8\xf2pT\
f\xd5\x01\xaf\xce\x06\xd0#{\xa0\x89d\xa3\x11\xc5\xac\
%j\xf5\x0d!\xe7\x94\xc9d\xa4\x95\xe5\xe5\x9f\x90\xfb\
gw\xd8\xe5\xda\x9fU\xc7*\xb2\xdb\xed/p\xef\xba\
\x97\xf1\x9eQ\xe1\xd9@\xbf\x0e\x04m\x1f\xf72\xce\x8a\
?\xac\xef!1\xfc*\xde=\xc5\xd4\x1d\xa0\xdb\xf4\xe5\
\x0e6\x10\xe0\xe5\xb1\x5c\xcf\x9a\xcd3\xe5\xfc_\xb1M\
P\xfa\x80\x1d1\xff7\x87\x1c\x0e;\xa9\xff\xdd-\x8f\
\x87\xd4L\x84d\xf8\xd5\x1c\xf7L\xf3\xa9\x87\xae;\x02\
\xee\xfb\x0b\xad\xc8\x9dV\xf7\x91\xa6,\x05\x0d\xd3\xb6\x02\
h\xac'\xc0\xe9t\xdco\x9e\x9f=a\xb4\x18Q<\
\x1eGS\xe3\xd3\xc8\xe5t\xbd \x18\xf0/\x92A\xdf\
\xea#\xbe$\x89\x9e\x0f\xc0t\xb5Z\xe1\x12\x81rC\
8f?p\xc7\x15[\xcd\xfd9\xac\xed\xaa\xd2\xcb\x85\
+_\x9c\xc5\xff\x17\xd2X\xb0\x9bL\xd32\xff'\x88\
\xa2\xa1\xef\x0a\xe0\x7f\xc1&\xd7\xff\xdf\xb2\xe6rn\x97\
S\xc6up\x185\xe6\x10=_\x02Z\x10\xc5\xc0\x17\
\xabc\xbd\x19s\xfb\xe9\xb5ex\xf9\xde\x16z\x1e\x80\
V\x11@\xd3\xcbH\x0d\xc0\xe6\xe6\xc6}'O=\xd4\
\x96H%\x0c\xb1X\x82\xe4\xfe\x1b\x1cN\xd7\xcd\xe1P\
xE\x14EP\xe9C$\xe98gZ=\x1d\x87,\
\xd4\x93\xd2H5qh\xdf]3\xff\x13\x18o\xcc\xc9\
\x1di\xe5o\xf3\xee\x07\xee\xf9\xcaJ\x80\x82\xc4\xff2\
\xb9\xe9\xe9\xa9;{z\xba\x90P\xae\xfd=z\xfb\xdf\
J\xea\x7fn^\x93\xe3\xff 5\xe4\xa0@C\xdd\x18\
\x8f\x0f\xab\x1a'\x03\xa6\xed\xaf5\xaeI\xdb\xcf\x93\xf4\
\xe5\xd8\xb1\xfa\x0fp\xe6\xec\xf3\xdb\x8d\xb4\xb8\x17\x07\xbd\
\xac\xea\xe3\x14\x0ay\xd8\xd9\xd9~d\xa0\xbf\xefz\xa2\
+\xb0\xfe7<\xf7\xf9\xcf\xc3v\x9c\xf3\x15\x91H\xd4\
\xa9\xe0\x9f[F\xb5\x90\xb7\x0bz{jr\xd8Q\xa0\
U\xa7\x0f\xda\x02\x0a8\xeao\x80\xe6\xdd4\xd5<\xd3\
r\x90A\x9b\xd7i\xac\x1d\x14\x99\x06\xefA\xfd_n\
jr\xe2\x8b\xa7\x1e;\x89\xfd\x7fA^G\xce\xff\xdb\
l\xc8a_\xbd\xd1%\xf7\xffhJe\x035.\x1d\
\xd8u\x7f\x92\xb6\x5c\xe0\xe2\x14\x18.y='&\xe9\
\xcbK\xd7\x98\xfd\xc6\x87\x7f\xdef\x80|\xfe\x07H\x1c\
<}57\xb9X,\x82\xc7\xeb9\xdd\xdf\xdb\xff\x8c\
\xd7\xbe\xfa\xb5(\x81\xed\x7fr\x1fWWW\x7f5\x16\
\x8f\xaf\x014\x8e\xeec\xced\xe5=y\x86\xec\xa6\xea\
f\xe6\x07\xb6\xe6\xe8\x81\xde\x10\x94\x9e\xd9`LN\x92\
\xc3\xaf\xe4\xe1\xff(\xfd\x7f\xa1\x94Ng\xf2SS\x93\
w~\xe3\x1b_\xbfb\xf8_$\xfd\x7f\x1c\xf6\x9b\xd6\
\xe5\xfe_M\xf3\xbfD\xe9\xf2\x1f@q\x0fY\xfc?\
\x8f\xfeo\x85^j%F\x0c\x12}_h9\xb6\x8d\
\x0e=o>r\xed\x9fD\x92\xdf\xe7\xf5\xfa\xce\xf7\xf5\
\xf5=\xe7\xd5\xaf\xfaU\x94H\xc4\x0d\xbf\xf2\xbf\x7f\x1d\
-\xaf\xac\xbc:\x9eH\xac+4.sNG\x13\x07\
\x0d|x\xe1\xcd\xadf\xe8~\xd0+3\xd9\xd7\x08(\
\xf6=h\xda\xac\xcc\xc2kI_\xae\x8b\x0e\x7f\xbf\x99\
\x7fQ\xe2\x13$\xff7\x9b7NO}\x89\xe0\xb22\
\xff\xfbJ\xe0\xdfY\x87\x7f\x10/\x03\xaf\xc9\x8e\x89\x02\
\xab\x17\x1e\xb0\xe6+\xb6z\x0e\x8d&\x04p\xf2\x01<\
q\x1c\x0e^\x0cX:\x17Tf\xf32}M\x92\xdf\
\xef\x0f\x04\xcf\xf7\xf5\xf7=\xb7\x7f\xa0\x9f\xe0\x1f\x8d\x0c\
\x8f\x91\xb9\x9f\xaf\x8dF\xa3\x9b\xe58.@S\xc9=\
\xb0z^sbRs\xd6_+\x1c*\xe7\x87\x83F\
\x0d5\xa8m\x18\xdd9?@)F\xb9\x1c\xdfQ\x9d\
\xf8\x953o\x0b\xd9\x5c&?c\x9c\xfc\x92$\xf3~\
%\x03^W(\xfe_\xe5\xff\x9b\xe6\xff\x1c\x92\x8co\
\xa1\xc7\xdca\xc7f\xe8\xa9\xff\x87V\xce]\x93o\xd4\
y\xd2z\xf1\x01%A\x10\x83\xc1`go_\xf7\xf3\
\xfb\x07zQ<\x197\xfc\xc2\xb3_\x88\x96\x96\x97\x7f\
\x13\xe3\x9f\xccq\x17\x1a{\xff4\x5c\xde\xcb\x19\xb6\xd3\
3\xab\xb3\x15\x8eTO\x9d\x92ZlM\xcf\xf9\x82F\
-\x09\xf0\xd8\xb3\xac\xe7\x02\xa5\x1eR\x04\xb1\x90\xcf\xe7\
\xb2f\xb3\xe9\x1b\x7f\xfc\xbew ,\xe2\x0d\xa5+\x90\
\xff?g\x9dE\xf6\xd5\xd5\x9b\x9c\x0eGy\xfe'\xb5\
!U\x0b\xfc\xfbet\xfb\xa86\x01hq\xb2\xdcR\
X\x83\x02\xbe\x9c=\x06y\xf7\xb7\xaa\x80\xc4\xf8\x97\x02\
\xc1@W\xfb\xa5\x0b\xcf\x97\xf9\xbfD\x02uut\xa2\
\x95\xe5\x95\xdf\x8a)\xf8/I\x87\x8fi\xea\xb9\xffj\
\x95\xe3z\xf8b\x89\xd67\x11\xf8\xe8V\xd0\xe0\x08$\
\x8a\x9fV\xdbg\xb6b0\x81\x9a\xbf\x0f\xeav\xa8\x1e\
;\x92\xe5\x0b\x93\xf9?\xa5|.\x97\xb3\x98M\xdf|\
\xfc\xd4I$\x08Ey\x1d9\xff7g\xc5\xf8_\xb9\
\xd1\xe5\xac\xcc\xffie\xe6\x053n\x22I\x8d\xf3\xf0\
t\xd5\x15\x01\xcf\x5c]\xd0w^\xb4\x99EM|\x07\
\xab\x8f\x1d\xcd\xbfe\xf5\x8d\xd3[\x7f\xac\x1a/$=\
\x00\xc2\xc1`OG\xc7\xc5\x17\xe0\xc7\x0c$\xff\xaf\xa3\
\xf3\x12Z]Y\xfd\x8dx<\xb6\xd5\x90\xc7u\x88|\
d\xe0\x8b\xd7\x02W?\x15\xce9\xedM\xf8\x05\x0em\
\xa4ic\x80z}\x80Z/\x03\xad\xf7\x12\xd9\x17D\
O\xdf\xb8\x03\x1e\x88\xcc\xff\xcd\xe5\xe4\xfc\xbf\xaf\x9b\x8d\
3W\x0c\xffs\xb69\xb4\xba\xba|\x83\xd3\xe9\xdci\
\xe8\xff!\x1eRW\x1f\xc86j-\x19\xf0\xda\x8eT\
cN\xe2\xef\xc7E\x8b\x15\xc1!\xf6\xac\x86\xfc\x82\xe6\
\xcf\x83\xba\xbd\xa86s\x96\x8dG(\xe3?\x14\xc2\xf8\
o'\xf8\x97\xf9\xff\xfe\xfe~\x82\xff\xd7\xc4\x93\xc9\x0d\
F\x1e\xa7\x9e\x9f\xf9\xef3p\xf1v|qv\xe0\x18\
\xe6\xa8\xd3`\x92\xf4\xe4t\xe8\xcd\x8al\xfd\xda\xd5%\
<\x90\xfa\xffl&\x9b7\x9bL\xffe\x9c\x99F\xa5\
bQ^G\x1f\xff#\xf8_\xb9\x81\xcc\xff\x10\x95\x8d\
\xd3X\xf3\xda\xaa_\xd8\x9a\xdf\x0b\xbcr\xe5r\xdc\x17\
\x9a\xcd\xa6Y;\xa4\xb3\xa6A\xb3o\xa9\x06v@\xac\
\xa9i\x06\x92\xdf\x1f\x0a\x87\xba/]\xbc\xf0\x82[^\
\xf8L\xb9\xff\xe7\xc4\xe4\x14Z\x5cZzU,\x16_\
Wi\xfd\xd1(syg\xb9i\xf1\x97\x94\x1ck&\
\x07\xccq\xcdx\xc7\x0c\xf3\xf2\x8f\xdc\xfd\x9cx\x8c\x1e\
\x9e\xb9Q\xbc\x1b\xa2\xca\xfd\x12\xfe\x7f?\x9d\xce\x1a\x8d\
\xd3\x9f\xe9\xe9\xbet\xc5\xf0O\xe6\xff\xd8\xed\xd8\xfe/\
\xf3\xff\xf8d\x04\xda0J\x89?o\x95\xb1\x07\x98\xa9\
\xd9\xcd\xfd~\xd9RY\x8b\xc4\x03\x0a\x1b\xa4\xaf7\x1b\
\xff\xf3\x1a\xda'H<|\xbb\x16^\x9a\xfc\x8b\x92P\
\x82`0t\xf1Rg\xc7s~\xf2\xe3\x1f\x92\xda\x7f\
435\x8d\x96\x16\x17_\x1e\x8dF\x9d\xc4D\xd0\xd2\
\xf1 \xe9\x9a\x0b\x02-\xe0\xb5\xb1\x06_'wD\xed\
A\xc6\x1f\xeb\xe1\x9e/\xda\xd2kxr\x8f\xb9\xe6\xae\
)\x0d \xc4R \x10H\x98g\xa6?\xf0o\xff|\
\xdb\x95\xd3\xffs\xb3\xc8\xb1\xba|\x93\xcbiw\xf3\xf7\
\xff\xe3\x8e\xe1\xea\x9d\x0f\x06\xa0\x89\x0d\x9e:\x16\x1ag\
G\x95'\xad\xd4\x10j\xf1\xd5:r\xc75dJ=\
\xa7J\xe2\x7f\xe0\xf3\x05.\xf4\xf5t=\xa7\x17\xeb\x0a\
\xec\xf3\xa3\xdb>\xf41\xe4\xb0;^\x84\xf7PM\xfe\
/\xe8\xd4\xa5-\xcf~\xb9\x5c\xf1?h\xfdcX\xf6\
V\xabq\x0e\x9ev\x06\x0d\xf7\x09\x9a\xf2gh\xfb\xe0\
\xc0G#\xb7\xb4X\xcc\xd9WW\xe7,f\xe3\x0d\xcb\
K\xf3W\x0c\xff\xb3\xb3f\xb4\xb4\xb4\xf0\x12\xbbcu\
[\x09\x1bk\xd5\xfd\xb7d\x1b\x1f\xe6\x8e2\x84\x92\xa6\
\xa3\x06:\xc3\xb2\xbak\xf9A\xc7\xdeg\x04\xd1\xb5\xec\
\xc8\x9a\xf6\x5c\xca\x0c\x80\xad\xad\xed\x93\xe3\xa3#O\xb6\
Z,(\x16\x8b\xca\xf5\xbfkk\xeb\xcf\xde\xde\xdd\x9d\
\x17\xe4\xfa?\xf54U`\xcff\x07\x0e\x9b_M^\
h\xdd\x0c\xd6\xdc\x10h0\x9e\x80Se\x83F\xe8D\
k\xc6\x92\x0e\x9f@\xb3\x17*\x11\xb8\xf2|FQ}\
~.\xf9\xbbP'\x17@\x99\xe9(\x91\xc7\x01\x0a>\
\x8f'\xb1\xb4\xb8\xf0\xa1e\xfb\x86!\x97\xcd\xa1B\xe1\
\xe8\xb1/\xe3\xdflB\xcbK\x8b/v\xac\xaen\x80\
(\xd6\xe6\xff@K\x90\xd4\x8c\x93\xb0r\xefUS\x7f\
4\x06\xc9\x1f\xe4,k\x07bA\xe5\xf3A\xd2!\x82\
(\xbe\x1f\xbb]\x0ch\x9b\x96M\x9c\x00\xd4q\xb0\x07\
\xaf!\xb7(\x9b\xcd\x88v\xfb\xea=gzO\xa3T\
:\x8dbq\xa5\xfe\x7f\xcd\xe5z\xea\xc6\xc6\xc6\x9cp\
P\xffK\xf1[U\xcfW\xf5\xfb]\x86^\x1b\x9c6\
\xa2\xeaG\xf2\xf6!\xe7\x9d'\xdf\xf8\xad9\xebX\xa8\
r\xbd\x9c/\xa3`^\xa6\xf1\x15!&\xe3\x1a\xcar\
\x01\xff\x5cR\x96\x92_C(\x9cr\x9f\x0d\xf2\xaf\x94\
H\xc4s+\xcbK\xf7\x8d\x8f\x0d>\xb7\xaf\xb7S\xc6\
\xfe\x95\xc2\xbf\x99\xe0\x7fy\xf1\x86\xd5\xd5\x95-\xce\xf9\
\xdf\x1c\xc2\x99w\x9e\x1bWL\x98\x12\x01\x00-\x8e\x9e\
e\xb1\xb0\xe6\xd5P9$\xe0\x9aO\x0e\x94X\x03h\
\xd9\x17\x00\xf4>\xd1\x07\x8d0\xb0\x00\xc8d\xd2\x22\x96\
\xd9\xffc\xb6\x98P \x1c6Dcq\x14\xf0\x05\xd0\
\xdc\xdc\xdcu+++\x16\xa5\xffW\xdd\xfc\x0f\x89\x91\
\xf3\xdcJ\x7f\x1c\xde\xfe-<\xf3\x87[\x9f\x9b\xa9\xdd\
\x9f\x8dg\xcf\x82\x0e\x0a\xaf\xd9wW\x0e\xa12\x9f\xb1\
<\xcbG\x94\xffOn\x16\x19\xdbN\x1c2\xe5\x1fA\
\xfe\x01\x04\xb1X*\x8a\x89DR\xf4y}\xbb\x1b\x9b\
\xeb_2Y\xcc7L\xcdL\xcbr\xfc\x8a\xe3\x7fi\
\x81\xe0\x7f\x9b\x13\xff\x87\x89\x054\xea!\xbd\xfc\xb0\x96\
\xef\x5c\x91\x11jE\xeez\xe2\xd3z8z=3\xec\
\xa9{\x14\xd8\x9cf\xd5&\xc3\xfb\x87\xf4\xff(\xcc\xcf\
\xcf\x7f\xd5j\x9dE~\x7f\xc0\x10\xc1\xf8'\xeb\xfc\xf9\
\x8b\xd7\x98-\xb3\x13\xc5\x0a\xfe\xa5\xaaQ}9g\xba\
\x1e6\xd6\x03:\xf4\x00M\x19\xe8\xc46\xb7\x0e\x02]\
\xad\xa4\x15\xde\x0er\xb9\xbc\x10\x0a\x862;\xbb\xbbn\
\xfc\xff\x85\xdd\xed\x9d\xc5\xad\xad\xcd\xb9\xed\x9dM\xcb\xf6\
\xd6\xa6\x15\xff\xbc\xb4\xb5\xb95\xef\xf1x\xe6|>\x9f\
\x09\xaf!\xaf\xd7w\x9f\xcb\xb5\xf6\x89\x89\xb1\xc97\x18\
\xc7\xa7\xae\x9f\xb5Z\xd1\xe2\xf2\x92\x8c{\x92\xf7WY\
G}X,f\xb4\xb2\xbc|#\xb6'\x1b\xe7\x7f\xb2\
\xf4z\xabzB-\xcf\xfd0\xb3\x969\xeb\xf3\xe1\xa8\
z8r\xed\x11\xa9\xb9\xee\x81\x16_\x05u\xfb\xf7@\
\x84\x91\x1c-\x8c\xff<\xd6\xf5_\x98\x9d\xb5\x22\x1f\xc6\
\x7f,\x1aEx\x19\x1ez\xf0\xc1\x13\x93\x13\x13\xdd\xc5\
\xfa\xfe\xbfj\xf3\xc5\x0f\x13\xd7\xd5\xcb\xe9\xb20\xaf\x87\
;\x00\x8ez)\xca\xbd\x04\xb5X\x84\x9e\x1e\x10\xaa\xdf\
\xafX(H^\xb7w{ue\xe5\x7f\xd6\x5cko\
\xb6\xccZ_a4Zn\x9e\x9f\xb3\xbdl|r\xfc\
\xc6\x89\xc9\xb1\x1bL\xd3\xd37OLN\xded6\x9b\
_\xba\xb8\xb8x\xcb\xe2\xc2\xc2\x0ds\xb3\xb3/\x9c\x99\
\x9az\xe6\x94y\xe6\xc4\xd8\xf08\xean\xef@\xceU\
{5\xe7\xf7J\xe2\xdfl2\x91\xb8\xd1\x0d\xf8;\xd4\
\xea\xff:\x7f\x8cA\xa4\x00\xc5\xe7\xd5j#\xa4w\x5c\
F\x0b1\xe4\x96hGV\xdfr\x89\xb1\x87Y{\x8f\
bk\x82V\xaf\xe2\x1a\x16\xab\xd6o\xc5\xfe?v\x00\
\xb0\xdd\xf6I\x93\xd1H\xf0\x8f\x12\x18\xff\xc9`\x10\xdd\
\x7f\xef\xfd'\xa6&'\x1f*\x16\x0bBmJ.G\
\xfd\x8c\xc6\xfd\x01^y\xdf\xe2}\x00\xce\xfcM-.\
H\xf5\x8b\xea\xa9\xcb\xe4\xd57\xb0\xb7\xb7'a\xfd=\
\xb3\xb8\xb8\xfc\xea\xce\x8b\x17\xaf\xf1\xed\xf8\x90\xc92\x8b\
\xf5\xe9\x1c\x1a\x1f\x19C\xff\xf0\x0f\x7f\x8f\xce_8\x83\
:/^@f\x8b\x05u`\x8c\x93~\x8d\x0b\x0b\x0b\
\xa8\xaf\xa7W\xb6\xf31\xde\xdar\xf9\x9c!\x97\xc9\xc9\
\xbf7b\xff\x8a\xe8\x7f\xb3\x91\xf0\x7f\x18\xff\xcb;\xe5\
\x0chQ\xff-\xe4\xbbv\x8c}H}?8\xc4\xbe\
\x03\xaao\x07\x87\x89\xfd\x1e\xa6o,\xa7\xcbLQ\x7f\
\xe5T\xcal6\x13\xb5\x98M\x1f\x9c\x99\x9eD\x81P\
\x08\xc5\x13qy\x9d|\xe4\xd16\xe3\xcc\xcc7s\xb9\
l^*\x0fs\xa8\x976U\x8a\x01\x98=\xb4A\xd2\
\xe2\xbby\xa0\xa4\x1d+\xa3\xf3E\x92\xce\xd2\x89\xd6\xe6\
\x1aC\x93\xed\xafR\x9b_\xe5\xf3@I\x8f\x03\xb1T\
*J\x9b\xeb\xeb\x8b\x83\xfd\xfd\xbf\xf9\xa3\xbb~\x88\xc2\
\xf8\x1e\xac\xafo \x8ceT\x12J2\x96\x8bBQ\
^\xb9B\x1e%\x17\x9d\x08\xcbly\x15\xf2\x84\xdb\xcf\
!|\x8fP&\x9b\x91_C\xfe}\xa2\xf0?7k\
A+KK/v\xda\xed$\xff\xbf\xfc\x1d\xb9\x93!\
[\x9d\xf9(\xa9\xe7\xa1\xe9J\xa3b\xcd\xf0\x86f\xde\
]\xedO\x8d\xf9\xb9\xc0;_To-C#\xaf \
\xd1\x1b\xef\xd5\xb5\x85\x87F\xfc\x13\xe4f\xd2\xe9]\xdb\
\xdc\xdc\x1b\xc7FFP\x00\xeb\xfdD<!\xafS'\
\x1fo\x9b\xb3\xda>\x9a\xc5\x9bK\xe6\xa2k\xf0.5\
\xd6\xb0\x80j\xed<\xe8\x92\xe9\xc0\x9c\xbd\xaa\xc5\xcf\x82\
\xc4\xfe`\x8d\xdayn\x0e\x86\xafG7\xbb\xe3\x8c\x12\
\xe3S\xbe\xaf\x18\xf4\x07\x84\xfe\xee\x9e/\xfc\xc9\xbb\xdf\
\x8bq\x0b\x06\x92\xa7Op_\xbb\xae\x96\x83\xe0\x7fu\
y\xf9\xc5N\x87}[\x8e\xffUs\xc7\x01\xa8\xe5\x8a\
\xf4\xe0\x96\x96/\x06\x07\x22U\xad \x1d\x80r\xa3\x81\
\xe7}\x9b\xe3\x81@\xdd\x0b\xd0\xccC\xea\xd9W\xacX\
\xb4V\xfc\x0fTx\xc9&\xb9X\xd3\x18\xbe6KL\
n\xed\x19\x0a\x06\x1d\xf36\xdb/uuv\x10\xfe\xaf\
:\xff\xbb\xb3\xe3\xa2\xc1\xe9p\xbe#\x95\xda\xdb+\xf7\
\x00\x90\x9aq\xae\x9b\xeb\xa0\x7f7\xf5\xc0\xa6\xc8a3\
\xa8\xf6\xedS\x8f\x11\xab\xcan\xd0\xde\x03Uc\x068\
m\x8e\xa6\x7f\x9b\x86\xa7\xe2\xa3\x80}\xfe\x95\xe5%\xfb\
\xa5\x8e\x8e\xd7\x0e\xf4\xf5\xa3b\xb1\x88DQ@\x02\xc6\
\xbcx\x15\xe2\x9f\xf8$D\xff\xdb\xedU\xfc\x0b\x1cq\
-\xaa}^\xd3k\x9d\xc7\x0e\xd3\xc6\x19ex\x0d\xdb\
\xdf\xe6\x9a]\xc5\xbb?9b\xe8\xda\xf3R8\x07\xc4\
\xb1\xfb\xd8\x93$\xd1RIr9]\xb6\xf99\xdb\xb3\
\xa7\xc7'\x90\xcf\xe7G\x89d\x82,\x83$\x15\x91}\
\xd5\xfe\xeb\xf8\xb1xu\x94\x13=\x9e\x00:\x93\xed\xf4\
\xcca\x90Z\x965\xcc\xb9\xf2\xc0\x15\xab\xa9k\xac\xa7\
\xc21\x80\xc6y5\x0f\xa9T.?\xa9\x8dI\xef\xef\
I\x03\xfd=\x03 \xc0S\xb2\xe9\x0c\xc6=\x94W\xa9\
n]-\x87u\xd6\x8cVW\x96^\xe2 \xfc\xbf\x8c\
\x7f\x89#\xffG;&\x06\x94y\x7f\xc0\xc4\x1dm\xae\
^\x9d1\xc2;[\x90\x96\xeb\x0f\xecX;\xc5\x02\xa4\
\xf7-\xe5\xed?\xda\xf4\x1d\x81K\xee@\xdd*b\xdf\
sn\xd6:m\x9c\x9e\xb9\x9e\xe8\x9e(\xe1\xfe\x12)\
y\x0d\x0f\x0e\xa2\x99\xe9\x99\x9b\xd7\x5c\xce\x90\x12\x7f.\
3\x06\xe5{J\x19\x84\x07\xf5fnS\x02\x1e\xbbo\
#\xe8\x9e\xf5\x0c\x8ck\x0b\x94Zb\x96\x13\xa0e\xa3\
\xf1\xda \x0c\xf9[\xae\xbf\xc2\xd7\x91\xf0~\xa7O\x9f\
:M\xfcu\xfc\xd0\xd5\x8f\x7f\x0b\xc1\xff\xca\x0d\x8e\xd5\
\xd5\xf2\xfc\xdf\x83\x18\x09\x00ME5\xc5\xe2)jF\
j\xec'T\x99q\xc1[\xaf\xa5\xd6;\x98G\xef\x00\
#\xf7\x97\xe6\xd4\xf0\xd8\x03jX\x109\xe2[\x92J\
\xdcO%\x00\x00*\x01\xd6\xba\x8f\x81b\xb1 \xcdL\
M\xf7t^l\xbf&\x18\x0a\x1a\xf0\xaa\xe2\x7flt\
\x04\xf5\xf6t\xbf\x10\xdbs\x1br&j\xcd\xad\xa4\x18\
U\x0d\x89r@\x9b\x17\xa6\x9b\xd7\xd4\xd9\x1f\x95\xc6\xbf\
P\xb9\x05\xa0\x07%\xa0!n\xc2\x1d;\x86z\xbd\xa5\
\x16\xbf\x15\xf71\xfe/\x5c8\xfb\xb0\xdc\xa3\xbbt\x80\
\xf3\xab\x16\xffV+\xe9\x1b{\x83\xc3!\xf7\xff>\x88\
\xff\x1d\x18\xf2|}\x22\xb4\x13\xf4Y\xfe6O\x8c\x9d\
;\x1f\x91\xcf\xae\xe51\xd5\x9b\xf6%\x87\xbe\x00\xb5\xd8\
hSN\x92\xfa\xc5;\xc8\x82\x87FO\xb6\xec\xcb\xe7\
\xf3\xf9\xa2\xc9d\xfc\xde\xd0\xe0\xc05\x81@\xa0\x0d/\
\xf9>&SI\x8c\xfd\x1e4\xd0\xdf\xff\xec\xb5u\xd7\
 v\xe3j\x879\x03_\x0f\xbd\xc3\xf5\x05\x02\xdd\x22\
\x80K\xbe\x1c&\xee\xc2\xf2#\xb4\xfc\xd9\xfa\x0d\xae\xdc\
Y\xa2\xffK\xbd\xbd]w?\xf8\xf0}\xa8\x98+\xa2\
\xab\xfd\xd8X[C.\xd7\xda\xcd^\xb7\x9b\xe8\x7f\xb1\
\x9ao\xaf\xebjC+<\x92\xee\xb9_\xa0[\xbd\xe8\
\x8eM\xb42\xc7\xa5\x95\xb9\xaf\xacYJ\xea\xf6P\xf9\
\xbf{{\xfb\x99\xa5\xc5\xc5\x8f\x9c~\xfc\x94!\xe0\x0f\
 \xb2\xc8A8\x00\xfc\x5c\xc3\xf8\xd8\xd8\x93<\x9e\xdd\
\xaf\x17\x8ayA\xa2\xf7\xb5\x01\x9d\xf7\x92s\xce%\xf0\
\xfa\xec4\x7f\x0f4C\xb9\xda\xfcl+\xe7\xaf\xe2\x97\
\xa8\xed9\x10\xd3\xe9\xb4\xd4\xd7\xdb}\x0a\xff\xde\x96\xde\
\xcf\x5c\x95\x98'\xb3E\xe4\xf9\x22\xa2\x88\xe2\xb1(\xc9\
\x01~W*\x95\x885\xe7\xfeB\xaby7\x94Z\x1f\
\xd0\xd0\xe3Mf\x84\xa8Q\x0f\xcc\xd3{\xa0\xf6\xb3E\
\x15\xbf\x97\x07\xff\xa0\xe2Kr\xcc\xd5\x04-\xdeQ\x92\
\xd8}\xd6\xeb\xaf#\x16\xd0>\xaf?\xb9`\x9b\x7f\xf3\
?\xfd\xdd\x9f\x22\xbf\xcf'/r\x90\x19`\x85B\x01\
ML\xcd\x19\xdc;;\x1f\xdeK%\xc5z:VK\
\xe6r\xcd\x08\xd2S\xefN\xc5\x5c}m\x93\xee\xcd\xa5\
\xb3\x97\x18\x13\xe3\x9a9\xc8P\xe7\xcb\x82\x98\xcdf\xa4\
\xa9\xc9\x89\xa1@\xc8\xff\x0c\xaf\xdfs\xd5a\xbev\x11\
\x0e#\x9bN\x1bfg\xad\xdf\xc5{\xa7\xd4\xe0\xaf\xeb\
\xe9\xab\xa7'\x97\x06\xd8\x5c\x9b\xa4K\xce\x83v\xfe=\
\x80v=\x8a\x1e?Dc\x9b\xe8\xca\xffg_\x13\xa8\
\xe1K\xca\x144\xf6\xd3\x22\xd3\xd3\xd3\xaf\xbc\xd0\xde\xde\
\x84\x7f\x92\x07\xecZq\xa0\x0d\xe7\xda\xdbc\x91h\x01\
\x9aj\x80\xb8l~\xbd~\x00\xef\xec\x9f\xc6\x99W\xb5\
y\x09\x97k\xae\x9f\xea\xbc\x14\x0e\x8eOb\xc7\xab\x0f\
j\xfd\xb0\xcf\x0f;[\x9b\x1b3\xc6\xc97\x1aM\xd3\
\x88\xd4__m\xf8/J@\xf2\x92\x0c\xdf\xfe\xee\xf7\
\xd0\xcc\xf4\xf4\xafD\xa2\x11\x9b 6\xcc\x8c\xd0\xe1\x05\
\x00p\xf9\xfd<\xb1 \x1eY\xc2\xa3\xcf\x80\xc2\xcf\xe9\
\xb5ah\xdc\xa0\xce\xd9\xd9\xd0\xcau\x81:\xbeT\xce\
\xe7\x03q\xd6b\xd9\xb9p\xfe\xc2K>\xf4\xd7\x7f\x8b\
\xbc>\x9f\xc1[\xc6\x7fE\x06\xd8,Vd5\xcd\xfe\
n\xd0\x1f\x88\xd4$\x10\x80\x06\xf6\x81\x11\x87\xd3*`\
\xd6\xca\xab\xd1\xc4\x19\x957\x80C\xccb\x04=1^\
\xed\x99\xcb5{I\x88\xc7b\x92\xd9h\xfc\xea\xc3\xf7\
\xdc\x83676\x94\x5c^A\xb8j\xf0O\xce\xb7\xb7\
\xaf\x0fu]\xea~\x9e\xcd6\xff\x10\xf6i\x94>\x04\
\xf5I\xff\x97\xa3o\x0b\xef\xdcn\xad\xf7\xd2\xea\xcbI\
\xb5[\x81]\xd3\xc5[\x1fF\x8b\x81\x89\xbc2\x843\
\x96\xd0\xfc\xb8\x82{\xa5\xef\x9f(\x80m\xce\xda\xf3\xd0\
\xfd?y\xd6\xc5sg\x08\xfeQ-\xfe\x13\xf1=D\
z\xc7\xceLN\xbc\xd2\xe3v\xcfa]%\x89\x95\x18\
8p\xde\x1b\xa0\xc5\xe0\xf8\xf3@A\x9d;\xa7\xbe\x11\
UX\x82\xee\xfd\xc4\xc3\xd5\xf0\xd88\xa0\x12\xc3R\x16\
\xfe_\xa9X\x94\xd6\x1c\xce\x95\x81\xee\xee7\xdcy\xc7\
\x17\xd0\x8f\x1fx\x08\x15D\xacWK%T*/\xa1\
\x04\xd5U,\x96P\xb1\xa0\xac\xcaQ,\x8ax\x09\xca\
\xdf\x8a\x07\xb2\xa3\x98/\xc9\xabP,\xa2\x82\x80W\xa9\
\xa8<\xaf *\xcf\x95\x7f/\xc9\xabr\x14\x8a\x05\xe5\
\xf9%\x01\xbfFT\xc5\x7f6\x9bC\xf8z\xa2d2\
\x85\xa6\xa6'H\xcf\x9f\xe7\xcf\xccL\x7f7\xe0\xf7\xef\
IJ\x7f\x02\xb1\xb6V\x14TX}\x9d\x84\x9bZ>\
\x15\x8b\xd8iU\xde\x00\xc3\xdd\xd6hh\xc9\x98]\x0c\
\xba8%^\x99\xc8c\xd3\xaa\xf5\xa7\x872\xf7,:\
\x1d\x8e\x7f?}\xea\x91kM\xc6iU\xfc\xdb\xac\xb3\
h\xd1f{\xc6\xda\xda\xda\x8f\xf7\xf7\xf7%\xb9dX\
U;\xf2\xcf>\x016\x17\xcbw\xef.[\xd5\x10\xc0\
a\x08`\x9d\xdc0\x95+L\xc4\xa2\xd2\xe2\xbcmj\
n\xce\xf6&\x8f\xd7wm \xe0\x97g0\x93\xfb\xf0\
go\xf9st\xe3k_\x8e\x7fz\x9a\xack\xc9\xe3\
\xe4_A\xf9Y^\xe8\xcf\x11\xca\xe5\xb3\x86|./\
\xff\xed-\x7f\xfa{\xe8\x813\xa7\xd1\x0f\xbe\xfdi\x94\
\xcd\xe4\xe4\xc7\xe3\xf1(\x9aY\x9cF\xf8\x9e#\x7f\xd4\
\x8b\xf2\xc5\xbc\x01\xcb\x03\xf9\xf9\x93\x8eE4=\xb6\x88\
\xe6\x97\x97\xd0\xa2s\x01\xc5\x13)C2\x971\x18\x97\
G\xd1\x03'\x1fF\x97\xceu\xa3\xf6\x0b\xe7\xd1\x85\xd3\
\xed\xe8bG\xbb\xa1\xb7\xb7\xdf\xe0r\xba\xda\xfc~\xff\
\xf5\xcb+K\xafw\xda\x1d\xa7\xe3\xd1hN\x12\xc5b\
\x95\xf7\x03I\xd2\xb3K\x80w\xbc%_\xecMo\xe8\
\xa9\xb9\xe7\x0fp\xe9_>\xbb\x1f\x98>\xfea\xb74\
\xb5\xc7\x8d\x0a\xaeD\xa5\xeb\x8f$x<n\xd1l6\
\xbf\x7ftx\x049\x9c\xf6&\x19O\xf0\x9fH\xec\xa1\
\x81\x81\x1ed\x9c\x99\xfad$\x12\x96\x0e8]\xa8\x9d\
E\xab\xab\xef:\xa8\xb8\xe8\xfak\xf2\x81\x03g@\xeb\
\xa1/j\xd8\xe9\xec\x183\xdf\x5c\x12\xd6\x9c^UY\
\x9e\xc9\xa4\xc1\xbd\xb3\xbd\xbe\xbe\xbevo\xc0\xef\xfb\x0b\
\xacK\xdf\x1c\xf4\xfb\x7f3\x14\x0a\xbc!\x10\xf0\xbd!\
\x14\x0c\xbc>\x14\x0c\xfd^ \x18|]0\x18\xfc\xdd\
p8\xf4\xfaP8\xf8\x86p8\xfc\xa6H8\xfcf\
y\x85Bo\xc2\xf7\xe9\xcd\xb1X\xe4\xf7\xb1_\xf1\xfb\
\xd1h\xf4\x0fc\xd1\xe8\x1f\xc5b\xd1?\x88\xe2\x85\xff\
\xf6GdE\xa3\x91\xb7\xe2\xbf\xfdQ$\x1a\xfd\x83p\
$\xfa\x96h,\xf2\xf6h$\xf4\xceH$\xf2\x9eH\
$\xfan\xfc\xef;\xb1\x1f\xff\x8e0~\xcc\xef\xf7\xe1\
\xe5\x7f/^\xef\xf3z}\xef\xdf\xde\xde\xfe\xe0\xc6\xc6\
\xc6\xbf\xee\xee\xba\xbf\x8d\x7f\xee\x8d\x84\xc2\x1b\x99tZ\
\xb3'\x17h\xc4\xea\x19\xfb_d<\x0et\xe1K\x1b\
\xf3\xdcdB@\xf3\x9cr.\xfb\x92\xc1\xbdiq\xf5\
\xcd\xb9\x89\xc0\xfe\x8e\xb4\x5c\x02\xf5\xf8\x9e\xba\x10\x92\xfb\
DU\xe6\xb2mn\xac\xed\xf5vw\xbead\xa8\x1f\
\x85\xfc)U;\xcf\xbd\xebE#\xc3C$\x0f\xe0\xef\
B\xa1`V\xb6\xed\x94\xba5A\xa3O\xafD\xe9\x05\
\xc6\xc3\xff\xf3\x8aD\x0d\xee\x9e\x96\xaf\xc7\x08\x9b\xd2^\
Sk&\x80\xae\xdcDZ\xfei\x832Pze\x93\
^\xec\xc5|\xbe\x94L&\xf7#\xe1P<\x18\xf0G\
1^\xe3\x18\xeb1\x8c\xc9(\xc6q4\x12\x8b\x86#\
\xf8\xb7\xd4\xde^|o\x7f/\xb9\xbf\xb7\x1f\xdfK\xed\
%\xf0\xc2\xff\xa6\xe2\xfb{{I,K\x92\x18\x93\xf1\
}\xb2\xf6\xf7c\xf2J\xef'\xc8\xdf\xf6\xf6R\xf85\
)\xf9\xf9\xa9d*\x96L$\xe3\xe9\xf4^*\x93\xc1\
+\x9dI\xa6\xf1\xc2\xcfO\x90\xe7a_>\x85\xd7^\
:\x9b\xd9\xcb\xe5r\xa9l.\xbb\x97\xcf\xe7\xd3x\xe5\
r\xf9<v\x15\x8ar\x97\xc22\xaf$\x00W\xffi\
\xa0\xd4\xd4\x81\x9e\xd8>O.\x07+\xce\xcb\xcb'4\
b\x8dQ_\xc3\x1d\xbf\x12y|Ff^*\x00c\
\x7f\xab_\xff\xf2\x0cO\xb9\x99\x14\xe9\xe9\xb7\xb5\xb9>\
\xd7\xdb\xd5\xf9\xca\xf1\x91a\x92\xb3\xa1\x8a\x7f\xbc\xff\xd0\
\xd4\xe4\x14\x1a\x1f\x1d\xff\xdd`8\xe4\x10\x95\xa4\xee2\
\x87\xc0/\xcbA\xdd\xdc\xe7\xae\xf1\x92\xb4\xfb\xa6\xeb\xc9\
\xe9\xe2\xe6{8\xa4P\x0b\xb1BU\xd3\xac\x5c\x13X\
\xe9\xf5%\x89\xe5\xda9\xa1\xbcjx\x03\xc0\xa0#r\
X*\xe1\xe7U\xfe&(\x8f\x81\xfcx\xd5\x07W\xfa\
\x06\x92\x9f\xc9k\x84\xf2\xe3Bu\xc9\xcf\xaf\xbeF\x90\
*\xfd\x04+\x8f+}\x05\xc5\xeagH\xd5\xf7(\xd5\
\x9c\x97\xd0\xf0<^.]\x8f\x1f\xd5jlIb\xcb\
\x06\xa0\x19\xe5Z\xfd\xbc\xa0\x99n\x90\xb4t1_\x9f\
\x1a\xe0\xbeN\xbc}\xc6k\xfb\xca\xca\xbe\x7f*\x95\x92\
\xec\xab\xab?\x9a1N=\xcdf\xb3Ry\xde\xf8^\
\x029VW\xf1Zy\xc6\xda\x9a\xab\x0bK}\xe9\xa0\
\xa6\x0b\xf4\x5c\xecVy^hb\x13\xe96\x9a\xde>\
,\x9c\x03\xc9\x98o\xa8g\x96\x93\xd6\xdf\x94\xbe\xbf\x95\
J\x8b\x03=\xf9\xff\xb7\xf7%\xd0\xb1\x5c\xe5\x99\xb7\xf5\
l?\xdb\xc1~\x80\x13\x02\x84\x8cq|B\x02\x0c\x90\
\x03!\x90\xc3$N\x8e\x87\xf1$\x0c\x09q\x96\x19\x92\
8\x09\x9c\x03aX\xb3\xcc\x18\x18 \xb6c\xc0&`\
c\x1b\xdb\xcf\xbb\xfd\x9e\xed\xb7IO\xfb\xbe\xf5\xaa^\
$\xb5\xa4\xd6\xbe\xef\xeaV\xef\x9b\x96\xee\xae\xaa\xbf\xe6\
\xde\xeaE\xbdT\xd5\xbdU\xd2\xf3{\xc6}\xe1Zz\
\xba\xeaVu\xd5\xfd\xff\xfb\xaf\xdfW${\x05\xee\x16\
Av\xe60\x05D\xb9\xba\x1b\xa88\x83\x0a8\xa3b\
9W\xe1A\x9cX,;\xb3\x04\x95)\xd7\xaf)j\
\x90[\xbd{\x9d^\xfb\x07\x9a\xf0\xf3X\xce'\xd6\x98\
?\xedLc\xc6\x07\x00\xed\xb9\x91\xf2\xbf\x9b\xb7\xcfx\
\x9f\xcf'\xf6\xf5\xf5\xdc\xfd\xe2\xcb\xcf\xa1\xd5\xc5U\xe4\
\xcf\xd5\xfd\x96\x8fX\x9c\xf4\x02F\xd0SO>\x81\xac\
V\xcbK;\xd9\x18 \xa7\x10\xcee\xd5\xd1\xac\xb1P\
\x95\x9f\x83\xca\xdf\x05\xad:\x86\xb2\x06r\xf8_\xaau\
\x00E\xbd\xe2\x82\xcauAe\x5c\xe2\xa0-\x0d\xc4\x02\
\xb2\x0a\x88\xf2\xbd/,\xf9\x9f\xf28\xb4\xfck\xa1B\
?\xb0`\xed\x09e\xb6\x01\x88\xf4z\x1fF\x9cX\x16\
\x9c\x17M~\x22M\x0f\xb1\xdcG-v%\x88\xca}\
\xc7\x02M&dn\x04Py\xec\xe8\xe7]\x1e?\x9a\
\xf7nm\xed\xb447\xdd\xd5\xd4\xd8\x80|\x9b\x9b\x8a\
\xf2\x1f\x8fD\xc94\xbc\xf0\xe2\xd3\xc8d\xea\xfbF\x1c\
\xbb\x84\xd2\xf9\x0fyw\x829GqT\xf9\x8e\xc3\xc4\
F\xb5\xd8\x9ae\xf1J\xa6w\xd4b\x93\xc8\xff]\xa8\
\xec\xeb\xd2p&\x02\xe3\xcfE\x15}\xc6\x98\x8aU\x94\
u\x8d\x00?ZS\xc3\x9a\x9f3;7\x80\xa6\xcf\xa2\
\x8e\xd1OIk\xe8\xadY\xa2\xc5\xbfi\xd7!\xf9\x88\
\x99LZ\x98_\x98\x1f\xed\xed\xeb\xfd\x10\x9e\xc8\xbb\xe5\
\x95\xa6\xac\xfd\x1f\x0eK\xf3\xa9\x93O\x11>\xd0\xf7\xac\
\xaf\xad-\xf1<\x97uRE`\xaaW\x00U\xbf\x88\
\x15\x8f\x1f\xf4p\x8c\x1e\xeco\xa0]RE\x9c\x19*\
]\x0ev\x9dA\xb7\x05eS\xa2Z1\xa0\xd4~A\
\x83\xdd\x03\x94\xd8\x97\xe2[\x1c\x01G\x13\x93\xfc\xd3\xb8\
\x15\xb5`K\xc8\x91\x00(\xf9-\x8a\xf1\xf4\xb2#\xba\
,\xa6\x094\xfdB\x8b\x13\x8a\xc5 =\xf2\xe7\x10\xa8\
(\x22E*T\xe2?\xa6I-\x7f_o\xd7\x19\x91\
\xd4k\xe3I0?\xb6(\xf2\xbf\xb9\xb1\x89\x86\x5c\x83\
\xd7\x8f{\xc6\x07\xd3\xe94\xc1\x0d\xe7\xf2\xd8n\xa2r\
\xef\x82\x9a=-R8@Y\xe5\x5cS\xad\x0e\x88\xaa\
<>\xec\xe7te,\x9b\xb5\xcf[->K\xd3w\
Z\xeb\xe2T\xee\xbdR\xc8\x8b\xc5\xee`\xc1}\x05\x16\
N\x0b`;.t\xf5\xc0\xcb\xf6\xdf\x00\x1b\xfe\x9eZ\
\xdc\x99\x829\xc8\xe4o\x00\xc5W\xaahG\x07Y\x9f\
AK\xfb2\xe4\xf8\xa1 \x15\x89Dv[\x9a\x1b\xef\
knj@\xd3C\xa3\xea\xf2\x8f\xed\xff\xb0\x84\x07\x18\
A\xe7\xce\x9e96<4\xf4\xc8N2\x99!)\x04\
\x01@\x07\x0f&\xb5\x1fJ\xa3o\xae\xb4?\x80\xf1\x0c\
\x05f\xae\x85\x83$\x90l%!K\x1f \xcd7U\
\xebeT\xca\x19h\x89\xabh\xb1\xa3A]\x7fk\x8a\
\xb1\xe8\xe1\x84Q\xb2M\x04\x91\xb9\x0e\x9b\xa6\x13AO\
\x1c\x0a\x94}v\xa0\xf9\x12Pdg*\xe3\xc9k\xb3\
\x01UzeK?#\xe1\x95\xc1R\xcb\xaf\xac\xae.\
\xdb\xac\xd6\x0f\x13\xf9\xf6y}R\xdf\xaf\xd7\xbb\xa5*\
\xff\xb1h\xd4\xf0\xe2s'\x91gt\xf4w\xd6VW\
\x13\x90\xcd\x1di\xcc\xc5\x1e\xc9\xfe`\x89\x9b\x8a\x0a\xcf\
Y\xdf5AI\xeeDo\x8c\x13(v6\xfd\xbe\x80\
.NY\xbd\xfe\xb2V\xfbC\xcb\xf3\xd3{]\xac1\
f\x16~(\x15\xddA\xc5\x85TzN\x82Bl\x84\
\xe530\xd8\x0e\x8a\xb5>JvQ\x89\xfd@d\x96\
p\xfd\x0e\xba\x06\x9d\x16\xb3\xe5\xfa,\xde\x87\xd7\xb0\xbd\
\xbd\xad*\xff\xb1H\x98L\xa9\x16\xb5\xad\xb5\xe5W\xc7\
\xc7=+\x82\xc0\xf39h\x07`\xbb\xa7\x9a}g\xbd\
:\x81\x16;\x90\xc3\xeb\xd3\xf4\xac\x81\x1a'\x06-6\
\xbbB\x8f\x16s=\x04\xcb},\x8fC\xd3\xf2(Z\
\xa11\x04\x91\xc6I\xcc\x0e\xbbB\xc3m\x82#\xc8\xf1\
(\xc5\xe0\x05y\xfb\x02\x14r\xfejq)%\xbb\x12\
@\x83.+\xd9O\xf2\x98\xb6j\x98t%\xd8\xc0$\
^\xc7\xed\xec\xee\xee;\xec\x8e\x07k\xcf\x9d\xbf\x0a\xcb\
\xbd\xc1\xeb\xdd\x94d_I\xfe\xa5\x1c`V\xfe\xa5:\
\xf3\xa6\xc6\x8b\xd7O\x8c{\x1e\x8e\xc7bR\x9dH\x19\
?\xb5\xb2}\x0f\xcc>\x81\x9ex.\xcd\x0f\x05\xf56\
 \xda\xde\x01\x96x\xbbZ\xd4\xf7\xd0\xc5\xe9\x14'Y\
G\x8e\x0aTl\x16\xd0x\x7ft\xd7m\xeb\x08\xfb\x83\
R^\x82\xb1\xef\x1e\xa8\x8er\xa5\xcfWha\x04\x8d\
qw\xbd\xb8\xb6\xeavS\x09\xe4g\xe5^\x84\xca8\
\x0e\xe4\xf0\xfb\xd3\x9b\x9b\x9b\xb1\xd1\xd1\xd1O\x9cz\xe9\
>l\xfboa\xdb\x7f\x8bI\xfe\xa3\xe1p\x96\x13\xe0\
\xdcY\xd4o2\xde\xb9\xb2\xb2Bb\x89\x19(\xad5\
\x11\x19eYAW\xb0`\x86\x80\x86\xda\x1c`\xf0\x09\
A\xabL\x82~}\x04\xf4\xfb\x02\xac)\x94CX\xf8\
\xfa\xf4\x91\x16\xff\xf8\x90\xdc\xcd\xear\xaa\xf01d1\
)U\x18\x7f\xb5r\x00\xb2\xdei\x95\xf7\x02\xc6\xfc\x10\
\x88*\xb1\xf2\x0a\x1b\x16dM\x85\xb2b\xf6\xac\xef\x9f\
\x9e\x9e\x9a\x1ekok\x7f\xe7\xfd\xf7\xdd\x8f\xb6\xb0\xed\
\x8f'S\xbf7\xc1\x05\x0e\x85C\xe8\xf4\xcb/\xa3\xa6\
\xe6\xe6\xdf^Z\x5c$\x98\xa0\xd9Z3\xa0\x91\xf50\
\xf3\xa00\xe8Aj\x5cO!f\x06,q2\xb5\xfa\
\x19\xa5\xda\x1b\xa12\x8eO\xb7\xf1A\x99'Bk\x9d\
\x99\xc2\xe7\x02v\x9b\x98\x9e\x9f\xd6\x8aA\x03j\x06\x99\
\x8ex (\xe4\x99\x04-\xfa\x0d\x98j!\x98c\x17\
4\xee`\xb5\xcf(0\xc4rU\x9f\xbb,wx%\
\xcaFQ>R\xe4\x08\xd6\xe4\xec\xcc\xcc\xf7\xb0\xed\x7f\
\x0d\xb1\xe5\xd7\xfd>\xc4*\xffd\x84\xb1\x1d@\x86\xd5\
h\xbendd\xe4\xa9X,V\x88y\x80J \x5c\
d\xaf\x05\xd3\x90K\x07-\xba\x839\x86K\xb7\xeb*\
|1\x9a/H\xc9%\xc8\xf2L\xc8\xc5\x1a*\xaf\x11\
\xa8\x5cd\x8c\xf9\xfcC\xeb \x16\xce\x0c\xbd8Y\xc0\
\xf8zV|i\x96\xbe\x1b-}'Zc\xc9\x95\x9f\
\x05\xb4q\x7f(\xf4J\xa9\xec\xc7\xac\xfc\xaf\xae\xae&\
\xfa{{\xff\xb8\xbb\xb3\x03\x05\x03\xdbRo\x0f\xeb\x08\
\x04\x03(\x18\x0aJ1\x80\xda\xba:T_\xdf\xf0\x15\
\xaf\xd7\x9b\xa1\xe9\x7f\xc6{\xa4\xc3\xd7\x04\x96gB;\
\xf3\xf5\xf2\x18\xb1\xd48\x14?.\xd6\xbc\x8e\xda~\x17\
T\xe2Gj\xdc\xe3,~\xa6\x16\xfeY\x06\xbb\x82\x05\
\xfe\x90\x05v\x01D\x91\xbdN\x1fDz\x19\x14S=\
\x06\xe8\xab\xe9b\x8dI\xd3\xea\xb7\x19r\x15j\xbd\x92\
2\xb6\x08\xfe\x11\xe1\xf9YXX\xb4\xd5\xd6\xd6\xfe\xfa\
\xc5\xfazI\xf6\xb5\xca?\x99\xfe\x80\x1f\xf5\xf4\xf6\x12\
\xbc\xa7[fff\x5c\xe9T\x9a5\xb6Qb\xe7\x00\
\x1b\x06\xba&\xbdM\x89\xd9\xeb\x91\x05\x86\xf8\x01S.\
A`\xdc\x9fbY\x1eI.f\xa2\xe4\xd7P\xedG\
\xedx\xea\xb2\x9fO\x10e\x0a*\xd9l\x02M\xb1\x05\
-z\x97%\xde(\x93_\x00\xd6Z\x12\x0d\xf1Y\x96\
sY\xa9\xee\x07X\xf5\x80\xecg\x06\x95\xfd\x12\x09\x87\
D\x87}\xe0~\xfc\x87\xd1\x13'\x1fG\xa1m}\xf2\
Of,\x19G\x8du\x17\x09?\xd0K\x04\xbf\xba\xa8\
\xf8\x815&\x5c\x84\xd9[\xe8g\xd3c\x0b\xb0\x9e]\
Z\xe2V\x94}\xac\x19k^\xe19+\xe9?`\xd5\
S\x14\x1bI\x86\xff\x044\xf9Y\xa2\xca\xbe\x14\x19t\
\xe3a\xb02\xb5\xeavU\x0c\xf02\xdbY\x8b\xae/\
\xf91\xd0\xed\xc9r\xf7\x8e\xd5\xc6*r\xe7\x00\x18\xe3\
I\xb4\xfa\xca\x22\xde%\x10\xb767\x02\xad\xad\xad\x7f\
\xfe\xd0O\x1eB\xd8n7\x84\xe3[\x9a\xf0\x1e\x8b\xe5\
\x9fL\xc2I\xef\xb0\xd9?\x1d\x8bF\xfd\x07</\xc0\
\xda\x83\x07\x0c5\xe4,\xf6\xfba\xc6a8\x1fdb\
\x9a\xc0\xf8{j\x81\x05\xa0\x13d\xb2\xfd\x5c\xe1l+\
<'A<h\xe0\xcaA:\x16\xfa\x8b9 X\x01\
x\x12\xdc\x00\xc8\xf5$fq\x09r\xfd\xc9\xf25x\
t\x1b\x09t\xdcf\xa6\xe7\x07*\xe7>\x15\xc2\x819\
F\x02\xdas2\xac}\xcar\xbc\xf1\x8c\xb5\xbe\xb2\xcf\
^\x80\x03\x80\x10\xd8O\xa5\xc4\xf1\xf1\x89v\x8b\xcd\xfc\
V\xe2\xbfo\xf96\xa5y\x98\xe1\x8fD\x90{t\xe4\
\xc6\xa9\xa9\xc9\x09A\x90`\x22\x0a\xb8\xa2\x8c6)h\
\xe8!Q\xcd\x1f\x80\xe6\x9a\x00\xf5\x1c\x12\xa3m\xa0\xf1\
<V\xacQ.\xbd\x17 \xca\xc4\x17\x01\x18xT\x8a\
\xafM\x80b^\xbc\xc2{B\x8e\xbb\x91\xe0{\x08\x92\
\xbcc\xa1\xe69\x9e\x138.C\xb8\xe0\x84\xec\xcc\x90\
\xaf|:\x9d\xe2\xf0\x14\x09G\x1c\xcf\xf3D\xe6s\x98\
\x1f\x90\x81\x026H9\xde@\xf99 \xb2\xdc_\xda\
\xf3Q\x0a/\x83\xa6\xd7\x1e\xbe\x16MK\x0e\x8b5&\
 WC\xa8;6\x0a\x07\xb9\xfe\x5c\x7f\x1e\x10\x9c\xcf\
\x1d\x8b\xd5\xfa\x8d\xee\x9e.tT\xf2\xbf\xb2\xb6\x8e~\
\xfc\xc0\x03W\xb9\x9c\xae\x07\xf6\xf6\xf79\xb2\x9fH}\
Q\xae7XP\xa8\x7fbH\x0f\xb1\xc7i\xca\x12'\
\x82J\xbeO\xcb\xfb\x8b*y%\xf9\xd7\x82r\x0c\x14\
\xd8\xb8\x1e4\xf7\xfb\xc9\xf8\x10\xa5Ic(\xc6\xf6\xc8\
\xee\x83\xa2zM\x22\xe3b\x22\x1e\x17\xfd\xfe\xed\xe8\xc2\
\xe2\xfc\xdc\xa8{dd\xc0b\xb2\xdb\xac\xe6~\xab\xc5\
\xdcm\xea\xeb\xeb\xee\xef\xe9\xee\xed\xef\xef\xb3Y\xac\x16\
\xf7\xea\xea\xea\x14\xfe}\x7f4\x12\x81\xbd=\x02\x03\x07\
y\x0c\xa0\xe2Z49\x7f\xae\x9c\x03\x98\x05\xafI\xce\
l(\xc1\x12f\xb3\xdbE\x19\x1b\x9c\x96\x9ad\xddw\
\xf2\xf9\x1a\x19\x8e\x08\x96\xe7\xcb\xc2'%*\xe4\x0b\xcb\
\xf6[\x01\x98K\xb2\xd9\xf0\x80\xb9\xe9\xb9E\xfb\xc0\xc0\
\xcdN\xa7\x03y&&\x8f\x04\xff}|l\x14\xb9\x87\
\xdc\xc8\xe5p|pey%B\xf6\x02H\xb2_a\
\x03T\xea+m,~\xac}Y\x0agL\x05\xec>\
P\xf2\x8f\xac\xb1\x83\xb2\x1aL\x90\xe1\xf8\x16Yk@\
\xb5\xe4G\xd8\xb8\xc7 \xcf\x11Ybc\x00\xe1\x1b\xf2\
my\xf7\xd7W\xd7\x06lf\xe3SV\x8b\xe9\x8b\x8b\
\x8b\xf3\xef\xc1\xf2\xfd\xe6A\xa7\xe3x]\xed\xb9\xab\xda\
\xdbZ\xae>\xf7\xca+W\xbd\xf0\xf43Wuvv\
\x5c=19~\xdd\xf4\xcc\xec\xcd\x9dmm\x9fmm\
lxlbj\xa2kcc=\x12\x8dF\xf3\xf4~\
B\xa9\x7f\xc1`\x13UV\xdf)\xe4\xc3\x81V\x8b\xac\
\xa4\x13\xe4\xfcM\xa5^H\xbd\x185r\x1bM)\xa6\
C\x897\x80\x1e[B.\xd6\x91\x97}\x09\xe2\x7fw\
w\x97\x1f\x1at\xbdTw\xfe\xec5a\xff\xd6\x91\xf1\
?\xcc\xceL\xa1\x9e\xaeN\xf4\xca\xcb\xa7n\x9c\xf0x\
\x9e\xdbM\xee\x90?\xc9\xc3AL\x8f\xd1\xed\xa5\xc6\x8e\
Yy\xb6\xf5:\x92Z{\x0d\xb5\xc6\xfeu\xf6\xa0(\
\xeaP\x91\xe1\xdc\xca\xf3\xbb\x15\xf1\xbcs\xb0\xed\xdbN\
\xcdLM\xb6\x98\xba\xbb\xfe\xdej\xec{\xcf\xe3\x8f>\
\x8c\xacf#\x9a\x1c\x1fC\x84\xf7\xf5\x95\xbaF\x84_\
\x82\x04\x9e7\xe0s\xc3\xc0q<\xc2S\xc2\x07\xc7\xd3\
\xf0\x7f\xbe\xf1u\xf4\xf8O\x1f\x22\x9c\xf0o\xef\xe8\xe8\
\xf8\xcb\xa1\xa1\xc1\xa7\xe6ffb;\xbbIAT\xac\
\x89`\xd5i\x9a\xb8[\xe9\xf7\x1fT\xfd\x0e\xc5\xe7\x05\
\x951O\x16\x07C\xad\x06Hk_x\x99\x7f\x0c\x22\
%\xae#\xabK\xb2\xdc\xeb\xc0///\xc7\xed\xf6\x81\
\xdf_Y\xf1\x12\x0c\xef#\x93\xff\xbdd\x0c\x05\xe3\x09\
\xd4\xd5\xd6\x86L\xfd\xfd\x7f\xba\xbe\xb2\xba\x97\xe7\x14*\
\xdaw\x95\xd89r\x91\x14-\xb2\x0b\xac\xd8)\xa0\x12\
\x9bU\xdaS\xa0S\xf7\x82V\x8cJ\xd5^o\x85\x0f\
C\xdb\xfbB\xe9\xfd\x91\xbe\x10\xacw\x11\x9f\x01\xdc\xca\
\xca\xca\xa4\xc73vg{S\xcb;Z.\xd6\xe2\xe7\
\xd6\x8a\xb0\xba6\xec\xee%P\x9a\xe3\xa4\xc9\x0bBN\
\xfe\x05\xc4\xe3\xaf9\xf9\xc7\xb2O\xb8=\xf9\x1a\xfcs\
\x036\xe5\x0d\xff\xef[\xdfA\x17/^D\xcf?\xfb\
\xc2\x9bL}\xfd\x9ft\x0f\x0fu\x04\x83\xc1\x14\xc7s\
\xca\xb9K\xa0\xdd\x0f\x10\x19j:h=\xb3\x1a\xf2t\
\xcc\xd8i\xa225\xa8j-\xa5\x86\xfeU\xd5^!\
\x9a\xd0T`\x0a\xe4\xfc~~wo\x0f&\xa7&[\
\xdbZ\x9b\xde\x8a}\xba#\x95\xff\x9dD\x14\xc5ca\
t\xea\x95\xd3\xc8f\xb7\xbcsrb\xa25\x99H\x8a\
\x90\xf7\xffs\xd8 \x14\xbbLM\xf1\x83\x82\x91w\x18\
\xbcp\xd6\xfc\xb8J\x8f\x10\x80\x86}\xc6\x88\x01\xc0\x1a\
O\x06\xb5\xa0A\x11\xd7\x96\xe4\xebK8\xef\xe1Hx\
omu\xe5\xb1\x89\xf1\xf1[\xb6\xb6\x83\x08\xcb\xab\x14\
\x03\xca\x9e\xf1\x1c\xca@\xaa \xffd\x12\xd9/\x97\x7f\
\xec\xe9#Q\xc0_\x85\x0c\x12\x80\xc7k\x1cJ\xc4\x13\
\xc4.\xa8!{\xa1\xb7\xbb\xfb\xa6q\x8f\xe7\xbb\xb3s\
s\xde\xdd\xdd\x1d\x19\xbd\x04Z\xeafh\xb9P\x911\
'.\xfb\xbc\x80\x1eO\x16Em\x1c\x10,5)\xd4\
\x98\xbfZ\xf1?\xb0\xd5k\xe7\xbf\xf2\xb9\xd8Ofc\
s\x9d\xb3\xda\xccw\x9d\xb9\xf0*\x1a\x1ct\x22\xaf\x02\
\xc6\x9f\x9e\x11\x8e\x84P(\x12D\xb1X\x04\xb5\xb4\xb4\
 \xa7\xd3\xf9\xb5p8\xb2K\xe2\xc2p\x80\x0fx\x10\
wf\xc3\x0a\xd5\xe2\x07\xeb\x97}`\xcaK\x88L\xb9\
\x1a]\xbe\x83\xe6\xd6\x18Y\xae\x87b,\xa3\x12NQ\
\x81\xe7\xb0\xfd\xbe\xbf\xbd\xed\x8b\x8c\xb8\x87\xbf\xbd\xb4\xb8\
\xfc\xe6\x97_>S\xe0\x0a\x12\xb1|\x93\xc9\x09i|\
\xe6g\xa8\xcf\x1a$\xd9\x17\x0f\xe4_\xe0%N2\xc2\
\x0f=2\xecFN\x87\x03\x85\xc2\xf1\xab\xfb\xfb\xba>\
3\xe2vM\xe7\xb8@\xb8\x5c,\xa0\x18\xbf\x1c\xb4\xc1\
X\xca>\x13\x86\x1aku}\x0a\xf2\xaa\x93\x15\x13P\
\xee\xda@%\xde\xc0\x9a\xff(\xf6\xdfelXP\x88\
\xffV\xd0TH}\xbe\xa9T\x8a\xd4\xfa;\xdbZ\x9a\
\xdf\xf7\x17\x9f\xf94\xf2\x91\x1e\xff#\x96\xffh4\x82\
g\x14\xd5\xd7\xd5\xa2\xe1\xa1\xc1_[ZY\x1e\xcap\
i\xc8\xc5\x01\x85\xa2}I\xc3\xf7a\xe2\xff\x06u\xbd\
*0\xc6\x8bDQ\x91\xb8\x00\x14j\xec\xa8>\x83X\
a\x87\xd3k\xc4\x80%\x11\x22\xaa\xe3\x86\x14\xf5\x02@\
\xde\xe7\x97\xf2s\xde\xad\xad\x88\xcb\xe5\xfc\xfa\xec\xd2\xf2\
11\xc7\x17\x86\xcf|l\xc7\x0bG\xca\x03\x8a\xff\x1e\
\xfa\xc0\xfb\xde\x87\x16\x97\xbc\xe8+_\xfa,\xea\xech\
\xfd\xfd\xf1\x89\xf19\x927\xcc\xed\x81\x5c>\xba$'\
\xa9\xd1\x14\xa4\xe6\xdct\xd6r\x80\xc2sT\xca]\x81\
\x8c=\x00*\xf6\x07\xb0\xd8\x85J1BQ\x1dc\xb4\
\xa2L\x19\x8a\xce\xdaL(\x18\xcc`\x9b\xff\xbe\x1f|\
\xe3k\x92\xce'\xb2\x7f\xa4\xf2\x1f\x0a\xa3$\xf6\x1d\x09\
Gp$\x87\x0db\xb7\x0d|?\x99L\xee\xe78)\
\xd8\xb8\xde\x81\xfd\xac\x04\xf5\xf89P\xdcf=v\x1a\
\xad\xe6\x97%\x17\xcfR[@\xd9\xcf \xaa\xc4\xc6\x8b\
\xf0\xbbI\x89\x0e\xf0\xc1P032\xe2\xfe\xbe\xb9\xa7\
\xeb\x9a\xc6\xa6\x06$p\xd8\xd6\xc7v\xbc@\xec{\x8e\
;r\xf9'3\x85m\x81\xbe\xfe&t\xeb\xadoC\
X\xef|jii\xd9+H4s\x85s_\xa0\x94\
j\xb0\xf2\xf6\xaa\xe1\xa5\xd1\xf7\x9bz\x0f\xaeZ\xde\xa6\
\xe4\x8c\x00\xc53A\x0dR@1&,T\xe6\x8dh\
\xf5q\xf2%\x11D\xc7fH\xad\xff\xfc\x82\xc7b2\
\xbd\xcff\xb3^2\xf9\x0f\x05\xc3(\x12\x0a\x1b\xe2\x91\
\x88t\xbe\xb8\x9cN\xd2\x130_\x08\x01*{\xcc \
C\xc4F\x89\x9bQ\xf1\x1e\xd8|\x06`\xdek\x8a\xf6\
\xd9\x11\xe4\x1eT\xeaH\xb4P\xe4\xe6c|P\xa0v\
\xda\xdf\xdf\x13\x17\xe7\xe7[mf\xd3\xbb^x\xe6$\
\xe22\x92Oo u\xdf\x97R\xfe\xa5\x89\xffF[\
K\x13jk\xbex\xb5\xd3a\xff6\x89\x09\xe6\xfc\x7f\
^d\xab\xc3\xa6\xf5Hh\xbd\xd7J\xbdw\xac\xce\x87\
|\xbc\x10t\xe1~\x88\x1ak\x04\xc4\x92\x5cn)\x10\
p\xd99X\xd2\xde\x22$\x92\xc9\x94\xb9\xdf\xf80y\
>^\xdf\x96\xc1\xb7\xedCd\x1e\xe5\x90\xe4\x1f\xcfp\
\x94\xe0\x03F\x0c\xf1x\xc2\xf0\xc2K\xcf_\xed\x1at\
\xde\x17\x8d\x86\xf3\xb5&L\x02\xa5h\x13j\xb3\xe8\xf4\
\xc4\x81\xb5`P\x82\x1c&\xb3|\xee\xa8,\x1c\xa7\x09\
\xb3\x8c%\xefT\x02c\x9b\xe3t\x13\x08\xc0\x83\xb8\xbd\
\xed\xddp\xbb\x87\xeep\xbb\x87\x91\xad\xb7\x17\xed\xed\xee\
ecz\xaf\x81\xfcCn\xb6wt\xa0\xda\x8buo\
\x9f\x99\x9eiM\xa7\x88\x0a\x90|\x12Q\x81\xff\x0d\x8a\
6\x03(\x1d\x07\xa0\xe8\xb7\xb3\xc5`d4\x88 \xa3\
\x11@\xdep\x94\xe7\xfe\x93\xbf\xd8r\xae%\xd0\x10\xab\
\xac8g\xa0\xa2\xd0\x04\x94r?\xd9oI\xc1\xcf2\
\x1e\xc3\xc3C\xef\xfe\xe8o\xbd\x97\xc8\xfd%\x91\xff\x02\
.\x08\xb6\xffs\xd3\xf0\xa3\x07\x1fD-\xcd\xcd\xef\x9b\
\x18\xf7l\x1c@\x83S\xe3g\x9ab\xf4\xa2:\x96\x98\
\xac\xd3\xa0R\xccM9oAM\xf0(1kE\xbc\
1=\x9c\xa6\x8a5Q Ba\xa4\xd2\xfb\xfc\xf8\xb8\
\xe7q\x12\x97'g\xf1k=\xf2\xf2\x1f\x08\x04PS\
C#\x89\x0b\xfe\xc5\xd6\xd6f\x04\xa0\xbc\x1e\x84\xa5M\
Ws\x1d\x86\x92\xd8\x97:\xf9\xa0\xd6\xe3\xa3\x1a\xab\x91\
\xf9%*\x14!\x94\xedX\xc5\xf8\x97\x82\xd3\x0a s\
\xfc\x1f\xfc\xa0R\x9f\xc6\xa21\xde36\xf6\xef\xe7\xcf\
\x9d\xbdjxp\x08\xe5e\xff5\x90\x7f\xf4\xf0O\x1e\
F\xdf\xfb\xde=W\xb9\x87\x87\xbf\x1d\x89\x84\xa1\x08s\
\xfc\xa0\xb6\x19TkkE\xe62AP\xf5\xbbXs\
\xb4\x22\x8b]PJ\x22R\x09\xf3\x0c\x1aT\x19\xad\x0f\
\x05\xd8\xf4B\xc1\xd7#%\x9exr\x04\x8funv\
z\xd5a\xb7\xff\xc6\xcc\xf4\x14\xc2G\x00\xba\x5ccn\
n\x0e\x99M&t\xf6\xcc\xab\xd7MNL\xbc\xb0\xbb\
\xbb+Jy)\x19\xc2(ZBF\xa6>@\x836\
\x05\xc5\x98\x9f\x5cC\xbd\x22kF\xc1\xe7W,\xef\x00\
\x99\xf4\xac\xdc\xb5\x08\xa2zo\x96\xa8\xc8GZN\xfe\
\x01\xc5\xf73\xcb\xd6\xc8\xf3\x02\xcc\xce\xcc\xceuuv\
\xfefWG\x17\x9a_\x9e{\xcd\x9ey,\x16C\xf6\
\x81\x01\xd4\xd3\xdd\x8d,f\xcb\x87\xd6\xd7VF9.\
-\xc2\x81\x7fZ\x16\xa7W\xcba\x03-\xce.c\x8f\
\x03\xc8\xc7g5a\xc5\xa8\xf2?\x02\xc8\xe7\x84A=\
6/*\xf8{\xca\xfe%c\xaf\xab\x00y\x1a&\xe0\
\xb0\xdf\xcfMN\x8c=\xd2\xdcXK\xb0\x9d\x0c\x1c\xcf\
]6\xf9\xe7\xb9\x0c\xf2mm!\x93\xd1\x88\xdc\xc3C\
\x7f\x1a\x8e\x84|\xd9~#\x10\xe8\xcf\x00\xe4\xcfJ%\
\x8c2\x90\xcd\xc1\x01\x05\x0f_6\x87\xa2\x1eh\x03P\
PH \xa3\xc4Xj\xa0i9\x00\x8a\x03H\xc0\xf7\
\xc8\xc3\x17 \xdf\xbf\x89\xed.\x11\xfb}\xff\xe2\xb0\x98\
\x0c\xa3\xa3n4\xe6\x19}M\xe5\x9f\xd8\x9c\x8b\x8b\xd9\
sgh\xd0\xf5\xc3x,\xc6\xe5\xdc\xd3\x5c=@!\
\x0f\xcc\x98\xf8\x01\x99\xfaLYz\xc4J\x99\x02\xf9\x9c\
\x992\xa7:0\xd9\xe1\xb9\x7f\x09\xf9\x9c\x1b\xc8\xeeE\
\xa6\x18\xa3f<\xef\x8a\x84\x8f\x90\xad\xf1!1\x7f\xaf\
w+999\xf1q\xab\xcd\x8a8\x813\xe0yY\
d\x9f\xd4\x09\x90<#\xd1\x01d?\xac\xac\xac\xfe\xc2\
\xf4\xf4T\x1f\xe9/\x14\x01\x04\xc6\x5c8=\xf7\x02\xb4\
:k(\xbb_r\xbd\xf5\x00\xa2bm\x0a\x80l\x90\
\x01T\xb0\x03\xd8\xeb\xd3d\x9f;\xa8\xeb.9\xb5\x97\
'\x8a\x16\xd2\xe9\xb4873\xe3jn\xa8\x7f\x7fW\
{\x1b\xc9\xc7_\x96\xe7\xbf\xb0\xb0\x84\x86\x5cN\xe4\xb4\
\xdb>0;55\x99Ig$\xbe\xf0lMR\xde\
\x0fT\x8f\xd7\x16\x89\xae \xca\xf3\x9fR\xf0\xd1\xd8\xfd\
j\x05\xec\x11u\x5c\x0b\xd9~?\xd0S\xd3D\xab\x89\
P\xe78\x11\xb2\x85\xde$\xee\xb7\xb6\xb6\xe64\x9b\x8d\
7\x7f\xe3\x9f\xbf\x8a\xb07 \xcd\xcb%\xffd\xe2+\
D\x91p\x0c\xfd\xc1'>N\xf2\x81?H\x93\x0d\xaa\
\xce{+\xaa%\xbb\xe9\xf7S\x8d4\x10@+>\x83\
\xa8\xce3Fq\xcb\x14\xc1!\x180r\x80\xc1\x86)\
8\x04\xf9B\x7f>\x14\x0a\xa5\xad&\xd37/\x9cy\
\x05]\x8e\xd8OIL8\xd7/b\xec\xef\xbb?\x1c\
\x0ag\x0avj\xf1s\x006\x9b[!\xf7&R\xea\
-@9\xce\xc7\xca7\xaa^\x17\x0e\xf25\xadZ9\
uX\xa6J\x1c#\x8b\xcb\x91L&\xc4\xd5\x95\x95\xfb\
G\xc6F%\xdb\x9f'\xb5\xfc\x1cwY\xe5\x1f\xeb}\
\x92{4\x84\x02A\xc3\xf4\xf4\xf4\x1f\xc4\x93\xc9(\xd0\
91\xcb{()\xa6\x93\xba\x9d\xa6\xa3\x00\xb3b\xcf\
\x81f=\x0dr\xb6Zy\xaa[!\x8e\x0c\xca\xfe\x08\
\xc8i5\x92\xf6\x11\x84L*-\xce\xcc\xcc\xd8\xedV\
\xeb\xbb\x5cv\x07\x9a\x99\x9e\xb9\xac\xf2\xcfc\xdb\xf3\xdd\
\xbft+2\xf6\x1b\xdf>\xe1\x19\x1f\xe12\x99\x1ct\
\x8cl\x05?#~|\xe9m\x04Q\x0bM\xacl\xfd\
\xa8\x1e\x0c\x0a\x05\x9e\x1f\x10\x150:\xf4\xf4~\xc9\xba\
\xa2r\x1f;\xe7~p\xe1pH\xc4\xb6\xd6\x97;\x1a\
\x1b\xd1\xd6\xf6\x16\xba\x12\xe4\x9f\xc3>\x00\x99dLM\
N\xdf27?\xef-\xc2\x1fPI\x9e(\xb5\x11\xca\
\xde\x06f\x12n\x15U\x5cq\xee*\x11<\xaa\xe7#\
\x151y\xd5\xcf\x15`\xb7\x17\xcb\xe2\xccY\x8c\x0f\xac\
\x006\xd76v\xadF\xd3]\x8f>\xf1\x04\xfa\xea\xd7\
\xbe\x8c.\xf7\x88'b(\x9dI\xa1\xb6\xf6n\x83\xd3\
\xe9\xf8\xeb\xf5\xb5\xd5\x1d|\x99|9U\x816\x97\xef\
P\xf9\xffC\x0e\xf9#\x06\xe4\x8e-8\x8akPP\
\xfdeo-d\xfd\xe9L(\x18\x10\xc6\xdc\xee\xbbF\
\x87\x87$\xdb\x8b\xf4\xee\x5c.\xf9\xcf\x0f\x8e\xf4\x08\xe0\
i4\xf5\xe3}\xd0z\xd3\x98gt*k\x03\xca\xd7\
t\xc1\x11=\x1d\x06\xd3\x8e\xe2_+\xc5\x02Kh\x1b\
(\xf9C\x10\x156\x03\xad\xc7\xaf2\xc8\x01\xf2\xd90\
A\xaa\xf3\x16\xb9h$\x9a\xb1\xdbl\xe7[\x9b\x1a\xdf\
\xb4\xbb\xb7o\x08\x04\x82W\x84\xfcs|\x1a]\xb8p\
\x1e\xd5]8\x7f\x83\xd3\xe1|6\x18\x0c\xe5z\x03\xb3\
1+u;\x1cX\xe2g\xb2\xb9^\x91\x19\xebE\xcb\
V\x02\xd9^LP\xb6\xe9\x95\xcbC\xd4\xb9\xb0\x95\xea\
J\xe5\xed[\x90\xf8W2\xc1@p\x7fxp\xe8\x7f\
\x19{\xfbI\x9f.\x12\x04\x0e]\x09\x83\xe7\xf9,g\
\x5cC\xfd\x8d\x13\xe3\x9e\xfer\xf9\xd7\xc8a\xa6\xf0\xac\
\xd4\xec.9\xf9\x03P\xef3V\xe4\x95Py\xd6\x8a\
\xb6\x84\xa8\x5c\xfb\x0b\x22\xe5\xbd\xca\x02\x91%\xd0.D\
\x84\x08\x06[z\xcc\xe3Y>_{\xfew\xb3\x1c=\
\xe1+B\xfe\xa5\xfa\xc0`\x00-\xcc\xce\xa1\xe7^x\
\x0e5\xb74\xff\xe1\xc4\xe4\xe4z:\x95\x12\xb2\xfd)\
byM\x83\x92\x9d$h<\x06d\xee\xa5R;\xbd\
\x5c\xfc_\xc1G\xa8\xdcI\xaa\x5cle\x1fF\x10\x15\
\x0a\x83\xe4)\xeb\x95\xf6D\xa5\x8e\x13r\xb9\xff` \
\x90t9\x1c\x7f\x8e\xa7$\xfbW\x8a\xfc\x13]\x94\x95\
\xff\xa6\x1b\xa6&'\x9b\x05\x02\x11\xc7\x04\xcc\x09\xa2\xc8\
\xa4[\xd5\xf8tTc\xc3\xb2\xb2\x08\xb2\xb8\xbd\x00\xf2\
\xb5D \xca\xe4\x14D\x91\xa18X\xeez\x81\xad\xb8\
!\xcb\xe3\x09\xd9\xfc\xdf\xb6o;c\xb6X\xbf}\xcf\
\x8f\xef=\xf6\xc2\xe9\x17\xa5z\xdc+E\xfe#\xa1\x08\
\x1a\x1b\xf3`\xdb\xaf\x0d\xf5Ym\xa8\xad\xab\xf3[^\
\xafw7{f\xc9fu\x0f\x83\x15\xc8\x98_U\x8c\
7)\xd7\xf4C9\x80\x18\xd0pKi1_Z\xbe\
[\xee\xac\x925=r}\xfe\x5c\xc0\xef\x8f\xd9\xcc\x96\
?\xc5\xf3\xca\x92\x7f\x9e\x93\xe4\x9f\xd8\x80\x9e\xb1\xd1V\
\x9e\xe7X\xb045\x96M\xb1\xe6\xcb\xa96$\xad6\
O\xa1\x97\x07\x94\xcd\x0e`\xee\x01S\xbb\x8e\x92\xbd\x98\
\x8f\xa1\x10\x0c\xc6\x11\xb7{\xa0\xb9\xb9\xfd=O?\xf3\
<Z]^\xc2g\xee\x95!\xfb\xe5c\xc85\x84\x9c\
v\xc7/:\x9d\x0e3\xe9O\xd1V*\xc7\x84\xab\xa4\
\x85\xef\x8b=\xc7\xcc\xde\x9fB\xe3\x93R*`\xd3\xcb\
u\x92\x7fc\xe2K\xf1\xdb^_\xc2\xd4\xd3\xfb\x99\x01\
\x93\xf9\x8a\x93\xff\xf6\xd6\x16\xf4\xccS'\xdf4\xe8r\
6\x11\xcax\x86<\x1b\x8bmN\xcb\xd5\xa8>K\xd0\
\x8e\xf7\xa7\xae\xcbA\x0d\xc7U\xae\xde\x08\xd8\x00_\xe4\
\x9c\x97,\xa8\xa7\xb8\xb6\xba\xeamkk\xf9\xb3Z\xec\
c/\xaf\xac\xe0s\xdf\x7f\xc5\xca?\xf6\xff\x91\x7f\xd3\
\x87Z[[n_ZX\x88\x94\xb9lZx\x0f\xe1\
pg\x01\xb0\xc8\xb8\x96=\xa5b\xca\x02\xcb{\xb1\xe2\
C)]\x02\xa9\xa7\xe6\xfd>_\xcaf4\xfe\xa5\xd3\
jE\x99\x0c\xb1\xb9\x85\xcb/\xfb\xc0K\xb3\xa1\xbe\x16\
=\xf9\xf8\xa37\x0e\xd8,\xfd2\xf6?hx\x1e\xac\
uTZ\xf3\xbb**[\x97\x1d\xa9\x15sL\xc6\xde\
\x00\x90\xb5\xfbs\x17\xb6\x93H\x82{x\xf8\xe9p0\
v\xf5\xe4\xcc\x98\xc4\xc9E\xe6\x95<\xfa\xfa\xfaP}\
]\xfd5S\x93S?\xde\xcb\xd6\x83\x0bJ\xf1r\xcd\
\xec\xf3\x1a_J\xa9\xd1\xa6\xbc\x10\xb4$\x9b\x18b\x97\
\xa2nu\x96\xe3\xe1\xe0B\xc1 ?24\xfc\xb7C\
v\x07\x96\x7f\xce\xc0\xf3\xdc\xe5\x97}\x91G<\xd6C\
'\x1f\xff\x19:w\xf6\xcc[\x86\x87\x5c\x13\xb9\xf8\x9f\
\xae\x07\xc4J\xc4%_\xfbS\x22[\x8c\xc7Mi\xb9\
?h\xaa\x1b\x90\xdf\x99\xa0\x05[\x12J\x80\x1d\x0a\xb7\
$\x9d\xda\x17\xc7GF<\xddm\xed\xff\xc9\xe3\x1e\x95\
\xfc\xab\xd7\x83\xfc\xbbG\xc7\x90k\xc0\x89\xac&\xeb\xaf\
/\xcc\xcd;R\xfb{\xbcHb\x01\x90\xc3\xa5/\xc9\
\x09\x80^\xf9\x01\xdd\x9a\x83E\x02A1g\xad'e\
\xa55\xedUq\xddB6\x96\xc2%\xe3qX]Z\
\xfa\x9a\xb8&\x22\x9e\x17\x8ea\x1d@\xf4\xc0\xe5\x91}\
\xd2c,\xf0hG$u\x00\x1c\xc1\x850\x0c\xd8\xad\
\xbf<=3\xb5\x0c\xb9\xd8/\x95^G\xf5sS\xf1\
\x11\xca\xf2?\xc0\xba\x8f\xb4\xe2\xb8i\xfbyY\x10\x1f\
\xa8\x98!y\xe2\x04\xe9\x7fR\xae?\xc3q\xfc\xdc\xec\
\xec\xb6\xb9\xbf\xff\xbf\x19\x8d\x1d\x84\x7f\x0b\xbd^\x86\xcf\
\xe7E\xab\x9bk\xa8\xb9\xbe\x19Y\xad\xb6Oo\xac\xaf\
m\x08|:KS\x22\xe6\xeb\x03\x99\xe5\x04\xa8\x87x\
i9\x07\xcd\x87T+\xf38L\xbc\x80a\x8f\xaa\xed\
;\xf5z\x22\xc8n\x0b>\xb5\xbf/z\xb7\xb6~b\
\xb5\x99\xaf#\xe7\x01\xb1\x01.\xab\xfcg\xa7\x01\xfb\xfb\
5\xf8j\x0d33\xb3\xef\xdf\xde\xf6\xfb\xc5,_\x88\
\xa8Q\x97\xb3\xf4x\xb2\xf8S\x948\x110\xf2\xf4\xd1\
\xf0\x9a\xd8b\xc3\xa0\xce\x0b[\x5c\x03)\xf5\xf9\x10]\
\xef\xf5zy\x9b\xd5\xf2\xa0\xcdl\xbc\xceb2\xa1_\
{\xe7\x07\xd1\xebi\xd8\x1d\x0ed1\xf7!\x8b\xb1\xeb\
\xb8\xc5j~,\x14\x0a\xf0\x12\x17U\xae\x8eI\xd4^\
;\xcf\x9a\x0f`x\x1b\xd0\xb2\x974\xe0\xda\xeb\x8eW\
0\xf0\x1cdi\xde\x08\xce\xd6\xda\xea\xea\xb0\xc9h|\
wWg'\xba\xec\xe7\x7f:-\xe1\x0b\xf3\x1cW\xe3\
\xdb\xf4\xd6x\xc6<\x7f\x15O&\x12\xea\xf2\x7f\xa8R\
\x1fZ\x8c\x96\xa1\xdf\x13t\xf5\x18\xb0]\x17\xd5\x0e\x91\
\xd5K\x05./\xfc\x9fD2!\x0e\x0d\xba\xda;\xdb\
\xdb\xde\xd1\xda\xd4\x88\xe6\xe7f\x91\xdf\xbf\xfd\xba\x92\xff\
p8\x88\x02\x01\x9f\x84\x15\xd6\xdb\xdf\xf7\xcb\xf6\x01K\
\x17\xc1\x8a\x95z\x83\x0a\x91\x00`\x94eMv=\xc3\
\x9e\xa1>[\x10\xa9=\xc5:\xfe60\xf1\x82(\x18\
\xac\x90\xaf\x01\x1467\xd6wF\xdd\xc3\x1f\x1d\xb0Z\
\xa4\xba{.\x9d\xb9|\xf2OpF9\xc1\x80\xaf\xa3\
fum\xa5fph\xf0T*\x93\xe2A\x94\xed\xff\
\xd3\xf2lA\xe7\xba\xca\xf9\x0djX\x9d\xacy\xc9\xc3\
\xf4}(\xbe4\xff|9\x8e\x13\xc7=\x9e\xf5\x9e\xde\
\xae?<w\xeeU\xb4\xb8\xb4\x88\xbc\xd8\x9e\xf6j\xe0\
\xef\xbeR\xe4?\x1a\x0c\x92\xda I\x07\xd8,\x96\xdf\
\x99\x9e\x9a\x5c\xe7%\xa0HP\xeb\x03b==\xd5\xfc\
.\x15\xc3\x0cTc\xb42=\xbe,g\xb5\x16_\x91\
\x01\x8b\x1e\x14\xfa\x7f\x04RS\xc9\xed\xee\xecr\xd3S\
S\xf7\xb7\xb44K=@\x99\xcce\x92\x7f\x22\xfb\xe4\
\xec\xe7%\xde \xc3\xc4\xd8\xf8\xaf\xac\xac\xae\xba\xc9\x1e\
\xceq\x8e\xea\x8d\xc3\xa8\xf4\x09\xa9\xe9cP\xea\xf9\xd4\
U7\xc2\xb0\x7fDF\xfb\x84Z\xef\x99c\xf2\x136\
77S-\xcd\xcd\xdfz\xe2\xe4\x13\xc7\x88\x0ca\xb9\
7\xbc\x1e\xe5_\xaaQ\x0c\x06\xa4\xf9\xddo\xdf\x8d\xbe\
\xffo\xdf\xb9\xaa\xaf\xb7\xfb\x9f\xd67\xd6v4\xc4\x86\
\x99\x0c4\x95\xe6*\xed1B6\xc4\xb2\xc3p\x89k\
\xf6\x0fr\x1bD(\xd4T\xe3\xef\xe6fg\xe7\x07\x9d\
\xce\x9b\xee\xfc\xe4\x7fG@\xf0\xfe\x04\xa1d\xbeV5\
\x7f\x12\xb7\x08\xf6\xfd\xbf\xfa\xe5/#\xb3\xd1\xf4\xa5h\
,\x16\xcf\xf2\x91\x1c\x99\xfc\x1f\xe2\x96S\xf3FJ\xc6\
\xbaZ\xd7\x9a\x9e\xcf!\xc7a[\xf1^\xe1p\x18\x9c\
\x0e\xc7#\x8d\x17\xeb\xaekl\xa8G~\x9f\x0f\x05\xf0\
\xdc\x96\xf0|_\xbf\xf2O\xea\x95\xea/^@?\xfa\
\x8f\xef_c6\x19\x1f\x0c\x04\xfc\x04(\x92\xcf\xa69\
+\xcfS\xd0A(\xc8*`\x0a1X*\xf1\xda\xe1\
\xe5^s<@a\xaff\x0f\x8aX4\xba\xebr\xb9\
\xfe\xf7\xc5\xfa\x0b\xe8\x99\xe7NV\xc8?\xa9\xc7\xe7s\
=y\x97R\xfe\xb1\xdfo\xa8olD\x03v\xfb\x0d\
\x93\x93S\xe7\xb3\xf8_\x90\x07\xaa\x01\x8dz\x91\x81\xef\
\x9bY\x18\x01(g\x07P\xff \xc8\xe5\x0c\xe0\x90{\
\x02\x0aX^P r\x10\x08\xbf\xaa\xd3\xe9\xe8\xeb\xee\
\xea\xbe\xa5\xad\xb5-\x9b\xeb\xc3r\x9f\x9f\xaf\xc7\x91\x97\
\xff`(\x80F=#\x88\xd4/\x0d\xd8\xeco\x19\x1b\
\x1b=\x93L&\x04\xb1\xc0\x11\x91\xe7\xaf\xd4\xcd\xf7\xa5\
\x05\x87\x85\xc5'\xd5X\xcbI\xe5\x03U\xd43\xec1\
l(\xe9\x81!\x9c\xdesss\x83v\xbb\xfd\xdd\x04\
\x07\xa8\xb1\xb9\xa9 \xfbd\xef\xbc\x16\xf2\x1f\x8f\xc5\xd0\
3\xa7^B\x1e\x9b\x0d?W\xdb_\xfb|\xbeX\x8e\
\x8b\x1e\x80=g\xc6Zg#\xc8\xda\xcd\xeaf\x93\x9c\
M\x0fE\xf9~\x99\xe7!\xebC\xc8a\x80i\xb5a\
\xf2\xdf\x93\xd8\x08_ Q\x87\xec\xb3\x9c\x9e\x9eY\xa9\
\xab\xab\xbb\xa3\xbd\xab\x03\xb57\xb7\xa0\xf1\xd1Q\xf4\xf3\
2\x02\xd8\x8f\xd9\xc6z\xe0\xf4\xe9\xe7Qow\x0f\xb2\
X\xac\x1f\x9c_\x5cre\xb8\x8c\x14\xd1\xces\xd6\x8b\
\x00Z\xcf\xca\xa3\xea\x01V\x93M\x90\x81#\x02e\x5c\
2\xcd1M`;\xf7*\xe4\x81O\xc4\x13\xfc\x98g\
\xec\xb1\xda\x86\xfa\xebM\x163\x9a\x9d\x9e)9\xfb/\
\x95\xfc\x13\xbc\x0f2\x89\x9ei\xef\xeaBm]\xdd\xef\
\x9a\x9e\x99\xb1d\xd2i\x09\x9f&\xdb\xf3y\xa8\xe7E\
\xc3\xd0V\xe3\x00\x03\x85D?P\x5cG`\xc8'1\
`BS?k\x96\x1b)\x8b\x93%yuK\x8bK\
\xf1\xce\xb6\x96\xcf\xb7\xd4\xd7\xa2\xce\x0e,\xff\xf8\xfc\xff\
y\x1df\x93\x19\xc5\xa2!d\xec\xef\xff\x1f\xcb\xcbK\
~AJ\x09Jy\x0fA\xbeUJ\xbdnJ\x9b\xae\
`V/,\xfd\xbfG\xa9\x7fX\xec\xcb\x8a>8\xa2\
.\xbd[[\x81A\x97\xf3s\xb3S\xf3\xc7\xdcCC\
%g\xff\xa5\x90\xff\x0c\xc7\xa1L*C8A\xd1?\
}\xfd+\xe8\xec\x99W\xae\xb5Y\xad?\x0b\x86BR\
\x8fz\x96\x0f\x0a\x8a8\x005\xdd*\x16=\xa8*s\
\xa0\xcd\xe6`\xe50\xd7\x9aC\xa6\xd5\x14\xf0y\xdeV\
\xdf\xf6\xf6\x1e\xbe\x7f\xdfYYY'\xdcm\xc8\xeb\xf5\
\xa2\xad-\xef\xcf\xad\xfc\x87\xc2a\xe9\xeb\x8b/\xbfd\
\xe8\xea\xea\xfc\xc2\xd2\xc2BRB7-\xc1?\xd7l\
\xd7\xeb\xf6\xbb\xe5\xeb\xfa\x98\xfa\x15\xe0\x90r\xae\xf5w\
\x8bm\x0e!?9\x8e\x83\xc5\xf9\xf9u\xbb\xcdz{\
k\xfdE\x14\xc6\xf7\x97\xe4\x03.\x95\xfc\x93=\xea\x19\
\x1fC\x8f<\xfc\x13\xf4\xc4c\x8f^\xe7r\xb9\xbe\xb9\
\xb1\xb6\x9e\xcca\xd3\x09\xf9\x9e\xd5#\xb8\x1f\xb4z0\
\x1a8\xb7\xd6\x9a!M>\x1f(\xf3T\xb0\xd5,\xe0\
\xfb\x15\xf4\x07\xf8\xa1\xa1\xc1g\xadf\xe3[N\xbd|\
Z\x92\xfb\xfc\xfcy\x96\xff\xd9\xb9Y\xd4\xda\xd2\x82\xc6\
\xc6'\xae\xea\xee\xec\xbc{c}}7k\x02\x000\
\xd6|2\xf6\xd2\x81R\x02H\x8d[\x92\xc5.WK\
E\xb0\xea\x0c\xadu\xc1y~\xdd\xf2>x\xecFe\
\x84\xa9\x89\xf1\xf9\xfe\x9e\xeeO\x90{\x8c\xedI46\
2&\xf1\xf4\x11\xde^\x8e\xcb\x14&\xeb\xe03\xbc4\
\xb9tv\xa6\xb1NI\xed\xefK\xf2\xff\xca\xa9\x17\xd1\
c\x8f\xfd\xf4\x86\xee\xae\xce\x9f\xae\xae\xac\xee`=#\
\x1c\x5cS\x16\xff\x19\xe0R\xe13\x95\x91F\xc8!r\
\xeb\xb3%\xca\x83\x86p\x89\xf4\xba\xa4\xb7\xe3\xb18?\
\xe8t\xf6776\xbc\xf7\xf4\xa9\x97\xa4\xfb\xfaF\x91\
\xff`0\x84\xfc\xfe\x80\xf4o\x87\xd5\xf6\xa6\xa1\xe1\xe1\
\x07\xb6\xfd\xdb)R\xfeP\xe4;\xea\xbd\xffpD\xe7\
\xb4\xde\x07|\xe9\xf7}\xa5~\xe2\xb0l\xc2\xdc\xec\xcc\
\xfc\xd8\xc8\xe8\x9d\xb3\xd3s\xc7=cch\x0f\xcbk\
&\x93\x95\xff\x0c\x97\x96x\xbc\xc9(\xd6\x07y\x9d\x80\
O\xed\xec$\xfca\x1c\x89\xeb\xe3\x99\x95}\x03\x97\x12\
\x88\xfc\x1b\xf0\xdf\xa8\xa9\xbbp\x01\xf5uu\xbe\xd9j\
6=\x89m\xd5\x0c\x94\xc6\xe6\x04Q{\x9c\xecR\xdb\
Pz^z\x14|\xee\x15\xfb8\x87\x06\xca\xed\xef\xef\
\xf3c\xa3#\xee\xa6\xfa\xda\x8f\xb66\xd5\xa3\xe6\x86:\
\xf4G\x9f\xfc\xbd7\x84\xfc\x93A\xe4\x9fL2\x9c\xb6\
\x01d1\x99~\xd1\xe9p\xbe\xe0\xf7\xfbI\x93\x00\x7f\
\x90\x17\xa8\xe0V\xd7`\x8f\x83\x96X\xb3\xac}\x01t\
\x1fOo\x0cX\xaf=\xact\xbd\xd2\x99\x82e]\xdc\
\xda\xdc\xd8\x9a\x9e\x9e\xfc\x86\xd31\xf0\xa6\x0f\xdd\xfe1\
\x09\x9b9\x95N\x11y6H\xe7y\x86\xab\x90\x7f\xa2\
#\xb0\xea\xc5S\xc0:@\x90\xf8\x83\xf1\x99^#\xf0\
B\x0d\x97\xe1\x09\xbf\x98\xc4164\xe4\xae\x19q\x8f\
\xdc2<4x&\x12\x0eqR1\xb2j\xde\x06\x0e\
\xe5\x9b\x89lX\x09\xa0\xa3NC\xcf=\xa6$\x09A\
\xf6\x9c/\xf2\xdb\xa4{\xc5q<71\xeeYhk\
m\xbc\xfd\xd5\xd3/\xa0\x17\x9f=\x89\xde\xc8\xa3\xb9\xa9\
\x05\xb55\xb7\xa1\xdas\xe7~\xddj6[B\xe1\x90\
\x00\x07\x5c\x00\x82,\x06\xe3a\xaa\x03\xd8\xf7\x9dl\xfa\
\x1f\xca\xc3\xc0\xa0\xf7\x224\xe1^\xb1\xc6\xc4\x05\x9e\xe7\
\xc4h8\x16\x9d\x18\xf5\x9cw\xbb\xdd\x1fp:]\xd7\
:\xec\xf6\x82\xefNfF\xb2\x07\xa4I\xeav%\xf9\
\xcf\xa4\xf0\xf7\x1cwL\x10\xb0\xdcs|\x0d\x9f\x11H\
<\xaa\xe6\xc5g\x9eE\xa1\xbd\x1dCk[\xfb/\xd9\
\xed\xce\xcfOOM\x0f\xc7\xe3\xf1\xec~\x16@\xd0\xc9\
\x8f\x0b\x8c\xe2\xc7\x9a3U\x90CU\xc8`\x16\xfc\xd6\
Jn@\x19\x8azy\xf0\xa6l\xad6\xc1\xee\xca\xfd\
m\x9e\xe4\xf9f\xa6\xa7V\xba;;\xee\xb8\xf3\xbf\xfe\
\xb6\xf4,\xb0\xff\xf4\x86\x96\x7fr\x0f\x1e\xf9\xf1O\x10\
\xf6%\xd1\xd9W^\xf90>[\xac\xc9DB(\xed\
\x99\xa2\xf1\xe4\x02\x8d\x03\x8a!\xfe\xcf\x5c7 \xd2\xf2\
|\xa0\xbd6\xfd0\xfe@en\x1cD~wwG\
X\x5cZ\xdc\x9c\x9e\x9ayphp\xf0\xf7G=\x9e\
_~\xf8\xe1\xff@\x9e1\x0fZ[[\x93zJ\x88\
m\x80\xcfp\xac\x0325\x5c:\x9d?\xe7\x0d\xf5\x8d\
\x0d\xa8\xa3\xbd\x19\xed\xec\xa7\xaf\x1a\xb4;~slt\
\xf4s\xa3cc\x96\xcd\xcd\xcd=||\x15\x9dk\xaa\
\xdcW\xba\x0dg%PG\xc67\xd2\x83\x1f\xa3\x86?\
%\x93s\x02\xc5\xe4ce.\x02r\xb6YF\x5c\x98\
\x9f_6\x19\x8d\x9f&\xfb\xdeb6!l\xa7\xa17\
\xfa\x88F\xc3\xe8\x87\xf7\xfe;j\xac\xbf\x88:Z\xdb\
Pg[\xc7G\xc6\xc7<f\xbc\x7fy\xe9|\xc9U\
F3<v\xc6\xbc\xb9\xe6\xbe.\xb97\xd7[\xa7t\
\x14\xf2O\xa95*\xdc+\xd2j\x91\x89\x84\xa3\xe0\xf3\
zCkk\xeb\xf5\x83CC\xdf\x19\x1d\x19\xf9\xf3\xd5\
\x95\x95\xf7\xfb|\xbe\x13\xc9\xbd\xdd\xab\x88\xfe}\xf5\xd9\
\xd3\x92.\xd8I$\xaf\xdb\x5c_\xbf\x19\xff\xde\xed\xee\
\xa1\xc1/\xae.\xaf\xfd\xc7\xfa\xea\x9a\xcb\xe7\xdd\xca\x90\
Z\x8d\x5c\xfcQ\xaf\x8f\x7f)\xe3\x01\xdab\xefl5\
\xd8\xe55L\x0a\x18\x80\xaa\xf7A\xbaW\xc4/\xc3\xe7\
\xfe\x86\xa9\xb7\xf7\xcf\xc8\x9e\x9f\x9b\x9a@.\x97\xeb\xb2\
\xf2\xb6^\x89\x03\xcb>\xeaj\xefD\xf5uu\x1f\x9c\
\x98\x980\xee\xed\xec\xe6s\xc9\xac\x9c9\xe5i`\x0a\
V\x0bP\x9f\xbf\x02\x11\xac\x06\x1f\x92%\x97\x08\xc0\xc0\
\x8b\xab\xe6\x1f\x08\xa5\xfef\xe1g|>g\xb0\xbf\xbf\
/\xd5\x97G\xc2\x91\xedp8\xe2\x0e\x06\x83\x1d\xf8<\
\xaf[^Z:\xbb\xbc\xb8\xfc\xea\xca\xd2\xd29\xac#\
\x9a|\xbem\x1b^_\x89F#\xbb;;;\x229\
\xb7\xc4b\xfc&8\xd2\xd8\xaa\xde\xbek-yz8\
\x84\xce\x00\x99\xda\x82\xe2\xcaAJ\x9e\x1f\xf8t*\x05\
c#\xee\xad\xae\xce\x8e\xcf\x10\x1d\xeb\xf3n\xa2\xd9\xc9\
\xf1\xaa\xb0\xcb\xe5\x06Ba\x14\x89D\x0d\xe6\xfe>\xd4\
\xde\xde\xfa\xc1\xa9\xa9)\xec\x0b$s\xf5A\x85\xfa@\
%\xbe\xcc\xc3\x9c=\xec\xb8\x842\xacF*\xa05G\
\xdd/\xa0\xf47\x04\x19\x7f\xa0\x90\x8b\xcf\xe90I\x17\
\x90\x1eS\x9e\xe7\x81\xc4\x09\x88l\xa7\xd3i t}\
d\x92s*\xdb\xbb\x97\x83\x1c\x17%\x10?\xe2\xe7\xf3\
be\xfd\xad\xae\x8fB7\xe2\x98?\xfeQe\x18\x19\
\xfb|*0\xc0\xe5\x22R\xc5\xe7\x0e\x9fJ\xa7D\xcf\
\xd8\xc8FkS\xc3\xa7\x8a\xfd\xdd\xeaP\x96\x7f\x82i\
~\xe6\xcc+\xd8\xff\xecD\x8d\x0d\x0d\x1f\x1et\x0d\xf6\
\xe1\xb3(Mr\x83\xd9\xdcri\xbf\x00P[q\xa9\
9{\xf98\x8f\xf6\x5c\xa2\xce\xfe6\x00V?F%\
h&h\xb0\x17D\x06;J\x0f\xb6\x89\x82\x1d\xc6x\
\xbb\xa0\x22^sH\x7f\x0b\x0a\xfa\x04\x94[{\xe9P\
\xe1\xf4#\xe2@\xe7f[x\xa5\xf3*\x95Je\xc6\
'<\x0b\x9d\x1dmw\x92\xb8\x8a\xc5\xd4\x8f\xbc\x9b[\
(\x90\xcb{W\x87\xbc\xfc\x93Y_\x7f\x1e}\xeb\xee\
\xbb\xd1\xe9\xd3\xa7\xf0\xf7\x17\xdf?\xe2\x1en\x88'\x12\
\x191\xc7\x83\x96\x8d\xa9d\xb1\xc4\xca \xfa\x0f\xb1o\
\x01d\xf8y\x94\x22z\xe51I(%\xb3\x03m5\
\xac\xa0\xc5_P\xfdHE\x00\x92\xa0f\xcf\x82J{\
\x1cPb\xae4=\xcadK\x95\xddlP8G\xe5\
\xe2\xfb@\xd1\xd9\x85?\x01\xa5x\x1f\x0a\xf9\x13(\x1c\
&\xa2*\xce\x97\x12\xc0\x7f\xbe}\x1f\xf2\x14\xad\xc2\xde\
\xde\xae811>\xd5\xda\xda\xfc\xc7\xc4\xe6\xf7\x87\x83\
\xc8\xe7\xdfF\xdb\x01\x7fU\xfe\x99\xe3\x82Q\xb4\xb8\xb8\
\x80\xea.\xd6\xa1\xa6\xa6\xc6[\xc7F\xc7^\xde\xde\xde\
N\x17\x98\xd2\xa0\x00\x97$*\xe0\xb9\xb0\x1e\xa0 c\
\xe01\xe2\xb6()\x10\xd0\x1d\xdb\x07f.\x11]~\
\x8c\x12\xc7\x10\x83\x8c\xe9\xe6:W1\xe0\x99\xe3*r\
\x1c=j/)\xd7!e\x1f\x18\x18\xe2I\x00\xf2\x1e\
\x00\x80\xc2U\x11\xe1\xe7\x93\xc9$7:\xe2\x9ehj\
h\xb8\xed\xe4\xc9G\xd0\xe7>\xf7E\x14\x8e\xc6$\xd9\
\xdf\xbe\xc2q{\xaf4\xf9'\xd3\xd4\xdf\x8f\xacV+\
\xea\xef\xe9{\xeb\xd8\xc8\xc8w\xb7\xb7\xbd\xc9l\x89`\
\xa1{\x9a\xb2W\x8b\xd2\xb4\xc0\x82;\xa9L\x14&2\
\xf7\xb4\x82~\xbf\x9f\x1eW\x92\x17\x02\xb6,\x99\xc2\xdf\
\x80\xc3\xda\xfc*\xf9\x0cZ\xc0\x10\x94\xe5\xb6\xe2\xd8U\
\x0b\xbb\x14\x17\x03Q:\xfaA=\x96\xa8\x9ah\x06Y\
\xbey)B\x15\x0a\x85x\xc7\xc0\x80\xbd\xf6\xec\xd9\x8f\
6\xd77I9-\xbf?\x88g\xa8*\xd0:G_\
O\x0fr\x0f\x0e\x91X\x00\xf2mn]c\xb3\xd8\xbe\
\xbc\xb1\xbe\x1e\xe0x)\x14\x90\xeb\x1d\x96}\xd0\x0a\x1c\
N\xaa\xb1f\x96\x1e<F\x1e\x11`1\xdc\x95p\x06\
i\xb67\xc8x\x0b\xb4\xeb*\x7f\x81\x12.\x95^\x9f\
\x9fv\xff\xd4x=\xe5\xfcs\x0d1\x185NN\xc5\
X\x08(p\x7f\xd0|\x9b\xf2~P\xb2\x11\x05\xbf\xcf\
\x97q9\x9d\xb5\xed-\xad\x1fp:\x1c\xa8\x01\xdb\xad\
$\xd6Gd\xbf*\xff\x87\x1b\x81m\xbf4\xb7\xbd>\
\x83\xad\xdb\x8dz{\xba?\xbb\xbc\xbc\xbc\x96Ng\x00\
\x0ej\x85\xd5\x8cC=|1\x94}\x04*\xdc\x96\x15\
<\x92\x1a\xfa\x82@gm\x81j\x8d\xa4\x1e\xde\xb1\xc3\
`\x9e\x8a\xf2\x99B`\xd41J\xf5\x5c@\x89?\x94\
\xdej\x90\xb9/P\xf2s\x90u\xecA\x9e\x92D\x8e\
\xd7KHg2\xdc\xca\xeaJ\xc2\xe5p\xdco2v\
\xffJow\x17\xeaj\xef\xa8\x0a\xed\xa5\x90\xff\x90\x0f\
\x9d~\xe1EI\xaf\x9a\xfa\x8d\xb7OMO\xf5b\x1f\
!Wc\x05Y|\xf1R\xe0)Us\x13T\xa1\x03\
\xf5\xd4\xe5\xc0\xe1d\xe6\xd0\x19\xac#-\xc7\xd1\xfff\
l=t\x9a\xe3\x09r\xa5\x18@Mu\xd0\x93\x14\xa5\
M\xe0e\xfaC\x8e\x04\x18\xb2|\xec\xbb;;\xc2\xf4\
\xd4\xa4\xcfd\xec\xffZ\x9f\xa9\xf7:c\x7f\x0f2\x9b\
z\xab\x02{\x09\x86?\xb0-\xcd\xbb\xbf\xfe\xaf\xd8\xb6\
\xba\x88V\x97\xd6P\xbf\xd1x\xeb\xc8\xc8\xc8\xa9p(\
\x94\x91h\x13\xb2u\x02ySX\x00uNq\xa6\xbe\
 \xa8\xac\xb3\xa1\xd5\xe2\x00C^QK]\x0a\xadf\
\x89\xa5g\x80\xa2\xdb\x80E\x88t\xf0\xf9\xea\x0a\x7f\x82\
\x96\xbc\x82\xb6\x04#\x94\x95\xeb\x83j\x1a\x05J\xcb\x9b\
\x85\x1c\x08s.\xce\x97\x80\xc9\xc9\x09O{{\xdb\x9f\
\xd4>\xfa]C[kS5\xb7\xff\x1a\x8c` \x84\
\xb66\xbd\xd2\xbd\x1e\x1at\x22\x87\xc3\xf5f\x93\xc9\xf8\
\x90\xd7\xb7\x15\xcfp\x19\xa9T(\xd7\x96\x22@i(\
_k\xbf\x1e\xa8\xe4\xd6\x81!\xef\xae\x16c\x00\xf9\x1c\
>0\xc8\xbfH\xf1uAA\x1f\xc8\xf1\xd7k\xe26\
\xd0\xeb7\xb0&5\xb5\xe6\x11A\xc6\xd7\x12\xd9\xf0\xb9\
@\xfe\xbd*x\xa4\x8a\xde\xbb\x90\xe0\x13\x84`\xc0\xcf\
O\x8c\x8f\xb7\xf4\xf6t\xfdn`s\x05uwu\xa0\
\x7f\xfa\xc7\xcf\xa3\xf9\x85\xb9\xaa\x80\xbe\x06\xf2\x9f\x9f3\
\xb3\xf3\xa8\xb5\xad\x0d=\xf9\xcc\x93\xc7{\xfbz\xffq\
iyilgg\x87\xb4\xa5\x0aEx\x22z\xf1\x83\
X\xf0\x7f\x05\x86s\x89\x85/\xe0H<\x00\x90\xdf\xd7\
@\x89c\x1e\x9d\xdd\x7f\xb4\x9f\x07D\xf6~H\xda\x9f\
\x05\x19\x02\x18\xa5\xda\xce2\xb8\xcf\x5c\xce\x0f\xa4\xfej\
X[YI:\x06lO\xda\x07,\xb7\x88\xb9~\xca\
\xea\xb8L\xba $\xf1#\xa0\xda\xbaZ\xf4\x0et\x13\
\xb2\xd9\xac\x1f\x19q\x8f\xb4`\x7f\x80\xcb\xf2\xcf\x83\xce\
\xb86\x88\x94\xfa\x17\x9a\x1c)\xec_*/\x95b<\
O\xa6\xc4\x09D]\x5c3\x87\x92_=xht\x1e\
F\x05\x1f\xa5\x82}\x19J\x22\x89\xac\xce\xbe\x1a\x9d\xb0\
\xa0\x90C,\xee\xfb\x90\xce\x91]l\xefOMN.\
X\xcc\xa6\xafuw\xb4\xdeH\xf6_8\x1c:\x86g\
U\x10/\xa3\xfc\x93\x89e\x1e\x99\x8c&T_{\x1e\
556\xddd\xb7Y~\xb6\xbe\xbe\x1aL\xa5\xf7E\
\xd9\xfc6\x1bQ\x00K>\x8d\x9akSI,\xb1\xf4\
\xaa)%\xb7u\xe42\x98t\x94\xd2\xed\x01\x99\xbc\x07\
\xb5\x8e\xe2\x90\xb5\x04P\xa6\x8b\xcb\xc2\xf7%_)\x9f\
\x01\x98\xfd\x98\x83\x1a\x9f\xecR&\x9d\x12\x03\xdb\xfe\xbd\
Q\xf7p\xa3\xcbi\xff\x90\xd5f\xb9\x1a\xff\xb8&\xe0\
\xf7\xd7\x04\x83\x01\x03\x9eUA\xbc\xcc\xf2O\xe6nb\
\x07%c\x09\xd4\xd9\xd9\x85uA\xdf\xb5v\x9b\xed\xef\
f\xa6\xa7&I\x0f\x9b\x98/\xd0\x10\xa1\xb8fHa\
\xdf\x00\x03\x0785G,\x8a\xea\x87\xdeQb\x87\x82\
\x8e\x17+\xf6\xc1\x02]\xaeA\xa3\xcf\xa4\xe5L\xa6\xbe\
\xab\x0c\x91\x0e\xc8%\x0c\xa9\x84{\x15\xe7\x7f\x96\x7f/\
GR-a\x19G\xa2\x11qfr|\xd2\xda\xdf\xff\
M\x93\xd1x\x13\xd9s\xe9\xbd]C\xc8\xef'r_\
\xe3\xc7\xb2\xef\xf3{\xab\x82x\x05\x8c\x08\xe9\x1d\xc4\xb3\
\xa1\xbe\x0eMLNf\xb1\xe9[[~gd\xd4\xdd\
\x12\x08l\xa7\x04\x81\x17\x04\x91\xfc\xa7\x80Y\xa5\x84-\
\xa2\xd4\xe7\xad\x9e\xc9\x96O+\xca\xc6\xfd44\x9d\xb0\
\xc6\xd1\x04\x96s\x17\xe4\x7f_\xed\xba4\xea\xa9|\xea\
\x95\xfa\x16\xc0\xe0\x0f1\x05h\xb5$E\x8aV+\xf0\
K {B\x10\xfc\xb9\x14\xc7q\xa9\x95\xb5\x95\x84m\
\xc0v\xbe\xa1\xa1\xee\xe3_\xf8\xd2g\xd1\x80\xc5*\xed\
\xa90\x96\xf9\xb0\xdf\x8f\xc8\xb9\xef\x0fU\xcf\xfe+q\
,./#\x0e?+\x82)T\xdfX\xf7\xce\xe1\xc1\
\xc1\x7f^\x5c\x9c\xf7\xed\xa5\xf6I\xf86\xdfCX.\
\x03\x82(\xcf1\xa3%V\x0e\x94\xbc CM\x1f\xe8\
1\x08X1\xac\x198\xac\xa0\x1cQ\x97\x96\xf3c\xe1\
VV\xcaG*\xd5\xd5\x80\x8a\xaee\x89\xb7\xd2l\xfd\
\x92\xdc\x01\xe4\xa4\x1f\xff\x8f\xe4\xf5R\x13\xe3\x9ee\x93\
\xb9\xff\x8b\xe7\xea\xce\xbc\xed\x1f\xee\xfa\x9f(\xbe\xbbc\
\xa8\xc6\xf9^_#\x1c\x8b\xa1\xed`\x105\xb76\x22\
S\xaf\xedX_w\xd7\xef\x8d\x8f{\x9a\x83\xc1\xe0\x1e\
d!E\xf2=\x842u\xbb@\xcb\x0fP\xb1\xbcA\
S\xbc\x8c\xa1\xe6O\x11\x8c\x14h\xb1I\x11\xd8b\x01\
,1\x04\x96\x9a\x83\xc3\xf85\xaax\xa9\xc0r\xb4\xd3\
\xf5D\xd1\xeb\x0b9\x22a\x7f\x7fO\xdc\xdc\xdc\x8c9\
\xec\x03\xafvwu\xfcv\xe3\xa9\xb3\x86G\x9ex\x88\
\xe0\xd4b[?HfU\xa8^g\xf2Of$\x1a\
C;\xc9\xdd\x9ao\xfe\xe0{\xc8j\xb7\xbd\xd9d\xea\
\xbf{yeik'\x99\xcc\xd5\x08\xc9QA\x82Z\
\xacKT\xcf\xa9\x010\xe6\x08\xf4\xd8\xda@\xab\xbbS\
\xae\x7f\xa6B\xe9i\xe5dW\xd7!\xa0\x9c\x7f\xa3\xc4\
K\xd4bv\xa2^\xd9\x97)\xf1\x95\xfa\xc8\x09wA\
 \x10\xe0\xe7\xe7\xe6\xfa\xba{{>?\xe1\xf1\x5cO\
\xce\xfadr\x17\xcb|\x16\x8f\x82\xcc\xe0\xa6\xaf*T\
\xafS\xf9\x0f\xc7\x22(\x18\x0a\x19^9\xff\xaa\xb4\xd6\
\xd1\xd1\xfaG\xa3#\xee\xd6\xcd\x8duN\xe0\xb8b\x7f\
\x18T\xa3\xf6\xf4\xba5eY\x078\xd4\x19\x09l6\
-0\xe8#Zx\x92\x11c\xad2g\xa6\xae\x99\xd8\
\xf2\x02\xa0\xadf\x0a\x18\xf5R9\x81#O\xfc\xc0D\
2!\xac,--\x0c\x0f\x0f\x7f\xaf\xdfd|w}\
S\x13\xda\xd9\xd95\x84B\xe1\x9a\x10\xde/\xab\xe1\xf9\
\x82\xfcW\xc7\xeb4.\x18\x8d\x16f \xe0G\x9d\xdd\
m\xe8G\x0f\xfd\x105\xb74\xbe\xcd\xd8\xd7\xfb\xbd\xa9\
q\xcfR<\x16\xe5\xb8\xac\x1e(\xa2\xae\x95\xdb\xd4\x0a\
\xfb\x0aD\x0a$\x15h\x95\xf3\xf2n\x22\xcd<u\x07\
\xb1qP\xb0\xa5Ad(\x8ad:\xfb5\xc6\x0dA\
5\x08\xc8\x04\xff\x0d\xaa\xf7\xac\x22\xcfQ\x94#$\x5c\
s{\xfb{\xc2\xda\xf2\x8a\xdf3:rr\xd8\xe5\xfa\
\xad\x91A\xf7\xb5x\xcd\xb0\xbb\x9f\x92\xea\xcaB\xa1\x08\
\x9e!\x14\x08\xf9\xa5\xdcRu\xfc\x1c\xd8\x03\xe1\xb04\
\x87\x07\x07\x91\xdf\xe7G-\xadM\xe8\xa5\xe7\x9f\xb9\xaa\
\xb7\xbb\xeb\xe6\xee\xae\xce\x93S\x93\x93+\x84\x83]\xcc\
\x06\x07\xb8\x5c@\xa8\xa8\x9b\x08\x14\xfa\xe5A1/\x00\
\xec1~\xad\xbc`\x8ckj\xc4\x18pX\x7f\x9d&\
\xefj\xb8\x02%\x01\x0c`\xd1\x13\xf4\xda\x87\xf2\x82\x01\
b\xdfs9\xfcX23\x04\x97gc}=\xe4t\
:\xeb\xec\x0e\xfb'-}\xfd\xd7v47\xa1\xce\xd6\
\x0e,\xe7a\x14\x8d'$^\x9a\xaa\xfc\xff|\x8fD\
\x22\x89>\xf7\xb7\x7f\x85:\xdb[\x91\xcdbB!\xff\
\xd6U\xed\xad\xad\xb7\x0f\x0f\x0f=\xb7\xbc\xb4\xe0\x8dF\
\x22d\xefr\xb9r\xef\xf2T\xc1\x01\xd6\x1b=v/\
\x97\xb8\xa6\xf1\x0e\xaa\xe5\xc7@\xf9\xb4\x07\xd6|\x03\xab\
\x8e\xd0\x8b\xbd\xcb\xc8\xf9\x0bj\xa5\x16*z\xb1\x22\x5c\
[R\xa7'f1\xe2r\xd8p\xd9<~:\x93\xe6\
767\xf6f\xa7\xa7\x1a\x8d\xc6\xbe\xbf\x9f[\x5c\xbe\
abrJ\xca\xe7E\x22\x04g&\x86bX\xf6\xf3\
\xb3:\xde\x18#\x86}\x02\x9f\xd7\x8b\xf6\xf7\xd3\xa8\xab\
\xb3\x03\x99\xed\xb6\xeb[\x9b\x1bo\x1fu\xbb\x1f\x9b\x99\
\x99\x0e'\xe2\x09>\xcbqEr\x86B~\xc3\x15\xf3\
:\x09\xa2\x12\x96'\xb0\xc0_\xa9\xd9\xf2P\x96\x1b`\
\xe2-\x00Q\x15[T\xd3Y\x0e\x8c\xeb*>\x09(\
\x5c<s\xc32+6K\x81#\x22\x0b\x0a\x97\x9d<\
\xc7\x09\xbe-oj\xdc3f\xb2X\xcc\xff\xd0\xdd\xd9\
\xf5\xb6\xee\xeeN4\xb7\xb8\x84&\xa7g$\xd9\xcf\xcf\
\xeaxc\xca\x7f~\x0e\xb8\x9c\xc8j\x1f@g^}\
\x19\xd5\xd6^\xb8\xdel2}t\xc0b}eqq\
q;\x91H\xf0|.N\x98o\x00-\xc5\xd0\x921\
\xff\x19\x02\x01\xa0*\xc3@\xcb\x0b*\x19\x01\x8a\xd8w\
\x94\xb3U\x1bf\xa9\xa6\xbecQ5u\x09T\xc7\x1f\
h\xf9\x94B\xbd>\x91\xfb\xbd\xdd]1\xb0\xbd\x1d\x1b\
\x1et\xd9\x9cv\xfb\xdf\xb557\xff\xaa\xc7\x1fGM\
\xf5\x0d(\x14\x0e\x19B\xd5\x9a\xfd\xea(\x1b\xa1`@\
\x9a^\xef\x16\xc2\xb2\x8f.\xd6\xd5\xa2\xbas\xe7\x8f;\
\x1c\xce\xff\xd2o4\x9eZ\x5cX\xd8\x8c\xc7cY\xf3\
2\xab\x07\x84l\xb0P\x104\xe4\x0b\x98\xf8H@\xbd\
\x1c\x17\xe8\xe7\xbe\xa8Ae0\xab)-\xfdElN\
\x05h\xb2K\xc42\xfd\x96\xbfx!\xaf\x97c\xb1\xa8\
\xe8\xdd\xda\x8c\xba\x07\x87\xbblf\xf3]\xfd\xbd=7\
~\xe5+_0\x90\xe7K\xe2{\xc1@\x00E\xc2a\
\x03\x9e\xd5\x0d_\x1d\x95\xf2\x1f\x0a\x92\xf3A\x9aKK\
K\xe8\x89\x87\x1e\x93\xfa\x8a\xf8\x14\x7fUG[\xeb\xa7\
\x86\x07\x9d//\xce\xcf&\x83\xc1\x80\x84\x01Q\xa4\x07\
\x0a\xb5\xaf\xc0\x9e\xeb\xa2q\x92\xc9\xd4 \x94\xc4\xec\xb5\
\xf6\xfe\x1d\xa6\xbe\x00\x94\x0ej\x0d\xe2\xad\x05S\xb8\x22\
\xd0\x0f\x0a9Mr\xff\xa3\x91\xb0\xb0\xba\xb2\xbc=\xea\
\x1e~\xb6\xaf\xa7\xebog\xa6'O\x18{{\xd0\x83\
\xf7\xdd\x8b\x9c\x0e;\x8ac\xff\xde\xef\xdfF\xa4\x86g\
ba\x01U\xe5\xbf:du@N\xf6\xf33\x1a\x89\
 rfx7\xbd\xa8\xab\xa3\x1du\xb4\xb5\xdc\xd8\xde\
\xd2p\xc7\xe0\x90\xf3\xc1\xe1\xa1\xa1\x8d\xcd\x8d\x8d4\xc7\
qR.\x99L^\x108A\x00\xfc\x85\xe4\x0e\x04\xa1\
(\x99X\x8e\xb3Y\x8cs\xa3\x11\xdfCCym\x85\
\xff\xa0\x8b\xff\x94Zt(\xaf{\x94\xc3\x1a \x9f\x07\
\xa8|\xaf\x83\xd8\x1e\xb9\x97|\x8e\x1b\x9e`\xbc\xf1\x19\
.\xc3\x05\x02\xfe\xd4\xdc\xcc\xcc\xb2gt\xe4'\xfd=\
=\x7fh3[\xaf\xef\xeehC\x036\x93\xf4\xdc\xb0\
^\xc8>C,\xf7\xc5\xb3:\xaa\x83U\xfe\xf3\xd3b\
6\x22\xb3\xb1\x0f5\xd7_@\xe7\xcf^\xb8\x16\xfb\x07\
\xb7z\xc6\xc6\xfe\xc63\xee\xe9\xc3\x8a`\x9b\xc4\x0a3\
\x99\x8c\xc4\xf9Fd\x9f\xc4\x9e$\xbd\x00\x15\xbd&\x00\
\xf2\xb5BrX\xdc,5\xc2r\xb9HZ\xf9\x0d\xc8\
s\xe0P\x8b\x18\x18z\x01h\xa6\xbfb\xbb^Y\xce\
^\xfa\x7f>\xd6*\xc9=\xcfs\x04s\x8f\xf3y}\
\x81!\x17\xd6\xc2N\xc7\xbf\xda,\x96\xdf\xe8ho\xbd\
\xbe\xb5\xa1\x01\xb57\xb7\x22\x87\xdd\x8a\xa2\xb1X\x16?\
\xbe*\xff\xd5q\x84cffF\xca\x19\xfd\xfd]w\
\xa1{\xff\xed\xbb\xd87\xe85\xb8\x06]\xbf`5\x1a\
\xff\xd8j6\xbf\xb0\xb2\xb2<\xec\xf3yS\x89DB\
\x14\xf3{\x97|\x85\x1cYI\xd6\x1e(O&\x96\xf7\
\xa2\x02C\x97\x0b\xb5\x07\x19\xd4\xf9\xcdXs}r2\
\xad\x01O\x00\xca9Y\x15y\xd6r\xf7G8@\xdf\
\x80\x1cg!H|:\xe1Ppwks\xd3\x81\xef\
\xf3\x8b\x9d\x1d\xed\x7f\xe1t\xb8n8y\xf2\xc9\x9a\xfe\
\xcent\xfe\xcc\xab\x08\xaf#\xd2\x8f\x1b\x89F\xa4Y\
\x1d\xd5q)F\x04\x9f'\xf9ItAl'\x8e\xee\
\xfb\x97\xbb\xa5\xf8\x12\xb6A\xdf\xdb\xd1\xd6\xfaU\x8f\xc7\
\xf3\xfc\xfc\xfc\xfc\xfa\xb6\xcf\x07\x84\xffU\xcc\xe7\xa4\xb2\
\xfb\x1b\x0a\xf5\xe7\xc0Ff\xa3\xaf.\x07h6\xbb\x1e\
?\x80\xc2=.\x9f\xaf\x97\x8dW\xe4C&\x07t\x8e\
\x00\x85Z\x1d\x89?O\xf0\xe1\xfb\xb7\xbc\xb8\xe8]\x98\
\x9f{\xcej5\x7f\xc1\xdcoz\xcf\x8b/>\x83Z\
[\x9a\xd1\xd6v(W\xab\x83\xcfx,\xef\xf9Y\x1d\
\xd5\xf1Z\x8dp<\x92\x9f\x86d<nh\xa8\xbd\x88\
}\x833\xe8Bm\xdd\x8du\xb5\xb5\x1f\x1b\x1e\x1a\xfa\
\xc7Q\xf7H\xd7\xdc\xf4L$\x1a\x0d\xa7\x08~\x9c \
Q\xea\x16Z\xce\x0bv\x81\x8a_-W?\x04\xf4\xb4\
[%O\xbdN\x9e\x0f\xd9|\x03h\x0aD@e\xfc\
\xa3\xe0\x17\x81\x14.\xc1\xb6=\x90:\x9dP0\xb87\
\xe1\xf1\x04\xf0}kw\x0f\xbb\xbf\xd0\xd6\xdc\xf2\xbb\x8d\
M\xf57vuu\xa0\x8e\xd6v\xe42\x0f\xa3\xa6\xda\
\xa6\x02Wd~VGu\x5cF\xf9\x97\xfc\xcc\x08\xf6\
7\x977V\xd1G>\xf61t\xe6\xd5WPSc\
oM\xfd\x85\xba\x9b\x1c6\xfb\x07\xdc\xee\xa1\xaf\xba\x1c\
\xf6\xce\xe5\xe5\xe5\x05\xec\x1fD\xb0\x1f+\xe23\xae\x88\
\xbeL\x04\x85\x1aW\x8d\xbc\x1d\xc0\xd2\xe7\xcbP\x7f\xa4\
\xa5\xef\xa6\x02S\xa9\xfcw\xcb\xf9\xc9\x81\xd4S\xec\xee\
\xee\x8a\x89D\x1c\x82~\xbf\x7fj||\xd6\xe5\x1cl\
\xf3\x8cy\xfe\xced\xec\x7f\xef\xd9\x97\xcf\xbcu\xc8\xea\
2\xfc\xe0\xde\xfb$;\x8b\xccp4l\xc0\x93|\xad\
\xca\x7fu\x5c1#\x1f#\x8c\xc5\x22R\xec)\x1e\x89\
\x91\xaf\x86\xbd\xdd\xbd\x1a\xbco\x8f\x11\xdf\xe0\xd9\xe7\x9e\
\xae\xe9lo\xbb\xc6iw\xdcJr\xd3C\x0e\xfb\xc9\
\xe5\xc5\x85Nl\xe3\xaeomnA$\x1c\x16\xd3\xe9\
T^n\x0a1\xaf|\xbc;[\xd7&\x14\x9a\x12\x0a\
u\xc8\x95L;rmo\x00T\x9d\x02\xea\xb99\x00\
5\xfd$\xf93\xb9\x9a\xfb\x5c\xdd\xfd\xc1\xf5\x93\xeb$\
x\xac\xf1XL\xdc\xde\xf6\x89\xdb>orccc\
\xc432z\xd1j\xec\x7f\xd4i\x1f\xf8\x93\x09\xcf\xd8\
\xbb\xba:{\xafy\xfa\xb9\xe7\x0dO=\xf6$:\xfd\
\xfc)\x94\xe6\xf6\x0d\x91h\xcc\x10\x8d\xc5\xc9D\xe1X\
V\xf6\xc9\xd7\xea\xa8\x8e+V\x1f\xc4$\xf9G\xb1h\
\x1c\xc5\xb0.H$\x13heu\x05\x85\x93q\xe4\xb0\
\x0d \xb3\xb1\x1f\xdd\xf1\x91\xf7\x13\x9c\xb2\x9b\xba\xba\xba\
\xefhok\xff\xca\xe8\xc8\xc8\xbf/.-\xd6\xcd\xcd\
\xcf\xae-/-\xeel\xfb|\x99\x9d\xdd\x1d\x82c\xcc\
\x81\xc0g\xb0\xecg\xb0\xa5\x9c\x11\xc8W\xa2\x0f\x04\xc2\
u$p\xd9:\x84\x9c~\xc8f\x1d\xf3C\x90;w\
\xc5\x03\x9c\xa32\xfc#(\xabm.\xce\xc3I\x0ez\
.\xff\x96\xaf\xaf\xcd\xd6\xd6\xe7&\xe1fO\x1f|\x85\
\xd4~j?\x13\x08\x06R\x9b\x9b\x9b;\xf83\x85g\
\xa6\xa7\xc6\xb1]\xff\x1c>\xdb\xff\xa5\xb7\xab\xe3o\x8c\
\xfd\xbd\x1f\x9c^\x9c=\xde\xdb\xd9\x81\xec6+\x9a\x99\
\x99B\x91\xf8>\xda\xd8\xdc\xc2\xf7+.\xcdp$\x88\
\x22\xd2\xbd\x8cK\xb3:\xaa\xe3u\xaf\x1br\xbc\xc6\xd1\
x\xd4\xf0\xea\x99\xb3\xa8\xa9\xa9\x19\xfb\x09\xcd\xc8\x97H\
\xd6445\xbd\xedB\xed\xf9\x0f\xf7\xf5\xf6\xdc61\
\xee\xf9\xab\xf9\xf9\xb9\x07\xa6\xa6&;\xc7FG\xe7\xa7\
&'\x03\xab\xab\xab\x91x\x22\xb1\x93J\xef\xf3\xe9t\
Z$\x93p\x9e`\x15!\x92\xbe\xd6l\x84Q\xc8\xf1\
\xa2\x0ay\xb9\xe4\x0by\x88\x1cG\xdaA_\x9c4\xa1\
\xd0#\x07\x07\xe7u\x91\xae\xe0\xf3\xf9wr\x8cK\xb9\
M|\x96s\x1c\x07$\xdf\x99\xe1\xd2\x02\xb6[R\x89\
D,\xb1\xb9\xb9\x11\x9d\x9c\x98\xf4;\x1d\x8e\xb9\xc1A\
W\xc3\xf4\xcc\xcc\x97\x86\x87\xddw4\xb74\x7f\xe2b\
\xed\xb9\xff<`\xb3\x9cx\xe8G\x0f\xa0\xee\xcevT\
W{\x0e\xb9\x86\x07%\xbb\x9e\xe8\xc6\xea\xa8\x8e7\x92\
\xfcG\xb0\xaf\x10\x8bGQ<\x11G\xc1P\x00\x8dO\
L\xa0\x17_>\x8d\xea\xea\xeb$>\x19\xdb\x90\x0d\xb5\
\xb7\xb5\x1dojl|sKs\xf3\xdb\xad\x16\xcb\xbb\
\xc7=\xe3\x1f\x98\x98\x18\xffk\xbb\xd5\xf6L_OO\
\x97\xa9\xbf\xcf66:\xe6ZZ\x5ct{\xbd\xbe\x89\
x<>\xb7\xbf\xbb\xbb\xb2\xbf\xb7\xef\xdfI&\xf6\xb0\
o\xcd\x93\x9aebw\xe3\xef\xc5d2\x81g\x12\xfb\
\xdd{\x22\xc1\xbb\xda\xdb\xdb#\xbd\xf0\xf8\xfb}i\x92\
\x7f\xef\xee\xeeH\xbfG^\x17\x8bF\xc9k\x05\xfcZ\
\xfc\xb6\xbb\xfe\x9d\x9d\x9de\xeckO\xae\xad\xae\x8ez\
\xc6\xc7\x86\x5c.\xbb\xc56`y\x15\xcb\xfaw\xe7f\
g?577\xfb[\x16\x93\xe5?\xbd|\xea\xd4\xdb\
^z\xe9\xc5\x13S\xb33\xc7\xea\x1b\x9aP\xdd\xc5Z\
\xf4\xf8\xa3\x0f#\x8b\xd9\x84\xf0{\x19b\xd1\x08J\xc4\
\xb1\x9f\x14\x8bJ\xb3:\xaa\xe3\x8d,\xff\xd1p\x08\x11\
\x99\x88\xc5b\x86\x18\xf1u\xa3Q\x03>|\xb1\xbc\x98\
\x0b\xfc2?\xbc\xff~\xe9{\xec+\xd7\xd4\x9d=\x7f\
\xec\xf9\xa7\x9f>\xd6\xd3\xd5y\xf5\xf4\xd4\xf4u\xb3\xb3\
\xb37LO\xcf\xbcc|b\xfc=n\xb7\xfb\xe3N\
\xbb\xe3N\xb3\xd1\xf8\x7f\xfbz\xfb\x7f\xd0\xdb\xd3\xfbp\
_o\xdf\xe36\x9b\xe5\x09|.?\xe9p8ON\
NL\x9f\x9c\x9f\x9b\x7fjvv\xee\xe9\xb9\xb9\xb9\x93\
\xf3\xf3\xf3O\xce\xcf/<\x89\xff}\xd236v\xd2\
\xe5\xb0\x9f\xc4v\xfa\xe3=\xdd\xdd\x0f\xf7\xf6\xf4<\x80\
\xbf\xbf\x1b\xcb\xf8\x9d\xee\xa1\xa1\x8fN\x8e\x8f\xdf\x82e\
\xfd-\xb3\xb337\xb8\xddC\xd7\xd6\xd6\x9e;v\xfa\
\xf4\xa9\x1a\xa7\xd3%ad>\xf2\xd3\x9f\xa1\xfb\xee\xb9\
W\xbaf.\x931`}S\x93H$\x88\xdc\xa3H\
4\x88\xed\xf80\xf6\xe5\xc3U\xf9\xaf\x8e\xea\xc8\x8dX\
,\x9a\x97\x7fi\xe6kX\x88\x8e\x88c\x1d\x81\xcfr\
,'\x92\xbc\x18\xf0\xac!z\x22N\xe4'\x1e3\xf8\
\xb7\xfdhqq\x09}\xee\x8b_\x92j\x10~\xf8\xa3\
\x07\x91}`\x00\x19\xfb\xfa\x10\x96}lC\xb4\xa3\xae\
\xce.d\xb1\x98\xa5\x9f[\xcc\x16448\x82\xb0-\
\x81&&\xa6\xd0\xf4\xcc4\xc2r\x8ffgf\xd1\xd4\
\xe4\x14\x1au\xbb\x91\x0d\xeb\x9d\xfe\xbe^\xfc\xbaN\xfc\
\xfaV\x84m\x0d\xe4r:PgKk!\x16\x9f\x9f\
\x84sA\xba\x96D\xd4\x90\x88\xc7\xc9Dd\xee\xec\xec\
\xa2=<#$7R\xf0y\x0e\xe4?Z\x8d\xe1U\
GuT\x8c\x82\xec\x17\xd5\xb1\xe5d\xbfP\xcf\x1a\x09\
c\xbd\x90\x88\xa1\x9c\x0e@aR\x03\x13!g)\xb1\
\x1f\xa25\x04\xe7\x88\xd4'a;\xbf0\x93;I<\
\x13hwo\x07mnl\xa2\x8d\xf5\x0d\xb4\xbe\xbe\x8e\
\xd6V\xd7\xd1\xfaF\xf6{2\x17\x16\x96\xb0\xec&\xa5\
\xb9[4\x89\x9d\x12\xc33\x9e\x97\xf1\xec\xf7(\x11\xcb\
\xce\xfc\xb5\xe4\xe5_\xb2u\xe2\xd1\xec\x8c\x16\xcd\x9c\xec\
W\xe5\xff\xca\x18Ey\x9c\x985k\xb6\x19\x14\x12\xcb\
1\x13R]\x87\xdc[\x1a\x8e\xeb[\xe7\xf3\xd7$\xbb\
\x0e\xef\x92\xbf\xea\xc2\xd5\x15\x7f\xaa\xdb\x0e\xb9~\x82\xb2\
.s\x01&\xf5\xf5\xd5\xd2\xdb~\x5c\xe3: m\xeb\
\xe8\x88\xd7W\x91\xea/\xf0\x95\x1b\xeb\x1e\xca\xfa\xcd\x97\
y\xbd\xe4\x11\xcbI\xc6=G\xb7\xceS\xd6Sz\xd6\
\x8f)\xed\xbd\x8au\xd9?\x8f\x0c'\xd4\xd7\xd1a\xd7\
\x8fQ\xd6oW\xde\x5c\xa5\xaf?\xec:\xd2\xb7n\xa0\
\xac#\xda\xfa\xcd*O\x8fe\xfd\x04\xdb\xfa*e\xdd\
\xa4w\xfd\xb8\xda\xd3+l\xd1\xa3[?^\xbe\x9d\xcb\
\xd6\x1f8\xdc\xba\xa1b]:\x06\xee\xadx\xde\xa6\x92\
\x9f \xe5u\xe9\x0f\xbcf\xeb\x88r}\xe8D\x8c\xfc\
>\x1c+}E\xb9\xc8]\x8b\x94\xd7\x8f\xd1\xd7\xa1L\
\x02x\xb5\xf5{\xcav\xef\x89\xb2\xf5\xdb\xca\xd6\x8fU\
\xae\xc7\xcaD\x12\xcav\xe8\xbd\x97r\xfd\xd8!\xd7\x0d\
\xaf\xfbu\xbe\x5c\xe5\x95Z\x0a\xb4\xf5\x9bS\x97v\xfd\
\xc4!\xd7\x8f\xd1\xd6cG\xban\xa8\xb8\xbeU\xf5\xf5\
\xe3\xda\xd6+\xff\xfek\xbbn(W\xf7\xd4uS\xf9\
\xfb\x1fv\xbd\xec\xfa\xee\xbd\xb2\xd7+M\x8aC\xad\x1b\
\xb4\xae\x1b\x0e\xf9\xfa\xd7\xd9:\xba\xcc\xeb\x86\xea\xfa%\
]?v\x89\xd7/\xef\xe7;.\xeb\xa9\xbff\xebY\
\xfb\xb9l\xfd\xder\x7f\x89\xb6\x1e\xa3\xac\xdf\xab\xb8\x8e\
\xe4\xd6M\xe5Q\x1d\x95u\xf4\xf6\x7f8vBm]\
fC\xd0\xd6W\x0f\xb7~|\xf5\xd2\xbe\xff\x15\xbf\x1e\
;\xdc\xfa\x89\x14e\x9dW_\xbf9ui\xd7o\xa3\
\xad\x97\xefW\x8d\xeb\xa2\xfa\xba\xe1\xb5^?\x11S_\
/\x8bV\x1cv\xfd\x18}}\xb5\xcc\x9f\xe4)\xebb\
Y\x84&\xa5q\x1d\xb4\xfc\xfb\x9e\xb2\xf7\xd3\xba.V\
\xae\x8b\xf7\xaa\xac\xdfS\x16\xee)W\x98\x1a\xd7\x0d\xe5\
\x0a\x9de\xfd\xde\xb2\x08\x5cJ\xf9\xf3V\xac\x97}\xfe\
\x9bY\xd6\xf9K\xbc\x0e\xca\xf6C\xc5z\x99}x\x9b\
\xfaz. T\xfa@S\x15\x01\xccX\xc9z\xecP\
\xeb%\xfaRf\xfd\xda?\xa8\x5cO\xa9\x86\xf7T\xe2\
\xa3\xf7\x1c2\xbez\xc8\xf8\xf0\xf1\xa3Z\xd7\x19\x1f\xbf\
MT\xff\x80\x07\xeb\xf7\xaa~<\x85\xf5\xe3\x94\xfc\xc0\
\x09\xa5\xdc\x16\xe3\xfa=*\xd9\xa3#^\x97\xfd\x00\xc5\
\xf9\x1b\x99-x\xa9\xf3G\xa5)D\xf5\xcb\x97\xfb\x00\
\xa5\xeb)\x95\xa7'{\x87nS_?\xa6\x9e\x9e\xd4\
\xbe\xbe\xaazy\xf4\xf5\x8asYk\xfe\x15T>=\
\xcbz\xc5\xb9S>R\x0a\xcf\xbe\xf2\x0ao\x13\xd5\xd7\
\xef\xd1\xb7\x9e\xbfB\xa5\xfc\xba\x18\x93~\xa1\xa6d\xfd\
\xff\x03\x7f\x9et\x0f\
"

qt_resource_name = b"\
\x00\x08\
\x04\xd2A\x9f\
\x00i\
\x00n\x00f\x00o\x00.\x00i\x00c\x00o\
"

qt_resource_struct = b"\
\x00\x00\x00\x00\x00\x02\x00\x00\x00\x01\x00\x00\x00\x01\
\x00\x00\x00\x00\x00\x00\x00\x00\
\x00\x00\x00\x00\x00\x01\x00\x00\x00\x01\x00\x00\x00\x00\
\x00\x00\x01\x98Y3ro\
"

def qInitResources():
    QtCore.qRegisterResourceData(0x03, qt_resource_struct, qt_resource_name, qt_resource_data)

def qCleanupResources():
    QtCore.qUnregisterResourceData(0x03, qt_resource_struct, qt_resource_name, qt_resource_data)

qInitResources()
