# Resource object code (Python 3)
# Created by: object code
# Created by: The Resource Compiler for Qt version 6.6.3
# WARNING! All changes made in this file will be lost!

from PySide6 import QtCore

qt_resource_data = b"\
\x00\x00\xb1\xc9\
\x00\
\x04\x13\xdex\xda\xec\xbd\x09\xb4$\xd9Y&v\xb3J\
\xa3\x19\x09I\x1880bPwUK\xf6\x188#\
\xc3\x19\xc0g6\xdb\x18{\xd4]U-0\x83\xacc\
\xf0\x983\xd8\x18\x8f}\xc6\x9c\x01\x0e\xda\x00\x01\x96\x80\
\xd1\xa0\xb5W\xa9\xd5-\xb5\xd4\xad\xdekyk\xee\xcb\
\xcb|{\xd5\xdb\xf2\xed\xfb\xab\xaa\xb7\xef/\xf3m\x99\
\x19\xf7\x0f\xdf{#\x2232\xe2n\x91\xaf\xa4\xe9\x96\
*\xbbo\xbd\xf72##n\xdc\xb8\xff\xfe\xff\xdf\x8f\
P\x88\xfc\x870\x22\xff^D\xbd?\xf66\xf4\x13\x08\
\xa1\x9f&\x83\xbe]\x0eY\xef\xb3\xd7\xe1y\xf4c?\
\x84\xd8h\xe45;3[\x1d\xd3\xb3sh~~6\
4?7\x8b\xf2\xf91\xd4\xd3\xdd\x8b\xda\xda\xdaP,\
\x1aA\xb9\x5c'J&S\xe8\xf9\x17\xbf\x83\xbe\xf6\xdc\
s\xa8\xe9\xfa\x0d\xf2w\x1aE\xe3\x09\x14\x8e\xc4PK\
{\x18]\xbb\xde\x84\x22\xb18\x8a'\x93(\x99I\xa3\
d:\x83b\x894\xbaz\xe3\x06j%\x9f\xa7\xd2\x1d\
\xa85\x12A\xf1T\x12\xa52\x19\xf4\x9d\x97^C\x9f\
\xfb\xdc\xe7\xd0\xd5\xeb\xd7Q{4F\xce\x97D\xd9\x5c\
\x96}\xff;\xaf\xbc\x8aZ\xdb\xdaQ2\x95BmQ\
\xf2\xdd\x8e\x0e\x14I$Q,\x16E\xaf\xbf~\x0d%\
R\x19v\x0e\xfa~Gg'\xf9^\x17j'\xd7N\
e\xb2(\xd7\xd5\x85\x9a\xdbZPWw7\xcavv\
\xa3\x97\xdf\xb8\x8a~\xfe\x83\xff\x04\xfd\xc6G\xffW\xf4\
\x06\x99w\x9a|'\x9b\xcb\xb1s|\xf3[/\xa2\xeb\
\xd7\x9a\xd8u\x9a\x9b\xdaPK+\xb9_r\x9f\xdf\xfc\
\xe6\x0b\xe8\xf1\xa7\x9fA\xe1p\x04e2\x1d\xe4:\x19\
\x94\xc9fQ\x22\x9d\x22\xe7\xb8\x8e\x9a\x9aZ\xd9z$\
\xd2I\xd4\xd5\xd3MF/\xba\xd1\xdc\x82\xbe\xfd\x9d\xef\
\x90k\x87\xc9\x1c\xba\xc9\xf1\x1d\xec;\x99l\x8e\xdc\x7f\
\x1b\x8a'R\xa8#\xdb\x892\xe4\x5c\xb9\xce.\xd4A\
\xe6\x9c \xf7\xd4\xdcj\x1d\x1fM$\xd8\xbau\xf6\xf4\
\x90\xf5\xeeBMd\xed\xd3\x1dYv\xfe\x0ez\x9fd\
m\xd2d.\xf1x\x9c\xacW\x14\xc5c\x09\x94&\xf3\
\xa6\xd7\xc8\x925\xe8$\xf7\x9b&\xe7Ow\xe4\xd8u\
b\xf1\x18\xf9;K\xde\xefA\xd1T\x1a}\xfd[\xdf\
&\xef%Q\x22N\xd6\x94\x5c3C\xce\x9dNgQ\
ss+Y\xd7\x18\xf9N\x96\xcd+\xdbI\xbfO\xd6\
'\x99@\xdf \xcf\xba-\x12&\xe7L\x93\xe3\xe9Z\
\xe7\xd8z\xb4\x92u\xa2s\xc8\x90gL\x7f\xd25\xa7\
\xd7\x89%\xe2\xe4~Z\xd9\xfa\xa6\xc8\xdc\x92\xe4Y\xa7\
\xc9\xfdv\x9095\x91\xf7_y\xf5*j'\xfb\xa5\
9\xdc\xc6\xe6M\x9f\xf5ko\xbcA\xf6\xd47P{\
{\x84\x1d\x9b\xceZ\xcf\x94\xce\xe1\xb5\xabW\xd1\xf5\x1b\
-(B\xee\xf9\xa9\xaf=M\xf6W\x14\xb5\x90}\xf1\
\xec\xf3\xcf\xa1/<\xfe\x18\xfbN\x1b\x19-d\xad\xe8\
\xbeJ\x92=\xc1\xf6d\x94\xec\x85t\x9a\xacy\x8c\xac\
q\x94\xads\x98\xec\xb1\xaf?\xff<\xfa\x8f\x9f\xff\x22\
\x99K3\xd9\x97\xd7\xd8\x1e\xa2k\xf2\xf8S_#\xe7\
|\x9e\x9c?\x86\xbe\xfd\xed\xef\x90\xfd\xdcN\xd6:C\
\xce\xdb\x8a^x\xf1%rL\x82\x9c\xd7\xda\xdb)\xfb\
\x1a\xdfy\xe9e\xf4\xf9/=F\xceK\xee\x9f\xdc/\
}>\xf495\xddhFO>\xf5\x04J\x90\xfd\x18\
%\xd7\x8c\x93uH\x93\xb9$\xc8\xfc^|\xe5e\xd4\
\x1a\x0e\x93\xb5M\x92uk'\xe7o!sL\xa2\xa6\
\x96&\xf4\xfc\x0b/0:\x88\x929\x5c\xbf~\x0dE\
\xc8\x1c6\xb6vC\xd33\xb3\xa1\xe9\xe9\x19:\xd0\xbd\
~\xb9\xe9\x7fnn\x1e-.\xcc\x9dkk\xa3k\xda\
\x8e2\xc9\xcc\xbb\x9b\x9b\x9b\x7f\xa6\xad\xb5\xf5\x97S\xa9\
\xf4\xa5\x8e\x8e\xec\xaf\x12\x9a\xfeu\xb2\x06\xbf\x1e\x8f\xc5\
?\x12\x8b%\xae\x905\xbd\x12\x89\xc6\xaf\x84c\xf1G\
\xc3\x91\xe8\xa3m\xe1\xc8\xa3\xed\x91\xc8\xa5p,\xfa0\
\xf9\xec\x91p,\xf1\x08Y\xb7\xcb\x84/\x5c&\xc7]\
j\x8f\xc5\x1e!\xfb\x85\xbe\xf7\x08\xfd;J\xdf\x8f\xc5\
.\x93\xbd\x7f\x89\xd0\xff\x87\xe2\x89\xc4\xc3\xb1D\x82|\
\x8f\x1c\x1b\x89^&\xe7\xbcL\x9e\xeb\x87\x08\xdd=\x9c\
\xc8t|(\x95&\xbf'\xd2\x0f\xc7\x93d\xa4R\x0f\
\xc7\xe8wR\xa9\x0f%S\x19rL\xe6\xe1T:\xfb\
\x08\xd9C\x97R\xd94\xf9\xd9\xf1H\xa6#\xf7\xa1T\
6\xfb\xa1t&\xfbH\x82\xdcC<\x99z\x84\xcc\xff\
ak\xa4\x1fN\xa6:.\xa7R\x99\xcbd\xaf\x5cN\
\xa7;\xae\xa4\xd2\x99GS\x1d\xd9G\xc9\xf1\x1f&\xbc\
\xe4\xd1L&s\x85<;:\x07\xf2\xfd\xd4%\xf2\xf3\
\x12y^W\xa2\xe4\xde\xc9s\xba\xdc\xd1\x99}8\x93\
\xcd<L\xe8\xf4aBO\x8f\x90\xbdq\x99|\xff2\
\xd9\x87\xe4\x9e\xe2\x8f\x90{y\x98\x5c\xf7\xe1d:}\
\x89^\x9f\xac\xdfe\xb2\xaf\xc8\xe8\xb8L\xe8\xf4R\x86\
\x1e\x9b\xee\xa0\xe3\x12\xf9\xde#d\xef?\x92\xc9\xe5.\
\xe5:\xbb/utu^!\xbc\xe32y\xef2\xe1\
\x19\x97\xc8}\xb1\xef\xa6\xd2t\x1e\xa9\xcb\xf1x\xe2J\
*\x99\xba\x9c$\xe7'\xd7}\x84\xf0\xc2G\x12\xe4<\
d\x1d.%\x92\xe9K\x84\xff<L\xe8\xff\x12\x1d)\
r\x1e2\xae\x10\xda\xbd\x9cIg\xc9=\xd1\xf3d\xe8\
\xbd?\x9cLf.\x13^v\x85\xf0\xc0+\x84n/\
\x93\xef]\x22\xf3#sK_!\xcf\xfdQr\xcfW\
\xc8\xde\xb5\x8egs'\xebK\xaeO\xd7\x83|~\x99\
^\x97|\xc6\xe6\x9f\xca\xd0{$\xdf#kF\xd7\x8e\
\xac\xcdeB\x17\x97\xc9\xde\xa1\xe7$\xd7\xe8 \xe7\xca\
\x5c\x89gRd=R\xd6\xfd\x90\xe3\xe2\xa9\xf4\x15\xf2\
l\xe8u\xe8:\x7f(\x91I\x93g\x9d\xf9\x97\xe4\xbd\
\x87\xa3\xb1\xe4\xc3d\xff\x90{N\x90c\x12\xf4\xfcd\
\xa4.\xc5\xe8\x1a$\xe8\xf3H]!\xfb\xe9J4\x99\
\xb8L\x9e+y\xbe\xe43\xf2>\xe1E\x8f\xa43\xe4\
\xb9f\x92\xd6s$\xf7N\x9e\x01\xfd\xcee\xc2\xb7/\
'2\xa9+\xec\xf8x\xeaR4\x9e\xbcBx\xcb\x15\
\xba\x87\x09? \xf7\x9cz\xd4zN\xe4x\xb2\x96d\
\x9f^\x8a\x91k\x90\xb9\xd19\x90\xf7\xd8\xb5\x1f\x8dX\
\xfb\xf7\x11\xb2w\xc9\xfd$\xc9\x1e&\xebB\xceO\xf8\
\xe9\x95H{\xf8\x0a\xa1\x91G\xe9\xbd\x91gv\x85^\
\x93\xec\xf3\x0f\x87\xe3\xb1\x0fG\xa2\x91\x0fG\x13\xb1+\
\xf1D\xfc\x0a\x9dO4\x1e{\x84\xd0\xce\xc37ZZ\
\xffeSK\xcb\xff\xd0\xd4t\xe3\x9fE\xda\xda\x1e0\
\xcd\xbd\xd0U\x22\xb3L\xd3d\xe3\xbbE\xffs3s\
\x84w'\xd0\xe4\xf4\xecyB\x07?O\x9e\xdf\xa7F\
F\xf3\xcf-.-\xe5VW\x96\x97\xd6\xd6\xd67\xd6\
\xd6\xd7\xf7VV\xd7\xf6VVVv\x97\x97\x97\x0b\xab\
\xab\xab[++\xab\xdbl\xac\xaen/\xaf\xacl-\
/\xafl\x91\xdf7V\xd7V7\xc8\xb1\xf6X\xdd\xa4\
\x83\x1d\xbf\xba\xca\xfe^][\xdbX]]\xa3\xef\xd1\
\xcf\xb6\xe8\xdf\xeb\xeb\xebk\xe4\xb5A\xc6\xfa\x8au\xee\
Mr\xad\xad5\xfa>\x1d\x1b\x1b\xab\xeb\x1b\xf6\xef\xf4\
\xe0\xf5\xea\xef\xe4\x7f\xf2\xc1\x06=\x05\xf9gcc\x93\
\xfcI\x7f\x92\xdf6\xd7\xd67\xc9\xd4\xc9\xaf\xe4\xc0M\
z\xa0\xfd]{ll\xd2\xf7\xc9\xf5\xe9\xcfm6\xd6\
7\xe85\xc9\xcf\xf5-r\xc4&9\x8c\xfc\xbdF\xbf\
K\x06\x99\xf7\xda\x1a\xbb_:Gr~r\x06v!\
\xf6\x8fu\x0c\xfb\xc9\xee\x89\xdd\x8fuMg\x90s\xae\
o\x93_\xb7\xady:\xdfY\xa7\xbfo8\xef\xd1\xd7\
:\x1d\x1b\x1b[tlX\xf7D\xbfK\x07\x9d\xef\x16\
Y;2\xdf5\xfa7}mX\xe7bsg\xf7\xb4\
\xe1:\x1fY\x9b-:\xc8a\xe4~6\xb6\xac{\xa2\
\xe7b\x0b\xbaE\xce\xb3C\xc7\x86}<\x1b\xeb\xec\xfd\
mz\xbf\xe4\xbe\xb7\xd7\xabk\xc2\xd6\x8c}\x9f\xfed\
\xf3^g\xf3\xdc\xb0\xef\x85\xcd\x81\xcdu\x83\xdd\x17\x9b\
\x8b}<9\x1f;\x0f]\xcb\xea<\xc8{t\xbd\xe8\
:oX\x8f\x85=3\xb2E\xd6\xd7\xe9?\xf6\x9eb\
\xf7k_c\xc3zft\x0fYka}\xdfz\x9f\
\xed/\xb2\x07\xd7\xad\xebl[?\xc9\xb9\xc8\x04\xe8\xb0\
\x9e\xe7\xda\x96\xb5\xdf\xd6\xc9\x1e$\xcfte\x85\xee\xe1\
]r\xae\x1dz\xcf\xeb\xd6=\x90s\xadW\xaf\xe1\xac\
\x87\xb3\xfe\xf6\xde\xb6\x9f3;\x1f\x1b\xab\x94&(-\
\xac\xac:\xeb\xc7\xf6\x109v\x87\x5ccg\x85\x0e\x8b\
&\x9c\xb9\xae\x93cW\xef\x92\x0f\xef\xdc\xbd{\xf7\xf6\
\x9d\xdbSS\xd33\x91\xae\xce\xee/\x13\xdd\xe37\x08\
\xcf\xf9!\xaaoR\xfdtmu\x19M\xcfL\xb3q\
\xd6\xd7\xcb\xaf\xbe\x8a\x9a[\x9a\xd1\xf5\x96\xa6\xf3\x9d\x9d\
\xd9\x9f\xee\xe9\xea\xfe\xdc\xec\xdc\xfc\x18\xd9\x81\xa7\xc5b\
\xd1\xa8T\xca@\xf8\x0e&\xc3 \x03\xeca\xd8\x03\xdb\
\xc39\xa6b\x0f\xc3\xf3\xbe\xfb{\xd8\xf3\x1e\xf6\x9c\x0f\
\x5c\xc7\x88>3<\x9f{\xcf\xcf\xbb\x8e\xf7Z\xa2\xb9\
\xf1\x8e5\x04\xe7\xaax\xe6\x0a\x92{\xc7\x9c\xc1\xfb\x0c\
8\x03K\xee\x07s\xae\x87\x05\xf7\xc8[\x03\xd5uT\
sv\x9f\xc7yU\x8f\x07k\xd0\x17\x80\xff\xbb\x10p\
\x1f`\xd7u\x80\xb3\x1f@\xf2\xbe)\xb8\x8e\xe8\x5c\xa2\
\xe7%Z\x03\xde\xbc\x0d\xc9\xbe\xaap\x9eCu\xbf\x01\
y\x1d\x9f\x9c\x98{{{&a\x9d\xab\xe3c\xe3m\
D\xcf\xfb\xedk\xd7o\xbc\xbb5\xdc^\xd5\x07\xa6\xa7\
\xa7\xd9\x08\xfa\x9a\x99\x9dF\xcf}\xe39t\xf5\xdaU\
\xf4\xf2+\xaf\xfcHoo\xcf\xef\x8cO\x8c\xcf\x1e\x14\
\x0eN*\x95\x8a3GJ\xfc\xe4'\x18\xf4'\xb0\x9f\
dbt\x00x\x9f\xb15\x00\x5c4c}\x8f\xdc\x19\
\xd8\xcf_\xb6.\xd6\xda\x90\xf3\x92\x031\xbb\x88I\x7f\
g\x7f\x1b\xec\xbcd`k\x1e\xe48\x8c\xb1\xfd\x99i\
\xb2\xb9\x18\xb5\xe3\xe9\xe7\xec\xba\xd5\xebX\xe7\xab]\xdb\
\x99\x8b}-\xec\xb9\x1f\xfb\x1a\xecf\x9d9`\xfb:\
\xd5\xf9\x99P\xbf?\xd8\xfb\xec2\xce\x9e\x02\xf6\x1d\xb0\
\xafg\x8f\xba=X\xfd\xcc:?\xd4\xcf\xc1\xb4\xae\x02\
P]\x9f\xda|\xac\x97\xf3\x1dp\xae\x05\xd5\xe7S]\
W\xe7\xbal\xd0\xeb8\xf3\xb6\xee\xd9p\x9e!\xb6\xce\
eph\x80\xb7\xdf\xd9y\xac\xeb\xdas\x04\xe7=v\
\xd3\xce\x1c\x0c\xfbz\x86}\x1c\xfb\xbf\xf6\xbc\xdd\xd7p\
\xee\x1f\x9c\xb5\xa9\xb8\xf7\x96{\x1e\xces\xa3\xff9\xcf\
\x06j\xeb\x86]\xf7\x09\xd5\xe7V]\x07\x80\xdas\xb0\
\xf7\x0eXs\xc6\x00\xae\xeb@\xf5~L\xb3\xfa>\xae\
\xed\x1d{\xb1M\xd3\xb9w\xc3\xd9\xab\xf4T\x98\xfd\xb4\
\xef\xc7~\x0f\xd8\x067\xb1\x81\xed\xb5\xb7\xe8\x05\xec9\
\x03\xae\xee_p\x8e\xa9\xd0\xab\x94J%\x93\xe8\x22\x07\
\x83\x03\x83\xaf\x10\x9b\xe1?O&\xdaB\xd4\xbfr\xeb\
\xd6\x80\x16\xfd\xcf\xcd\xcd\xb0\xb107\x8b\x16\xe7\x17\x18\
\xef t\x8f^\xfc\xce\x8b\x1f\xe8\xc8f\x9f#J\xe0\
\xaeQ1\x18\xfd\xb2y\x1b@\xaf[\xb6\xe8\x99\xed-\
{c\x99\xf6-\xd8\x14\xe0\xec+\xf7\x9a\xc9e\x99W\
VxeC\xfd\x07\xce\x0fk}\xa1F\x13u<\xa5\
v^\xe7\x01\x9bUz\xe2\xc98\xe0\xc8\x11\xf1\x1c\xa1\
\xfe\xfc\xae\xb9U\x8f\xf3N\x1e\x04\xe7\x06\xbeL\x06\xf7\
u\x5c\xeb\xc9\xbb\x96\xe7R\xc0;?\xefU\xbd\x86\xe2\
\x18\xd9\xb3\xd2|\x1fjWS]\x0bd\xf7Y\xe5\xa5\
\xf5\x07\xba\x98\xacw\x13\x99\x9e\xfd\xc1\xdfN\xeeS\xd5\
\x1f\x07\xb5\xf5\xacn'\xc535\xdd\xcf\xb4J#\xb5\
\xef\xe0*\xaf\x84*\x0f\x06\xa8\xdfS\xce\xf7\xab\xdb\x17\
l\xeeC\xf9\x81\xcd\x13\xd8\xbb\x87G\x87\xa5\xe1\xfcH\
w&\x93\xfd\x1f3\x99\xcc\xb9\xd6\xd6v\xf4\xcaK\xaf\
\x06\xa1\xff\xd0\xe2\xfc|\xe8g~\xe6\x83\xa8\xb9\xa9\xf5\
=]]\x9d__[]3\x00\x1c\xf6g:\xa2\x05\
\xdb\xf2\xbe^NC\xdd>\xf3\xee;\xf7s\xe3\xd1\x97\
\xb3\x1e\x9cG\xc7y\xa4P\xb7\xe6*Z\xad\xbb\xa6k\
\xf3\xf0\xde\x07\x0f\xd9\xf2\xf8\x0fv\xef\x09\xe0o`\xd1\
\xfe\x92\xcc\x15\x80\xc3\x7fd\xb4(\xfa\x9b\xffu\xa8\xdd\
\x18g\xdd\xea)E\xbc\xb6\xa6\x84\xce\xc5\xbf\xdb\x9b\xd7\
\xc5\x03@\xcc\x88\xf8\xe7\x12\xcd\xdb{*\x0e]\xd6\xf3\
i\x17\x9d\x01\xef\xbc\xe0\xdd\x17\xc0[\x9b\xea\xa5\xa0\xc6\
\x0b\x80\xb7g\x1d9\xe4\xd9_\x0e\xbb\x05\x97\xee\x005\
\x11\xe5\xa3\xa1\xeay\x9d\xc7h\xeb{\x0eaR\x99V\
9:>\x82\x99\x99\xd9\xd1\x5c\xae\xf3\xca\xe7\xfe\xfa\xf3\
\xe7[\x9a[Qg\xaeK\x9b\xfe\xb76\xb7B\xd9l\
\xfc\xfc\xad\x9b\xb7~\x8f\xe8\x14{D\xd3\xa8]V&\
;\xe4{Tc\xaf\xf2y\xb0\xf0: \xdc6\xb2\xf3\
k\xce\x19th\xce\x14\xd0\x8ch\x1fk\xbc\xc0\xf4\xf0\
G\xef\x87X\xbd\xd6\xa0sQ]Y\xae\xbb\x06\x10\xfc\
^\x83\x7f\x1dt\xf7\x86\xe6\xc9\xc1\xff\xe0@\xc6<\x1b\
\xdc\xef\x9cM\x02\xd2\xb9C\x83k\xea\x98W'\xa7'\
\xe6\xcc\xec\xccDWW\xd7\xcfN\xcfM\xa1d\x22%\
\xa5\xff\x05\xa2\xf3/\xcc\xcf\xa3\xdb\xb7\x17C\xc39\x1a\
\x0fM\xfc\xf2\xdc\xdc\xdc\x1d\xc30\x98!\x08>\x95\xd7\
\xa3\xe96\xb4\xd7\xef\xd5\xde\xd1\xdd\x06>9\xa7\xfa\x22\
\xb8U\x05\x10\xcb\xc4z\xc5\x19\xa4\x9cJW\x9eK\xaf\
\xe7\xfd\x0c\xe4\xb2\xd8#B\x84\xbc\x16$\xd7\x162>\
\xc9\x9cA\xf7\xf6\xa1\xdeV\xe1}\x0a\xba:\x82\xcc\x8e\
\xd4\xe0_<\x85I\xd7\x1eR\xedK\xae\xedV?y\
\xd0\x91\x8d\x5c\xbd\xcc\xfa\xc5qK\x99\xc6\xd1\xf1\xa1\xd9\
\x7f\xf3\xe6\xb5\xa6\x96\x96w\xd2\x5c\x059\xfd/\xd2\x11\
\xa2v\x7f{{\xe4\xc7\x87\x86Fb\xc7'\xa7\xcc\xbc\
\xc0n\xedG\xf8\x14A\x93'\x83\xeaC\x95\x1c\x02\xa5\
X\x80\xb33\x0aM\x9a\xd5\x9d\x9f\x8e~\x03b}\x5c\
\xf8\xbe\xfb\xa6!\xf0}\x80Rf\x81`OB\x10\x9e\
\x0e\x81e\x98\xa6\x8e\x08&(\x1e\xa9J\x9f\x01\xf5\xda\
\x82\xda\xac\x13\xb24\x10\xf3\x0aP\xf9m\x02\xef\xdd:\
\xdb\xc5v\x0b\xc3\xea\xfa\xfavG6w\xa9\xb33\x87\
:;\xb3\x0a\xf9\xbfp.\x12\x8f\x9f\xeb\xea\xee\xfe\xcd\
\x95\xe5\x95\x22\xf5Ub\x8f\xda\x0f\x92\x8d\xd6\xc0c\x06\
\x8d\x85\xd3\xd8\x9f\xdf\x0de\x01\x1a\xd4\xdf\x1b\xd1e \
\x08_\x01\xc9\xbe\x05\x9e\xac\xd4\xb4\xb9 \xd0\x1e\xd3\xe4\
m\x10p\x93\x80\x9e\xba\xaf\xe33\x96\xd1\x87\xc4f\xac\
\xd3\x93\xdc\xb6\xa0\xcfN\x00\xbd5\x08lC\xc1\xd9\x88\
\x0b\xccj\xd8\xc14NNN\xf0\xf0P\xbe\xbd\xab+\
\xfb\xee\xae\xae\x9c\x98\xfe\x89\xed\xbfH\x06\xb1\x13\xde\xd1\
\xdd\xd9\x1d9=9ub\x15\x96F!\xf7\x1f\xeb\xe8\
\xd4`J6\xa7d\x0d\xa1\x012\x07\x0d\xbb^\x12O\
\xa8\xf9s\x84\xf7\x0bJy\xc2\xdd\x0f\xc0\x97\x09:\xf7\
\x00\xea\xbd\x0f \xe0\x0f\x92\xfd\x08\xa6\xcf7\xcf\xf5\xd9\
j\xeb\xfc\x22\x1e\xc5\x93\xeb\xa0a\xdb\xa8\xf4\xf8 \xbc\
\xcb\xf1@\x82\xc0\xc6\x03\xd9#\x01S\xeao\x16\xf9\x0f\
\x81/V\xb8\xf2N\xe5\x8b\xc1\x1a\x1b\xde\xb9\x0f\xe6\x97\
'\xca;^[[\xbf\x93L&\x1f\xa5\xf1\xc0\xce\x5c\
V@\xff\xb3\xa8#\x97\xa3y\xfc\xffpfrz\x96\
\xd8\xfd6\xfd\x93s\x80i\xfb\x00|\xbe\xfb 2\x0f\
\x94\x9f\x81\x96\xde\x0dr\xa5\x0bx\xee\x1d\xe0\x9c\x5c>\
g\x08D\x9f:~N=:\x87`\x0c\xcdu\xcbu\
a%\x08\xa6\x9b\x80B\x06C0\x1e{/\xfd9b\
^\xe8\xe1\xcfu\xbc\x1d\xb4\x16\xd8\xaf\xae\x80b\xabJ\
>\xf1\xc6\x04\xcf\xea'\xd5\xe4k\xc0\xe7qv\xbe\x07\
\xe5\x01\xbb{\xbb\x90\xeb\xcc~&Gl\x80n\x89\x0e\
\xf0\xd2\x0b\xdfF\xaf\xbf\xf2\xf2\xff\xbd\xb9\xb9q`\x85\
\x15\x01\xfb\xf7\x12h?\xb1\xfaP\xd3=\xb3\xb7U\xb6\
\xa6\xcf\xcb\xe0\x89\xf55\x22{9a}\xdf\xbb\xa0\xab\
\x14\xe9\xe9\xb72{\x1eT~\x07y\xdc\x11\xe4\xfe\x18\
=\x05\x1dT\xf6\xb6&\xbf\xe0\xddKM\xf5\x80\x06\xfc\
\x94\x02\xdf\x00W\x97\x04.\xbb\xf4\xbb-T\x8eIP\
\xf8\x14@-;8\xb2U\xc8ve\xb1ZW*\x97\
u\xbeB\xe1\xc0\x1c\x1a\x1az!\x1e\x8d\xbc+\x97\xed\
\x10\xd2?\xa1}t\xfd\x8d\xd7\xfffoo\xafd\xf2\
\xf3\xef\xa0A^\xd6\x90\xdf\xc8\x14\xeb\xca \xa6:m\
\xd9\xc4\xa5\x1f\xcf~\x00>\x9f\xe7\xc6\x82\x01\xc4d$\
\xf3\xa3\x01_\xff\x06\x95\xbf\x9ak\x93\x00G\x16\x8a\xe9\
G\xcb_&\xd0MA\xcdg\xf4\xedw\x11\x8d\xbb\x99\
\x807GW\xc7\xef\x01\xea\xb9)c\xba\xbe\x9c\x8c\xda\
\xc5\x00\x04:\xab\xdaw\x0bR\x7f\xb7j\xbd%y\x18\
\xe0\x9d/>::2'&\xc6\xaf\xb54\xdd\xf8\xf1\
d\x22.\xa4\xff\xa6\xa6\xeb\xa8\xad\xb5\xe5\x89b\xb1\xe0\
\xe4X\xba\xf3Ku\xd4C\xd5~\x05\xb5\xfbD\x99_\
\xc2\x8b\xd1\x80\xe69\xbc{\x06\xe44\xe8\xd3}d>\
]\x81h\x82 \xf6|\x831\x05\xe53\xe0\xdd\xb3\xc4\
g\x05\xa6\x06\xff\x91\xedS]?bC>E\x95\xbd\
\x01b^\xc2[\x03\xa1hv\xe5*I\x9e3\x80\xa6\
\x1a&\xe2\xc1\x9a\xb1Ev\x18\x96\xcc_\x94C\x06'\
''\xe6\xf4\xd4T\xfb\xf5kW\xdf\xd7\xdctCH\
\xff\x91\x18\xad\xbd\x8f?qxX\xc4\xee\xbc^\xdb\x8e\
\xd0}\x1e:\xfb\xddl \xa6\xa4\x1b\xcb\xe1\xe4\xe9\x81\
(\xcfMd\xab\xf1roM\x8d\xe3t\xe2\x84\x1a<\
\xdc\xf7U\x1cp\x9dl\xfd\xcf\x97\xe3\x08\x02\xdd\x06\x02\
\xac\xb7\x8a\xbf\xc8\xa6\x08\x9a\xfcO\xa1C\x00He\xab\
\xd8n\xd2\xf0\xae\x88rSAf\xf3\x04\xc9\xd7\xd4\x8d\
]\x08\x9e\x13\xa8|\x9e\xbes\x9f\x9e\x9eR\xfa\x8f\xdf\
\xb8v\xf5\xe2\xeb\xaf\x89s\x81S\xc9$\xea\xc8d\x9e\
:<<\xb4\xeb+\xc0\xeb\xf3W\xcaUP\x1b\x8aA\
s\x08e<G3\x9e\x00\xa6\xd9P\x1e\x22Hx\x03\
\xa8\xf4V\x99\xfd\xc2\xf3=\xeb\xa8\xf8\xa0\xc1w\xaa\xb5\
\x15\xe0\x8foq\x8d]\xf0\xe4n\x07\xe0\xb7\xaa\xfck\
U\x0e\xb4\xdb\x8a\xc3r=\x08\x02\xea\x06B]\xadn\
\x9e\xfc\x5c\x83\xba\xb7k5%R\xbf\xb3P\x87\xe2\xe9\
\x80 \xb8\xb7`y\xdf\xa0%k0\x95\xffS\x93\xe3\
\xc9\x1b7\xae\xbd?\x12n\xe3\xd2\xfe\xdd\xdb\xcb(\x93\
N\xa1lG\xe6\xabG\x87\x87\xe4Y`\x1e\xfdK\xf6\
\x03\xe8\xf2>-\xf73\x88\xe9\x1d\xe4\xfcQ\xaa\xebi\
\xea\xc8\x8d\xf9\x085\xf5\x1e\xbf\x96\xa9\xf6\x13sm\x96\
\xfa\x9a\x88\xea\xef\xd8l(.\xa6!\x83\xea7\x02\x96\
\xf0-l\xea\xe5$\xe8\xfa\x82\xf8|\x01x\x8b'\x0b\
\xa1k\xdb\x95P\xcf\x9b\x01\xcc\xe09)\xb2}\xe7\x0a\
\xa9\xcb\xf6\x9b,\x97\x1dd:W]\xdd\x0a\xa5\xff\xc9\
\xc9\xc9\xd8\x8d\xa6\xab\x17\xa2\xb1\xb0\x90\xfe_x\xf1\x9b\
(\x95J~\x9d\xe8\xfftoU@\xack\xa8xm\
\x10\x1f\xe1\xbd\xa01\xd5G\xa0}Yh,v\x05r\
\xfa\x0f\x9a\xaf~\x86\xb0Q\xd0\xeb\x81\xa8\xe6\x08\x1a#\
W-:k\xf8\xa5N\xf4\xd4\x8dV\xd5T\x14\xd0\x8b\
\x9b4\xae~\x0a\x15\x03\x90e\xc3\xea\xa4\x9f\xb9\xf9\x14\
\x7f\xed\xc9G\x96\xfc\x9fL\xb44]\x7f(\x1e\x8dp\
\xe9\x7f\xf9\xce2z\xeekO\xa0d,\xf2\xeca\xb1\
`z\xf4R\x99\x7fG\xa5\x0f\xe0\x801\x01\x95\xbe\xa7\
\x88C\x80)\xb1\xd7u\xf4q\x99\xd3\x0e\x14\xe9\xf0\xca\
8\x92\xc2\x8f\xaa\xa1\xfb\x81\x22\x0c\x05\x01\xf8%(x\
&\x04\xe1gr_\x16\x97\xdc4\xf5\x5c\xae^\x18\x84\
\x1f\x82L\xaf\x041\x1b\x17\x86t@\x9c\x02\xa6S\x0f\
!\xa5\x7f\xc9\xf7\xc1\xbf\xa6\xbc\x12e\x13\xea\xeaq\x19\
\xfdOM\xa4\x9b\x9a\xaf\x7f@$\xff\xef\xdc\xb9k\xf9\
\x00\xe2\xd1\xe7\x0e\x8bE\xb3ZZ(\xd7\xf3t\xe5\xb4\
\x0e\x1d\x06\xad\xd5\xd0a\xd0<\xbe\x1b`\xef\xf2\xe8\x11\
\xb85\xc0\xbe\x1a\xa1\xe0RN\xc7\xf6\x93\xf06Nx\
J\xben\xee<8Un\xa7v\x0evU\xe8pT\
s\xd0\xb3\xdd0_7\xe1\x88i\x90\xe2Ex\xc9\x1d\
\x02\xdc\x0f\xc8\xf7\x01\xdf\x07\x08\xfayp>\xb9\x08\x82\
x\x0b\x0fS\x00\xfc1h\xcf\xb3tj\x83\xd9\x91\xf8\
\xf4\xf4\xc4\x9c\x9e\x9eL\xdd\xb8q\xfd\x03\x91\x08\x9f\xfe\
W\xee\xae\xa0w\xfd\x10B\xc9D\xf4Y\x8b\xfe\xeb\xf6\
Q\x10\xff\xf3\x99\x15\xd8\x80q\x06YR\x94N<X\
#\xaf\xd9\x17\x86V\xedc\x09\xef\xd3\xb1\x93 \x00[\
\x13\xfa\xb6\xb0\x80\x17H`2\x00\x1a\xe4\xdf\x01y\xad\
\x8e\xcc\x07\x00}?9\xf0\x05d\x10]^\xcb7\xc4\
\xcdG\x02a|I\xa6\xd7\xfbpE4m\x06\x81\xdd\
Q\xe5\x00P_\x0f\x08`\xd3\xfft\xf2\xfa\x8d&B\
\xffQ>\xfd/\xaf\xa0K\x1f\xfe\xefQ\x22\x19{\x86\
\xc6\xffl\x1f\x85\x80\x1d\x05\xb2f\x83\xe0D4\x12\x0f\
\xd0\xd4O\xc1\xd4\xb7]\xd4\x8aA\x83\xf3\x96]\xe2,\
>\x02\x9d\xfc\x01E\xccXek\x9f\xc5\x5c\xd7z_\
U\xdb\x0a\x1a\xf7\xacc\x8bHx&\x08\x1cZ\xa0}\
\x7f\x1a\x9b\x16\x1a\xe4\x8fA\xe2\xb7u\xf6\xb0E\xffS\
\xa9\x96\xe6\xe6\x0f\xc4\xe31.\xfd\xaf\x12\xf9\xff\x1f\xbf\
\xf0Y\x94N'h\xfc\x0f\xbb\xfd\xbb\xa0\xb6K\x1b\xf1\
/\x83\xde\xe7\xd0\x08\xfdk\xd3\x18\xe8\xfb\xcc\xa0\x81m\
\xaf\x85E\x14\x9c\xf6\xc5\xb9`\xe0\xf3\x85\xe8\xc4 \xa5\
\xfb\x10\x07\xf4\xedy\xf6\xa9\x96_\x0b\xfc\xe8iu\xd7\
\xe7?\x07\xe0\x09&\x15\xcc\x99\xb6O\xc8\xa5S\x00\x88\
\xd5r\xc1\xcc\xf4l\xda\x00\xfc\x1d\x04y3\x82\xf8\x96\
\x9d\xf6N\xe5\xff\x89E\xff\xc9\xe6\xe6\xa6\xf7\xb7\xb44\
\xf1\xe9\x7fy\x19\xbd\xf8\xf2\x0b(\x95NR\xfa\xb7\xb1\
+\xb1\x08\x13/\xa8\x9ch\xd8\xa7\xae\xcb\xc4\xe1l\x09\
\xe9\x1e\x8c\x8f{\x82g\xe2\x9a\x13-\xa4\xc6f\xa5R\
&\xa3bRL\x15p\xa5\xf4@p\x9d\x9b/\xa6\xf4\
b\x00Ak\xa9uu\xbe\xa0y\x1e*\xde-\xad)\
=C A\x0f'\xcd\xa7\x14\xf0\xa0\x1c\xb5\xe2sA\
\xc9E\xfd\x1c\xc0\xb7\x07x\xf5P\xa6\x03\xd5\xc7\xf2\x7f\
(\xfd\xb76\xbf?,\xb0\xff7\xd6\xd7\xd1\xb5k\xaf\
\xa3h\xb4\xfd)\x96\xffka\x8c\xbal1\x08\x9a_\
\x05\xaa\xdb\x91\x07q\xf8\xf0I\x92\x85\xbe\x87\xf8A\xde\
\xf4\x10\x1d\x07\xb3\x93&R\xb5\xbb)>\xaaqrr\
\x0a\x07\x07\x07\xc5\x95\xd5\xd5\xa5\xc9\xc9\xa9\xb1\xf1\xf1\xb1\
\xfe\xd9\x99\xe9\xb1\xcd\xad\xcd\x15\xb2\xce%\xca\x13l\xfc\
W\x0b\xc3\x11c7\x0e2\x0f\x0bTe\xff\xab\x9e\xcf\
Y\xea\xce\xc1\xd4\x8b\xe7\x83\xde\xf3\x14N\x9f\x0b\xcf\x08\
j\x1f\xb9\x86\xbd\xcf\xc5\x09\x84zX\xd2\xda\x92\x88\xd5\
\x12\xde~\xafsYx}\x96\x1a\xbe\x01UY\xb5\xd2\
\x15\xe4\xf6\x0f\xda\xfe?\xec\xe4\xff&\xdbZ[\xde/\
\xca\xff\xdf\xd9\xd9A\xdf\xf8\xfa3(\x1an\x7f\xda\xce\
\xff\xc7\xd5\xf8?\x00\xc8q\x89j\xf0\xa6:\xbegM\
\xb9\xa4\xf2\xbd\x9b\x1a\xf2\x9aW#\xa2\x90\xd9\x10D\x8f\
\xa8\xd6\xf4\xd7\xb0\x9e-\xdc\x85r\xb9\x02\x9b\x9b\xeb\xc6\
\xfc\xfc\x5cbxh\xe8cs\xb3\xb3\xbf\xb8\xb6\xba\xf6\
#K\xb7\x97~\xe8\xce\x9d\xdb?95;}\xe9\xe6\
\xc0\xc0\x17\x96\x97\xef\x0e\xee\xef\xed\x91\xc5\xb6K\xad\xb1\
\xe1\x8a\xdfT\xd7\xdd\x90\xeb\x8c:\xb9\xfa:\xb9\xe8\xdc\
\xb5\x95\xf9\x0c\x14~w\x1d]\x03D!2h\xa8\x94\
\x18\xfcrQtMy\x8e\x997}\x1a\xfb\xed:\x90\
\xe6\xef\x99\x1e\xe8k/\xf6\x80\xb0&\x15\xe4\xf9\x81\xa2\
\xfbq\xce\x87\xddyK\x94\xfeOm\xfaomk\xfe\
@\x22\x11\x13\xd2\xff_\xff\xf5gh/\xbf\xaf\x15\x8b\
Ew\xce\xbf\x8d\x03\x0f\xba\xa4\xa0\xb2wt\xdeS\xfb\
\xff}5\xef<\xbf\xbcV\xad\x8e\x8e/F]\xe7V\
\x0b\xca\xe0\xe3\xe3csyyy\xf4f\x7f\xdf\xa7\xa6\
\xa7g\x1e\xe8\xcaeQOWg\xb5'CWW\x17\
\x9a\x9a\x9dA\x9f\xfe\xf4g\xd1\xc0\xe0\xc0\xcf\x8d\x8c\x8c\
|aaiq\xf3\xa0p`\xe36`o\xef\x0dl\
\x03\xbb\x99\x92\xfb\x92\xab'r\x91)\xe2\x93:q\xb2\
 y\xea\xa0\xb3\x8f\x05*\x1e\x96\xe4\xdf\xc8\xf2\x10y\
\x01\x9c ~\x10\xd7w\xdd!8il\x9ec\x9a\xfa\
\xf4bn-\x8fRi\xd6\xf2\xe5\x82S\x00L/\x83\
m\xfaO\xb4\x12\xf9\x9f\xe0\xc8\xff\x83\xbd]\xb4\xb5\xb1\
\x8d^x\xe1[(\x16\x8b<m\xd1\xbf[\xef\x84F\
bw\xba\x10\x92A\xea&|\x94\x0eZ\xdfi l\
\x01Zs\xf3\xe9\xc5\xe5r\xc9\x5cZZ\x9a\xbfy\xab\
\xff_\x0d4\xa7\xd0\xc4\xe4\x04:-\x95\x90a\x00\xc2\
\x06F\xc4\xf8G\x95\x8a\x11*\x1b\xf8\x1c\xf9B\xe8;\
/\xbf\x84r]\x99wtvu\xfd\xca\xc8X\xfeu\
\xa2/\x1c\x95J'\xf59\x1cU{\x00 \xc0\x926\
\xe2\xbb\x0c\xea3P\xd0_C&\x19\xc8\xecJ\x90\x87\
h\x82\xe4\x8b+qyl\xbe\x0b\xc0O\x1f\x0aZ\xbf\
\xca+\xbb\x80`t\xa4_cVkq\x80\xed\xf8\xdf\
T2\xdc\xd6\xfe\x81W^z\xd9G\xff{\x84\xfe\xf7\
\xf7\xf7\xd0\xc7\xfe\xe8\x0fP\x22\x1e}\xea\xb0X4L\
Um\x0ah>\xba\x00\x01\x193@\x12d\xe0\xe4Y\
\xd0\xe3\x07\x8d\xb9\x0f\xabK\x8f\xf7\xf7w\xcd\xfe\xfe\xde\
'\xcbF\xf9<y\xe3|\xa5R\x09\x91\x0d\x84\xe8\xc0\
\xa6A\x06&\xbc\xc0\x08U\xc80\xc8\xefG'\xc7\x14\
s5\xf4\xf1O}\x1c\xc5S\xb1\x1f\x1d\x1e\x1e\xfe\xb5\
\xa1\xa1\x91\xde\x9d\xed\xdd\xc3J\xa9l\x9a\xfe\xbe$\x92\
\x9d\x00g\xf1\xb7B\x03x\xac\xbc\xfcN\x19\xef\x0d\xca\
\x87\xc0\xd4O\x9e\x0c\xfa8A\x90\xef\x00\xca\xa0\x91P\
\xf7\xe0\xb7#\xf1\xc9\x12\x10\x9e^\xa7\x16U\x95k\xe2\
vI1\x9b\x94\xf9\xffg\xa7\x93\x91\xb6\xf6\xf7'\xa2\
~\xfd\x7fw\x7f\x97\x8d\x97_z\x91\xd2\xff\x93\x84\xfe\
+nW\x22H\xf4,\xd0\x22_\x1d^\xa6\xa5\xd3z\
\xb0\x8e\x039X\x83\xe4\xc4\xeb\xcf\xdf\xf5,1\x11\xf2\
\xebk\xeb\xcb3\x93\x93\x8fR=\xbfR.\x9f+\x17\
\x8f\x90C\xffD\x15\x0b\x11\x03\xff\x1c\xc6\x84\xf6\xb1\x81\
\x0c\x8c\x11\xf9\x9d\x8e\x10\x1d\x1f\xfd\xed\x8fR\xfb 4\
\x9a\x1f\xff\xf1\x9b7o\xfd\xfe\xec\xdc\xcc\x18\xc5n\xc1\
\x18\xd7d\x912\xe4\x10\xc8\x8e\xd1\xb1q\x82\xc6|\xbf\
\x1b\xf8_fcs\x03\xcdOAA_ \xaaI\x04\
\xbf\xdfOF\xab\x00\x0a\x1d?@,\x18\x14\xeba\xb7\
u\xa3\xf1\xbf\x13+\xfe\xdf\xd6\xda\xfe\x01^\x1f\x00\x87\
\xfe\xdb\xdb[Q4\x1a~\x8a\xe8\xffn\xff\x9f\xab]\
\xd2=\xd3\xf1\x14\xfe\xa9 x\xb8\xd0\xf0\xf3W)\x0c\
\xbagp\x1c-e\x22\xafggg\xfaN\x8fO~\
\x9c(P\xa1\x0a\xa1i2\x1c\xda\xb7\xe8\xdf\xc0\xa1\xf2\
\x9e\x89,\xfa7\x9c\xf7\xd9 \xfc\x03}\xe4_}\x04\
\xad.\xaf\xa2\xce\xaeN\x94\xc9f~nlt\xec\x8b\
\x8b\x8b\x8b;\xfb\xbb{\x8e=\xeb\xc0\xb1\x83\x0b\x9a\x19\
4\xf7\x89^|\xe9\xde\xac\xe1Y7\x8c\xba\x06\x03\xee\
\xe9\xbc\x1a0n\xc5\xben\x05\xde\x9c6\x0ce\xa0[\
\x01/]X;\x84\xc6\xff\xc8\xbeLD\xdb\xdb\x1e\xca\
\xa4\x92\x5c\xff\xdf\xee\xee\x0ejmiB\x91p\x1b\xf5\
\xff\x9b.\xfc@\x00=\xbfD\x10{Rf\x9f\x8a\x92\
V\xc0wo\x5c\xfc\xb8@ur2]E\xd3\xb8v\
\xac,l\xd0\x1e\x8c\x13\x13\xe3\x19\xc2K\xdfv\xf3v\
?\xaa\x94\x0c6\xe8\xabF\xe3\xd6p^n\xfa\xa7\xc3\
ye;\xb3(\xd7\x95C\x0bK\xf3\x7f\xa7#\x9dz\
tzr\xea\x95\xf5\xf5\xf5\xa3r\xb9\x5c\xc5f\xa86\
\xf9\x04Y\x9df\xf0\xbaA\x10\xe7\x99\xc9|{Z\xcc\
\x18\xb4\xb3:\xb4\xf1\xffU\xb1FU\xdf2E\xdf\x05\
\x91\x9c\xf5\xc6\xba@\xe5\x99\x12\xc5Nu\xf2OAK\
?\xe6Ui\x83\x85\xff1??\x17\x8bG\xc3\x17r\
\x1d\x19!\xfd_\xbf\xfa:\x8aE\xda\xbfJ\xe8\xdf\xf6\
C;=c\xa5\x98v\xa6~\xcc\x0fD\xd8\x05b;\
\x12\xf4s\x0a\xc1\x8f\xdf\xces\xb8\xe8\xf4\xab\xf4\x7f\x0e\
\x5c\xfb\xba\xfaL\x89^\x8f)\xfd\x8f\xe6\xf3\x89\x8d\x8d\
\xf5\x10Ys\xea\xe7c\xa3\xd1\x97\x13/\xf8\xea\xd3\x8f\
\xa3\xb1\xf1\x89\x1f\x9b\x9c\x9a\xfc\xc8\xd4\xd4Tn\x7fo\
\xff\x94\x9c\xd7\xb4z\xeb\x12+\x02c\x9e\xcd\x8cMI\
\xccSP\xe8\xa6\xe3\x7f\x85F\x85\x94\x8bh5c\x94\
\xa0\x9d\xfb\x1f\x90\x0f\x09\xb0\xddd\xfb\xcaT\xd23\xf8\
\xb1\xc5yZ\xa5\x0e\xe6\x1f\xf7\x22\x0aXr\xee9h\
\x12\x9fC\xff\xb1h\xe4BVB\xff\xed\xadM\x94\xfe\
\xbff\xc9\x7f'\xde\xe2mW\x1a\xe49@\x10\x9b\x5c\
g\x7f\xc9j\xac\xdc\xe6\x5c\x90\xde~:y\xe5\xa0\xe2\
gT\xff\xa7\xf4\x9f\x1f\x19\x89\xa5\x12\x09t|t\x8c\
\xce\xfa*W\xca\x88\x9c\x13-L/\xa3|~\x14\xcd\
/N\x85\x86\x86\x87\x7fb`x\xe4/\x17\x17nO\
\x11;\x8d\x10\xbf\x81\xabm\xd7\xfd\x05\xa5\xda8\x18\x12\
g\x1dH}a }\x96\xa6\xdaE\x03:\xeeH\x1d\
 \x0aY\x9cX\xc2\xfa\xcej1\xb8\xfb\x98\x82\x0cG\
\xc8\xd4\xf7\xe3\xf9B] \x99\xb8\xdb\xaf\xc0cU\x16\
\xfd/\xcc\xc6\xe2\xb1\xd8\x85\xac\x00\xff\x97\xd1\x7f[\x0b\
\xa5\x7f'\xfeg\x80,\xf7:P\x5c,\xf0\xfe\xd0\xf5\
!\x06\x09/\x04\xedW\xeb\xcd\xa5\x97\xf2\x14\x9a\xebW\
*\x9d\x9a\xf9\xa1\xc1\xf8\xf5\xd7_E\xc7\xc7\x8d\xd3\xbf\
At\x06g\x94*%\xf2\xb3\x82\xc8U\xe8`\xb1\x82\
\x95\xad\x9ds}\xfd\xfd\xff8\x9f\x1f{fcss\
\xf5\xb4T291\x02q\x8f\xf2\xb3\x1b\x9f*\xdf\xbe\
R/\x0f\xda\x17\xc8l,v\x1c\xd4/\x09Z\x91\x15\
\xcf\x1e\x09\xd6\xb2\x01T\x18V*\x96\xcc\xd9\xa7u2\
\xda\xc76\x19\xfd\xcf\xcd\xc7\x92\xf1\xf8\x85\xce\x9c\x18\xff\
\x9f\xd2\x7f4\x12~\xd2\xf6\xffU\xf1\xbfA_\x17\xc4\
\x8a5\x05y\xa8I\x1d\xe1\xd2\xe0+\xba1\x15\xd5\xf3\
\xf7\xd8\x0br\xfb\x8bz\xff\x09\xfd\xc3\xe8\xf0`\xac\xe9\
\x8dWm\xdd\xbf\xc2\xc6Y\xe8\xdf\xb0\xed\x07\xa3\x82\xad\
Q*\xa3\x13\xa2\x13|\xfa\xd3\x7f\x8e\x86F\xc6\xdey\
kx\xf8\xca\x9d;w\xda\xd6VW\xcb\xb6!\x80M\
\x1e\xdf\x06m]'\x88\xfe\xc0\xe3\xbf\x9a\xcf\x0dLM\
\x7f.HzK\x9e\xa57\x89\x86O@Tv\x18\xc0\
n\xe4\xbf\x87ub|\x92d\x0fE\x92z=\xfe7\
\x8d\xff/,\xccE\x13\xf1\xd8\x83\xb9\x9c\xb8\x07`[\
[3\xcd\xff\x7f\xd2\x91\xff\xf5>\x9b\x86kv\x83\xf6\
1\xd1\xb2\x03L=\xfc\xf6\xc0>K\xf1\x9aK\xf7+\
\x95\xff\x15\xa2\xab\xc3\xe8\xc8P|~v&D}\xf9\
4\xef\xe7^\xd1?{\xbfL\xf8\x09\x19\xa7\x06F\xc7\
\xa52\xeb\xd5\x9a\xed\xeeF\xc3\x03\x03\xef\x1b\xb8u\xf3\
\x0f\xa6\xa6&7\x8f\x8e\x8e\xcaF\xcd\x1fp\x8f\xeb\x94\
\x03\x14E\x9c\xdd\xfb\xee\xab\xf3k\xb4\x19\x5c\x00\xfd\x13\
\xc4\xee|\xa1\xc9\x12\x08\xbf\x88\xf7\x19\x08p\x8e\xa0\x96\
\xdf\xdaP\xcf \xc7\x8fK\xe9\x7f~n\x96\xd0\x7f\xf4\
\xc1\x5c\x96o\xff\xefl\xef\x10\xd9\xdf\x86\x12\xf1\xc8\x93\
\x14\xff\xcf\xf6\xfd\x89\xd4\x93  `\xd8T\xf7@\x09\
\xfa ASF\xdc\x83H\x8f\x98I\xb9\x13:\x88\xe8\
\xadP=|tt$\xb1\xbb\xbb{\x8e\xd0m\xe8^\
\xca\x7f\xe7U\x22\xb4O\x07!rT1*\xcc?x\
\xab\xbf\x1f\x85\x13mo\x1b\x1c\x1cxhdh\xe8\xaf\
fgf\xef\xd2\xbc\x01Zk\xe8\xaa\x1f\xc06\x22\x8c\
\x0b\xa3G\xfe\x1c\xeeu\xb3U\x19\xf5\x02\x7f\x8b@P\
i\xa3\xe1\x1f\x00\xb93\x138\x9b\xbd\xbe\x06\x09\xea\x96\
\x0e\x037|\xc2q\xfa)\xd6FU\xdb\x12 \xe6V\
\x0b\x08\xd1 \xfe\xc9\xf1\x8997;\x9b\xe8\xe8H=\
\xd4\xd3\xd3%\xa4\xff\xe6\xeb\xd7Q\x22\x1a\xa3\xf9?\xe0\
\xc2\xfe\x07\x01&zP;\x0c\xf4v\x82B\x9e\x830\
\x0e$\xd8N\x22\xf6\x13\xb8o\xb7 Nf\xad\x0e\xf5\
\xc23\xff\xffh>\xb9\xbb\xb3s\x0e\x88\xfc7\x1b\xa4\
\x7f-\x1eAh\x9f\x0e\x9a?\xc4\xf4\x80\x5c\x06\xfd\xee\
\xff\xf1[(\xda\xdev>?\x9a\xff\xa7\xc3CC/\
\xaf\xac\xacl\x1d\x1f\x1f\xd2)V\x5c\xb1\x5c\x8f~\x1b\
XF\x9e\xd5.\xd7\xdd;\xb2\x98\xa6<\xd1L/\xed\
\x074\xb0\x8a\x00\xf81.\x9d<\xe0\x00~\x07P\xd8\
U\x81J\xdb\xc1\xed\xb3\x07;\xff\x87\xd0\x7f\xac#\x93\
\xbe\xd8C\xf4E\x11\xfd_\xbfv\x95\xc8\xff\xd8S\xb6\
\xfc7\x0460HI\x02Dj\x00\xaf\x95FP\x1b\
A$\xf3e\x18K\x0d\xe7\x03\xc8\xd8\x94\xb3\x10\xd8y\
B\xb4r\xaftJ\xfd\xff\xf9\x04\xb1\xc5C\xe5\xd3S\
\x84\xbfK\xb4\xef}\xd1|\x020\x80\xd5\x15\x94\xcae\
\xf4{\xbf\xff\x7f\xa1\xa5\xa5\xc5w\xde\xbc\xd9\xff\x9bs\
s\xb3)\xa2\x0b\x18\x96k\xc0\xe1\xe9B\x7fLPz\
\xd5\xf4\x11\x9c=}\xdb\x14Ao\xe9\x19q\xc0\x17\xe8\
\xa0s\x9f\x82=\xca\xc3\x03\x90\xf25\x89\xef\x0cTq\
\x00]^\xe3\xb9\x8e\x95\x93\xce\xe8\x9f\xe8\xff\x1d\x1d\xe9\
\x0b\x22\xf9\xbf\xb5\xb5\x8dZ[\x9bP2\x11s\xf4\x7f\
\x03\xbc\x98\x96:9b\x1a\x09\x1e\x1e\xfd3(]j\
\xb6\xa7m4&\x15\xcc\x16vq\x5c\x83\xd1\x7f~8\
\xd1\xd7\xd7\x83J\xa7'\xdf\x13\xda/\x13\x1e\xb3{R\
\xa45\x05\xc4\x1e\xb0t\x81\xf2I)499\x81\xde\
\xb8\xf6:\xea\xef\xbf\xf5\xfe\xa5;\xb7\xff\x9f\xbb\xcb\xcb\
sG\x87\x87\x06\xed\xebj\xfa0\x05@\xe6Wi\x04\
\x97\x0c\xce\xb0\xbcg\x8aO\xc0\xbd}\xbe\x8d|U\x17\
KN\x07\xdfE\xc3\x08\x92\x92\x18\x1b\x94\xfeg\x09\xfd\
g\xb3\xd9\x0b\xbd\xbd=B\xfa\x8f\x86\xc3\x84\xfe\x13O\
:\xf8_P\xdf\xf3[\xfb\xdaA\x92\xb2\xcf`S6\
\xd2\x7f\xc3\x9bJ\xa8\xa7s\x00\x9fW\xd7\x81=\xb0\xf8\
\x1f\xd1\xffG\x86i\xbd?\x93\xc3T?\xff^\xd0\xbf\
3h\x9c\x90\xd6\x16\x19\x18\xaa\xb9C\xa9T\x1a\x8dM\
N\x9f\x1f\x1e\x1e\xfe\xd9\xc9\xf1\xf1\xc7\xd7\xd6V\xb6N\
K\xa7Vz7?\xbfJ+/E\xa2\x1f)ts\
\x10`6(\xfbk\xe9\xf1v\x09B\x89F\xbd\x88\x00\
\x93\x1dDf\x86`\x0e\x10$v\x05\x1e\x1f\x01\xd7N\
\x06S;!\xbdj\xbbC\x15\xff\xfb\x98\xc8\xff\x99H\
.\x9b}\xb0\xaf\xb7\x97\x1f\xff\xdf\xdfC\xb1(\xa5\xff\
\xd8\xe3\x16\xfe'\xb8\xf1\xff\x82\xc8d\xd1<\xa11\xfe\
\x0f\xa2$g\x11\xfa\x14\xd4'\x05{\xdd\xac q\xe5\
\x81\x8e!\xcb\x8d\xdf:\xf4?\x96\xcf\xa7\x09/=g\
\x9a\xc6\xf7\x9c\xfe+\x8c\x07XuEt\x94J@\xc6\
)\xe5\x03\xe7(\x1fX\x9a_\xf8{\xb7n\xf6\xff\xda\
\xcc\xf4tdwg\xa7P\xae\xaf/\x0c\xf2\xa0\x1a\xac\
\xa5\x048\x83\x18\x00I\x1cLO\x1a\x9a\xfa\x8c\x07\x14\
\xfen\xa8\xdbf\x00\xea\xfb\xd5\xc6*\xd5\x94kBp\
^\xaf\xb1\xcd\xe8\x7ffv&\x9a\xc9\xa4\x1f\xec\xee\xe6\
\xeb\xff{\x07\xfb\xa8\xb9\xf9:\xad\xff\x7f\xaah\xfb\xff\
]\xc5%B\x1c\x12\xd0\xe4\xcbpF\xf7?\x04\xe1\xe4\
z\xfe\xd3@W\x97\x07,i.>\xb6\xe2\x7f\xf9\x91\
\xe4\xd8h>\xe4\xf8\xe7\xfeS\xd2\x7f\xa5RB\xa5\xf2\
)\xd3\x0b\xcaD\x1f!#\xb40?\x8b\xb66\xd7\xff\
\xb3\xfcp\xfe\xdf-\xdf]\xee+\x1c\xec\x9b\xb62`\
\x80]R\xe02\xfbT\xbd\xdf\xbfK/\xb8\x07\xdf\x0f\
\x84\x91r\x96\x19\x80\xbe,\xd3\xf0o\x9fi\xc5x\xe9\
\xf0V\xff\x9f\xd9\xb9\x99x:\x95\xb8\xd8\xd5\x95\x13\xd2\
\x7f\xcb\xf5k(\x1en\x7f\xf2\xd0\xca\xff\x07\x7f\xdb\xf3\
`\xf6 4\x9e\xaf\x17T\xb7\xbf'v\x9ff\x01\x11\
\xc7)\xc3\xf2\xff)\xfd\xe3\xfcX>v\x9d\xf0QF\
\xffN\xceN\x05\xa3\xff\x94/\x9b\xf6\xd9 \xb4\x8f6\
\xd6W\xd1P\xffMDm\x82\xb9\xd9\xe9\xbf\x5c\xdfX\
\xbbs|rL\xcc\x06\xa0~B\xc3\xae'\xf2\xfa\x09\
tq\x08\x1b%vU\xdf;\x85_B*\x8be\xdb\
\xb1!\xac\x04\x9e.\xd3\x00v\x8f\xc0\xcf\xa0\x95\xde\x02\
\x12I\xe5n\x93\x04\xa7T\xff'\xf2?\x91\x8a=\x98\
\xeb\xe2\xe7\xff\x1c\x14\x0e\xd0\x7f\xf8\xcc_\xa2x4\xfc\
\xd4\xa1\x85\xff\xc7\xc1\x00\xd1@\xde\x09\xd6\xcbG\x07\xc3\
\x1c\x82_\x07@\x93a\xf3\xf6\xb5\x08\xc7\x8a\xe7\x87u\
\xd5\xff\x18\x98\xe6\xff\x8e\x8e\xe6\xe3\xf3\xf3\x0b\xa1\xc3\xe2\
1\xa5\xfb\xd0\x9b\x81\xfe\xbd\xaf\x89\xc9)45;\x8f\
F\xf3y\x94\xcbe\xdf>=5\xf5O\xa6\xa6&\xaf\
omm\x1d\x96\xca\xe5Z\xbe@\xfd\xfa`0\xdd\x18\
dn=X\xc6\xd9!\xc8\xf3\x94\xedy\xcc\xb7\x01A\
\x85#\xa1\xf2\x0a\xe8\xe0\x9a\x81\xe0\x9eu\xae\xadr\x8b\
\x80\x18rDG\xf6\x82\x14\xeb\x8a\xf5\xff!\xf2\x7f~\
v6\x96L%.tv\xe6\x84\xf4\x7f\xfd\xfa\x1b6\
\xfe\xaf\x17\xff\xcb\x97W\xae\xd2\xfd\x15\xb8\x09*\xd5Z\
\x18\xbb\x11\xed\x17A\xdd\x85\x92O\xb9\x7fb5\x0f\x02\
\x1e_\xb0SB\xac\xfa\xdf\x11B\xffkk\xeb!Z\
\xff\xf3f\x91\xff\xbc\xd7\xda\xc6:\xea\xed\xeaD\xf9\xe1\
a\xd4;\xd0\x8d\xba:;\xdf3p\xeb\xd6\xef\x8e\x8c\
\x8e\x0c\x1f\x1c\x1c\x18\x14\xa3\xdc\xac\xeb%\x07\xa0\x1d\x84\
\x02\xa9\x1c\x0f\xe0b\xd0\xfe\x86\xa8\xfe[\x07\xaf\x064\
\xf7[P\x1b@\x85\x7f\xc7\x83\xad\x07I\x9c\x91\xcf\xbb\
\x80;\x7f\x5c\x83\xff\x02F\xff4\xfe\xc7\xe8_\xa0\xff\
\xef\x17\x0a\xa8\xf9\xc6U\x14\x8bR\xfd\x9f\xf5\xff1\xcc\
z\xfcD\xf5=\x83\x14\xb3WeK\x06\xd5#\xefE\
_\x1a\x95KX\xbb\xcf\x10v\xfc\xff\x84\xfe\xd7\xdf\x02\
\xf4\xcf\xf2\x060\x90\x81\x11\xc5!\xa4\xb1\x82\xcf}\xf6\
\xaf(\x1f\xf8\x87#\xf9\xfc\xdf.\xaf\xac\xcc\xd2>p\
.[\xa0\xd1Z\xdb\x06L6\xa9\x8d(\xc2#\xd7\x9d\
\x83\xe69\x83\xd8\xf3\xca<*\x85b/\xcd}Wa\
js\xeb>k\x89\xc3\xc0\xf0\xbf(\xfdg\xd2\xa9\x0b\
\xdd\xdd\x9d|\xf9\xbf_D/~\xeb9\x94\x88E\xa8\
\xff\xbf\xa6\xff\x81i\xea\xe1\xe8\x82D\x7f\xd6\xaa\x990\
\xd5\xb2\xd7\xaf\x0b\x01O\x1e\xeba\xbbj\xc4\xb9\x95\xb8\
\xe2\xd5s\x10Z\xaaX\xf5\xffc\x89\xed\xdd\xdds\x87\
\xc7\xc7,_\x9f\x8e7\xeb\x8b\xe8,\xd5A\xb1\x88\xf6\
\xf7\xf6\xd1\xff\xf2\x91\xdf@_\xfc\xf2\xdf\xa2\xee\xce\xae\
\xffnaa\xe1\xe9\xf5\xf5\xf5b\xb9\xe2\xb3\x09tk\
\xf2UuX\xba\x8e\x1b\xd1\xf3\xc3\x12EA\xa7\xf6\xf4\
\xac\xf5\xa9\xc0\x0f\x05\xfa\x12\xddD2P\xc7\x97\x22\xdb\
\x9b\x02G'\xd4\xd5\x04\xdb\xf2?\x92\xca$\x1f\xec\x92\
\xd0\xff\x8d\xeb\xaf\xa2d<\x5c\xa5\xff\xc0}\xd1!x\
N/p\xf3O\xb4\xf0\x06\x04\x91\xdfF\xfd9r>\
\xa4\xca)\xb5\xe9\x1f\xf2\xa3#\xc9\xed\x9d]\x9a\xff\x1b\
z\xab\xd0?f\x03\xec\x98\x01\x0eUJ\xa7\xa1O|\
\xfc\x13hhx\xf8]\xc3#\xc3\x1f\x99\x9d\x9b\xed\xdf\
\xd9\xd9)\x11\x9b\xc0\x9d3\xa0\xe5\xcb9C\xd0\xe7,\
\xd8~\xb2^\x1b\x00\xc1\xe5~\xb0\x1b\x00\xa9\xae)\xeb\
\xa7\xdb(>*\x08\x1d\xd96\xfe\x0f\x95\xff\x89d\xfc\
b\xae\xd3\xef\xff+\x16\x0f\xd1\xd1\xd1\x11\x8a\xc7\xc3(\
\x99\x8c>A\xe9\x1f\x5c\xf9\x7f\xa6\xa4\x1f\xa2\x95#\x84\
M_\xae\x04h\xf7\x98\x94\xd7B\x81\xe2\xf9j\x94G\
\xf1\xb0\xda\x024b\x01\x8e\x03\xca\xa3\xa5R\xc7\xb9Q\
.\x95Nq~d8699Ah\xbf\x1c\xaa\x94\
\xcb\x14\x03\x14\xbd\xd9_\x94\xf6\xe9 7\x8a\x0c\x8aO\
f\xe7\x12\x8d\x8c\x8c\xb0\x1c\xa2\xe1\xe1\xe1\xf7\xf6\xf6\xf5\
|rb||\x96\xf6\x86cu\xc6\x00V\xbc\xd0R\
5\x8d\xba\xbe\xb3P\xef\x7fn\x90\xd25\xf4\x04\x08\xc2\
)\xc0/s\xc0\x04\xa5=\xc8i\xb3+\x86F\xe3\xe0\
\xd1q\xed\x95\x00q,\x10m\xc8:\xac\x7f\x8e;\xd0\
J\xfes\xe1\x7f%\x12\xd1\x8b\x9d\xb9\x0e.\xfd\x1f\x92\
\xf1\xc6\xab/\xa3t\x22\xfeD-\xff\xc7\x87k\xa2r\
\xf9\x09\xf3\xad\xc1O\xdeXb7H\xfc\xb0`\xf2\xf4\
\x7f\xe0'\xe9\xb9\xed\x0f\xcc\xdf\x03<\x9d\xb1nMA\
\xf0|\xebn\x10c\xc3\x8a\xff\x8f\xe6ck\x1b\xc4\xfe\
/\x97\xd0[\x8d\xfe\xd9 t\xcf\xe8\x9f\xcc\x9b\xd2>\
}=\xf3\xccW\xd1ko\xbcz~tt\xf4\x83\xf9\
\xb1\xd1\xe7wvwg\xa9Mi\xa9=\x14\x80\x08\x97\
]\xf5b\xa6\xe9\xef\x8f\xa3o\x0fpc/\xd2x\xbe\
n/U,\xf1\xd3k\xe0\xf2\xd4\xcd\xa5\xd6\x04\x84k\
\xbb\x83O\xdf\x00?\x1d\xe9\xe8\xfa\xc0q\x12\xf0j7\
\xbc\xfb\xbd\xd6\xff\xa7\x86\xff\x15!\xf4\xff\xa0\x8c\xfe\xbf\
\xf9\xdcs4\xff\xf7)\xbb\xff\xb7\x01\x1c\xff\x8a?X\
\x01\xf2Di\x10\xc6\x05t\xeb#t\xfc\xc7 \xf6\x95\
\x80\x0e\xef\xd5\xac\xd5\xf6\xf9 \xaa5u\xd8\xf6\xff\x8f\
\x8d\xe5\xe3+\xab\xab\xa1\x93\xd3\x12\x82\x0af\xe3\xad\xfa\
\xa25\x05\xce\xa0\xbc`pp\x08m\xcd\xaf\x9c\x1f\x18\
\x18\xfe\xe5\x85\xc5\xc57\xb6\xb7\xb6\x0f\xa9M@\xe8\xdf\
\xaa+\x00_\x7f,\xe3\x0c\xf9\x01\xbau\x082\xdc\xd3\
 \xfe\xca\x00\x98\x14\xc0\xed\x8b\x03z\xbe\x10\x05\x86\x1d\
\x80(\xc0\xa7\x17_\x87:\x0cW\xaa\x9aR\xfa_\x5c\
\x98'\xfa\x7f\xec\xc1N\x81\xfe_8(\xa2\xabW_\
'\xfa?\xcb\xff7\x1c\xfa\x07\x8d\xa6\x09\xf2\xc4\x0b\x89\
^ \x8f\xb7\xfa\xde\x07\xf1:\xfacy\x02\xccR\xd0\
\xcd?\x00\xfd<X\xd6\xb6\xd3\xc2\xff\xa0\xf5?\xf1\x8d\
\xcd\xcd\x10Y\xbd\xb7<\xfd\xd7\xf9\x0aL@\xc7'\xc7\
\xac?A,\x1aG\x1d\xa9\xf4{\xc7\xf2c\xbf53\
=;\xbe\xb7\xbf_\xa1\x9a\x80k\xdd\xb5\xfaFk\xd0\
#HSH\x83\xf9\x09D1{U\x9e\xa3\xc27\xcd\
\x97\xe9 \xa1\x7f\xb9\xefQ\x9aN\xc1\xa5\x1f\x90\xc8+\
\xe6\xff\xa3\xf8\x1f\x0b\xb3\x91d:\xf1`g7?\xfe\
G\xe9?\xdc\xd6\x8a\xd2\xa9\xc4\xe3\x84\xfe+\xc0\xfc\xbd\
B\xfe\xa6\xd1\x9b^\xab\xe7\x97\x8eL\x90\xb0\x1b\x00\x89\
\x11&\xe0'\x00\x0a]Rf\xbf\xd5\x97d\xb9.I\
\xb4`'\xff?\xbe\xbb\xbbs\x8e\xca\xcb\xef'\xfa\xc7\
U?!F\xfb\xfb\xfb\xe8\xf9g\x9eC#\xe9>\xd4\
\xd1\x91}\xff\xd8\xf8\xe4\xc7\x16\x97n\xdf=::\xa2\
x\xa4N\xac\xc0\x90\xe4Th\xab\x00\xd2\x1cR\xd0\xf4\
K\x9bJ\x1f\xb1T\xc7\x04\xb5^\x02Z\xcd\x86\xc5\xca\
)\x98\x82f\xee\x1e\xa3\xc3\xfd\xb9\xad{\xf2\xf09\xec\
\xde\xdd\xb6\xb3\xc2\xa2\xff\xb9p2\x99z\x80\xf6\x9e\xe4\
\xe7\xff\x14\x18\xfeW:\x9d\xfc\xf2\xd1\xd1a\xc5\x92\xff\
\xc0\x0d\xf0\x99Z\xd8\x86\xa2^\xa9\x5c\xdb 0\xbe\x1b\
\x08\xb1x}}V\xc5\xca \xa8\x9e+\xe8\xd9#N\
\xfd/\xb1\xff\xc7GG\xe3{\xfb\xbb\x8c\xfe\xa9\x0f\xad\
R6\xbe\x8f\xe8\xdf \xa3BG\xe8\x94\xfc>44\
B\xe4E\x0a}\xfe+O\x9e\x9b\x9a\x9c\xfe\x85\xc1\xc1\
\x81o\xdd\xbds{\x97\xc8\x0f\xd3E\xff\xd8\xe4\xf5\x0c\
\x00\xa5\xbf^G&\x07\xce\x13o\xcc\x0e\xe0\xd2\xad\xbb\
\xd7^\x9d\xfd\x09\xea~\x99 \xd0KE\xe9I\x1eG\
\xaa\x9b\xe6\x81\xc7\x87\x9c~\xa9\xac\x07\x10\xa5\xff\xb9\xf9\
\xd9p<\x16\x7f0\x97\xcd\x0a\xe9?\x1e\x8f\xa1T*\
\xf9\x15G\xff7\xf9\x98\x84\xf7\xa2~A\xb7:\xf0\x9e\
\xf5\x8b\x0bv\xee`\xb5i\x96\xff\x8f\xea\xff\xa7xt\
d$\xb6\xb2|'D\xb18(\xed\x7f\xbf\xd0?}\
Uh|\xd05h\xad\x11\xc5#\xa4\xbcn}}\x03\
m\xaeo\xbc\xbd\xa7\xbb\xeb\xb7\xc7'\xc6[\xee\xde\xbd\
\x8b-\x1f\xa1[\x07\x00\x9e?UWf7\xaeF\xe8\
\xa9\xae\xaa^\xc7f#\xbc\x06T|\x05\xa4A\x0cQ\
\x89\x22\x88\xe4\x1a\xd4\x89\x5c\xab\x86\xdf\x8a\xff\xcdES\
\x89\xf8\x85.N\xfeo\xa1Xd#\x1e%\xf4\x9fL\
>f\xc5\xff\xb1\xc1\xd2\xdak\xbep9\xee\x8f4\xef\
:0\x06\xaf\x19P'\x90\xc4{\xb5z\xc3j\xe5*\
\x98\xc2\x9e\xf7,\xff\x9f\xe1\x7f\x8f\x0c\x0d%v\xb6\xb7\
\xcf\xe1r\xe5M\x1f\xff?+\xfdWl<R:J\
\xa7%\xb4\xb1\xbe\x8e\xdaZ\x9aQ&\x93\xf9\xfb\xb9\xce\
\xdc\xbf\x1f\x1d\xcb\x8floo\x82\x859\x02F\xd5%\
\x0dn\xe44i\xfe\x8e\xc9\xa9|\x07\x0f.f#t\
\x0a\x92\x9c\x5c.?\xf0\xe5\xa9\x80)\xd6u\xf9\xe7\xc6\
\x0a\xb9/9\x9f`n\x9c9\xf8\x1b\x11\xd2\xfc?\xea\
\xff\x9f\x8f\xe4:\xd2\x0f\xf4\xf5v\x0b\xe9\xff\x1b\xcf>\
K\xe9\xff\x09\x1b\xff\xc3\xa9\xff\xc1\xc07Md$\xa9\
E\x9f\x9e\xc5\xf2\xc6O\x04X\xc8\xbc\xba\x0fP\xf8\x22\
\x84y\xa2\x12?\xbf\xae\xbf\xd5\xb4\xcc-\x5c\xb1\xe8\x7f\
x(>??\x172i\xfc\xac\x5cb\xe3\xfb\xfd\x85\
Yo\xf3\x1a\xe6H{{\x1b\xfdy>\x1a\x8b\xfct\
oO\xcf\xdf\xde\xbe\xbd\xb4EtP+]\xc0\xb4\xfb\
\x95U\xe1)\x94~2\x1d?M\x9d\xbf\x0b\x94~q\
o\x0f^\xbe\x8b\x0bL\xec\xb5Q]\xe1fP\xe1\x88\
k\xe5\xb8\x03\x9f\xdeA\x10P\x14\xe5\xd5s\xc8\xcaY\
\x0c\xb0\xf0\xbf\xe7\xe7\xa2\xb9L\xe6\xc1\xfe\x9e\x1e.\xfd\
\x1f\x90\xd1\xd6\xda\x82R\x89\xc4\x13\xf5\xfa?\x00H\x03\
+\xb5?A\xcf\x97'\xc2_\xe4\x06Ou\xc0GL\
n~\x87V-\x85n\xbf<\xe0\xba\xfd\xdc9Pv\
\xfcoxx8vwy\x99\xf5\xff\x02\xc2\x03\xe0-\
\x10\xff\xbfW\xf4o\x0d\xcc\xfa\xc9S>\xd0\xda\xd6\x82\
\xae\xbd\xf1\xc6\xdf\x1b\x19\x1e\xfeo\xf3\xf9|lcc\
c\xb7da\x0fQ]\xc0\xb0SLAOC\xf4\x8a\
5NL\x17d9\x06\xe0\xab\xb7\x03YK\x1d!\xde\
'\xf6|\x17\xa4\x890\xe2\x8d\x05:Ej\x01lY\
\xf0\xe5Z\xd8\xee?\xa6\xff/\x10\xf9\xdf\xd1\x91y\xb0\
W@\xffD\xe7\xb7\xe8?\xc9\xfc\xffN\xfc\x0f{\x18\
$G\x9f\xd7\x85\x8c\x04\x8d8_`\x9cH]\xde\xdb\
H\xccY/!\xac\xfa0\xad\xf8\xdf\xf0\xc8H\xfc\xd5\
\xd7^C\xa7GG\xe8\x07\xe5UO\xff\xc0\xfa\x18/\
//W\xf5\x81\xbd\xed\x1d\xb4|w\xf9\xdd}}\xbd\
\xbfC\xf4\xd0\xec\xf6\xd6\x16\x8d\x13\xb8tb\xd05\xd6\
E\xf9uAb\xfa\xba\xfdN$\xf5\xb6 \x883\x81\
\xae\xed*\x8cAh\x144\x81FL\xa3\xce7I\xe5\
\xff\xe2\xc2B8\x97\xcd=\xd0\xdf\xdb\xc7}\x86\x87d\
\xbf\xbe\xfc\xd2\x8b(\x9d\xa2\xf6?\xa5\xffZN'\xe8\
a~\x8bb\xa1\x92\xf7e\xf5\xd3\xca\xe7,\x89\xe3\xa8\
z\xa3\x0b\x95}\xff\xf3\x01_m\x15\xf7'1q\xad\
\xfa\x9f\xe1|\xec\xce\xd2R\xe8\xe4\xe4\x84\xe1\xf3W\x8c\
\xca\x0f\x00\xfd\xb3\x9e\xc6!ooc\xa7\xff\x01\xcd-\
\xfb\xf3?\xfec\xd4\xd5\xd5\x89z\xbbz\xdf\xdf\xdf\xd7\
\xffg\xf3s\xb3+\x07\x07\x07\xcaX\xae\x8c^@\xad\
k\xeb\xe6\x1b\xea\xc6\x19Ty\x03 \x0a\x82\xbb|\x00\
Xp<\x96\xe8\x11\xb2\xday\xae/\xb0jd1\xfc\
\xcfc\x9a\xff\x17\xcee:\x1e\xe8\xeb\xe9\x11\xd2\xff\xf5\
\xeb\xd7h\xfe\xcfW,\xff\x1f\xf3\xd7\x80?6\x01\xbe\
<:\xf0\xc7\xe4%\xb9\x0b\x10\x84O\xabj\xf6$!\
ZP\x05\x16\x00\x84\xb1DS\x91\xb3\xe4\xeb9N\xf5\
\x7f\x96\xff;62\x12]\x98\x9b\x0bQ,\xde\xcaw\
\x11\xff\xffMH\xff\xbe\xde\xe6\x8c\x07\xb8|\x84\xff\xf8\
\xa7\x7f\x1eu\xe7\xbaQ*\xdav>\x93\xc9\xfc73\
SS/lom\x9e\xd8}J\xdc\x1a<H\xf2\xe5\
@\x90\xcb\xe5%=\xd0\x08\xe7\x83\xc8\x0eU\xb8\x09A\
\x82\xbf\xe7\xc9]Pbx(\xf9\x0e\xc8\xd9\x18\xf0H\
\xa6\x1a\x04'\x82\x89\xc6a\x08\xfdG;2)\xa2\xff\
\xf3\xe3\xff\xc5\xc3C\xd4N\xf4\xffH\xb8\xed\xa9Z\xff\
o\xbfQ\xc1\xa5\x05P\xb7@\x04\xfd\xbe\x9b\xa2\x0c\x0f\
\x10\xe4I\xe8\x02\x80\xf3\xe3\xcb\x8d\xc7\x1d]\x0f\x00\x9b\
\x066\xac\xfe\x7f\xa3#\x89\xfd\xfd\xbd\xf3\x952\x84*\
%ZK\x87\xef\xd3\xbfk<\xf1\xc4ch\xf0\xd6-\
\xd4\xd4|\x03\x0d\xdc\xec}\xcf\xe4\xf8\xd8\xaf\x8d\x8e\x8e\
v\xee\xee\xed\x1c\x11>\xc0r\x86\xad\xfa\xa2z9\x09\
~y\x0f\xda\xa9\x04u\x06\xb7*\xb6+\x17\xb3\x01\xb0\
Q\x05~9\x80`\x09\x09\xea\xe6\xc3\xe2\x80\xa1\x95\x9a\
j\xf5\xff\x9aI$\x13\xb1\x87x\xf9\xff,\xfe\x7fP\
@\xadM7P<B\xf1\xbf\x8a\xb6\x9e\xa2\x85\x03i\
r\xec\x16\xdd^A\x22=HX\xc3\x01Z\xfe\x1d\x8d\
<>\xb9\x0e\x81\xd5\xf6e=\xdc35hO\x19\xfe\
\xcfHrow\xe7\xdcna\x01Q\xda\xffA\xa0\x7f\
i\xcc\xd0C\xff\xf4uw\xe96::8B#\x83\
\x03(\x13\x89\x86\xf2\xf9\xfcO\xde\xbc\xd5\xff\xa9\xc5\xa5\
\xc5\xb1\xfd\xfd}\xccz\x9a\xd3\x9eEP\x97;\x84=\
=\xa9t\xec{\x81\x9c\x07E~\xa7:\x1e(a\x0b\
 \x8e\xd5\xfb\xe2\x06\xba<$`_\x96\x1a9:\xfe\
\x7fbo\xc5\x12\xf1\xd8EQ\xffOJ\xff-\x84\xfe\
\x13\xd1\xe8\xd3\x87u\xfd?\x01@\x9f]\x810\xc3O\
m\xc3+\xef\x19\xd4\xd8l \xa5\x7fy\xa6\x894\xc7\
Kf\x1b0\xa1e\xe3\xff\xe5GF\x12;\xbb\xbb\xe7\
\x8eOO\xd1\xfd\x97\xde\xeb\xf6\x9d%\xf63\xdb\x99\xfd\
\xa5\x91\x91\xe1\xc7VVV\xd6h\xbc\xd0\xe2\xf74h\
\x88\x1dL{\xa7.U\x16S\xe7\x84\xce\xb0Gg\x17\
B\x15(|\x83\xf5\xa6\x02\xc8\xfa\xcf\xa9}\x97\xba\x98\
Z&\xe8\xe1U\xd5lQW\xdf\x0e\x9a\x99f\xd7\xff\
\xc5\xe3\x0a\xfa\x8f\x84\xdbQ<\x16}\xca\xa6\x7f\x0c&\
4\xeaO\xd7\xed)aJ|\x05g\xc1\x03k\xb8\xb7\
\xad\x22\x86\xc3\x8f\xd3Z\xc0\x98,\xfeG\xe8?I\xd6\
\xf2m\xc7'\xf7\xe9_n3\x18\xd6\xc0\x14s\x00h\
\xbdd\xe8\xe5\xd7^F\xcb[\x1b\x7f\xb7\xaf\xaf\xff\xd2\
\xf4\xcclzsc\xa3d\x18\x15\x97\xfc\xaf\x0e\xb1\xaf\
V\x98?\xc7\xed\xff\x194o\x94_\x0b\x0bJ\xff\x14\
/\x96\x08*\xf7\x9eT\xd1\x97;\xbe\xdc\xac\xc9\xae\xff\
\x9f\x8f\xc7\x93\xf1\x8b\xb1xL\xf8L\x22\x11B\xff\xf1\
\xa8\xab\xfe\x17$\xb1LP\xf8IA\xe8\x98\x11\xad\x91\
\x1aO\xd4\xa5\xdb@#}#}y\x17\x12\x5cK\xd0\
\xec\x07\x076\xfe/\xb0\xfe\x9fcD\xfe\x1f\x1c\x1c\x9c\
?\xb9/\xff\xf5\xe8\x9f\xf1\x00\x0b{\xa0T)\xa3\xd7\
n\x5cC\xd9d\x1c\xf5\xf5\x0f\xfc\xd4\xad\xbe\xfe?\x18\
\xcf\xe7\x97\x0b\xfb\xfbP\xad/\xacO\x88\xd7\x88E\x07\
\x8a\x014\x22WT5|\xdc\xeb\x83\xba^\xd0\x17\x07\
\xe3\xc6\xab\x80\xeb3w\xd7\xff[\xf1\xff\x85\xb9X:\
\x19\xbf\xd0)\xe8\xffM_\xd1H\x98\xf6\xfft\xe2\xff\
u\xfd\x7f\xd4}>@+\xb6\xd2\x00\xdfU\xd6\x0c{\
\xd6\x0e\x9bz\xd8\x10\x9a\xb8\x0f\xdc\xc6\xa5\xbe\xefP\xfc\
O\xd6\xff{$\x1f/\x1c\x16\xdeV*\x97\xb8\xfd\xbb\
\xef\xbf\xea\xe8?\xc4\x86S[\x881{\x9f,'\xab\
\x9fj\xbd\xd6t~\xe0\xd6\xc0/\x0d\xdc\xba\xf9\xd2\xca\
\x9d\xbb\x85\xe3\xa3#\x95m\xd6`-\x810_\xcc)\
$\x03\x99\x8fM\xbc\xdf|\xf1\xb0Z\xfc\x0f\xb4b\xf8\
\xfc\x98\x08\x88\xfb\x07\x80\x0b\xab\x1d\xaa\xfe?*\xffg\
\xa3\x14\xff#\xd7\xd9!|&a\x22\xffc\xf1\xe8c\
5\xfc\xcf3\xb7L\x09\x9a_/\xd5\xb9!h\xcf(\
\x10\xc6Me1\xe2\xc0\x05't\x9d\x0d\x07\xffgl\
$z\xe7\xee\xdd\x90C\xfb\xf7\xe9_C\xfe;\xf4O\
i\x9f\xe8\x01\xc5\xe32:-\x9d\xd2\x1eJ\xe7)6\
\xf1\x9d\xc5\xa5w\xa53\x1d\xffvrj\xa2ewg\
\xa7D\x8e\xc3\xee\xfc4S\xde\xf7A\xe9@\x07\xed-\
\x0dg10UrH\xe43\xe3\xeeZ\xc9\x9c\xebc\
%`\xd5\xff\xcf\xce\xcd\xc4\xe2\x89\xe8\x05\xda'\x9e_\
\xffwD\xf4\xff6\xaa\xff\x13\xf9_\xf0\xe0\x7f\x05\xed\
\xdd\xc0\xf5\xa3\xab\xe2\xea\x1a\xf5\x85\x8d\xd4\x82J\xea\x7f\
@\xc7\x8e\xf1\xfa%8\xdb\x85\xbcU1*\x98\xd5\xff\
\x8e\x8f\xc5\xa6\xa7&\xee\xd3\x7f\x83/j7m\xed\x9f\
\xb2\xbe\x85e\x8a\xa1f`\xb4|\xe7\x0e\x8a\xc6\xa2(\
\x9eh\xfb\xb1\xe1\xa1\xc1\xa7wwvO\x80&\x10Z\
\xbd\x8c\x9d=a(z\xe5\x808\x80\xcd\xa9O\xe6\xe3\
\xf3\xfb\xf5]\xf0\x05\x01@1\x07e\x7f\x11\x85\xfe\xe2\
\xd1\xa1\xb9n4\xecJ\x90f\xfd\x7f\xa7g\xa6\xe3\xb1\
D\xf4b\x87\x84\xfe\xbf\xf1\xb5\xaf\xa2T<\xfe\xb4\xd5\
\xff\xdb\xb2\xff\x99\x1e\x01\x80\x03\xf8\xe0@\x93\xe6\xbdr\
\x18+z\xf2\x0a\x9aw\xea\xb8\x10@'\xd6\x0b\x0d\xde\
\x0f{\xde\x86a0\xfb\x7f|b<>66\x1a2\
\x9c^|\xf7\xe9\xff\xcc\xafB\xb1\x80^|\xf1\x1bh\
`\xa0\x1f\x11\xfd\xea'&\xc6'\xc3'\xc7\xc7\xa6\xab\
7\x89\xdb/h\x0asP\xeb3>@\x90\xcf\xa5\xc2\
/w\xa5\xc5\xd6\xeb\x99\xa0\xceG\xd7\xa1\x7f\x81\x84W\
\xc7;\xa1j\x8a\xd60\xc0\x09\x874X\xff\xcf\x99\xe9\
X2\x11\xbb\x90\xe3\xc4\xff\x89\xbd\xcfj\x00^{\xf9\
eB\xff\x89\xa7)\xc6\xabY\x87\xff\xc7\xc3+V\xca\
M%m\x01\xcfG\x0b2,?\xcd\xfc~>\xf60\
V\xc7g\xea6\x82N\x0eA\xd5.1l\xfc\x9f\xf1\
\xd1\xb1\xd8\xc6\xc6z\x88\xe8\xaf\xf7\x09\xf7\x1e\xbf~\xf7\
\xf7\xfe-\xea\xe9\xedA\x93\x93\x13\xbf\x7ftt|@\
V\xbe\xe2\xd8\xba\x9a\xb9&<\xba\x97\x1c\x0b\x1a\xc7p\
1\xec\x83\xe7\x93\x09\xf3\x08\x94\x99l\xde\xe8:T\x93\
\xd2,S\x003\xfa\x9f\x9e\x8e&S|\xfcoJ\xff\
\xc7GG\xe8\xa5\x17\xbe\x8d\x92\xf1\x98\x13\xff3@\x9d\
o\x17D'h\xf4\x18]\x5c\x06Un\xf0Y\xec\x0a\
\xe5}\xd2\xfc\x1f\x87\xfeg\xa6gC\xb4\x1f/\xb5i\
\xef\xbf\xee\xa1mp|\x84v66\xd0\xd6\xfa\xfa\x07\
767'\x8d\xba\x1a\x22S\x01\x93\xa7\xd5\x8a@\xb7\
\xaf\x0dG\x96s\xf2\xcf@+\x16\xc1\x8d\xe1KB\xe6\
\xba\xb5\xc5\x0e\x10\x11\xd3\xffgfgb\xc9d\x92\xd0\
\xbf\x1f\xff\xa3Hd?\x1do\x5c}\x9db\x00=n\
\xd7\xff\xe3\x9a/\x01@\xed+\xd5\xf6\xaf\x9a\xa6\x1a\x1f\
I\x96\x93cj\xc4\xfd\x82\xf8\x1d\x03\xd0\xbe8W\x84\
6\xcc\xa3\xf4?96\x1a\xbf{\xe7v\xd5\xa7}\xff\
u\xef^\xa52\xe1\xa9\xe5SD\xe4\xd3O\xcc\xcf/\
\xdc\xacT\xf8\xf4\xaf\xebC\x02\xb5\xdf\x89\xb3\xa7d:\
\x01\xe8\xeeA\x10\xfb\xb8e\xfa\x03\x08\xf4d\x9es\xa2\
V\xa7\xc3\xf0\xbfh\xff\xdfD\x8a\xe8\xff\x9d\x1c\xfb\xca\
\xc2\xffh\x0d\xb7\xa1x2\xfe\x15;\xfe\x8f=\xa1\x07\
U\xdd^\x00\x1cmAO3\x08\x1c\x0f<K\xecV\
G\x87Q\xf6\x12\xae\xca\x7f\xc3\xaa\xff\x19\x1f\x1fM\xec\
\xec\xee\x9c#\x86\x17\x22\xdfEF\xe9\xbe\xfd\x7f/j\
\x09h\x8e\x00\x8d\x09\x96JGh\x7f\x7f\xef=\xb7\x17\
\x97z\x8d\x0a\x8b\x03\x949~\xe6 rId\xd7z\
q\x06L1\xdc\xa72\xf7\xb4\x91\xfd\xaag=\xc8\xa1\
j\x98\x0b\x8f\xd6\xff\xcc\xccQ\xfaO\x10\xfa\x17\xe3\x7f\
\xb5\xb5\xb5\xd0\x1c\xa0\xc7\x8a\xb5\xfc\x7f\xd0\x88\xef\xf3i\
\xdf\xed\x84\x90&7\xaac\xb4~\xff;\x04\xe9)+\
kN\xd6@\xe3H~}\x88\xad\xff\xe3\xd1\x89\xd1\xc8\
\x9d\x95;!B\xf7t0\xfa7\x8c\xfbz@\xa3\xf4\
\x8f+\xf6`\xbdJ\x01\x8dNM\xa0\xf5\xcd\x8d\x7f\xb0\
\xbc\xb6z\xd3`eBU=U'N\xab\xcc\x09\x00\
\xafL\x83ZL-\xe0\x96\x03N\xc2\x1c\x04\x91lP\
\x17\xd2\x17\xa7\x05\xd6\x13X\x0dW\xc9\xa1\x14;\xff?\
\x9eJ\xc6.v\xf1\xf0\xff\x0f\x8bl\xdc \xfa\x7f,\
\xdc\xfe8\xd1\xaf\x0c\xa7\xd6\xc2]\xb4`\xca\x9bl\xc9\
0X\x82\xe4R\xf9\xf80'8\x0a>p\xd4\xc08\
\x83\xa0\xf2\xf5z\xf5\x14\x11\xce\xb3\x85\xff\x87\x9d\xfe\x1f\
\xa3\x91\xb5\xb5\xd5\x10y\x8b\xd1\xbd3\xee\xbf\x1a\xa0\x7f\
\x5c\xa3\x7f\xa3l \xa2\xf3\xa3\x99\xd9Y\xb4\xb0\xb0\xf0\
/\x88\x8cZ\xb2\x1b\x8d\xd5\x11*\x9fc\x0be\xb6\xa9\
\xe8Q/\xa83\x02m?\x14\x88\xfdX\xca\x9cx\x8d\
\x80\x95+\xd7\xdf\xf4\x90D\x0d\xbc\xef\xc4\xea\xff\x17O\
%\xe2\x17;9\xf2\xdf\xa1\xff\xd7_}\x15\xc5\xa3\xd1\
'\xec\xfa\xbf\x8ai\x17\xb6\x83\x9e\xee\xa4\x916\x03X\
#f\xa0\x83\xa7\x1a,\xce(_N\x09\x0e\x09\x88\x02\
\x88\xbe:0\x07\xffk|4\x1f\xdd\xd9\xd99w|\
rr\x9f\xfe\xcfJ\xff6\xed\xd3\x1e\x0aG\x87G(\
\x9f\x1fE\x13\x13\x93?|{\xe9\xf6\xd7Nh\xb2\xa5\
\xa3\xa3V\x9b\xf2\x01HbT\x02\xdf=pz\xdc\xf1\
0\xb7\xeb\xce\x0b\xdc\xbe\x80\xfa\xb10\xa9=\x02\xfa*\
)'\x80\xe6\xaewc  \xb8J\xff\xc9\xc4E\x1e\
\xfe\xefa\xe1\x90\x8dW_\xf9\x0e\x8a\xc7#O\xb8\xfb\
\x7f\x81\x1f\xff+\xa8=\x03\xa0\xc77\x83\xe5\x18r\xf3\
'AUC\x18\x10\xe7C/\xb6a\xf1Y+\xff\x7f\
4?\x1a\xdd\xda\xdc>wrrz\x9f\xfe\x1b\xa1\xff\
2\xb6F\xc5`\xc3\xa8TBd\x8dC\xd7\xae]E\
\xe9t\xfaG'&\xc6\xffbwww\xc7*\x07\xa8\
\xf6\x1b\xc2R\x88\x0a\x89\xf9\x06\xf2^\xc1*\x8b\x5c\x94\
\xd7.Q\xe9A\xd6\xb7J\xe6\x03\xf4\xa4$\xf1\xf0w\
\xbcI\x80\xd6\xd6<\xb5\xf0?b\xa9T\xf2\x22\xc5`\
\xf2\xd1\xff\xc1!\x1bo\xbc\xf62J\xc6\xa3\x14\xff\xdf\
\xe9\xff\x81A\x5c[\x1f8i\x12\xe4\x8b+\xc2>U\
\xf0P\xd0\x8b\x85\xc8u\x8d\x80\xae\x01\xe0\xac\xb7\x85\xff\
76\x92\x8f\xedl\xef\x9c\xbb_\xffs6\xfa/\x9d\
\x94\x98\xbf\xaf3\x97E\xb8d\x9c\xeb\xccf~\xf6f\
\x7f_\xcb\xc6\xc6F\xc10lh\x1a\x00\x00~/\x18\
M\xff\xae\x1fw\x178>#P\xe7\xf3qT}\xed\
\x9e\xb6\xe2\xcd\xe7\xa9\xed\x81@r\x17\xaa\xd8\xdd\xa7\xa7\
\x14\xffk6\x96Ig\x1e\xec\xe9\xee\x16\xd2\x7f\x98\xd6\
\xff\xc6c_ \xf4_6\xed\xfa\x7f/X\xb2)v\
\xa6)x\x83\xbf\xde\x11\x1a\x93\xff\xae\x9c\x84\xbaG\xe6\
\xa9\x03\x05\x05?\x05/6@\x90X\x04p\x0c\x1b\xc3\
\xc2\xff\x1b\x8amnn\x86J\xe5\xf2\xfd\xfc?\xc5\xcb\
0*\xb5\x81m]\xa9\x5cAs\xd3\xd3\xa8\xad\xe5:\
\xfa\xf2c_D\x9d\xd9\x8e\x9f\x1a\x1e\x1e\xfe\x9d\xa9\x89\
\xf1\xc9\xc2\xc1A\x89a\x03\xd5\xa0\xed\xa1&\xa3\xd4x\
\x1a \xa7S\x81\x0d\x0e\x22\xad\xc0_.\x0a\xbc\x18\x19\
\xf0\xf2\xd0d1e\xfd\x185\xf8\xf6-@=^\x0a\
c\x924\xfeO\xfb\x7f\xa4\xd3\xa9\x07\xbb9\xfd\xbf\x1c\
\xfaokoC\xd1h\xe4\xcb6\xfe\x1f\x16`\x9c7\
\xf8\xd2\xce\xcb\xd6\xbb\x96\xaf\x0a\x12\x14I\x1e\x00z\xf5\
\x1b\xa0\xab\x05\xd4\xc5\x9b-\xff\xff\xa9\x99'\xf4\xbf\xbe\
\xb1\xc1\xb00\xef\xd3\xbf\x16\xfd\xd3:\x1fV\xffK\xe8\
\x9f\xea\xfa\xa8\xbf\xaf\x17\xe52\xa9w\x0c\x0c\xdc\xfc\xe8\
\xcc\xcct\xfb\x9d;wN\xcb\xe5J\x89l\xc72X\
\xf4_\x8fv\xa1a[\x824\x84\xe3\x96G\x8d\xb4\x07\
\x16\xfe\x19\xc4\xf7\xcde3\xa0\xde\xac\xc2\x5cD\xcb\xfc\
7\xcd\x13V\xffC\xf4\x7fb\xffwv\x0a\xfa\x7f\x16\
\x0a\xa8\xbd\xa5\x05\xc5\xc2\xe1\xc7\x1c\xff?\xe8\xf7F\x05\
\x91^l\xd6\x83\xb3\xab\xfa\xa18\xef\xab\xfc}<?\
-\x08\xe3\xb8\x9c\xc2\x0c\xd0\xe4\xb7|\xc7 \xf8\x921\
\xc8\x1e6J\xa7\xa7\xc4\xfe\xcf\xc7WVVB\xc6}\
\xfa\x17\xf8\xf7\xac\x9a?\xa2]\xba\xe9\x9f\x8esd%\
C{\xfb\xfbo\x1f\x1c\xb8\xf5?\xf7\xf7\xf6|\xeb\xf6\
\xed\xa5\xed\xa3\xe3C\xd3%\x87t\xf4j\xcc\x11\x93U\
}\x11\xe4\xb2\x9c\x93\xfb'\xeco#1\xf9Af\x87\
\xea\xe6\x95\x07tlxm\x05\xc7)\xea\xf4\xffb\xf1\
\xbf\x87:\x05\xf5\xbf\x94\xfe\xaf_\xbd\x86b\x91\xa8C\
\xff\x0e\xfe\x07\x061f\xba\x06/R\xd6=A\x00\x1b\
]V\x8f(\xac\xe1\x96\x05\x01\xb9~\x07\x10>|/\
\xfe\x08\xb6\xd9,\xa5\x7fL\xe9\x7fdd8N\xf6m\
\xa8\x5c\xbe_\xff\xa3\xa2\xffJ\xa5\x84\xa6\xa6g\xd8\xfb\
##}\xe7:;{~qp`\xe0\xdb\xabk+\
\x9b\xfb\xfb{\xb4\xa6\xd2\xd3C\x1c\xbcv:6\xc58\
\xfa\xdc\x9a\x1a\x10\xe5\x9c\x01\x8f\x7f\xf8lHA\xae\x1f\
\x80D\x1dP\xc5\xaa\x94~)\xbf\x1c\x06\x81\xdd\xc0\x0b\
\x01`\xe3\xf4\x84\xd0\xff\xec\xbc\x8d\xff\x99\x15\xd2\x7f[\
{+\x8a\xc5\x1c\xfd\xbf\x8a\xbd\xe8\xa5\x7f\x1d\xfd%\x08\
\xed\x82\xc4N\x07^w\x18\x7f\x22\xa6/\xc5\x08\x83\x22\
\x7f\x0f\xb4}\x95\x00\x02\x1f\x83;\xfeO\xd5R\x86\xff\
14<\x1c%\xfb7T*\x9d\xdc'v1\xfd\x87\
FF\xc6\xd0\xdf~\xf1I\xf4\xff}\xe6\xb3\xa8\xa7+\
\xf7\xe0\xad[7\xff\xdd\xe8h\xfe.\xd9\x87\xb2\xde \
 \xd8/`\xfaset\xf0\xa5d9\xaa\xb2\x1d\x0e\
\xaeF\xd3X3k/(\xa6\x1dO\x07\xf5\xe5\x16\x80\
/0\xe0N\xfda\xbf:\xf8\x7f\xb1d*y\xb1\x93\
\xe3\xffw\xe8?\x1cn\xa3\xf4\xff\xa5*\xfe\x7fm\x8d\
\xf1Ycd\x1a\xb1C\x11\x7f\x0d\xeaX\x10\xda+ \
N\xf9\x82\x06\xafQ\x9d\xab\x01\x16\xfd\x0f\x0f\x0dE\xaf\
_\xbd\x8a\x8cr\xe1>\xb1s^\xa7\x84/\x96+\xe5\
\xd0h~\x0c\x0d\x0c\x0d\xfd\xf0\xc8H\xfe\xd7\xa7\xa7&\
\xbb\x89\xcdtJ1\x14L/\xa6\x07\x04\xad1\xab#\
\x1b\xac\x11\x03\x06=\xff\x9e\x96\x9e\xaaK\xd3X'\x0f\
 `\xac\xdd4}\x8dU-3\x80\xea\xa5\x0bs\xf3\
\xb1d\x9a\xd0\x7fw\xa7\xf0\xd9\x84\xdb\x88\xfc\x8f:\xf4\
o\x1a5\xbb\x0bD\x18g`\xf2q\x8ex\xf9{\x8d\
\xf6?\x00\xc9\x8d\xea\xe6P\x81\x5c/\x01\x19\x90\xbc\xd6\
s\xc5U\xff\xdfptll<trZ\xbeO\xec\
\x9e\xd7A\xf1\x10-.\xdef\xbf\x8f\x8f\x8e\xff\xa3\xd9\
\x99\xf9g\xd7V\xd7\xb6\xa9|2kx>\xd8\xaf\xf3\
W\xc5\x99\x0e?\xb0d\xb2\x80\xfeE=\x9f@e\x8f\
\x83P\x88\xa80\xc84\xf0\xed\xc1\xdb\xe3@W\xea\x81\
GMv\xcb$\xec\xc4Hm\xfc\xcfh*\x99\xbc\x90\
J%\x85\xcf\xa7-\xdc\x8a\xa2\xf1\xc8\x97\x8b\x84\xfe\xc1\
\xea\xff\xe5\xac\xa7n]O\xa0\x1c!\xd0\xd4\x83@\x8f\
g4Ro!\xd1i\xc49\xa3\x5c\x8f\x0f\x06\xd6\xff\
cdd0\x9a\x1f\x19\x0eU\x88\xddO}\x00\xe5r\
\xe5\x07\x86\xbe\xdd\x98G\x15{\x94JV\x1c\x7f``\
\x00\xdd9\xd8C\xd33\xb3?B\xf8\xe3\x9f..,\
\x0c\x16\xf6\x0fhv\xa9\x1b\x13\xcf`\xa3\x9a\xd7\xeaN\
\xea\x03]\xbd\x10 8\xae/'\xbf\x8f/\x14\x02\xe4\
\xf1\xe9\xe6\xa6J}\x9b\x8aM\x0e>S\xd5\x87\xff\xe9\
\xf8\xff\xa8\xff?~\xb1#\x93\xe2>;\x9a\xff\x17\x89\
\x84i\xfc\xff\xcb4\xff\x87\xe1\xfe`W\x9bu\x90\xf7\
\xfe\xd0L\x96Q\xea:`\xfa\x8b\x0d5\x89\xb9\x11\x8c\
\x01\x10>\x7f\x90\xfbY\xeb\x7f\xc7&f\xfd\x7fJ0\
\x92\x1f\x8e\xed\xed\xed\x9d+W\x8c\xd0\x0f\x0a\xfd\xb3\xd8\
\xbd3*\xb8J\xff\xa6\xdd\xff\xf3\xf5\xd7\xae\xa1h$\
\xf2\x8e\xf1\x89\xc9\x0fMLL&\xb6\xb6\xb7O\xca\xac\
\x0f0@\x03\xb2\x044\xf9\xf9YsM\xb9\xdb\x16\x82\
~5P\xef\x0e\xf0\xe6&+z\x14\xf3\x95\x1fp\xfb\
\x0d]\xf2?\x99\x88=\xd8%\x88\xffQ\xfao\xa6\xfd\
?\xe2\xf1/\xb1\xfc?\xa8\xc5\xff\xfd\xba6\x16\xb4m\
\x07\x80\xc6\xe9\x8f\xd3\x9c\x018>?P\xf5Q\xe5\xe4\
\x07\x82Ok\x12\x83E\x0ak\xb7L\xb1?\x8a\xd6\xff\
Y\xf8_\xa3c\xf9\xf8\xfe\xfe\x1e\xc3\xaf\xfd\xc1\xa4\x7f\
\x16\xf78W*\x95C\xb4V\xe7f\xdf\xc0\xb9p8\
\xfa\xcf\xc7\xc7\xc7\x1f\xbb}\xfbN\xf1\xe4\xe4\x04\x18*\
U}/\x1c\x95?H\xa1\xa7\xc9\x1b{\xb8\x9f\x1d\xa8\
\xe5\xb8\xa8\x87\xad*\x0f\x14\xfc\xf0Q2Ll\xee\xe7\
\xbc\xbef \xce)\x04.\x06q}\xde>\x18\x8c\xfe\
\xe7\xe6\x22\x94\xfeE\xfd\xbf(\xfd\xbf\xf1\xfa\xeb\x94\xfe\
\xab\xfd\xbf\x9d\xfc*S/\xfe\xa7\x13\xeb\xd0\xe6\x85`\
\x0a\xfd\xfeJ_\x02\x88\xb3\xb6\xc5q \xdb\xc7\x09>\
\x7f\xb27\x0d\xccO\xff\x16H\x22\xb6\xe8\x7ft$\xbe\
\xba\xba\x16:%\xf6\xff\x0f\x18\xfd\xd3\x9c\x07j\xf7\x9c\
\xa7=O\xd3\x1di4;7\xfb\x93CCC\xff~\
rrr}\x7fo\xdf\x89ca\xbb\xb7,\x16\x88\x0b\
\x90\xe4\x93\x98\x9cTy\x90\xf3k\x11\xed\x09}~\xc0\
I\xff\x0c\x0c\xee\x05j\x1cP\x1f\xbd\x9b\xb5\xfevA\
k\x86\xf8\xfeO\xcb\x02\xc0\xa7''\xe6\xfc\xecL,\
\x96\x88]\xc8\x8a\xe2\x7f\x07E\xd4\xdc\xd2\x8c\xe2\xc9\xc4\
c\x0e\xfd\x03kk\x11\xb8\x9eFW'\x0b\x82\x0b\x1c\
\xb8\x1eG\xc4\xa499C\xa0eV\x88{\x98\xd9\x17\
\xb5\xe8??2\x12\xdb\xdc\xdcb\xfe?\x8a\x01\xf2\x83\
\x91\xc7\xc7l~V\xa7C\xc7\xfa\xfa\xc6\xdf\x1d\x18\x1a\
\xf8ub\xeb\x87\xb7\xb6\xb6\x8b\xc46\xf2\xe5L\xf0Z\
\xdd\x03?)O\x15'\x0f\xea\xf7\x91\xc9\x06\xa5|\xf3\
\xc7\xdb\x1aN\x8bm\xc4\x9f&\xc3\x14\xe0\xf6Gv\xf0\
\xbffg\xa6\x89\xfe\x9f\xb8\x10\x8f\xc5\x04\xf2\xff\x00]\
\xbd\xfa\x06\x95\xffv\xfd\x0f\xd8\xbd\xd7\x00\x00\xf4\xfd)\
 \xf5\xd7I\x13\x19\x1b\xc0\xf4\xd0\x89%\xf2\xea:}\
\xcd\x04\x04\xbc\x07\x14y^\xee\x84+\xbb\xfe??\x1a\
\xdb\xd9\xdd;wpt\xc4\xb0\xec\xbf\xaf\xfd\xf9\x85\x02\
\xea\xcdu\xa2\x99\xc9)\xd4\xdf{\x13ug{\xde\x9e\
\xcf\xe7\x7f1\x9f\x1f\xb9\xbe\xb1\xbe\xb6r||Le\
}\xc5t\xf7\x92\x03a\xafXe\x0c\x5cmS\xd6\xb5\
d\x03\x0e\xbe\x97DU\xe0\xe3;\x80\x96\xdf\x01@a\
\x1b\x88lS\xac\xd0\xe59\xbe\x07\xe0\xe1\x0eJm\x17\
F\xff\x14\xff/\x95\xba\xd0\x91\xe5\xcb\xff\xca\xe9>\x0a\
G\xdbP<\x11\xfd\x92C\xff\xfc0\x9b\x88\xe7\xaak\
)4e\xbb2?\xd2\xcfc\xc0\x94\xe4\x14:\x13\xc3\
\xfa\xcf\x95\xd3\xdb]\xd1\x04\x8d\x22\x80\xb0\xfa\xff\xb1\xb1\
\x18\xa1\x8b\xf3\xa6\xdd\xcb\xa6R\xfe\xfe\xcd\xff\x1b\x19\x19\
F}=\xddh~|\xf2\xfc\xad\xbe[\xff\xc5\xd4\xe4\
\xf4\xa7\x17\x17\x16\xef\x1e\x9f\x1cW0\xc6\x15\xcb\x86\xb4\
e>\xb8r\xb9\xac\x85\xc3\xa0\xef\xb3\x95\xf4\xe24A\
\xa0\x02\xfarQ\x81\xf3]\xb1\xfe_\xdf(\xceTI\
.~\xacY\xb7\xdf\x94<\xe0\xc4\xf5\x87\x81\x1b\xeaG\
\xe8?g\xfd?l\xfaO0\xfcOA\xfe\xcf\xfe\x01\
\xbav\xe3*\xa1\xffX\xb5\xff\x0f\xd4\xb5\x11\xd1\x8b\xd1\
\x8b\x92\xf2\x03\xe4\x5c\x01\xe8\x89{\xd0S\xb2\x82\xebg\
`*\xfd\xd2\xbe\x89\xd8\xf8_0:6\x1a\xbd{\xf7\
\x0e\xc5\xff\x0fQ\xda\x7f+\xd3\xbf;\x9eG\xfdz\xe5\
\xca\x09\x1b\xab\xabw\xd1\xce\xce&\xcaf;P.\xdb\
\xf1\xc0\xf8\xe8\xe8\x1f\xdd\xbd\xb3<\xba\xbf\xbfoP=\
\xc8\xb6\x1d\x0d\xa8\xd7\xf95s*\x94\x15W\xf70$\
\xd4hX@\xe5\xbf\x92Cf@C\x17\xd5\x8eA\x80\
+}\x1d;\xf8\x7fss\xb3\xb1d:~\xa1\xb3;\
+\xa4\xff\xeb\xd7\xae\xd2\xfe\x7fOZ\xfd?\xaa~?\
7\xc6\x10\x98\xa6J\x0e\x0asod\xf9\x11Z\x0f\x02\
\xc4F9\xdc\x8b\x07i\xfa\x0d\x05\xd0\xe9\x07\xce\xf2\xff\
\xad\xf8\x1f\xa6\xf4\xff\xe2K/Q\xba\x7fK\xd3?\xae\
\x80\x88\xfe\xcf-.\xce\xa3\xbd\xbd\xadw\xe4r\xd9\x7f\
=7;\x13\xd9\xd9\xde.Wm|\xa1\x1e\xac\xea\xb3\
\xad\x81\xb3\x05\xea\xbc\xb0`i$\x81\x8cx]y\xa0\
\x81;\x0c\xaa8'h\x84\xcf@\x1c\xff\xab\xe9?\xe0\
\xc4\xff\x16\xe6\xdbS\xa9\xc4\xfb\xba9\xf9\x7fG\x14\xff\
\x93\xd0\xff\xab/\xbf\x84\x12\xb1:\xfa\xc7f}\x1fp\
-\x8d\xc8\x14Cg\xea\xc6mU\xfe;]\xfb_e\
\xcf\xcb\x8a\xbc\xbcy\x9a\x22\xff\xad\xd5e\xdd\xc6\xff&\
\xf6o\xac\xad\xbd\x1d\x95O\x00\xbd\x15\xe9\xbf\x96\xbfS\
\xb1j\xf4\xe8\xef\xe5\x0a\x8b\xe3_}\xf5Utg\xf9\
\xee\xdb\xfa\xfao\xfe\xc2\xd0\xe0\xe0\xf3+++[\xd4\
\xb6$\xaf\x0a]\x02S\x8a\xef\x0c\xa6\x86^\xcc\xd3u\
\xeb\xec\x5c\x10\xea\xfc\xdc\xed\x80M!v\x9b\xa0*U\
\x8e\x13(\x8b\xdb\x07\xcdC\x01A<\xd9\xd4\xc8\xb3\xe1\
\xf5\x00\xe6\xe0l1\x0f\x9ea\xf5\xff\x9d\x0f\xa7\x93\xc9\
\x07\xba\xbb\xf8\xf4\x7frx\x88\x9e\x7f\xfe9\x94H8\
\xf4o\xe5aI\xa8V\x81\xa5\xc5e\xf1\xfe\xb8\x87^\
'P\x90\xdb\x1c\xd0@N6\xa8{0\x81\xac\xafD\
\xfdu\xac\xfc\x9fS\xea\xff\x8f\xce\xcf\xcdZ5\xed\xac\
\xd6\x05\xd8xk\xea\xfc8T,\x14C\xf4\xfd\xbf\xfc\
\xf4\xdf\xa0\xd6\xe6\xa6\x0b\x93\x93\x93\x9f\x9a\x9d\x9d[:\
(\x14*V\x1c\xdf\xa4\xb9b\x06\xd4\x92B4\xfc\xf2\
\x5c\x96\xab\xea\xb1\x06\x8a$\x00\x1f&>h\x91\xa3\x8f\
\x09\x80.C\xe0\xf9\x8a@K\x06j\xf5\x07T\xd1\xbd\
Jn:\x19\x80\xac\xfega~>\x9cJ\x13\xfa\x17\
\xc8\xffc2\xfe\xcd\xff\xf6[(\x95J>i\xf5\xff\
`\xf9\xbf\xaa\xfc+\x0fV\x01\x00\xc8\xf30 @\x8e\
\x94i\xcaq\xba\xd4r\xf9\xec\x06\x9en\x1f\x87*\xfe\
\xdf\xc8\xd0Plr|4\x04P\xa9\xd2\xfe[\x91\xfe\
m\x99\x1f\x8aD\xa2(\x16\x8d\xfe\xc8\xd0\xe0\xf0\xffD\
x[\xef\xde\xde\xee)\xb6\x0a\xf4\x0c\xa9\xafW\x0d\xb0\
\xa2\xc4b\x04\xb1\x7f\x09\xce`@\x83F=k\x10{\
@\xd7\x0e\x90\xf90\x95N?\xad5\x03\xee\xf9Y\xff\
\x0f\x22\xff\xdb3\x99\xd4\xfbzz\xba\xb8\xf4\x7fpp\
\x80\xfe\xe6\xaf>\x8b\x88\x8e\xf0\x98\x8d\xffW\xa9\x15]\
\xa8kw=\xecV\x19\xc3T\xc4U4\xfc\xa7\xa0\x95\
\x1b\x0a\xc2\x1e.J\xff\xbf\xcc6\xf4\xe3\x7f\x91W\xe9\
\x94\xe8\xff\xc3#\xb1\xf1\xfcX\xa8\x5c.\xbf%\xe9\x9f\
\xd2=\xb9\x0f\xf2\xdb\xdb\x19\xfd\x0f\x0e\x0e\xff\xf3\xc9\x89\
\xc9o\xae\xafml\x11\x9b\x80\xe2\xc2Uxyk\xa0\
\xee\xaf(\x89\xcb\xaa\xea\xbb\xa5>]PQ\x0dh\xec\
-e\xfd\x8fp\xa3\x00p\xabs\x1b\xf7\x1f\xe8\xe4(\
\xca\xdc\x89`\xbakvX\xffo\x22\xff\x17\xe7\xdb2\
\x1d\x84\xfe{\xbb\xf9\xb1\x5cb\xff\xbfF\xf1?\x93\xf1\
Z\xfe\x8f\x1cc\x93\xbf\xe0\xe20yc}\x11\xf5\xe4\
\xb1\xc2N\x00]>\xddH\x8f0\xf6\xc2v\xfc\x9f\xd6\
\xff--.\x86\x08\xa9 b}2L\xbb7\x03\xfd\
\x13\x91]\x1dV\x8e.\xc5\xdc#\x7f\x9b\x80\xb6\xe6\xee\
\xa2\x93\xb2U\xa7\x93\xc9\xa5\xd13\xcf?\x11\xca\x8f\xe4\
\xffAwW\xd7\xdf\xdc\xb9}{\x82\xee\x07\xa2\xe0T\
(\xc6)\xd4\xf7\x85u|$\xd8\x94\xf7\xd2\xd1\xdf\xe5\
\xc1\x9f\x8f\xaa\xbeO\x11\xaa\x02\xdd\xfd\x08\x0dl\x8bF\
\xf6\xb0p/\x83j\x0eu\x086P\x95\xdd6\xfd\x87\
\xd3T\xff\xef\x11\xc4\xff\x0e\x0a(\x1e\x8b\xa2d\x82\xf5\
\xffr\xf0\x7f\xb0\x8b\xb7\x83\x96i\xd7\xa8\xe3R\xe5\xea\
\x97\xc7\xf4\xb4\xfc\xc1<\x904\x01\x8c)\x04q{0\
\xff\x1f\xcb\xff?\x85\xa1\xe1\xa1(\xed\xffU1*\xe7\
(\x0f\xa0\x03\xbf\x09\xf2\x00y\xf4O{\x94\xb2:E\
\x1bc\xfb\x1d\xef\xfaa4<2\xfc\xae\x5cW\xc7\xff\
>91>\xb4\xb7\xbb[\xae\x94\xcb\x16{\xb3\xd1\xe4\
A\xbf\xc7\x1b\xf7\x11\x89%%H\xfc\xe5\xb5>+\xe0\
\x03v\x03\x99\xad\xc7\xb1\xa3q\xc0z\xc0Z]\x8b'\
\x19\x04LA\x01\x83\xfa|g\x92iR\x93\xda\x8d\xd7\
\xe1\xc0#\xb3\xfe\x7f\x0b\xb3\xd1t*\xf1`w\x17\xbf\
\xfe\xa7X<D-\xcdM\x94\xfe\xab\xf8\x9fPW\xff\
\xa3\x93++\xb5\x8dT\xf5\xfa\x02|\xd4:\xd0\x1d\x91\
\x1d\x82%\xf6\x89\xdb\xef\x02\x1e\xdd^\x1a,\x02u\x9d\
q\xeddD\xd0S\x9c\x85\xa1\xa1AV\xff\x87\xc1\xb0\
\xfa\xd7\xd8\xe3MD\xff\x84\xd61\xa3\xfd\x12\xa1\xfb\xe3\
\xa3\xe3\xd0\x9f\xff\xc9\x9fR\xd9\xff\xf6L6\xf3/F\
\xc7F\xbf\xb1\xb2\xb2|H\xf8\x03\xf8Sh\x94xm\
\x12\x9c[\xa1\xd0\x15=\x07,\x11\xd8:\x98Z\xde\xaf\
\x80\x00Z\x1e\x04\xd75\xc5~zw?0P`\xce\
\xba\xf7(\x88zLq\xe3$\xc0\x17\xfbR\x1f\xb7\xe5\
\x87\xc5nz\xc5\x96\xfd?\x13N\xa5S\x0ftus\
\xf0\x7f\x0bEF\xffW\xdfx\x83\xd0\x7f\xc2\xae\xff\x01\
[\xcf\xe3\xd5\xff\xa8Z\x98r\xe3~\xee\xda\x1b\xf7\xe2\
\x88ls%\xde\xa3\xd7\x8f\x03\xb2\xbd\x01Z\xfdX@\
\xe5\xa4\xf6\xef\x15\xb0\xfb\x7f\xd9\xf4\x7fk \xb6\xb1N\
\xf1\x7fi\xbf:\x1cz\xb3\xd0?\xad\xd1\xa9X9\x89\
!\xc2\xabP\x81<s*\xf3\xbf\xfe\xf4S\xe8V\xff\
\xcd\x9f\x1d\x18\x18\xf8\xf4\xcc\xf4\xf4*\xe1]6\xf6C\
\xb5\xff+\xf8\x0d]\xa5\x22\x88\x1b\xf0\xab\xa9\xfbk\xfb\
U2\x0c\xa6\xaf\xa6\xc0\xc3\xde\x95\xb1v\x1d{C\xe1\
\xb7\x16\x85&\xfc1OP\xca|\xf1a \xf7{\x83\
\x9b.j\xb9W\xd4\xff\xcf\xf0\xff\xc3\xa9\x8e\xf4\xfb\xba\
9\xf6?\xa5\x7f:h\xfe\x7f2\x95t\xe8\x1f\xbbp\
Suj\xb2M\x85\x1e\xe6\x0d\x02b\x85\x1f\x15$\xd9\
\x06\x029\x0f\x02\xbd\x0fDqZ\x1d|ce_\x03\
K\xff\xa7\xeb\x5c2\x07\x07\x07\xa2\x14\xff\xdf\xa6\xff7\
\x85\xfc\xa7\xb2\x9e\xe2kW\xa8\xeeoXu:\x93\x03\
y43=\xf3#\x14woff\xbaocc\x83\
\x88\xfc\x8a\xd3\xf7\x09\x9b\x8d\xd6\xa1\x8128\x1fDe\
\xc6*\xfa\x04=?\xad\xca>l\xb4\x06Y\xd1\xab[\
:\x97\x00\xbe*\xd0\xbd<\xa7\x0f\x96\xa5\xff\xcf\xcf\xcf\
\x85S\x99\xf4\xfb\x92\xe9\x94\x90\xfe[\xdaZ\x9c\xfa?\
'\xef\x07\x03\x0f\x86\x80Sk\xa8\xc0\xf7\xc0\x1a\xb4\xc5\
S\xa6\x82\xe0\x82\x89z\x80\x99\xb5~\x08\xbc\x9e\x0cZ\
i\x87\xf2}\xc0\x9a$\xd2\xfc\xffSsd`(z\
\xb0\xbf\x7f\x8e,]\xe8\xcd\xe2\xff\xaf\x10y\xbf\xbb\xb7\
\xcf\xfc{\xcf~\xf5Y\xd4\xdb\xdd\xfd\xee\xfch\xfe7\
FG\xc7\x92\x1b\x9b\x9b\xfbv\x0e\x8f\x9d\xf3\xed\xca\xcb\
\x07e\x8d&\xc8\x9cP\xbe\xb5\x02\x99kK\x85\xc3\x0e\
b\xe9 \xda\x0f\x10\xacn\x94Gh>\x9d\x12xr\
]\xd4\x1aV\xc2?\xdd\xff\xf1\xaf\xa5\x15s7\x05\x0d\
\xca\xabtG\xb6&}\xbeT\xfeg\x08\xfd\xe78\xf5\
\xbf\x0e\xfd\x87\xa3a\x14K\xc4\xbeR\xab\xff\x05I\xef\
\xec\xfa\xf2*I^\x16\xcf\xce\xd1\xc5D\xe6\x94\x8a\x81\
\xc9\xa9\x1d\x95\xf6\xff\x05\x10\xc6(e|\x0086\xa3\
\x9b\x9f\xd5\xbdo\xc5\xffN\xcd\xe1\xe1\xc1x\xa1P8\
O\x16>\x04%\xf3{F\xff`\xe0\xbaQ\xe7\xdb9\
:D\x83\xc3\x83\xa83\xd7\xf7\xb6\x9e\xee\x9e\x9f\x1b\xb8\
y\xf3\xd9\xd5\x95\x95]Z\xaf@\xf9\x96\xa7\xce\xbb\xde\
\xef\x06\x81\xe4\x1f\x08l[Y\xce\x1b'>\xef\x0b\xdf\
\xf1\xe9\x01\x80S\xdf\xa7\xdc_\xb2</\xcc\xe1\x1e\x9c\
\x5c0\xd0\xcd\xf1\xd3p1\x89\xf1\xbf@\xceO\x80\xa3\
wyh\xdf\x02\x00?996g\xe6f\xc3\xe9t\
\xfa\x81x\x22!\xdcC\xed\x0c\xff7\xfa\xb8\xdd\xff\x13\
C\xb5\x5c\x13@\xe2*\x0f\x92\xb7\x7f\x96x\x88\xd8]\
\xdfX,QGi\x03\x99s\xdam\x01\x18\x06\xa6y\
\x9604<\x18\xdd#\xf2\x9f\xe1a\xec\x15\x90Q*\
\x7f\xcf\xe9\x1f\xdbX<\xeb\x9b+h\xf7`\x13\x8d\x8e\
\xe6\xd1\xe4\xcc\xc4{\x87\x87\x87\xfepfjfnw\
{\xa7\x8cq\xa5\xe4\xc4xm\x83\x91\xca}\xc3\xe4\xe3\
a\x06\xb1\x9d9\xb89\xd0\xc8\xc3W\xc5\x10\xb5\xe3\xc9\
\xa2$Nh,M\xcc\xdb\x03\x18\x02\xeeZ\x80\xc0\xdb\
R\x18I\x91\xdb<\xf6A6\xfe_$\x91\x88?\x98\
\x13\xe0\x7f0\xfc\xcf\xe6&\x14io{\xa2X,T\
k\xff\xc5:\xb5\x16&\x80\xac\x04\x10@l\xc3\x98\x12\
;\x82\x17\x06\x94\xf0{\x08\x88-\x0c&\xe7:\x1c\x1f\
K\x1d\xf9\x9bN\xfe/\xed\xffA\xfb\x7f\x1be#d\
\x94*\x88\x8e\xef*\xddC\xc5\x1aD\xc7\x07\xea\xdb\xc3\
\xe4\xba\x84\xf6i\xff\xf1\xa5\xdb\x8b\xe8\xf0d\xef\xed\xe3\
\xe3\xe3\xbf\xba\xb48\x7fukc\xe3\xb4Rb~}\
\x1a\xdb\xc1\xa68\xffF\x86\xb9*zh \xc9\x03\x10\
\xd5\xeb\x82\x84:d\xf9.X\xb0_\xb0OY\x05\xae\
\xee\xe9\xfe\x05k\x06\xd7\xc0\x93\xdb\x86%>%Sn\
\xcb\x08\xefG\xd0?\xc7\x17\xb3R\xfa\xa4\x1d\xed\x8d\xfe\
K\xf7\xe5\xc2\xc2\x5c<\x9e\x88>\x94\x15\xf4\xff\xa1\xaf\
0\xed\xff\xd5\xde\xfeT\xb1\xc8\xea\x7fd\xfd\x7ft\xfd\
)\xbc\xfe\x87\xc0Q-u\xb1\xb6A.g\x02\xf7\x1d\
\x01\x89\xce*\x8d\x0d\xd4\xdb\x13\x96\xff\x9f\xf2\xd9\xa1\x81\
\xc1\xc4\xca\xf22\xed\xff\x17\xaa\x1c\x1b\x84\xfe\x8d\xef\x0d\
\xfd[<\x80\xf9\xf6\x1e\xbe\xf20\x1a\xcd\x8f\x9c\xcf\x8f\
\xe4?866\xfe\xcc\xfa\xfa\xfa\xf2\xc9\xf1\xb1\x05T\
\xca0vk\xb1]\xd3\x1f \xd3\x1d*_\x8e,&\
\xc8\xb7gA\x94\x8bQ\xd5\xf5Uv$x\xc2\xf2<\
\xdcm\x95\x0f\xc3\xdbo\xc8+\x03<:q\x9d~\x8c\
\x03\xc4G=\xf9\xc8`\xfa\xe5,\xc8}e~v\xe6\
n\x19\xc6\xe6E\x1e\xb4S\xffC\xc4\x7f\xf4!\x11\xfe\
\x1f\xd3\xff\xdb\xda(N\xeb\x93^\xfa\xe7\xe3\xfb\x9b\x22\
\xf8LE,\x0f$\xb5M\xbc>J\xa0\xc1_@\xba\
\xff41I\xd5v\xae\x189\x8a\xe1\xff\xd0u\x1e\x18\
\x18Lnll\x86\xc8\xdf\xa8rx\x88p\xe5\xbb#\
\xff\x9d>Z\x0cc\xa4RF\xa5\xd3S\xd6;\xf3\x99\
'\x1fC\xbd}}\x0fL\x8cO\xfc\xd1\xfc\xc2\xfc\xec\
\xe1\xd1\xd1\xa9\xdd3\x17;z>\xfb\x0f\x84\xfd\xdat\
|\xe0Az<\x81D\xeb\xe2\xfb\x0c\xb9\x95a \x93\
\xc5^\x9f\x8d\xb7\xb8\x8f;\x1fUoy\xf0%\x0b\x09\
\xc3\xc3\xaa~\xde&G\x7fT\xf5\xc6S\xeb\xf7<\xbf\
\x9f\x8d\xb7\xe0\xce_\xa1y\xa9\x0b\x8b\x0b\x84\xfe\xe3\x0f\
\xa5\xd3i1\xfd\xb7\xb7\xd1Z\x0f\x87\xfe+\xe0@[\
\x06\xc3j\x0aP\x1b\x0d*?\xa9\xe6\xb5@\x16K\x00\
S]; \xe2o\xa2\x9e\x82\xfe\x1b\x00\x8cO\x89\x9e\
548\x98\xd8\xd9\xdd=\xc7b\xff\xb4\x06\xe0\xbbL\
\xff4\x8f\x8f\xd2\xfd\xef\xff\xbf\x7f\x88z{{\xde3\
<4\xf4\xab\xd3\xd3S\xb9\xed\x9d\xed\x92A^v\x1d\
\x97A\x13\x94\x19\xe6\xa6m\xae\xf0\xfa\xaai\xe4\x97\xa8\
\x92>\xd4\xfb\x04\xa4\x01-_\x5c\x0f\xa4\xf6\x82,\xfd\
C\x18\x13\x12\xc5\x87\x04\xf8[\xa6\xa9\xb0\x7fU1}\
\x90\xeb\xafJ\xbdU\x1a\x8b\x02\xb9o\x13;\xf4\xbf\xb8\
\xb8\x18K\xa5R\x17o45\x89\xed\xff\xd6\x16\x14\x89\
\xb4\x13\xfb\x9f\xf9\xff*\xb5\xfc\x8a:o\xac\xc0'/\
\xc5e\xd2\xb9\xaf \xfe\x10\xbe\xac\x01\xa1\xff\xc1\xc3w\
A\xd57\xd4\xa3\xcf)m\xbcZ\xfcoh(>p\
\xeb\x16\xcb\xadg\xf9\xf5\xdf-\xfa\xa79\xbc\xe52\x93\
\xf9M_\xfc\x0fhhp\xf8\x97&\xc7'\xbf\xb6\xb2\
\xb2\xb2}rrlPD\x82*\x86#\xb8\xf1\xb7\xec\
<\x1a\xcc\xef\xad\xa8\xb1oUqq\x9e_\xc0\x94\xf0\
O\x91\xbb\x9b#\xe3\x01th\x05\xa4q9\x9f\xcen\
rtoQ\xfe\x0e\xa7\xff \xe0\x80\xb9\x01\xde8\x83\
)\xf0-q\xb1g@\x9d\xbfR\xb5\x97\x9cE8e\
\xf2\x7f)\x9aN$.dR)\x89\xfcoE\xd1h\
\xe4\xf1\xa2\xe5\xff7\xc0\x7f\xbfn\x1f\x83N\x1cHB\
\xbbZ\xbeS\x0e\xdf\xe1\xf6I\x92\xe0\xc1)k\x06\x85\
\xfa\x05h\xd4\x18;\x1e@fg\x95\xac\xf8\x1f\xc5\xff\
\xa2yv,\xd7\xfe\xb41\xfag\x98\xba\x86\x95\xb3K\
\xb18N\xcaG\xe8\x94\xe8\x13\xb4\xafhG<\x85\x86\
\x87\x86\xd1\x1b/\xbe\x10\x9a\x9d\x9d\xfb\xd1\xa1\xbe\xbe?\
\xbc{{y\xb8P(\xb0P\x04\x99P\xd9\xf6\xea\xd3\
\xb2d\xc3\xd3=\xcb\x8fm\xae(\xc4\xd7\xf4\x8f\xa9\xe2\
l\xfe}\x00\xda\xdf1ux\x11\xe8\xf1#5\xd8\xa3\
F\x8dj\x9d\xf3GoG\xe9\xf6/\x97\xde7'\xdf\
I\x10\x1b\xad\xe5\x02Z\xf6\xffB,\x9e\x88^L\xa5\
\xf9\xf1\xbf\xfd\x83\x03\x14f\xfa\x7f\xe41J\xff\xd8\xb2\
\xff\x99\x0c\xc1\xf2\xde\xe5R\xd3\xd8\xe4c\x82\xa8 \xfe\
$\xbeb\xf0\xc2\xf2+r\xb5\x95\xa1\x94{\xf2\xa2\xb5\
qD\xfe\xe3|~8|pP8g\x94\xf19\xe3\
\xa8\x14\x88\xfe1\xab\x15\xb4G\xc5\xb0y\x00\xad\xd1\xa9\
\x84*F\x19\x9d\x9c\x9eP]\xff\xdc\x8b/\xbf\x8c\xc6\
\xc6'\xdey\xeb\xe6\xcd\x8f\xce\xcf\xcet\x17\xc9\x05\xc9\
1\x1c\x1d\x0c\xea}\xa3`\xba\xb1\x9c9\xf6~];\
9\xe0\xc7\xe6A\xb4\xaf\xb9&5H\xeaW8\x08\x96\
~\x9d\x1aD\x81sP\xd5\xc2j\xd6\xd8\x81\x8a\xbf\xa9\
r\xdb\xb4\xb0\x07A\xe4\x0bQ\xf2T\x10\xc4Z@f\
\x8b\xd5\x15\x11X\xfa\xffB8\x9e\x8c>\xd8\xd9\x95\x15\
\xd2\xff\xb57^G\xf1h\xe4+\xb5\xfe\xbfv\x1e8\
\xc8\xd6\x09\xbc\xb6\xb6\x90\x8e\xf9\xfb\xcd\xb7\x1d\xb1x=\
@\xd6\x1f\x18\xe4n\xa6@uW\x92g\xceM\x11\xa3\
jv\x85\xf5\xff\x1a\x19\x0e\xd3\xfa\x1f\x9agk\x04\x94\
\xffu\xf4_\xae\xd2\x7f\xa8B\xe4\xfe\xd6\xf6V\xe8\xb5\
\xab\xd7PW.\xfd\xf6\xbe\xbe\xde\x7fJ\xf8\xf97\xd6\
\xd6\xd7\x8b\xe5r\x09\x5c\xf5\x1e\xba\xfa;\xef\x01p|\
$\x5c\xcc.\x1c(N\x03Z\xb6\xae\xc2\xc7\xc3\xf1q\
\x03\xd7o\xc3\x8b\x0d\x88\xe8X\xda\xd3\xb6\xbe\xef5\xaf\
\xff\x1d\xcf_\xcf\x0d\x9d\x82d\xad\x05\xf6\x88\x16\x7f\x11\
\xe1\x07coM$\xb5K\x09\xfd\xb7%\xe3\xb1\xf7u\
\x0b\xfa\x7fQ\xfa\xff\xf67\x9fC\x89X\xd4\xc1\xffu\
0\xdd\x0c\xe0\xcd\x0d\xa4-\xc9A\xd3\xef\xa3\xac\x17\xd3\
\x8c3\x9az{J\x91\x93\xa9\xe1o\xe1\x8a\x22\x8b\x01\
T\x18\xfe\xcf\xe0Pd}u=\x04\x15@t4J\
\xffP\xa2<\x80\xc8\xfer\x99\xf5\x12\xfb\xf6\x0b/\xa2\
\xb6h\xe4\xbf\x1c\x1d\x1f\xfb\x8b\xdbw\xee\xac\x1c\x1d\x1d\
\xb1~\x99T\xef\xa0\xbe\x07>\xb3\x03\x1d<vU~\
\x9eN\x9c\x94\xef\x17\x85\xc0}9d\xfd\x160\x87\x96\
\xb1bn\x9c\xbaP\xc0\x1ej\x14\xe1M\x8a\xfa\x7f\x9b\
\xa6f\xae!\xc8\xedP\x95_\x89\xa7\x9b\xe9\xd6\x16\xd4\
\xd6\x89\xd00\xa5\xff\xa5\xc5\x85\xf6\x14\xa3\x7fQ\xff\x9f\
}\xd4\xda\xda\x84\x92I\xd6\xff\xd3\xb0\xfc\xffVN\x18\
x\xd2]j\xb5\xb4Z6\x22/\xafC\xe5\xd33\x15\
\xb18Q\xfcGa/\x82L\xc7\x13\xf8q@V\xff\
\xe4\xd6\xb5\x19\xfe\xc7\xf0\xe0`\xf4\xf9g\x9fCf\xc5\
\xac\xe2h\xea\xd7\xe8V\xeb\x85B\xe5J\xe5\x1c1\xde\
)\xed\x87\x06\x07\x86\xde\xd1\x95\xeb\xfa\xcd\x89\x89\x89\xae\
\xbd\xfd}'-\xbb*\x8f\xa1&\x0fE\xbex\xd5\xbe\
\xd5x\x06\xa0\xb3\xefu\xb0\x96Le>\x06\xc8\xe3\xe5\
\x01\xfc\x90\xbe\x18\x19\xf0\xeb:u\xf2\x1b4b\xc4 \
\xe3}:\xbdN\xb9\xf3\x01_\xed\xaa\xaa\x05O\xfdy\
\x19\xfd/-\xb6%\x12\x89\xf7uuu\x0a\xe9?\x12\
nG\xa9d\x82\xf6\xff(\xdb\xf5\xbf^l\x17\x90\x9a\
\xfd2\xb4\x0d\xb9\xd1\xa5\xd1\xc7S\xcbW\x22\x8b\xf7\xf3\
\xf23T}\x08x\xbcZ\x90\x03h\xb2\xfc\xff\x91\xc1\
A\x96\xffWa\xd8\x1a\x95\x80\xf4o\xa0b\xd1\xaa\xcb\
\xa5\x7fwu\xe6\xde>>1\xfe\x0b\xfd\xfd}WW\
W\xd76\xec:\x1d\x5c\x0f\x89\xc0\xcd\x87k\xa4\xeeV\
q\x8c\x97\x0fB\xa35\xd3J\x8c6\x09\x86\xbc4\xaf\
\x08\xc4\xba%\xcf\x8f.\x92\xcf2[\x128\x94\xcd\xd3\
i\xb1\x82\xe7a\x9fM\x02r\xdf\x1a\xf0{\x03\xea\xd8\
N\x0e\xfd\xb7\xa6R\xa9\x9f\xea\xee\xee\x16\xd3\x7f\xac\x0d\
\xc5\x93\xd1\xcf\x1f\x1eY\xf4\xef\xd2mEq\x08\x90\xd8\
8\xde}\x22\x8c\x93\x82\xb8\x86\x1c8~\x12YL\xd8\
O\xdb\xa0\xc7\xdf\x81\xb7\xe4\x02\xc3\x9ag\x97\x82-\xff\
\xc7\xf3\xa3\x1d\xe4\xef\xbfCuv\x07K\x93\x9b\xb7\x87\
+l\xd0\x18~\xd9\xc6\xe2\x19\x1b\xcb\xa3\xf9\xd9Y\x16\
\xcf\xbf\xd5\xdf\x7fq4\x9f\xff\xf3\xa5\xa5\xa5\xdbG\xc7\
G\xb4\x9f\x8e\x8d\xbd\xe7\xa51\xf0\xd67\xc9j\xe1t\
kdA\xe1\x0b\xd19\x17\x96\xd8\xe0\x22?<p\xbd\
\x91\xa6\xafV\x8e\x97{\xa7\x0bP%\xb2_\xb0\x92\xb6\
@\x8a%\x08\x8a\xa2\x07\x99\x9d\xeb\xf7\xb5\x00Gv\x81\
\xb4\xd6\xc9\xe4\xc6&\xa1J\xff-\xc9d\x92b\xba\x89\
\xe3\xff\xe1\x16\x14\x8d\x85\x89\xfc/V\x5c\xf9\x7f\x10\x1c\
\xbeK\xcb\xcf\xaa\x7fN\xfd\x0a\x0b\xd0\xf3\xd2\x82\xf6}\
H\x84\xa3\x17c\x80\x90z\x05\x93u\x9e\xe9\xcau\xfe\
\xd7\xd9L\x06momS\x0cm;O\x17\xea\x87E\
\xff,NH\xf1\xb7NK\xa5P\x9e\xd0\xff\xe6\xea\xea\
;'\xc6\xc7~kiq\xa9{ow\x97b\xee\x95\
\xe9\xb9\xed\x9e\xd9\x06\xf8\xf1i\xe4\xaex\x85l\xd3\x89\
\xebi\x14\xa3\xab\x14S\xdd\x82k\x08\xfa\xe8A\xf3#\
\x0e\xa0\x1b\x00??=\xc0\x9e\xaeRd\xf0\xefq\x9d\
cP\x7f^e#,\xbf\xcb\x01\xbc\xd8\xb5\xe4\x1d\x0b\
\xffo\xa1=\x99\x88\x13\xfd?'\xa4\xffV\xab\xfe\xe7\
+D\x07\xad\xe6\x88\xab\xf1J\xb4\xe4\x81V|X\xda\
\x95Y\xbd?@\xeax\x00\xa5\xbe\xef\x16\x0aX\xe0\xe8\
\x13\xde\x8f\xe3/>8\xd8\xa7\x18`/\xdc\xea\xeb\xfb\
\xe1\xc1[\xb7\xd0\xda\xea\x8a\x9f\xfe\xa9n`\xd3\x7f\xa5\
R>oZ}s\xcf\xe5\xc7F~ezf\xfa\x99\
\xed\xed\xad\x03\x96\xba\xe7uT\x81\x0a\xc7\x14Tx<\
\xfe\x98\xa04\x06\xc2\x85\xdeW\xe4B\x82\xae_\xc1\xe7\
o\x04\xe0\xc4U\xf8\x82D\xb3\xaf\x00\xa8x\x93\xac\x9e\
I`\xc4B\xfd\x9a\x0aTc~\xf1:\x80\x5c\x96\x08\
q\x04\xb8~'\x10\xa4 \xd6a\x939\xf4\xbf0\x1f\
O&\x13\x17D\xf4\x7fxX@\xedM\xcd(\xda\xd6\
\xf6\xf8!\xcb\xff\xb3\xe4\xbf\xddO\x08{\xf8\xa8\xafx\
G\x03\x16H\x84\x11\xe1+\xea\x97\x80\xca\x8b\xfc\xbb\x12\
\xf9\x05\xa2\xbd$\x8aG\x09\xe7\xc6\xe1\xfd>~B\xfb\
`\xad,\xaf\xec\xf7\xf7\xf7\xff\x1b\xba\xae\xe3\x13\xa3\xe8\
\xe0\xa0\x88\x885e\xe3\x01\xd3\x1a\xbdJ\x08l\x1b\x7f\
hr>\xb4\xb8\xb0\xf0\xbe\x99\xd9\x99?[[_\x9b\
\xa3\xb9\xd7\x00`\xf2i\x094}T \xf2\x83\x81\x8f\
\xb6\xa5\xbeBw\xbb*\xa1\xbfKe\x87\x89}\xbd\xf5\
\x9a\xae\xcf\xc7U\x8b,\x83\x9b\xb0\x80S\xbb\x002w\
\xb2\x87p\xb1g3a\xfe\xdc\x81\x87!\x06|\xec\x0f\
w*\x83\x9e\xde%\x08$\x82\x97\x7fp\xec^\xd1\xc0\
|\xdf\xa1\xad\xff/\xce\xc7\x92\xa9\xf8\xc5.A\xfc\x9f\
\xd2\x7fkS\x13\x8a\x86\xdb\x1f\xb7\xf2\x7f\xab\xf2\x1f\x03\
\xc8z\xf4\xd5\xe9\x1c\x1e\xd7\x0a\xc8\x82\x96\x02\x1c\x1e\xd0\
\xa8/\xf1\xc5 \xfc\xb8\x15B}\x018\xbc\xc4\xb4j\
\xe3\xc4^M\xfe\x9c\xea\x9f\x14\xb6m4\x83\x18\x020\
\xb70\xbb\xd6\xd3\xd7\xf5\xaf\xa7\xa7\xa6\xdf\xdd\x91L\xa3\
\xce\x8e\x0e\xf4\x8d\xe7\x9eE7\xfbo\xa1\xe1\xe1<\x82\
S|njr\xfc\xbdKw\xee|tyye\xe0\
\x90\x06]\xac\x1ez\x06\xe7:\xd5\xfb\x85\xfa\xcc\x18\xa8\
_wa\xad\x92\xa2\x86\x07L~R\x83\xda\xa6\x03\x9f\
\xcd)\xb7%|\xde\xae\xba\xf7\xea\x1e\xb1\xe7^\xb88\
\xbf \xe8\x11\xc2-\x02\xe2;z\x00\xcbb\x17\x1e\xe5\
Q\x80\xff\x01~\xac\x18\xd0\xb6\xb7@\x1e\x1f\x04Q\xfc\
\x1c\xfb\xe3\x9a\x1e\xe2\xb3\x10\x9b\xb1\x15\xff\x9f\x8f\xa5\x12\
\xc9\x8b\xb9\xac\x98\xfe\xaf\xbd\xfe\x9a\x9b\xfe\x0d\xe0\xd7\xfd\
\x89\xec\xf9Fz9\xeb\xfa\xf8u>S\xc1u\x8bb\
\x03~]\x18\xb4b\x0d\x1c\x7f\x97\x83\x9bi\xe2r\xb9\
l\xcc\xcd\xcd\x14\x96WV\x9e\x9e\x1c\x9f\xfc5b\x0f\
\xfc\xb3\x9b}\xfd\xffU\x7f\xdf\xcd_\x1a\x1a\x1e\xf9\x95\
\x95\x95\x95\xffs}}-[(\x14\x8e\x8cZ?\x1d\
\xc3\xe3\xb1\x14\xcfY\xed\xe9\xd0\x89\xeb\xe9\xfa\xffU\xb1\
\xda@\xf5+\x9c\x06\xb9\x22\x0f\x8d^\xfd5\xbf?\xbc\
\x09\xea\x98'\xcf|\xc4\xfa\xf1&qm*\x80\x14+\
H\x05|!\xc2\x1a\x92\xd4\xa8\x88r\x96\xad\xbeT\x8b\
\x0b\x8b\xb1T2}1\x95L\x09\xe9\xbf\xad\xa5\x85\xc6\
\x00\xbfD\xf4\xffJ\xcd\xffo[\x00\xb2\x08k\x1d\xac\
\xb6\xb6\x0e\xc8\xd1}\xa4\xf1:\xf9^\xf1\xf3nY\x0e\
\x9bb?\x83(\x17\x8e\xa7\x97\xbb\xe7\x8a]\xfd\xae\x19\
? \xb6\x17\xde\xdc\xd8<]_[[\xde\xdc\xda\x1c\
Y_\xdf\x98_\xdf\xd8(\xee\x17\x0e*\x84\xecY\x9f\
%[\xf7\xc0\xa6\xb8>\xd4\x17\x883\xa5q\x09am\
84\xc0\x97\xb1*\x9e\xc8!$\xac\xbe\x96\xcc6T\
\xf5g\xaa[c\x08\xe0x\xd2\xc5z\xe6b\xf2\x09\xfa\
A\x0b\xe5\x09\xe8][b\x7f\x09y\x96\x13\x97\x93\xd2\
~\xb5\xfe\x97\xd8\xff\x8b\xf3\x0b\xb1T*y1\x1a\x09\
K\xea\xffi\xfd\x8f\xe5\xff\xaf\xe5\xfd\x00\x80\x1ffU\
\xd0\x94\xc3\x17\x8b\xc1Z\xfev\x90\xea\xac:\xb5\xf8|\
\x8c\x22}\xaf,pu\xeez\x5c\x02\x95N\xe2\xe4\xe1\
8qCl\xe3hW\x1c\xd9\xee\xe9\x9dC\xdf/;\
6\x83}\x8c\xa0\x97\x8e\xbf\x10.\xa8?K\xbe\x22\x10\
\x14\xebW\xa1fqk\xe5<\xba\xb2\xdf\xc8\xd6\xed$\
\x08~>Y\xbf1\x00\x82\xe6;(\xb1yA#\xb2\
\xe46\x1a h\xce\x15h\xd3\xbfN\xbc\xa6\xce.\xa2\
\xb8\xd4\x0b\x94\xfe\x93\xf1\x8b\x89x\xd4\x1f\xfb?*\xb2\
\x11f\xf8\x7f\x11\xbb\xff\x07\xae\xcb\xfb\x85\xc6\xf6\x95L\
t@\x90\xd8\x8e\xcfA\x0ab_\x9eN\xdf\x1eu\x12\
\x85V#3\xe0Fp8\xb9\xf4\xde\x5c*p\xf7h\
3\xf5b\x13~q\xa5\xcd\xe8\x14\xcfM\xa5N\x08y\
\x05\xcf^\xd2X^\xe9R\x9a\xbe\x92 .J\x18p\
\xd7_L\xff\xc0G\x8a\xf1\xc85\x99B(\x9b\x91\x1c\
\xabS\xa9\xcf\xd8\xef\xe3\x06\x9e\x1d\x1f\xf3\xce\xbd>\xd4\
\xff???\x1f%\xf2\xff\x02\xaf\xff\xafC\xff--\
7P<\x11\xfd\x12\xa3\x7f+\xde,\xab\xd5\xd5\xddt\
 \xf0\x1b\xa8\xfc\xc7\x92&\x83J>,N\x96\xe6\xe4\
\xc9\x0b\x00\xeb\xa4A\x0dP\xe8k \xf07\x05\xb0\xb9\
\x83\xd6\xdaK\xf0\xa1@\x85\xe5\xc3\xa3\xc1\xa0\xfdRD\
6\x1c\x97\x1f\xaa\xd6\x02\x14qC\xe0\x89:E\x16\x89\
\xc0x\xc7Zv\x22\x80'\xff\x08\x82`K\x99\x1c\x1c\
\x0a\x95\xfe\xa5A^\xe0S\xad\x80c\xafZ\xf8\xff\xb3\
\xf1L6}\xa1\xa7\xb7KH\xff\xaf\xbd\xf6*\xa1\xff\
\x1a\xfe\xb7Y\xc5@\x02\xdd\xbd+\xcd#\x93\xd8\xf3\x22\
?\xa8\xf8: \xe5\x13X\x10J\x04\x89u \xc3\x0f\
\x95\xd6\xc4\x80\x7fN\xbax\x1a:\xca\x92\x00\xe3\x8a\x87\
\xb7\x02\xbc\x9eh\x9cu\x11\xce\x0d\x9bR9&\xf4\xf5\
\x99f\xb0\x98\xbf\xa9\xd0\x8dulc\x10\xe0\xd2\xc9\x83\
\x815z\x13\xf8\xf9\xdc\xf1\x00\x10\xd83\xc0\xf7\xf9\xe9\
9\xcay>\x1e\x1d\xfd\xc0\xeb\xd4\xe2`_\x82\xbf\x8e\
\x8b\xe1\xd2\x11\xfa_\x98\x8fe\xd2)\x22\xff9\xfd\xbf\
\x0f\x8al4\xb54\xa3\x18\xeb\xffwh\xe5\xff\xf0s\
\x8eU\xf2F\x07'X\xbcG@\xdb\xce\xf1\xd8&u\
\xb9J\xd8T\xd7\x99\x06\xa9\xf3\xd0\xa5]^~\xb2\x8e\
\xbd\xae\xf6G\x08\xe5/\x04\xa1!\x0c\xfe}\x8f\x05\xfb\
X\x86\xa1c*t\x0bY\xaf\x05\xd3\xd4\xabI\xd2\x89\
g\xc8|\xa4\xa6\x86/T\xcb\x07\x00\xea\xbd\xc1\xc3\x22\
\x01\x90\xfb\x13\xb1)\xc6\xa9\x14\xe6\x0a\x00\x1f?T0\
\x7f\xb0\xfb\x7f\xd9\xf4\x9f\xcd\x5c\xe4\xf5\xffr\xe8\xbf\xb5\
\xad\x15\xc5\xe2\xb1/\x12\xfa\xaf\x98N\xef\x1f\xed\xbd,\
N\x15\xd4\xc4\x86\xd3\xc4\x0b\x13>\x16\xb7]-\x8b\x97\
\x05\xa1\x17\x0d[\x5c\xd4{E\xbb\x8f!\x96\x18\xda\xf2\
\xfe1\xea\xb8\x98\x8c\xafz\xdf\x97\xc8]hD_\xd1\
\xc0\xf7\x15\xcd\x19L\x8e\x7fP\xa5G\x80\xdc\xa4Q\xe6\
\xf9\x82\x06\x7f\xe2)\xdfA\xf0\xec\x82\xc4\xb55|e\
\x8e\x7f\xbe\x1a\xa8\xe3^\xe3\x84\xf6\xff[\x98\x8bg2\
\xe9\x8b==b\xf9\xcf\xfa\xff$\xe3\x7fk\xd7\xffa\
\xb9N\x0c\xaa^\xc6^\xdf\xb9\xa9.\xbb\xd1z\xceX\
\xbd~ \xf3A\x98\x9cX\xaf\xb0^S`f\x04\xf5\
\xbd\xeb`\xe9\x82\xcaf\xf5\xc5\x9e\xf8~,\x8e^ \
\xb1/Aj\x17\x98\x82X\x9di\x0aA\xa1\x1b\xea\x15\
!\xaao\x15\xfb\xd9\x00\x04\xa84\x188\xf8\xdf:\xfa\
\x166\xd55\xcbf]\x06\xac\xbc\xaeJ\xe0s\x02\x95\
n\x81U\xce\x0c\xf0`\xcf\x09\x84a5\x1f\xc8\xea\xff\
=\x97L\xa7\x12\x0f\xc9\xf2\xff\xdb#\xed(\x9a\x88:\
\xf4o\x98\xf5m\xb7\x15%0\xa64\xfe&\x13\x02\xbc\
\x87\xaf\xb1\x19A\xcdv\x95\x0d\xe0$\xf5\x9e\xc1\xcb\x9c\
 \xb0\x0f\x07$\x98P\xf7\x0c\x9a,(\xcf\x0dry\
\x90\xbb{\x03_\x074\xa6*\x8f}\xc8\x03\xffP\xeb\
\xdd\x1d\xe8\x99\xf1\xd9\x9c\xb8\xf6'\xa8\xcfW\x84\xf5!\
\xc4\x1b\x06)\xc6N]\xdbD\xa0\xb8\x94D\xff\x8f'\
\x92\xf1\x87r\x1c\xfc\x9fB\xa1\xc0F\x98\xe8\xff\xf1h\
\x84\xd1?8\xf9\xff\xf5B\x10T\xf11\xa8?\x84\x13\
?\x14\xe6\xf9z\x028 *&\x06\xe0\xea\xc7:\xad\
\x9f\x84\xe7\xe2\xd9Y&'\x98\x04\x92x\x83\x96\xce\x07\
\xa6\xb2N\x15\x1a\x8b\xb5j\xc96\xf0\xab\x95\xa0\xca3\
3\xc5>Q\xb9\xae\xe6m\xca!8\x97\xa4\x86\x03x\
b\xc3\xc1\xb82\xd5\xed\x1d\xfc\xfa\xbaYmu(}\
v\xbe\xfab\xe0\xe2\x8a\x9b\x1c7b\xd0\x1e\x9e\xbe\x22\
+\x90\xa4aKt\xc7:\xc8OWm\xb8\x95\xff\xbf\
\xb8\xb4\x18M\xa7\xe2\x17\xba\xbb\xc5\xf4\xdft\xed*J\
D\xa3_8<,R\xfa\xaf\xd8\xe5?\x18\xbb\xf7$\
\x08\xf3\x125l3\xa9\xbd\xe8\xeb\x07\x0ez\xbdT8\
\xf6\x1d\x88}q\xe0\xb6K\x94u\xcd\xb5^\xea\xfc\x18\
\x1fOg\xc4\x9az\xbe(>d\x82\xcf\xa7\xa6\xc4\xa8\
\xe4\xc9\x0dP\xcb\x1e\xe0\xf8\xd3U\xfd\x91@\xb3\x8f5\
\x0f\xe3N\x9a\xd3\x02\xfc^\xb2Zx\xf2\xbc\xfe\xf2n\
\xc5\xd5\xfd9\x96\xf8V<><\xf73\xad\xabG\x00\
Ql\x1c\x02\xc5\xb7x\xa2D\xd9#U\xe8\xcft\x18\
\x5c\xedo;\xff\xff\x94\xe2\x7f.\xc52\x99\x04\xb1\xff\
;\x85\xf4\xdf\xde\xd2L\xe5\xbfS\xff_\xb1\xb1\xd24\
\xfa\x7f\x09s9\xe5y\xa3P5`\x5c\xb4^\xad\xfa\
\x02\xd0\xf7\xb7\xd6\xe3M\x82\x1f\x0f\x06\xd4bT\xba\xe6\
\x9cf\x85\xaa\x1e.\x22\xbf\xa3'\xeel\xaa\xe2K\xca\
\x98\x99\x02\x87\x1a4b\x152[V\x12\xef\x03\xb5\xdf\
\x14\x84{\xc4\xe4\xc7\x8e\xa4}\xbe\xdcy\x99\xee\xbe\xf4\
u\xdf\x01\x97_\xcc\xd4\xc2\xfa\x02^}\x90S\xd3\xa1\
\x0c\x1b\x00\xdf\xa6\xd0\xa9O\x11bKq\xf9\x01\x00/\
\xd8\xe98B<XHv\xed\xaeS\xff\xb3\xb4\x98H\
\xa7\x93\x5c\xfb\xdf\xa1\x7f\xea\xff\x0fG\xc2_.\x16i\
\xfe/T0mk-\xf6\xdaI\xe2v:}\xcb\x94\
\xbePS\xd2{\x1bT=\xbf\x04\x06i\x90\x98|\x1d\
}Hj1y\xbc[&\xff\xb1\xa9_\x03%\xf0\x8f\
\xc8\xd6\x17\x02\xdf\xa3\x0bCL$\xb3A\xe0dW\xc5\
\xcfD\xd8\xd02|!\xaf,p;\xba\xc0\xa5u\xbb\
\xfa\xe6\xf1}\x09\x1a\xf9\xf7\xb2\xfe\x87^\xfdK\xe6\x92\
\xe2\xf4\x054M\x0d=\x0c\x9b\xfe\xfcgn-#O\
\x9f\xb5ssx\x18\xa7vm\x80\xf5\x15\x1b\xff7\x9e\
Ig\x1e\x22C\x8c\xff\xd1\xdaL\xeb\x7f\x18\xfd\x9b,\
\xff\x070\xf8\xc5\x82\x22~\x01 s\xc4\xe9ykt\
rL\x80g\xb2\x03\xef\x19\x80_\xb6\x05n\xf6,\xd1\
{y\xf2^\x89q\xa7\xa13k\xedY\x01o\xe2\x05\
At\xe6\xe4\xd5C\xb0\xa9\xec7\x05\xb2\x9e4f\x9d\
\x9f\x1c\xb4\xedb\x0e?\x03_\xf3\x07\xe0\xe9\xa1\xeaV\
\xe3X\xa0C\xf9ji=>\x00,\xf1\x83\xa8\xfa\xa8\
z\xe5\x17\xf6\xc5\x97@\x183\x05\xa8\xb75\xbd\xfa\x1b\
\xe6\xe0'\xd6\x1a\x00W\xe9\x7f>\x96J'/vd\
\xc5\xfd\xffZZ\x9bh\x0d\xc0\x17\x8a6\xfe\x97\xa3\x9a\
\xd7\xab\xd3Z\xba\x0c\xd4A\x91\x98u\x0d\x1bd\x18\x8a\
\xfc\xa7\xe8\xc7\x1b\x11\xf6\xf1\x03q\xef&\xaf\x89(\xc7\
[\x04Y\x5cK\xdc;\xca\x0b*\xa5\x17+\x10\xba\xdb\
\x00\xf4c\x89\x22y*\xb5\x9d@\x1f\xafW\xf0\x9c\xc0\
\x85N\x04r}\x0e\x04\xf1\x1d\xbfg\x92\x9fL\xe27\
t\xdcknj\xc5;92\x1d|\xb9\x84<\xd9\x22\
\x84\x9d\x0c\x86#\xcc\x8dM\xfa!\x14\xc0OSX\xed\
G\x02\xd3s?,\x8d\xcf\xca\xff\x9f\x8b\xa6\x92\xf1\x0b\
\x1d\x19q\xff\xafp\xb8\x15\xc5\xe3a\xbb\xfe\xa7Z\x8b\
\xae\xd5\xf8W\xbc\xee\x1e\x0e\x170\xe2\x04\xfa\xe1+\xdd\
\xf8\x13x\xe8Yr\x8b\xf2<u\x10\x90\xb4f\x11\x12\
\xc8\xe7\x0c\x9a\xba\x8a\xa4\x95)\x88d6w\xd1T5\
\xe9:\xd7\x07qPN\xc1\x13!H\xb8\xcc\x7f^\xde\
\x9ai\xf4\xf9\x92]A^\xd2\x13(\x00Z\x97\x12\xa8\
\xea\xdd#\xe2U\x12\x91\xe0u\xa0@\x9d\x1el\xf5\xff\
\x99\x8f\xc7\x93\xd1\x87r\x9d\xe2\xfe\xdf\x91\xf66\x94\x88\
\xb1\xfe?\xd8M\xff\xa6\x1cW\x97\x87\x8d\xa6\xf2\xd9\xaa\
V\x1a\x141\x02\x89\x1fZ\xa8\x1e\xf3|\x93:\xbd\x02\
y5\x90\xe0\x0f\xe7q\xf1\xc4t\xfa$pz\x17\x82\
v\xad'7\xa4\x09 \x8b\xb1\x99\x12\x9bM5L\x9f\
^\xcf?\xabNo\x1b\x8e\xbb\x1dd\xbe}\x8e\x9d!\
\x95\xbf\xb8^\xb0\xfa\xc2\xb8\x00>9\xe07\xa34\xf0\
\xc758\x1a\xa8by\x5c\x16\x05|\x9c1S\xa0\xcb\
z}\xa8\x8e\xff\xdf\xd2\xff\x17\xe6\xa3\x89x\xf4Bg\
NL\xff\xd1\xf6v\x1a\xff{\xdc\xa6\xff\x8a\xbd\x86\x86\
\xa9\xf6m\x8aTw\xdd~\xe62}\x15\x9bR\x8c$\
\xae\xac\x0c\x9a\xeb\xcb\xb3\xefL\xf9\xf1`*\xfa\xa0\x04\
\xf1\xf1\x05\x8a\x9b\x04\xf3\x19\xf0\xdcI\xd2<\x01\x1d\xdf\
\xadJgP\xd5\x19\x81Do\x04M_\x93\xea\x99\x8a\
|$X\xe6[\x02u\x8f\x9d J\x0ah\xf8\xb2T\
\xf7\xaa\xb2\xf9d}\x8e\xe9\xddZ\xfe\xff\x85\x85X2\
\x1e\xbf\xd8\x95\xe3\xe3\x7f\xed\xee\xec\xb2\xfa\xff\xb8\xd5\xff\
\xcb\xc1\x9a\x96a\xb9\xe8*\x85n\x85\x1dk\x7f\x87\x9f\
O(\x89\x93\x80J\xdf\xd0\xed-\xe4_o\x00Q\xbd\
\xafN\xceo#\xfb\x18\xf4Lz\xad\x5c\x13\xd3\xd4\xc7\
\x19\x00\xfd\xb4&%o\xd2\xfd;(n\x9c\xacg\xa1\
\x8aW\x0a\xd6\x16\xeb\xc4Z\xd5~*\x8dx\xab\x84/\
\x05\x8b\xd9\xa8\xcd\x8e\xaa\xdf\xd5\xf2\xff-\xda\xf4\x9f\x13\
\xd2?\xc5\xff\x89E\xab\xf4_\xd1\xdb[Ae_c\
qjA,\x09Lu\xbfVI\x1bs\xad\xb8\x03(\
\xfcp*\xbe\xa7\x177P\xeb\xf6b\xaf\x99\xa4\xf7\x1c\
\xe8\xf1j\x8d\xdc\x1c\xf3,zN\x1d\x86)\xcf\xff\x05\
\xc1{\x89\xab\xfa\xf8\x04\xc0V\x10\xe5\xa2\x82\xcaR\x0d\
\x8a\x9b\xc4\xe9\x9f\xa3\xac\x13\x93\xd0\x1f\x08\xf5\x0b\xb7\xa1\
\xc0\xf2\x7f\xe6\x17\xa3\xa9d\xe2bW\xa7\x98\xfe\xaf\xdf\
\xb8\x86b\xf1\x9a\xfc\x0f\xd4\x93\x14x\xaeY\x91\x9d+\
\x86\x99\xd5\xc2\xdd\x00\xaeK\xcb\xe3\xcf\x06\xaf\x8fZ\x06\
:\xa3\xc4\x08\x00\xbeM\x02\x5c\x87\xb8\xd0\xaf\x11H\x8d\
\xd2\xcd)\xf6G\x8c|5\x90\xdc\xf6\x1b\xf2\xdc%P\
\xe6\xce\xa8\xf4\x11\xe0<(\xe1\xef \xcfu\x94\xd5M\
\x8a\xfc\xf1\xa0\x15z\xa9\x8f\xc9a\xb3\x1e\xb3\x8e\xd3\xd0\
\x5c\x03S\x11\xa49r\xa6\x86\xcc\x12:\x10}2\x05\
\xb8\xf8\x84\xb5\xf8\x1f\xcd\xff\xa7\xf8\xff\xf3\x0b\x91d2\
~!\x99\x88K\xf4\xffv\x14\x8f\xd7\xf0?@\x8eQ\
\xa0\xe1\xfb\xe7*\x91Aa\xbf40f\x1a\xaa\x95\xd1\
\xe1\xb7J\x99t\x0f\xabt4\x9b:*\x03\x0b:\xf6\
\x08\xcf\x99\x0c\xd2s\x81\xb2\xaf\xde\x99\xeeO>\x0d\xe1\
\x0a\x08k\xe9\x14\xf8{\xbc\x8d\xab\xc2T\x08z3\xba\
y\xf0\x81\xb7\x10\xf0\x03\x1bN\xbb\x1e\x5c\xcf\x0fh\xfd\
?\xcb\xff\xb9\x96\x88\xc7\xde+\x92\xff\xdb\x84\xfe\xa3\xe1\
0J\xc4\xe3_\xa0\xf5\xff`\xf7\xffq\xd1\xb5\x1c\xd3\
\x15\xb4m?\xd5\x93\x97\xe1/\x08p% \x08\xbe\x06\
(\xf4\x18?\x96\xbb\xbe\xcd-\xb9\x1f-\xdb]x?\
\xa06\xc8\xb1\x86\xaf\x03\x14\xfe\x7f\x1e\x11\x82&\x1e\xaf\
\x9a\x16@\xde\x18Zm\x17\xf1te\xd0\xb4K\x95x\
f\xa6X\xa6\x81\xac\xe7\x9e\xca\x87\xaa\x92\x19\xba\xfd0\
=\x8b\x02\xa2\xa2#\x1bG\xb6\x9a\xb7\x8fi\xdfX\x22\
\xff\xbf\x95\x8cG\xde\xd3\xd7\xdb-\xa4\xff\xa6\xeb\xd7Q\
,\x16\xb5\xe2\xff\x00\x86\xdd\x03\x04\xcb\xec\x00\xf0\xd5\x08\
\x83N?%]\x9bF\xa6H\x8b\xfa\xbe{\xc36P\
\xb7d\xa0\x8f\xaf,\xb0\x0b\x83\xca@\x10\xebx>\xde\
\x8a\xcd\xe0\xbd\xa8\x1b\xc1\x8b\xe5\xd1\x04\xf8\xf3\xef\xa5q\
\x00\x8d\xba.\x1f\x96\x96\x08G\xdd\x8b\x8b\xa3\xab\x17b\
M?\x9d\xfb=\xcc\xd1g$\xb1\x88:\xab\x13\x5c\xf1\
\x0d\xdf\xfb\xa6\xb8\x17'\xa7\xa6\x8b\xeb\xdc\x0d\xd8;Y\
\x1e/u\xb0\xe8\x0b\x07\x05sxp\xe8\x9b\xbd\xdd\xd9\
w\xde\xea\xeb\xf5\xd1\xfe\xfe\xee\x1e\xd3\xff\xdb\xdaZ\xa9\
\xfc\xff\xb2\x17\xffO\x89\xf1\xa4\x17\x97\xd1\xc58\x14\xf5\
\x0a\x13\xc7K@Z\xf5\xed\xad\x0b\x0b\xd0\xa3N\x01\xf3\
\xaa\xd6\xf5jz\x18H\xf1\x01\xa5\x18G\x82\xb8wU\
\xee\x83\xb4\x16R\x861\x04\xb2\xbe\xf2:u@\x1a\xb2\
\xd3\xdb'\xd9\x0f\xd0\xa4\x03\xd8\xee\xadA\xd3\xa8\xedP\
\xe9%\xa0\xe6\x1d\xc0\xc357\xf9\xfa\x92\xb7\xfe\x14t\
\xf6<H\xfcQ\xe0\x82\x19\xe0\xd5Gy\x5c\xa7\xc2\x1c\
\x0e\xbc\xbb\xb3c\xe6:\xb2_!\xbf\x87\x86\x06\x07\xb8\
\xf4\xbf\xbf\xb7\x8fn\x5c\xbf\x86R6\xfe\x1f\xad\xff\xc7\
nL{=\xfa\x0f\x12\xef\x813\x1c\xaf\xe5\x03\x0f\xb0\
\x07xz%h\x80q\x04\xc9/\x90\xfa\xc04\xb0\xae\
\x02\xd4\x93)\x9f\x95,\x96\x02\xa6\xb8\xa7\x84\x16\xed\x80\
\x1e\xfd\xddK\x9fIC=\xa9A;\xfe*\xd5\xa1\x04\
\xcf\x00\x02\xee7\xad\xbd\xae{NV\x17\xc4\x94w\xa2\
\x82\xad\xad\xac\x1c$c\xd1\xdf\xa3\xf5\xbd\xe3cc|\
\xfa'\xa3\xb9\xa5\x05%\x12\x89/Z\xf2\x1f\x0c\xd1\x9a\
\x80)r\xa7KeL\x10\x1a\xd6\x88Sk\xe3\xdf\x05\
\xcd_q\xea>!\xe0\xf3\xe0\xd5h\xe9\xe4\xd2\x05\xac\
\xa3\xd7\xae\xa5\x0cr\x1d\xc5\xfe\x12\xfa\x07\xb0\xc6\xf5\xb8\
\xb1\x9e\x80N\xa1F{O\x0b\xee\x03t\xec?\xd3\x94\
\xd7d+\xf7\x81_\x0f\xd2\xd5#\x85m\xae8=\x0e\
\xeb\xeb\x22m}\x10;\xfe\xbb\xe3\xe3c\xf3\xe6\xcd\x9b\
\xe9\x9b}\xbd\x7f\x9f\x0c46\x9a\x17\xd2\x7f8\x12\xa6\
\xfe\xff/X\xf8\x9f\xd5\xfe?\xbe\x96\xc6\x10\xc4\x9f&\
\xdfS\x02\xf7\x9e\x0f\x86\xd6]\xa7\xe1\xd5\xc3\x14\xf9\xed\
\xa0k'\xfbd?\xe8\xdb/\x22\xfc_\xacG\x8f\xc0\
\xa9q\x01\x95M\x8f\xf5\xf60\xd4\xe7\x9d\x83\x92_\xf3\
\xe6\xe7U\xd3%9\xb9R9\xe9\xb3\xf7A\xdcK$\
\xa8\x1f]f'\x8b\xb0\xa7$\xcf\x08D\xf8\x05\xa6)\
\xee\xcf\xe6\xaa\xbb\x11\xeb\xe5\xc0\xff\x0e\xd7\x86s\xd38\
\xb8r\x92\xab\xcd=M*\xe1\x9d\x94\x7f\xd3\x81\xfc\xc1\
D\xf8\x1b\x95\x8a\x01wn\xdf^koo\xfbpw\
W'\xba\xc9\xb1\xfd\xeb\xf2\x7f#m(\x19\x8f~\xd1\
\xc6\xff6X\x0dq\x15\xde@\x95\xd7\xc0\xfd\xd8\xe9i\
e\xc7\x13YN\xa1\xfd7\x94\xc8O:N\xedA1\
\x07K`\xe1\x8eX}\xf1\x9c\x01`\xe3\x11\xb0\x9eD\
\x94\xaf\xb1\xbf\x81\xcd\x915\xcd\xb5\x8f%\x7f\x83Y\x81\
Z\xed2\xfd\xdd\xfe\x9b\xfd\xa4\xbd\xf6\xecc\xe8\xf9\xc0\
\xe9\xc9\xc5\x8e\xc1\xec|\xac'W\xd9\xfa.\xad\x81\xa4\
\xc7S]\x0aW\xc8 6\x11YZrMl\xbdo\
\xd0e\xa6\x9f\x91\xeb\x95\xad\xf3\x90\xf3\xd2\xf3\xd3\xcf0\
\xae\xd8s\xb5\xf0\xd4\xd8\xef\xa6m[Ys3\xebz\
\x84\x01\xae\xdd;T\xfb\x86\x99\xb5^w\xe4\xdcP6\
k\xf36\xac5p\xfe\x86\x8a\xf3\x99}>\x83\xdd\x0b\
\x99\x0f\xb6\xbek\xcf\x99\xfc\x8e\xd9\xfd\xd05e\xeb\xc0\
\xde\xb3\xef\x11\xd8\xfb\xd6z\xb3\xf7\xad\xb5\xae\x80u\x9f\
\xf5\xcf\xa6v-\xe73\xecz\x8f\xcd\xd9\x9e\x97\x83)\
Iq%\xaa\xe7\x83\xda\xe7\xd6\xb3bk\x84\xed\xfb\xb0\
\x9e\x01Y|\xb2\x93\xe9\x9c\xe9<\xed5u\xee\x85\x1e\
Gw;}6l\xfel\xad\xe9\xf1e\xfa\x1d\x03[\
\xf7F\xcf\xc9\xceE\x8f\xa1\xf7n\x18\xb4\xed\xaaa\xcd\
\xc1\xd9W\xf6\x1e\xc5\xf6\x1aX\xf33\xacs\xb3\xef\xb2\
\xef\x9b\xd6w*\xd61\xf6\xbc\xc8w\xac\xe7\x8d\xcbP\
]O\xb0\xf6\x0c\xc6\xd6\xde\x06\xb6\xc7\xd9~ {\xa4\
L\xef\x0b\xac\xf9\x96\xec=R\xc6\xecy\x81}mv\
|\xf5;\xd6\x9e7\xec\xf52K6M\xd8\xcf\xc7\xba\
/\xf62\xca\xe5\xc3\xc3\xe2\xc9\xe8\xd8\xd8Lww\xcf\
\xaf\xceLM\x9f\x1b\x19\x19A\xaaW<\xdaN\xec\xff\
\xd8\x97\x1c\xfc\x7f6\xecX\x82)\xc4,\x12\xb7\x07\xb3\
1\x04\x0d\xfb<d\x81\x0d(\x1e\x16\xcc\xc2\xc1\x81y\
xT<*\x1e\x16\x8f\xe8<\x0b\xc5\xc2\xf1\xc1\xc1\xc1\
\xc9\xc1\xc1\xfeI\xb1X8<:,\x90)\x14\xe98\
*\x16\xe988.\x14\x0eN\x8b\x85\x02\xfd\xfc\x84\xbd\
OG\xa1@\xc6\x01\xfbY \xc7\xd0c\x0f\x0b\x05r\
\xec\xfeia\x7f\xef\xb4p\xb0\x7fL>?$\xdf9\
&'!_#W'\x7f\x93\x7f\xc8\xef\x85c\xfa>\
\xf9\xe5\x98\x5c\xf0\xa8\xc8\xfe&\xbf\x17\x0bG\xec@v\
}\xf2O\x91]\x87\x9e\x83\x9d\xbb\xc8F\x91\x1c{\xe8\
\x5c\x9f\x1eN't@\xbfx|tT8:\xa27\
F\xbf\xc0.x\xe8|\xdf\xba\x17v\xbeb\xd1\xba\x8e\
3\x0e\xe9zX_\xa1sc\xf3\xb0\xe6sxxL\
NrT`\xd7*\xd8\xf3\xb4\xe7pH\xe7\xc1\xde;\
b\xf3\xb4\xd7\xed\xe8\xd0\x9a:9\x07\x9d?\x1bt]\
\xc9\xa0\xbf\x1c\x92\xf5&\xd3\xa2\x7f\x17\xd95\x8a\xce<\
\xe8\xfb\xec8\xebE\xdf\xb3\x9f\x04\xfd~\xd1>_\x81\
\xae\xd6\x91\xbd@\xf6:\xb2%#\xf7M\xfe;:>\
>\x22\xab\xc0^\xc5#k)\xab\xebyx\xc4\x9e\x9d\
u/\xec^\x8f\xd8\xf7\xe8\xb0\x8f)\x14\xed+\x9e\x90\
\xe3N\xe8O\xfa\xf1a\xf5\x9e\x8a\xd6\xa1\xe4\xdcG\xd6\
\x07G\xd55\xa0\xdf\xb5\x1e4\xb9\x89\xc3\x82}\x17\xd6\
\xcd\xd1\xc9\x91\xd71y\x8atb\xce\xec\xe9\xf9\xc8w\
\xd8> \xc7\xb1\xf5\xb6\xd6\xa2x\xcc\xd6\xbb\xf6\x8c\xac\
\xb5.\x14\xac\xdf\x0f\x0b\xec\x19\xb1\xe7C\xceQ`\xfb\
\xec\x80=\x07\xb6\xa7\xecs\x90Y8\xf3+\xba\xd6\x96\
\xbc}pH\xe8\xc0ZW2q\xbaN\xec?\xfa\xd9\
\xc1\xc1!\xa1\x05\xfa\x1d\xb2S\x0e\xd8\xbf\xe4\xb0\x03r\
\x0d\xf2\xd1~\x91=;\xeb)\x1e\xb2'\xc6\x9e\xe7>\
\xd9\xee\xfb\x07[[\xdbs\x0b\x0b\x8b]\xf9\x91\xfc\xe7\
\xbb:\xbb\xfe\x11\xa5\xebX,\x86\xd2\xa9\x94\x92\xfe\xa3\
\xe1v\x94\x8c\xc5j\xf9\xffV\x19\xa1\x03\x03\xa4\xc8\xcb\
\x00S\xac\xe7\x02e\xb7\xb0\xb1\xbe~8>6\x9e\xba\
\xd9\x7f\xeb\xc9\xc1[\x83\x7fz\xb3\xaf\xffO{\xbb{\
\xff\x92\xcc\xf33\x1d\xe9\xccg\xb2\x99\xccg{{{\
\xff\xa4\xaf\xb7\xf7\x93}==\x9f\xea\xed\xee\xfe\xb3\xae\
\xce\xdc\xa7\xb3\xd9\xec\x9fwfs\x7f\xd1\x9d\xcb}\xba\
;\xd7\xf9'=\x9d]\x9f\xea\xee\xec\xfa\x93\xce\x5c\xee\
\x93]\xd9\xce?\xe9\xef\xe9\xfd\x04\x19\x9f$\xe3c=\
\xdd=\x9f\xec\xe9\xec\xfc\xb3\xeel\xf6O{rY\xf2\
{\xd7\xc7{\xba\xba?\xd1\xdb\xdd\xf3\xf1\xde\xae\xaeO\
\x90s|\xac+\xd7\xf9\xf1\x9b\xbd\xbd\x9f \xfa\xd0'\
\xfa\xfb\xfa\xc8\xcf\xfeO\xf5u\xf7~\x8a~\x97\xfc\xfc\
\xe4\xad\xfe\xfe\x8f\xdd\xea\xbf\xf5\xb1\x81\xfe\x9b\x7fL~\
\xff\x049\xf6c\xfd=\xdd\xf4\x1a\xf4\xf7\x8f\xf7\xf7\xf4\
\xdb\xa3\xefc}=\xbd\xff\x7f{\xef\x01\x18\xe9U\xdd\
\x8b\xdfO\xda\xf5\x82\x89\xb1!\x10\x9a\xc1\x18\x13B\x0a\
\xa1<\x02!\xcd\xc9?$\xe4\x85<B\x12\xf2\x8f\x03\
yI\x80\x00v(/\xc1\xde\xb5!!6/$$\
@h\xee\xd8`{\xbd\xeb]{\xfb\xaaK#i\xaa\
\xa6\xf7\xa6\xa9\x9a\xdeG\x1aMo\xdf\xfd\xde\xb9\xf7\x9b\
\x19\x8d\xa4iZ\x8d\xc2\xda\xcc\x85\xe3\xd1\xce\x9d\xaf\xdd\
\xef\xfe\xce=\xe7\xdcS\x8e*\x95\x8a\xbb\xe0<w\xaa\
\x15\xca;5\xe4\x13\x8e\x87\xbe\xbb\xe0\xf7@\xf2\xa3\x84\
\x94\x0a\xf91\x95Rq\xb7Z\xae \xf7q\x97B.\
\xbf\x9b\x5c_\xa3P\xc1\xa7\x92\x9e\x17\xee\x95\xde\x9bF\
\xa5\xbcG\x07\xd7\xd5\xa85wk\xd5\x9a/\xc1\xfd\xdd\
\xad\x94)\x8e\x91O\x9dFs\x8fV\xa5\x85~5|\
\xaa\xefQ\xc1\xbd)\xe1\xd9\xe0<G\xe1\x98\xa3:\xb5\
\xe6.\xf8\xcdQ\xadZu\x14\xaeu\x97V\xa9:j\
\xd0\xc2wj\xcd1\xbdF{\x17\x9c\xef\x98F\xa9>\
\x0a\xd7;\x0a\xf7\x0a\xe7P\x01\xc1\xb3j\xb4p-5\
<\xb7\xea\xa8V\xa3\xb9\xcb\xa0\xd3\xde\xa5\xd7h\x8e\xe9\
\xd4\xdac\xf4\x18\x95\xea.\xb8\xcf\xa3:\x8d\xf6\xa8^\
\x0b\xa4\xd1\xd2>\x8dZE\xc6\x05\xae\xa5\xa4\xf7\x07t\
\x0f\x9c\xff\x1e\x0d\xdc\x1b\xbc\xc7\xbb\xc9\xbd\xc11w\xea\
\xb4\xe4\xda\xe4\x5cp\xcf*\xf8\x1e\x9e\x9f\x8c\xb3A\xa7\
;f\xd4\xe9\xee2juw\xc2\xf5\xe0~\xd50\x86\
\xeacp\xcc\x97\xe1\x18 \xdd\x97\xe0z\xe4\xde\xc8\xb9\
\x8f\x92{4\x18\xf4\xc7\xf4z\xed1\x83^w\x0c\x9e\
\x0d\xfaT\xc7\xc8\x18\x1a4\x9a/\xea\xb5\x9a;al\
\xbe\x08\xcfu\x97V\xa5\xbc\x0b\xaeA\xae}\xa7\x0e\xae\
\x03\x9fw\x1b\xb4:\xb8w\x1d\xb9'8\x97\x16\x9eS\
w\xb7A\xa7\xff\x92^\xa7\xbf\x07\xceG\xaf\xa5\xd1\xc0\
8(U0\xee\xca/\xab\xc9\xf8\xc05a\xac\xefV\
)T\xe4}\x93w\xf0%\x9dZ\xfd%2\xfep\x8e\
/k4\xaa/\x91g\x85w\xc1\x7f\xa7R\x7f\x89<\
?\x99W\x0a\x19\xccG\x99\xec\xcb\xe4\xbd\xc3\x98\xc3\x1c\
U\x92g\xbfG\xa1\x90\xdd#\x97J\xe0\xdd\xc9\x8e\xaa\
\x95\xf2;a\xae\x1f\x85\xb1\xa2\x04s\xf4\xa8T(\x82\
\xf9%\xff\x22\x9c\xf3.\xc0\xc8\x9d0/\xbf\x08s\xfe\
.\xb1P|T,\x12\x1f\x93\x88%G%\x22!|\
\x8a\xee\x04\x1c\xdc%\x12\x0a\xffqiq\xf1s\xf0\x8c\
\xbff\xb7\xdbo\x10\xcc\x09\xc6\xd0\xfboF33\xb3\
\xe8\x9b\xdf\xf9\x0e2\x1a\xfa\xaf\xff\xb3s\xb3haq\
\xe1~\xe0G,/\xaf7\xd7\xfe]9\x86\x06\xb5\xcb\
R\x19\x90\xc8\xcc\x1b\xeb\x1b,\xdc\xaf\xda\xe9r\xbe\x89\
\xecC\x5c:w\x01=\xfd\xc4S\xc0\x97\x96\xd1\xc9\x13\
'\xd0W\xff\xe9^\xf4\xd0\xf7\xef\x87\xfb\x9dA\x82\xb9\
y$\x04~\x05\xe3\x86\xa4b1\x12\x89Dhjb\
\x12\x9d=}\x1a\x09f\xe7\x10`\x1e\x918\x86%\x81\
\x00\x89\x96\x84H\x22\x14#\x183\xf8^\x82D\xcb\x22\
$^^F\x97\xce\x9eE\x8b\xb3\xb3\xf4\xb7\x17\xce\x9d\
\x87\xdfK\x11\xf0\x05\xb4\x0c\xc7\x00\x9fA0\xdehi\
a\x1e\xc1\xb8\xd1\xdf,-,\xa2\x99\xe9\x194?3\
G\x7f#\x13I\x10\xbc'8F\x86\x84\x8b\x02\xb8\xc6\
2\x12\x00\x1f\x95\xc3ydb\x19R\xae(\x91R&\
\x87\xf3\xc8\xd1\xf2\xf2\x22\x82\xf7\x80\xa4p\x9f\xf0\xce\x90\
J\xa1\x84\xbf%p\x9eEz\xac\x00\xc6U\xb8\xbc\x84\
H\xec\x15\xb9\x07\x11y6\xb8\xbeJ\xb1\x82\xa6/N\
\xd0\xef\x80_\xd1g[\x82c\xc8}\xcdNL\x80>\
6\x8f`\x1e\xc15\x14H\xb2\x04\xcf\x08\xf7B\xce/\
\x5c\x14\x22\x15\x5cW\xd1\x18\x9f\x19\x18\x1b\xf1\xe22\x92\
\xc1\xb3\x90~\xf2l\xc0\xaf\xe0\xdfb\xa4\x80c4\x0a\
\xf8N\xba\x82`^\xd2\xf3\xadHd\xf49\x16\xe7\xe7\
\x90\x10\xaeG\xee\x15x\x0d\xe8\x87JD\xfc\xc3\x807\
\xc1\xef\x94\x08\xe6\xf8\xd61p\x8f\xe4}(d+\xf0\
\xec+\xf4\x1c\x0a\x99\x02\xc6h\x85\x1f\x7f\xb1\x94\x8e\x15\
y'\x0a)\x8c\x1b\xfcn\x16\xd6\x13\xd1\xe2\x12\xfd\x9e\
\xbc/\xf2\x1c\x80GDjPN]\x9e@\x12\x18/\
2\xc6+0v\xc0\xa7\x90\x1a\x9eI\xb2$B+\x22\
\x19\x9a\x86\xfe\x85\xb99\xb4\x02\xe7\x91\x89\xc4pM9\
}O\xe4y\x81\xdf\xd2\xf1\x06>\x85\xf4\x1a5\xbc\xcf\
ez~%\xdc\x9fN\xadB\x80] %\x1d\x03\xa1\
`\x89\xde;\x99CdN\x01\x1f\x04\xd2\xc2\xf9\xc8\xbd\
\xc3{\x82\xf3\x00\xc6\xe8\xfb {c\xe4\x9cjxn\
\xf2\xee.\x9f\xbf\x80\xe6\xe1\x9d\x90\xf3\x90\xb1\xe6\xe7\x9d\
\x14\xce\xb3\x88\xc4p.2G\xe40\x06\x0a\xe8'\xbf\
#\xef\x98\xdc'\x19s\xe0\x13\xf4}--\x08\xe8\xda\
;s\xe92\x9d\x1fd\xbe\x92\xf7\xb3\x22\x83\xb9\xba\xc8\
\xcf\x8f\xa5\x859\x1a{K\x9eS\x22\x14\xd1\xf9A\xde\
\x0b\x99\xc7\xf4xx\xb7\xc0G\xe0^%\xf0\xce\x04h\
jr\x0a={\xea4z\xee\x99\x93H\x00s\x85\x5c\
{\x06\x8e?\x7f\xfe\x1cz\xcd\xf5/Gb\x98g\x91\
H\x84\xd2^\xda\xec\xfc\x0cZX\x9a\xbf\xbf-\xfe\xaf\
Q\xd3\x1e_\x89\xbf\x17\xd7\xb4\xa3\x13\xfd\x19d\x13N\
,\x12)\xed\xf6\xd5W\x9ey\xeai\xf4\xe8C\x0f\xd3\
k\x12\x9f\x03P\x90\xc6\xaa\xb5*S\xad\x02\xd5\xea\x08\
4\x98\x16\x91\x06J\x1cO\xb5:S\x87\xef\x08\xd5\xaa\
\x15\x9ejU\xe8\xab\xa3z\xbdF\xa9\x0c\xff\x86\xf3@\
\x1f=\x1f\x02\xd6\x83@+b\x80\xe0\xfbJ\x8bj\xf0\
[B\xd5\xe6'9\x06\x8e\x85{\xa1\xd7\xa2\x9f\xcd\xfb\
\xa8\x90\xf3\x91\xf3cT\xc7\xb5\x16\x91\x06ZZ\x8b\x9a\
\xf7\x09\xea\x17%\xb6\xce\x1f\x03\xc2\x0f%\xd0\xcbZ\xd7\
\xe5\x89|Wg\xe85\xe0\xfc\x15\xe8'\xf7\xc3\x92s\
\xc0\xf7\x0dj\xdd\x07(\x95\x0d\xaa\xf3\xc7\x93g\xafU\
\xc8x\xf0\xbfkR\x8d\x7f\x1e\xf2\x9c\xf4\x9e\xebx[\
\x1f=\x17\x8c3h\x8c\xf4\xbe@\xa5\xa4D\xceE\x08\
8v\x8b\xe8\xf8\xb3\xb5\x06\xc1\xf1,\xd7:G\x95\x8c\
5\xb9\x07r\x1d\xb69fu\xfa\x0c\xd5:\xfd\x9ei\
\xf5\xd5\xc85\xe0=\xc1\xef+\x952!\xa6\xf9<t\
\xdc\xe8\xf9\xb7\xde)\x1c\xc3\xc032\xf4|l\xe3|\
\xb5\x12<\x0bK\xa9J\xafO\xa8\xd2 8\x06\xde\x01\
!\xd2*\xf5J\x8b\xeaU\xb8o\xa0\x0a\xfc\x9e\xa7*\
%r<\x1d\x9bj\xadE\xa4\xb5\x9e\x85^\xbf\xc6T\
\x1b\xc7\x95\xe9q\xe4^\xd8\xd6<\xaa\xd4\xca\xa8\x5c-\
\xa1R\xa5\x84\xaa\x152\xe6\xf0\xbbr\x05\xfe]FE\
\xa0R\x09\xfa\xca\xf0\x9bJ\x95)\x96\x8b\xa8I\x85b\
\x9eR\xb9D~\x03\xbf-\x15P\xbeX@\xa0\x85 \
\xc0\x1f\x10\xe9/\xd2O\xfe\xdf9\x94\xc9lP\x02y\
\x1f\x81&\xc0\xc0\xdf\xcc\xfaz\x1a\xa5\xd3)\x94J&\
P\x12(\x9e\x883\xd1h\xf4\x8a\xf0??7\x83\x16\
\x05\xf3\x0f\xc3\xb5\xb6\xe5@\x1b\xa0\x06N7\xbf\xe9\x86\
\x1d\x81\xab\xc3\xfb\xe1\xfc\xfe\xc0\xc6\xc6\xfa\xfa7\xd6\xd3\
\xe9\xf7\xbb\x5c\xaew8\x1c\x8e79\x1d\xce\x1b\xca\xb9\
<c\xb7Z\x90\xc9h@\x06\xa3\x19\xb9\x5c\xab(\x9e\
\x8a\xa3\xd4z\x06%\xd3\xe9\x16\xae\xaaM<\xd2\xb9\x0a\
s\xa9\x02\xef\xafZ\xeb\x86\x7f\xd4\x86\x7f\xb4\x13\xff,\
\xcc\xa9&\xd5\xd9\x1f+\xfeQ\x17\xfc\xb7h\x00\xfc\xa3\
\xab\x14\xff\xa8\x07\xfeQ\x1f\xfc\xb7\xde\xf3\x8f\x11\xff\x8d\
\xe7\x1c\x0a\xfe\xd1\x90\xf1O\xffn\xc7\xbf\xcf\x1fD\xb1\
X\x0c\xc5\xe3\xf1+\xc2\xff\xf4\xf4\x14\xf0\x80\xd9\x1f\xe6\
rY\xaeaKgw&Y\xddK\x92-~\x0f\x92\
\xeeE\xc2+\xab\xb30^l\xb5R\xa9f66\xf2\
\xe1P(\x09\xf7j]_\xdfx*\x99^\xbf}\xcd\
\xeb\xfd\x08\xc8_\x7f\xa0Rk\x7f\xc5l6\xbc:\xcf\
\x95\xc6\xf5 \xab\x19uz\xe4X]E\xfe`\x08\xc6\
\xba\xceT\xaa\xd5\x06_\x86\xb5\xb1\x02\xeb^\x95\xac\xed\
\xd5\xd6{\x22\xf3\x9a\xca\x07T\x8e\xa8w}\xd6v\xfc\
\x13\x1a\xb5Q{>7\x82\xfbv\xdak\x8bDc4\
\xff\xff\xec\xd4\xe4\x13\xd9\xec&\xd7\xca\xff\x89\xb9\x1dy\
\x1d;\x86\x9d\xf6\xf3\x03\xef\xe0k\xce\xe7V'\x0c\xa2\
P,q \x18p\xf1X\xb4\x1c\x8b\xc7]\xc9D\xfc\
l(\x14\xfc\xa6\xc5h\x22v\xa0\xbf\xb6\xdbm\xef\x0b\
\x86\x22?\xfd\xff\xff\xf9'@\x7f\xd4\x82\xees\x0a\x11\
\x1b\x02\xc1?\x91\xf3\x89\x9c\x5c\xe5\xe54\xd0\x0f\xa8\x8e\
0F\xd7\x8d\x06O\x18\xb5Q\x1b\xb5~\xf8\x8f\xa2\xd7\
\xbf\x18!\xf1\xf2\xd2\xd3 k\xb4lw\xbds\xee\x0c\
\xec\x13\xc7u\x8e3i\xc5+\xb6\xd5\xa5\xc6\x1c`\x9a\
+\x16\x0a\xdcff\x03\x83\xbe\xb0\x99H$ln\x8f\
wA\xa7\xd5\x1d7\x1a\xcc\xff\xd7\xedr}\x08x\xdc\
\x1b\xbd^\xcf\xb5J\xb9\xea\xb0\xc5l\x19\xcf\xe6\xf3\x0c\
\xe1\x09@\xe3@c\x8d\xbf\xa9\x5cV\x079\xb7F\xe5\
{\x90y\x1br]\xd3\x8e0j\xa36j\x08y\xbd\
^\x90\x1b\xe2\xd7\x18\x0c\xfas\xc4g\xb0\xbd\xfeO\x17\
\x1f^\xb6G\xbeO\xdc\xc3/n{L\x0a\xde\xaa\xd9\
\xd2\x96ol\x9b\xdf\x10\xd9;$1\xcc\xc5B\x91+\
\x15Ke\xe0\x0d\xa0\xe2\xc4\x9d.\xb7K\xe7\x5cu\xce\
x<\xde{\xfd\x81\xe0\xfbW\x1d\x8e7\xa9\xb4\xdaW\
\xa95\x9a\x97je\xaaCZ\x83\x09\xa9Tjt\xf3\
;\xdf\x82\x1a\xfc`\x0c\xae\xc2T\xa8\xaeX\xdbE\xbc\
~\xce\xd3\xa8\x8d\xdaOR\xb3\xd9l\xc8j\xb5\xbe\xc2\
\xed\xf1\x08H\xbe\xe0F\xfe\x1f\x96\xeb\x5c/aP\xdf\
K\xdc\xbf\x16\x10\xde\x99[\xa0\xb1\xe7\xd0(\xd4\x88\xdb\
\xfd\xdf\xa8o\x1e\x8dK\xa0\x0e\x8e\xd0`-\xaf\xe7\xf3\
\xf9r<\x9e\xd8\xf4\x07\xfcq\x8fo\xcd\x1e\x08\x04\x9e\
\x09\x06\xc3\x9fw\xb9\xbd\x1fT\xab5\xbf&\x92J\xde\
\xa2\xd3\xe9\xaf\x93\xaa\xf5H\xab\xd3#\xa1P\x8c\x16\x17\
D(\x1a\x8e\xa0\x8dL\x86\xdaXF\xf8\x1f\xb5\x9f\xe4\
\xa6P(\xd0\xca\xca\xca\xdb\x83\xa1\x90\xbeV#K\x7f\
{\xdd?\xccq\x03\xd5\xeb\x1a8~\xa7_, \xdb\
\xa8\xe1\xc7\xb6\xfd\x8d\xb7\xfb\xc2\xb6\xfc\x88k\x98\xf7\xb7\
\xad6|[\xeb\xd5j\x95\xcd\xe6\xf2l\x22\x95\xaa\x84\
\xc3\xe1T8\x12V\xc7\x13\xf1\x07=\xde\xb5\xa3:\xbd\
\xe1\xd3\x0a\xa5\xeaO\x9c\xab\xee\xb7%\xe3\x89\xeb\x1e\x7f\
\xf0Ad4\xe8\x91\xc5bAk\xde@c/\xa0\x82\
\xca\xa5\xd2hR\x8c\xdaOD#z2\xf5I\x90J\
o\x03];\xd9\xf4\xfb\xc3m1\x10\xdd\x8a1\x0f\x10\
_6h\xdcZ{\xfe\x94\xed\x84[1\xc8\x9d\xf8\x0a\
\xf5\xe7\xa7\xfe\xd9,\x15\x0bj\x0d_l\xe2\xab]\x81\
G)\x91}\x88r\xb9\xc2mf\xb3\x5c*\x95\xae'\
SIx\xcc\x84*\xe0\xf7?g1\x9b\x1f6\xe8\xf5\
\xf7:\x9d\xce?M&S\xaf+\x14\xf2\x87\x9d\x8e\xd5\
\xb1\x85\xf99F07\xcf\xcc\x0b\x96\x90X\xbc\x84t\
z\x1d\xc8HV\xe4_[C\xb9l\x0eU\xaaE\xba\
\xc7\xc3\xef\x03\xf1\xfb>\x94juT\xa9T[\xfb\x89\
\x84Fm\xd4\xae\xc6\x96L&)E\xc3Q\xc0\xbe\x84\
\xf8\x7f\xdd\xb5\x9eN\xd5w\xe8\xf6\x03\xa6j\xc0{\xc9\
W\x83\xbb\xc75\xe2~\xf5\x93{\xe7\x0b\xc1my\x13\
p3\x7f\xd1\xb6\xfc:\xd4\x97\x91\xc88\xe5R\x99\x03\
\xd9\x9f\xcb\x17\xf2U\xe0\x0f\xd1j\xad\xa6\xdb\xdc\xccH\
\xdd.\xe7\xb2A\xa7\x9b\xb2\x18M\xff\xe9\xf1x~\x7f\
\xcd\xe7{\x93V\xa7}\x99Z\xa5z\x89\xd9`8\xf4\
\xbe\xf7\xbe\x17=\xf80\xef\xbf$\x93\xca\x90\xdb\xe3F\
\xe5\x0a\xc1\x7f\x9d\xdf\xc7\x1f\xe1\x7f\xd4\x9e\x07-\x01\xd8\
'd2\x99\x91'X`l\x16\xf3\xd7Il\x0e\xd7\
3\xa7i\xcf\x92`\x83\xe6\xda\xe8\x92\x8f\x02\xf7\xcb\xb3\
\x80\xf7\x944\xa6K\xeci\xaf\xe4>$\xba\x0fx\x03\
\x86u\x1dW+\xe5\xca\xc6\xc6\xfa\x86\xdf\xef\x8b\xba\xdc\
.\x8b\xcf\xb76\x19\x8bF\x8f\xc5\xa2\xb1\x0f\xdaWW\
\x7fU\xa9T\xbfC\xa5T\xddb\xb6\x9a\xaf{\xe6\xcc\
%\xa4\xd4\x19Q8\x9e@\xe52\xc5?3\xc2\xff\xa8\
]\xcd-\x95JRz\xe0\xfb\x0f\x82\x8c+\xbe\xc1\xe5\
t>Y(\x14z\xc8\xf3x\x80<\x11\xb8G~\xb9\
\xeeu\xe1z$\x9f\xdaK^\x81~\xb9j\xba\xd6\xd8\
\xc1x\xd7\xdeD+\x86\xb6\x19oJ\xe2EK\xa5R\
\x0dXB5\x1c\x89\x14\xd7\xd6|\xe9`0`\x0e\x86\
\xc3\xdf\xb1;\x5c\x7feYu\xbe\xdd\x9f\xd9dX\xe2\
\xc7W\x05\xdd\xa0R\xe1}\xc2*#\x1e0jW_\
K\x03\xf6\x09\x09\xe6\x17H\xdc\xc9\xcf\x86B\xc1\xe5z\
\xbd\xde)\xb7D\x87\xfc\x07x\x10\xfc\x0d*\x17t\xc9\
7\x859n\x80|\xaa{\xe4\x05\x18w\xce\xfb\xb0#\
\xff\xcf\x8e<\x96\xbc\x0d\xb2\xb6co\xb2J\xe2\xbb\x0b\
\xc5b=\x91L\x95B\x91\x98$\x1a\x89\xfeF\x8d\xc6\
2T\x98&\xf6G\xf8\x1f\xb5\xab\x15\xff\x89D\x1c\xad\
\xc8H\xdc\xd6\xe2{\x22\x91\x88s\x1f9}\xb8=\xd8\
\xff\x06\xc0\xfe\xf6:\x0c\xfb\xc8\x87\xd6+%\x1d\xee\x9e\
c\xb3g\xde\x9ev{\x02\xc9\x17Q\x05\xbd\xa1\xbc\xbe\
\xbe\x91\x09\x87#\x7fZ\xae\x94\x99\xca\x08\xff\xa3v\x95\
\xb7X<\x86\xdc\x1e\x0fR\xab\x94$\xe6\xf3\xf7A\xb7\
Mw\xc8-\xd5\x9e\xf0\x0f\xf7\x10\xd1\xbb\xe5\xed\xc7\x83\
\xe6\x02\x1c\xac\x86\x05\xde+\x0f\xc2x\x10\xbe\x84\xbbb\
|\x90\xdc\xd7l!_\xa8\x9b\xcd\x96\x0bF\xa3\xf1\xa7\
\xe1+\xa6\x5c)1$\xc6e\xd8\xf8'\xb6Ej_\
\xacm\xc5\x0f\xd5\x1bq8\xe5j\x85\x8f5\xa9\x96\xa9\
=\x12T\xb9]\xc7o\xc5=V[\xd4\x8c\x95\xe8\x17\
31j/\xac\x16\x05\xfc\x93\xbd?\x9dF\x89\xf4Z\
\xedG\x88\xff}\x7fY\xbdGj~\xbc\xbft\xafx\
\xef\xb2\xc6\x00?\xeaf\xb3\xc0\x83\xe6\xf5\xef\x9b\x8b\xb7\
X,\x94m\xf6\xd5\xe9\xf9%\xe1\x1b/\xce\xce\x11|\
2\xcd\x18\xb7a\xb76\xfc3$F6\xbd\xbe\x8eB\
\xa10\x02=\xa4\x89\x7f\x06\xf0?V\x82{\xe0\xb8\x5c\
#\xd6o+\x9e\x9a\xad\xf2\xb1|M\xec\xb7|\x1fk\
|\x8c\x1c\xe5)\xec\x88\x07\xfcD\xd8\xffA\xf6\xcff\
3\x0c\xf9[\xaf\xd5\xfd\x1d\xac\xff\xdbsy\xe1\x01\xf3\
\x1a\xe3\xae\xf5Y\xae U\xf8\x95`\x1e\xf7\xdc\x94\x18\
\xccO\xb1\xff\xcd\xb6\xd7\xa8hp\x0f\xb6\x5c.\x95<\
\x1e\xf7\xf1\xc5\xb9\xe9\x1bI.\x89\xc7O\x9c\xa4\xf1\x9f\
\x07\x85\xffr\xa5B\xe2Ei|\x03\xf97\xe1\xdf \
\xa8\x8c?\xf8\xc0w\xd1\xf2\xf22\x9aY\x98'\xdf\x8d\
U\xeb\xf51\x1a\x7fOc\xa2j\xadO\xc0?\x89\x9d\
\x84~\xf2w};\xfeI|/\xd79n\xaa='\
Cm\x147\xf1\xc2\xc0\x7f<A\xe7\xcf\xc2\xfc\xfc\x11\
\x97\xc3\xf5\x95\xcd\xcd,\xd7%^\xaf\x97}~\x8f\xb9\
\xa4\x07\xae\xa53H\x9d\x5c<\xa0\x09b\xd0\x9a5\x03\
\xe7\x92%.ReXlC\x81\xc0\xd3\x16\xa3\xe5u\
Z\x92\xd7F\x22\x1a\xfa;j\xcf\x17@\xde\x95T\x22\
A\xa7N\x9dDR\xa9\xe4\xb5\xc2\xe5\xa5\x7fQ*\x14\
\xc7\x9d\xab\x8eSF\xa3\xfei\xa5J\xf5\x80\xc1l\xfe\
\xac\xcf\xef\x7f{\x22\x91\xb8\xdel1\x1dv:\x1c\xe3\
\x8d\xd8\x07\xa6\x11\x175^\xa7\xbc\x81\xf0\x81*\xc3\xe7\
R\xe1\xe3&\x09\xfe\xb7\xe2\xea\x1b9\x16\xd8z[\xbe\
\x81\x11\xfe_P\xf8\x8f\xc6\xe9\x9c\x9a\x17,\xbc\xdc\xe9\
t\x9e(\x15K\x5c\xff\xd2]{\xd5\xbd1\xc6\x83\xe5\
\xff\xef\xe2C<0\x96\xbb\xed\xedu)\xfc\xbd'e\
\x05\xb7\xa5\xe5\xa6\xbe\x91\x85B\xbe\xeat\xac\x9e\xd3j\
4\xaf\xb5\x98,\xc8j\xb6\x1e\xc8;j\xe9\xeb\xa0\xdf\
\x93wu\xe2\xc4S\xb0\xce/\xbd\xd5d0,\xa4R\
\xa9b>\x97\xe3H}7\xb2o\x9b\xcf\xe7q\xa1X\
\xccnllx}>\xbf\xd1\xe5v\x8a\xbc\x1e\xef\x7f\
\x04C\xa1[\x0dz\xd3M33s\xafTk\xb4/\
\x05\xe1e\x5c\x22S\xc0y\xf8Z\x90\x847\xb0 \x13\
\x10\x1eP\xe5s\x970\xf5Z\xb5\x1d\xffL\xad\x91_\
\xa5I\xa3\xf6\xfcn\xcd\xfc \xa7N\x9eF\x97.]\
\xbe\xd1j\xb1\xaa\x88O\xdc N8\x9d\xf5\xe7\x81\xeb\
\x9b\x0d\xc2?\x06\xad\xe1\x8e\x07P\x13\xf6\xe2\x93\xd4_\
V\x01\x99\x9f\xe4G6[\xcc\x93\xcb\xa2\xe57<\xf2\
\xe8\xa3\xa8D\xf6\xf9\x1b\xb9r\x0e\x02\xff\x9b\x9b\x19\x8a\
}\xd2$\x12\xc9;uz\x9d\xb6\x00Xo\xecA\xd6\
\x1aqQ5>\xc79\xcdUNb\xa3\xb8:[\xe3\
\x80?\x94C\xc1\xd0\xba\xc3\xe1\x8c\x9aLf\x9b\xc7\xeb\
=\x15\x08E>e\xb5\xad\xfe\x7f:\x9d\xe1\xdd:\xbd\
\xe1M\xf6U\xc7KL\x16\x0b\x92+\x95haV@\
\xafE\xe2&ku\x96\xcfMV\xa7\xf6E\xc2\x03\xc6\
\xea\x0d~4j/\x0c\xfcOMN\xa3\x89\xcb\x93?\
k2\x9b\xa3\x98\x86\xe1w\xad+\xdfy\xad\xc6{\x92\
\xfd\xf7\xa2\xe3\xef\xf5|\x9dr\x90\xb5\xf9\x16v\xada\
<H\xed\x9dV\x9c\x22\xe0\x89\xb5Y\xac3\xcb\x82\xc5\
\x9f}\xe8\xbb\xdf#k\xe4x\x95\xe4\x1f\xa9\x1f\x8c\xcd\
\xccl\xb5\x22\xbb\xcd\x8e6\xa3\xeb\x8c\xd9d\xfe-\xab\
\xcd\xa6)\x16\xa9\x8fV3?k{}\x80]\xb5\xdf\
h\x1dWLj-\x90\xf8(\xb6V*\x95\xd9tz\
\xa3\x1e\x89D\xab@\xd1X\x22!\x039\xe2;~\x7f\
\xe0\xb3\xc0\x03\xfe\xb7\xd9h\xfe\xa0\xc3\xbe\xfa\xb3\x85R\
\xf1\xb0^\xa7G&\xa3\x11)\x15J\xca\x13h\x8e\xc6\
\xc6^\xc3\xa8\xbd0\xf0?9=\x85\xe4r\xf9\xbb\x9c\
NGa+\xe7\x1f\xdeK\x1d\xad\xbd\xd8\xce\xf7\xc2\x13\
\xfa\xad\xef}\xf0\x8f;\xe1\x1f\xef\xe1\xbev\xf0A\x8c\
s\x9bY\x0c\x18\x99\x17\x0a\x84o\x99\x9d\x9cA\xd9\xcd\
\x0cS/7rT\x0e\x01\xff\xcd<\x81\x84\x00\xd4\xa8\
R\xabP\xfc\x13\xecI\xc4\xe2\xdf\xb5\xaf\xda\xcc \xeb\
\xb7\xfb\x1e\xb4\xfb#u\xae%\x8c\xf9\x9a(|.F\
\xdeg\x89\xff\x8e\xd6\xaa qR\xb8R\xaepY\xd0\
#\xd676\xca\x99\xccF4\x99H\x88<n\xf7\x93\
6\xab\xed\x1bf\x93\xe9s\x8eU\xc7o&S\x89W\
d2\x9b\x87\xa6'f\x89\xbeH\xef\xc9\xe1\xb0#\x93\
\xde\x88d\xb2\x15d4\x1aP\x22\x1eG\x89d\x0a\x01\
/A$O\x1b\x89\xab\xcee\xf3h\x13(\x0b4j\
W\x1d\xfe\x99\xb3g/0\xabv\xfb\x9f\xa4S\xa9r\
\x13\xffxo\xf6\xb1=\x09\xd9C\xd9\xd4\xdb\xd3O\xf1\
\x95\xc8\x1f\xb8\x99\x8f\xa8\xa9\xf1W*\x95\xaa{\xd5y\
jZ \xb8yzj\x16\xfd\xe8\xd1'\xa8\x5c\x5c/\
\x82>\x5c\x1e\x8e<\xdc\x86\xff\xb1\xc6Z\xcb|\xfd\x9b\
\xff\x864j\xed;l6\x9b\xaeP\xc8s\x5c\xe7z\
\xcc\x83\xd6\x0d\xdd\xf2w\xc2\xcd\x0aq\xdb\xe2\xa3p3\
6\x8a\xe4\x80)\xe4\x0b\x1c-\xb6\x91\xcby\xa2\xd1\xb8\
\xd2\xb9\xea\x5cr9\xddO\xfa\xd6\xd6\x8e\xc5\xa3\xd1\xdf\
\x09\x05\x03\xafS\xc9\x95\xd7\xcf\xcc\xcc\xfe\x94P\xb8|\
\x0d\xb1/\x9ez\xe6i\xb4\xb8\xb0\x8c\xee\xfd\xeaW\xa9\
]\xa1\x90/\x8e\xa5\xd2\x19\xd0ar#\xd0]%-\
\x1c\x0e\xa2H8\x8cb\xb1(\xbax\xee\xd25&\xa3\
\xe9\xbf\xca$@\x96\xd7#\xbb\xf9\xf6\xb2\x03\x01\x0d\x0f\
\xa6\x83\xe3\x81,p\xb8\xd7\x82?@-O\xdc/7\
a\xc7\xad\xccF15\x1e\x1d\xd0\xca\xa5R\xd5\xedt\
N\xac\x88%\xaf\x11\xca\xa4\xe83w\xdf\x8d\x22\xa1\xf0\
\xd0s\x85\xb4r\x11U\xabL\xb9X\x1c#\xdf)T\
\xaa_\x06\xdd]U\xa9\x94\xdbs1\xe1\xbd\xc9K=\
c6\xba\xb9C\xb2m\xbc\x82$a\xe2\xaa\xd5*\xf0\
\x86*[-WH=\xa6t8\x1c\x0a\xb9\x1cN\x97\
\xc9d\x12\xba\x5c\xce\xaf\xf9}\xfe\x0f\xad\xae\xae\xfe\x9a\
\xcdj\x7f\x9bT&\xbbE\x22\x96\xfc\x0c\x1c~\x88\xe4\
\xc1o\xda/F\xed*X\xfb\xc3!J\xb5Z\x19]\
\xbcp\xf1Z\xb5Z\xbd\x08\xf3\xb8\xd6V\xe7c\xc0\xed\
\xf3\x81\xf6\xdd\xb8\xce\xb5>;\xc8\xe8}|\x0a:8\
\x1c\xf6\xc14\xbe2\x8c\xe0fuE\x90\xf9\xf3y\xd6\
\xe9p\x9c\x93K$o\xd0\x91Z\x18\xa0\x0b\x1fT\xab\
5\xf2\x96\x03\xbf\x19\xa7\xd8_Q\xfc\x92\xd5f\x15\x17\
K\xa5f,\xd2 \xae\x0a\x83\xd4\xfa\xed\x14C\xd9\xa3\
\x16\xf2\xaeO\xb6]\x82 \xb9\x9dAN\xa8\xc5cq\
\x92o\xa5\x18\x8dDc\xde\xb55\xcb\xda\xda\xdaE\xaf\
\xc7{\xbb\xcf\xe7\xbb\xe1\x81\xaf\x7fw\x04\xbc\xab\xa4\x05\
\xc3~BL$\x1ab\x96\x97\x97n\xd0h\xd4\xd6:\
\xa9\x85\xd8\x7f\x8d\xdf\xaf/\xfe\x95\xda\x0d\xba\xfb\xef\xe1\
\xbe\xcch\xcfN\x89\xa4h:)\xf9\x99\xcf\xe7\xaa\xab\
v\xc7\xa5\xe9\x99\xd9\x9b'.O\xa0D,\x8e@W\
>\xb0\xf7R\xad\xb1t\x9d\xfc\xed\xdf\xfb\x1d$\x96J\
~\xd1j\xb5.4k1w\xb1]\xf6Z\xc4\xfb\x8f\
\x01\xee\xb8\x97\xd3\xaf\x96x\xa7\xf1e1o_ \x1b\
H5XE\xaa\xa4\xba&\xc9\xd9\xe8t:\x03\x1e\xb7\
\xe7\xdd\xa3\xf5\xff*\xc2\x7f(@\x88\xe2_\xab\xd5\xbd\
\x9e\xbc#\x92/\xa7-\xdf\x17\xee\xbeTt6\xb2\xef\
\x83o\x5cI\x8c\xd1.u\x03\xf7\xb6Ob< \xdf\
j\xa4>\xaa\x03\xf6+v\xbb\xed\xacT,y\xe3\xa5\
\x0b\x17I\x9e@\xa6R*\x1f\x08\xfe\x9b\xb9\x83H\xed\
\xaa\xa7\x9fx\x12\xa9\x14\xf2_0\x9b\x8c\x82l6\xdb\
\xdc\xd7\xc3\x1d0\xda\xef\xf1\xf0\xfe\xdf\xc9\xae\xbao\xbd\
\xf8\x01\xdb\xa8\x93LK\xebV*U6\x95N\xfbV\
\x9d\xceO\xacy\xd6\xae\x1f\xe1\xff\xeai\x81\x80\x9f\x10\
\x13\x8bF\x18\xbd^\xf7\xdb\xf0\x9e\x12MYn\x87\x9f\
+\xee\xe0\x00\xd4)\xbe\x07\x0f\x16$\x8cw\xda\x0ap\
\x978<\xccu.\xd6\x8e{\xac~\xb8K\x0c\x01\xc6\
\xbd\xf1\xbfk.\x17\x0a\x85\x8a\xc3\xe9|V\x22\x11\xbf\
N\xb4,D\x9b\x9b\x9b\x0c\xe0\x9e\xd0P\xf0\xbf-\xef\
p\xbdN\xd7\xfc\x8d\xf54Z\x14\x08H\x1d\xba[,\
\x16\xb34\x9f\xcb\xb7\xd5_\xde\xda\x98\xed\xba\xae\xe3\x9e\
6\x90\xdd\xa3\xdd\xcd.\x8a\xbb\xfad\xe1\xddu\xa0\xb7\
\x1d\xc76\xf6\x15\xe0\x91\xaa\x5c\x22\x1e\x8f\x98\xcc\xa6O\
fs\x951\xb7\xcb3\x14\xfd\x7f\xab\xd6\x0fO\xad\xef\
+\x15\x84\x0b\x1c\xaaT\x81?WK\xa8X,\xa2r\
\xa5\x04Tn\xe4h\xe3\xf7,\xc9\x9eD\x89\xd4\xe6i\
P{+\x96\xcb\xdb\xe8\x05\xbd\xfe\xfb\x03(\x14\x08\xd0\
\xfc\xf8\x0a\x85\xfch\xb1\x98\xcf\xf3\xfbA\x98\xc5{\xd3\
\xa7\xdb\xa7\x13\xde>\x0d\x07^\xc9q\x0f\xfb\x1e\x1e\xe4\
f\xfa\xdc3\xeej\xe5\xeb\x80\xff\x22`\x7f\xd5\xe1x\
N$\x95\xbdN\xa9\xe2\xf7\xbd+\x95\x0aO\xb9\xea\x81\
\xe1\xff\xcc\xe9\xa7\x91T\x22\xfd9\x97\xc39\x07rs\
C\xdfo\xa61\x1b\xd8wjh\x0d\x0f\xe6\x97\xd5\x1e\
\x0fA\xf6\x19\xcb GVb\xd0\x0cz\xc3g\xfd\x81\
\xc05J\x8d\x1a\xc1\xfaBk\x9a\x0d\x1b\xff\xcd\x18\x8b\
b\xb9\x84\xd2\xeb)\x18G\x96\xe0\x9fi\xe0\x7f\x0c\xf0\
?\x06\xf8\xe7\xebJ\x92\xdap\xe4\xb7\xc5Z_\xfc\x93\
\xdf\x95+/\x5c\x1e\xe0\xf7\xc2\xfa\xef\x0d\xd0y\x07\xfa\
\xff3\xc5b\x81\xe4\xfa$\xf2?\xbbW=\x1c\xf7X\
_qW\x0c\xe3n2\xc3\x80yD1\xd7C^\xd8\
9=Y\xaes\xf1B\x02\xabZcm\xa5s\xb8T\
.\xb1N\xa7\xfd\xfc\xdc\xe4\xc4\xeb\xc5\xcb\x8bH\xaeR\
ma\xbfI\xc3\xc3?\xf5\xbd\x87\xb5\x8b9\xf3\xec\x09\
\xa4Q\xab\xde\xeev9Em\xfb\xfb{\xb5\x95\xec\xd5\
_c\xf7\xf9\xf0@\xb1\x98l\x878o\xcc\xe7]\xc5\
\x85X<\x16U+5_p8\x9c\x87\xbd\xde54\
\xcc\x1c\x08\xdb\xf0\x0f\xefb}}\x1d\x19\x8cVZg\
\xb7\xd9\xce\x9c=\x8b4Z=\xdd{\xac\xd5\xab\xe3\x80\
\xff\xb1j\xb5B\x09\xf8*C\xf8A\x19\xc6\x9c\xaf\xb9\
\xd7\xac\xcf\xc7\x13\xc1~\xa9\x81\xffR\xa9H\xe9\x05)\
\xff\xfb\xd6\x98D,\xc2X\xad\x96\x17+\xe4\xf2E\xe2\
OF\xd7\xff\xad\x1a\x1c\xbd\xfc\xe7w\xe5\x05\xc2\xdd\xf7\
\xd8;\xda\xa1\xf0`q8\xb8C\xfc>\xde\xc9\x03\xf0\
\xb68\x03\xdc\xc5u\xbf+\x0b\xa2<\x8f\x1cK\xf2z\
\xb9\x9c\xce)\xb1d\xe9-\x12\xf1\x12\x22\xf8'm'\
\xfe\x87b\xe7o\xf8\xd0\x92\xf8]2O\xd5:\xcd\xbb\
\x1cN\x87\xb4\x5c.\xd5\xb6\xec\xfc{\xb4\xe5\xed\xfe\x1d\
\xcb\xed-\x17\xcb >\x91\x5c\xdb\x1a\xc1\xef\x014X\
)\xc9\xbf\x1e\x0a\x85\x12j\xb5\xe6\xff\x18m\xc6\xc3\xe4\
9\x1f{\xf4G\x07\x82\x7f\xc01\x82K2\xa4>\xba\
\xc7\xb3\xf6*\x95R\xf9\x05\x98\xc7Oi\xf5\x9a\xe3*\
\xb5\xea~\x83\xd1\xf4\x05\xef\xda\xda\xaf\xc7\x13\x89W\xac\
\xad\xf9\x0e\xbb\xdc\xee\xf1l6\xdb\xac\x09E\xebC\x95\
K\x951\xc0?\xf0\x81\x12\x03\xd8\x1f\x03\x22\x9f|\xee\
\x04\xc2\x0f\x1a\xf8/\x17y}\xa2\xd0\xa4B\xa1E\xcf\
\xd7\xe6\xf3\xf9x\xd9_\xa5~\xad\xd5fU\x92z\x1f\
d\x1bg\x87\xfd\x7f\x90\xc4;\xb8\xdf\x8e>\xee\xac`\
v\xc9\xff\xd9+\xd7F\xdf0$\xbc\x8d%\xf5\xf0+\
n\x058\xf2\xdb|,\xbc\xdf\xea\xea\xaa}R\xbc,\
\xbc\xe9\xcc\x99\x93\xe8\x99S?:\xd0\xf1'cO\xf6\
^\xc9\xa7V\xab\xfde\xa7\xc3\xb1R\xe2\xf7\xf8\xaax\
w\xee\xb5\xbd\xfa54\xbf\xec\x95\xc3y\x00\x7f\xe7n\
\x8c\xb4\xcd\x06\xc0'\x8agI\x8bF\xa3\x09\x95Rq\
\xc7\xfc\xe4\xdc5 S\xee\xaa\xa9;\x14;i\x83\x8f\
\xc0\xe5\x98\x85\xf9e\xb4\x22W\xdc\xa2\xd5\xeaN\x04\x82\
\x81\xcd\xcdl\x16\x93\x5c\xce9 \x12\x03\x95\xcb\xe5}\
\x91HT\xef\xf1x\xe6\x81\xbe\xed\x0f\x86>\xe8p\xb9\
\xde\x04|\xe2\x95*\x8d\xe6\xbax,6f6Y\x91\
V\xa3G\x1f\xff\xbb\xcfPy\x81\xe8\x09Tg \xbc\
\x00\xe4\x02R\x03\x82\xe0\xbf\xf0B\xc3\xff\xda\x1a\xf3\x95\
\x7f\xfe\x0aZ\x14,\xde\x1a\x89\xc4\xdcu\xde\xf6_\xe7\
\xfa\xd7\xf9\xd9i\x8a\x1b`\x8f\xad\xdd0\xb5Kl\xe4\
:\xeb\x13\xb8\x9f\xbeyE9Aq\xdbu\xf98\x19\
\x5c\x07}\xbf\x0a\xfa\xfe\xc5%\xe1\xd2\x8d*\x85\x12x\
}\xe9@s\xe0\x90:\x8b\x04\xf7\xff\xf9\x1f\xdfFz\
\x9d\xf6]v\x9bm\x85\xe8\xfb\xb8\xa9\x87`\xdcq\xac\
\xf1\xe0y\xd0\x06p\xc5\xc4\x1c\x1e\xfcx\xbc\xfd\xd5p\
\xdb|\xc4\xc9Vi<\x1eMi\xd5\xea\xcf[l\xe6\
C\x04Ge:\x86\x07\x83\xff|.\xcf<}\xe28\
R\xab\xd5\xbf\x0c<{&\x95NWI)\xa8\x86\xef\
Z\xb3>\x14K}\x96X\x96\xf8-\x11\xfe^N&\
S\x9bk~_\xc2\xe9p\xba\xdc^\xef\xe9`0\xfc\
\x97\xab\xab\xce\xf79\x9d\xae\xf7Z\xac\xd67\xdb\x1c\xce\
\x1b\xdey\xe3\x0d\xc4\xfeJ\xe2\xe1\xd1\x17\x8f\xdd\x83\x1a\
\xcf\xc2\x94\x80\x00\xfbL\x03\xff\xcc\xf3\x1d\xff\x1e\xb7\x07\
M^\xbe\x8cf\xa6\xa6\xfe*\x95J\xa6\xf8\xb5\x1f\x0f\
\x12k\xdb+8\x18\xf7\xda{\xdb\xbdQ\xdf\xcd\x8c\xdc\
Y\xff\xc0\x03\xecC\xe1^\xf2\xee\xb6bF\x94\xc5\xd4\
\x08\xf6\x9dN\xe7%\xe1\xb2\xf0\xe6\xc9\x89I\xe2w\xcb\
\xd4\xa8M\xe9`\xe2[|~?\xc5\xfe\xcc\xe5id\
\xb39\xde\xee\xf5x$ {\xd5[\x9e\xb8\x0dI\x9a\
\xeb\x5ck\x19\xe3\xce{\xf5\x5c\x87\x98\xcc\xed\xf6\x15\xbc\
\xa7\xfa,\xfdb\xb2Z>@\xc4'0\x1e\x8f\xad\xab\
5\xea;\x0a\xc5\xfc!\x97\xdb\x89\x92\xd1\xc8\xf6\x5c!\
C\xc2\x7f&\xb3\x89\xfe\xf8\xc3\x1fF\x22\xb1\x18\xcd\xcd\
\xcf\xbd\xcb\xe1p(r\x9b\xd9Z\xc3\x86\xb3\xb3.\x14\
\xdb\xd0\x07\x9b\xef\x9e\xf0\xd7Z\xa3NL\x15t\xfc\xfa\
F&S\x8b\xc5\xe2\xa5d\x22\x19\x07\xde O\xa6R\
\x8f\xfa|k_0\x9bL\x7f\xa5\xd7\xeb?`\xb6X\
oI\xa6\x8b\x87Hm(\xab\xcd\x8c\xacf\x1b}w\
\x85<\xe0?\x9f\x83\xcf\xfc\xf3\x18\xffnfr\xf22\
\x9a\x9b\x9b\xf9|:\x9d\xce\x12\xfc\xef\x0e\xd5\xe7z\xd9\
\xd80\xd7M0\xc5\x1dret\x8f\x09\xe6\xfa\xf8\xa9\
\xe1\x016\xb7q\x1fe\x1f\xb7\x9cz\xdbxA\x16\xe6\
\x0e\xac\x053R\x89\xf4M+\xb2\x15\x04\xbc\x80!\xb6\
\xb8\xea\xb0t|\xd0S[T\xad\xd0:\x00\x04\xff\xdf\
\xfa\xca\xbdH\xb2,|\xa7\xdb\xe9\x12\x83\xbc\xd9\xca%\
\xd2\x883`qG\xbd\x1dw\x8b\xbb\xee'\xc7\xef\x12\
\xc1p\xe7\xa1\x1b4\xd7{\x0b\xff\xc4\xbf'\x16\x8f\xe7\
\xccf\xe3\xe7\xf3\x99\x0d\x90\x99+L\xa5M\xe6\xbf\xd2\
<!\xcd\x9c\x86\x84@,\xa5\xa4R\xac\xa0\xf5\xf5\x0d\
t\xee\xdc9d4\x9a\xde\x0b\xd8_\xc9\xe5r\xcd\xd8\
\xc7\x1a\xf1=b\xb7\xd5\x90\xde\xc6\x0bh,\x07\x11\x07\
\xc8\xf8\xb2\x0d^\xc0\x9b,\xe9\x9eW\x85\x84K\x13\x1d\
xss\x93\x03<\x94\xd3\xeb\xe9p2\x99\x10\x02N\
~`\xb3\x9a\xefs8\xed\xb7\xf9}\xfe7\x83\xacq\
-\xb1\x1f\xa67\xd2(\xb3\xb9\x81\x12\xa9$\xf0q;\
\xb2Z-(\x97\xcf\xc2w\x9b\x94\xae\xf6\x06\xef\x0d\xcd\
\x0b\x84$\xde\xfb\x9f762\x15>6\xac\xb5\xf7\xb7\
k\xbbi \x81\xb2\xf3\xd6\xde\xa0\xb6\xa6!na\xe1\
\x1d\xce\xabd\x13\x1dS\xb9\xb0\xe9\xd3\x0b<\xbc\xecr\
:N\xc0Z\xf2&\xb9\x5c\x81\x0cz\x03\xaa\x94\xcb\xd4\
\xf7\xf6 \xf0Oj\x84\xd5\xeb|\xfe\x0e\x93\xd9\xf2n\
\x97\xcb\xadl\xd6Y\xc0\xbdk*\xf4\x93\xf7\xf1\x10v\
\x03\xf1\x0e\x11m\x97\x8f\xf5\x960B\x87\x8f\x8cc%\
\x19O\xa4\xadV\xeb?D\x22\xa1\xc3\x17.\x9eA\xe5\
\x0a\xd1\x9d\xab\xfb\xd6\xfb\xdb\xf0\xcf\xd4)\xfek\xc8f\
\xb1\xa0\xff\xfa\xf67\x91N\xab\xf9\xf5`0\xa0\xaeT\
\xab\xedK\x03\xcbu\xcf\xf1\xbam\xfdi/<\xdf4\
_\xf0k\xdf\xb6\x9c\xee\xd4\x06V\xa71Py\x0e\xd6\
\xf9z\xa9\x5c\x8c\x95Je\x1d\xc8\x08B_\xc0w6\
\x9a\x88~2\x9e\x88\xfdj4\x1e\xbf\xd9\xe5v\xdf\xe0\
r9\x0fg63\xcf\x1b\xfc\xeb\xb5\x1a\xa4!\xb5p\
5\xfa\xaf\x01\xcfk\xd4\xd0k\xc5\x91w\xc9\xd7\xd3\x1c\
\xebn\x12<\xeef\x1f\xe8W\xcf\xabG\x1c/\xeeb\
\x7f\xc0;\x5c\x8c\xba\x98\x0a1a\xf8\xa4\xa2\x0fo\xe3\
'\xeei 3V`>]\x90JD\xafQ(\x95\
H\xaePP\xec7iX\xadm\xcf\x00d\x0a>_\
\x9f\xc1hz\x0f\xa8\x9fz\xd0c\xebm\xf6\xf3.\x22\
W\xd7|*l\x07\x1f\x9d\x0e\xba\x10\xee6f\xbd\x9c\
#\xdau}\x96\xdf\x1bi\xcb+\xc0\x0fb\x15\xd6\xc8\
\x84\xcdf\xfb\xc7U\x93\xe5\x1a-\xcc%\xc2\xd7\x08\xf6\
\x87\x81\x7fR\x7f\xb5A\x0cY\xfb\x0b\x85<:u\xea\
\x09\xa4\x90\xaf\xbc\xcf\xe3qY\xca\x95\x0a;\xc0\x9c\xea\
\x16\x17\xdei,p\x879\xc7\xed\x90#\x1a1P5\
\x12\xff\xc4\xd5\xea\xd5\xcdr\xa5\x18N\xaf\xaf{M&\
\x93\xccd2\xfe^\xb5^a\xb2\xb9\xdc\xf3\x02\xff\xa4\
\xd6\xadD(&\xf4\xd5\x8d\xf5u\xdc\xa8\xf5]\xdf\xa9\
K\xe3>A>\xb8\x9bs\xcd\xde\xc2\x81\xdbdS\xbc\
\xcd\x00\xd6\x85\x07q=x\x08\xde\xa6wP\xc4\xb3<\
\x1f\x80\xa9\x0c\xcfZ\xb3\x18\xcd\xcf\x89\x16\x97o\xd4\xa9\
4\x88\xe4\xeb<\xa8F\xb0_\xe6\xf7\x92\xc7>\xf9\xa9\
\x8f!\x93\xd1\xfc\xeeU\x87S\x09\xdf\xb1\x0d;\xff\xa0\
\xfa\xf6^\xe3&z\xed\xff\xf5\xf2\xeb\xec\x14\x9d\x89\xdb\
\xe2\x8d\x89\xbd\x14\x83\xba\xbca\xb7Y\xbf\xe8\x0f\xfa\x0f\
7|\xa3H\xad\x03\xeac7\x8c\xb6\x85\xff\xfaX.\
\x97g\xe6fg\xd0\xc2\xfc\xcc\xfbl d\xc3:\xdc\
\xd0\xf7\xf1 kH\xbf\xfdS\xdc\x7f\xccq\x9b\xdfc\
c\xaf\x83\x1ak@*\xa9W\xeb\xb1X\x8cS*\x14\
6\x9dV\xfb\x1b\x84\xbf\xc7\x93\x89\xe7\x07\xfe\xadVf\
~n\x16\x09\xe6\xe7>\x97N\xa7\xf2\xdcV\x1e\x99A\
\xb2y\x0f`o\xee`\xc3\xc6\xbd\xd6\xff\xdd{\x09\x03\
\xf8\x02\xe2\x0e\x9e\x84\xbbm\x8f,\x1f\xe2\xbe\xbe\x9e\xae\
\x83\xdcsqb\xf2\xdc\x1b\x1f\xfb\xc1\xfd(\x1eK\xa0\
\x5c\xee\xe0l\xb8\xa0\x1e#\x93\x9a\xf7C\x91+\xe5\xef\
s8\x9d\xaaR\xb9\xcc\xcbZ[>GW`\x83\x1f\
\xa0\x8e\xe2\xe0\xb2V_\x9d\xa01\xa4t\xdaG\xa3\xd1\
\xb2^o\xb8'\x10\xf0\x1f\xe1h>\xa0J\xab\xc6\xe9\
\xd0\xf0_c)\xd5\xaa\xf5\xf1o}\xf3?\xd0\xa2`\
\xe1\xddf\x93Q\x03r\x00n\xf8\xa8\xf5\xdb\xa3\x1a4\
\xd6d\x90q\xc4\x9dbC\x89\xe1\x80\xd8\x0a\xec6\x9b\
_\xadV\x7ft3\xb3q\x0d\xa9\xf9P(>?l\
\x82\x80\x7f4;;\x85\xe6\xe7g\xde\xea\xf3\xfb\x0d\xb5\
zm\xa7\xbb\xfe\xaeu\x02\xefU\xab\xec?'\xf7\x13\
/8x|\x10\xe85\xe9\xf5t\x0d\xf8\xf4\xc5\x89\x8b\
\x17o~\xee\xf4I\x94J\xa7\x98\x5c\xb6p`\xf8\x07\
\xfd\x1e\xb9\xddn*\x17\xc3\xba\xf5\x1e\xb7\xdb\xa9)\x96\
\x8a\x8d5\x99p\xa4\xbe\xf6\xcf\x9e\xf1\x09}\xfcq\xaf\
to\xb0\xa3\x8bd\xb3\x92r\x22\x91(\x1aM\xe6{\
\x1d\x0e\xc7\x8b)N\x89M\xa3V\x1d\xfa>?\x193\
\xea\x0f}\xf6\x14ZY\x91\xfd\xb2\xcdf\x95\xe6\xb2Y\
\x167\xedx{\xcc\xd9~\x85\xf3\x12w\x0a{i\xee\
)\x80\x5c\xc2y\x5c\x1e\x87\xd9l\xb9\xcd\xe2t\x10^\
8\x9e+\xe4\x0f\xe5\x0a9T\xc8f\x86>\x9f\x92\x89\
\x04\xa5x<\x86@\xe6\xa0\xb4_\xfc+\xe5J\xb4\x22\
Za\xe4\xf2\x95\x1f\x12\xff\xdf\xc6\xc6\xd3\x8e\xba7\x1d\
\xddw\xf7\x92\xc3{\x0f\xe3\xbc+\xb0\xaf\xdf\xde\x7f\x17\
;C\xcb\xbcC\x1f)\x95LUTJ\xd5\x85\x8b\xe7\
\xce\xbf\xfemo~+\xf2\xf9\xbc\xa8P\xcb\xa0\x1c\xc9\
M5\x04\xfc\xf3q&<\x119\x98\xcc\xdd\x80?\x84\
TKB\xe2\xd3\xfb+n\x97K[)\x97\x9bkh\
C\xc1\xc1;\x15\x7f\xdc\xc3\xcfv\xd0=\xd9\xce|\x01\
\xb7\xed\xff\xe1\x1dc\x8f\xb9^\xec\xbd\x19\xd3\xc7\xc5\x13\
\xf1\x92\xd1d\xfag\xf7Z\xf0\xc5+\x0a%*\x15\x8a\
\x88\xdd\xc2>s%\xf8'\xbc\xa3\x9d\x9aM\xa3\xd5\x01\
\xa9\x91R\xa5\xfa\x05\xbb\xcd\xbe\x9c\xcdl\x12\x1b}\x8d\
\xdb\xcau\xd6u/s\x00C\xf2 \xbeO\x1d}\x9c\
\x9b\x7f\x92\xdcH\xa1`$\xe0uz?\x5c\xe3}\x09\
A\xef\xdf<\x94\xcb\xe7\xc6\x0a\xd9\x8d\xa1\xe0\x9f\xd4t\
i\x92D,D+2\x09\xf5k>s\xe6,\x9a\x9b\
\x9b\xa3>\x0a w \xe0\x8dH*\x11\xd2\xf9Fr\
\xae\x91\xb9\xed\xf3\xad\x0dt\x8d\xe5\xa5E\xb4\x04$\x10\
\x08~%\x1c\x8a\xb8\xf9\xed\xe7\xc6>`\x1fY\x12\x0f\
\xbe\xa6\xe0=\xac=W\xca\xaf\xdbBd\xb6\xf8\x01\xa8\
h\x5c*\x91,\x03\xf6O_\xba|\xf9\xc6\xfb\xef\xbf\
\x9f\xf8l\x8c\x15\x0by\x06\x08\xe5\x8b\xc3\xc9G\xb5\x85\
\x7f\x12sR\xa6~\x95w~\xe5s\xc8j\xb6\xbc\xc7\
n\xb3h+\xa5\xd2\x96\xa9\x99\x0a\x8f\x0d\x1f\x1a<\xf0\
\xc0\xedg]\xe3\xfa\xc6\x04v\xe0#\x8d[\xa5v\xf1\
d2\x91\xd1j\xb5\xff\xe2\xf5\xf8\xae\xd5\xeb\x8d\xfc\xfa\
\x8c9X\xffk\xdb\xd6\xfe}\xe1\x9f\xe4Q\xaaT\xd0\
\xa5K\x17\x81g\xaa\x01\xff\xda\xb7\x86\xc3aA\xa9X\
h\xf8F\xf0{w\xed\xf6\xf9\x03\x0au\xda\xb1\xef\xbc\
=7\x1a\xf0w.\x12\x0a{a\xed\xff\xfbD4q\
X.6\x11\xdf\xe01\xe2\x13\x94\xcf\xe7\x19\x82\xfda\
\xe2\xdf\xbe\xba\x0ar\xfa,\xd2\xabW\x0e\x9f;w\xee\
\x17\xce\x9e;\xff\xab3\xd33\xbf\xb6\xb4\xb8\xf4\xb6\x05\
\xc1\xc2\xcb}\x1e7\x12\x8a\x96\xd1o|\xe0\x8d\xc8\xef\
\x0b0{\xc1?iS\x97/\xa1\x07\xbe\xf3_\xe3\x12\
\x91\xf0\x0b\x89x\xbc\xd4\x81\xc7r\x1d\xf6S\xd9\x1d>\
&[{*{\xd32\xaf WU\xe7MIj\xe6\
\xe3m\xd5\xadM\x9d\xf5t*\xab\xd7j\x1f\x9c\x9b\x98\
|\xed\xd2\xfc\x02}^\xe2\xb3E\xb0OhX\xad\xb5\
\xf6\x03\xf6A\x8f\xa25yLF\xd3{\x03\xfe\x80\xaa\
\xb1\xee\xf7\xab%\xd4\xf5Y\xf1\x9e\xc6\xa7\xe7R\xc8\xb6\
\x07=\xb6\xfb\x08\xe3\xed1\xbd\xf4\xfdB#kn!\
\x9dNE\xec\x16\xebg\x13\xf1\xc4\xe1h4\x8e\xccF\
3\x8a\xc6\x13[{u\xfb\xc7?\xad3\xc0\xe6\xab(\
\xb7\xb9\xc9\xcc\xc2\xda\x06z\xda\xdb=^\xcf<\xac\xb3\
\xf5-\xf7\x8dm\x83\x86\xb9\xfd\xeb\xa1}\xf9%\xcd\x02\
\x81IN\x1c\xbaw\x5c%\xfe\x01\xa1P\xd0b\xb5\xd9\
>\xac7Z\xc7\xed\xf6UT\xae\xe7\xf8\xd8\x00\x98W\
$\xd7\xe9\xb0\xf0O\xdaw\xbe\xf7}\xf4\xd4\x93O\xa1\
\xf3\x17/\xbfL\xb0\xb8\xf8E\x9dNkZ\xb5\xdb\x13\
\x1e\x8f{=\xe0\xf7\xdb\xc2\xa1\xd0\x13\xabv\xdb\x1d\xc0\
\x07\xde\x15\x0e\x07\xc6\xd9Z\x8dq\xbb]{\xc2\x7f(\
\x1aE?x\xf0At\xf6\xb9\xe7^\xb2\x22\x93~#\
\x16\x8bV\xb8\xd6> \xee\x80\x7f\x8cw\xf0\x00\x96\xdb\
\x1d\xff\xbfk1\xee\xb29\xdf\xa7\x84x\xc7\x09\xdd1\
\x06\x09o5\x92\xc6\x84\x05]\xa9d4\x1a\x1e\xb8p\
\xf9\xf2+\xe7\x81\x7f.\xcd\xcd\xd3\x1c\xfa\x84\x86\xdd\x1a\
\xf8gX\xccR\xec\xab\xd4j\xb2\xbf\xaf\xa8\xf0v\xfe\
\x1a7X\xee\xbd\xbd\xd6K\x1f\x84#\xe0\xde\xfe=;\
\xf7\xc7q3\x8f\x0f\xdd\x9f\x88\xc7b\x11\x93\xd1\xf0\xf7\
V\xa7}|m\xcd\x07\xbagb\xb8\xf6\xd1\xc6\xda\xdf\
\xd4\xf7\xe7\x16\x16`-\x13\xbd\xcd\xe1p.\x01\x96X\
\xdcc_\x18\x0fn\xcb\xef\x14\x08\xd6\xa7\xdeL\xbbL\
I\xcb\xbe\xd7+\x95j-\x10\x08jmV\xcb\xef\x87\
Rf\xc6\xbej\x03\x1d\xda\xb6\xef1\xc8\xe5r-\xca\
f\xb3h3\x93A\x1b\xb0\xee\x9f>~\x12\xbd\xec\xfa\
\xeb\xd1\xec\xd4\xe4-\x0b\x0b\xf3\xcfx\xbc\xde,\x9f\xf3\
\xbd\xe1s\xcd\xd6\x09C\xe263\x1b\x95\xb55\xafQ\
\xa9T}Q$Z\xb9^\xa9\xd4\xa2\xc7\x7f\xf8C$\
X\x10\x0ct}\xbb\xdd\x8e\x0c\x06\x03\xf5\x05>\x7f\xe6\
\xcc\xf5\xcb\xcb\xcb\xdf_u:6\x0b\x85\x22\xcd\xe1\xd2\
\x86\xfb\xf6<\x14\xf5\x1d\xf8\xafw\x89\xd9\xeb\xa4G\xf5\
\x8b\xe7\x1f\xd4>\xd5<=n\xb9\xcf\xb1\xfc^\x7f2\
\x11/h\xd5\x9aGg\xa6\xe6~fzz\x06\xcd\x00\
\xfe\x9b\xd8?\x08\xfc7\xe7/i2\xa9\xec\x1df\x93\
ES*\x91\xf8}\x5ck\xd4S\xe8\x13O\xb7\xa7=\
\xa9^\xb6\xba\xeea\x17\x5c\xd7lN\xdb\xed\x04\xcdX\
\x9eX,\xa9\xd5j>}\xe6\xf1\x87\xc6W\xa4\x12t\
\xfb\xed\x9f\x1e\xfa\xb8\xb15\x96\x12\xf1\xbf\x12\x8b%h\
aa\xe1\xadV\xabU\x00zt\xb5\xa1\xefw\xdb\xdb\
\xedd\xa3\xc3]\xb6\xacz\xe9\xb2\xb8\xbb\x09\xaa5&\
l\xb5R\xe5@\xf7\xb1\xeat\x86\xf7\x9f\xfb\xde\x0a\x8d\
\xd7\xcc\x11\x19r\x08\xbe\x22;\xf1\xbf\x1e\x0a\xa0t*\
Eu\xc8\x85\x05\xc1\xcf/\x0bE\x82T2I\xf2+\
\xb6\xefg7\xc4]\x1e\x8f\xc4\x1f!\x9e\x88guz\
\xdd\xbf^\xbet\xf1\xa52\x99d\xe0\x5c+6\x9b\x0d\
9\x1c\x0e\x14v'@\xce8\x8f\x8e\x9fx\xe6E\xd3\
SS\xffK\x22\x16O{=^\x17\xf0\xa3<\x89\xa9\
\x22y\xdc\x1a\x06\xab\xe6\x9a\xb6\xb36v\xcb\xa4\x8d\xdb\
}~q\xaf\x9a\xe1\x1cw\x85\xeb_\xa7IN\xc6\x88\
\x8b\xc6\xa2E\xd0\x1f\x1f\x03\x9d\xe9g\xce<w\x8e\xf0\
R&\xb3\xbeAp\xcf\x1c\x04\xfe\x89\x1d\x95\xc4\xf3|\
\xea\x8e\xdb\x91J\xa5|\xb7^\xa7\xd5\x17\x81w\xe2\xa6\
\xafao\xfc\xef\xc5\xae\xcaq\x03&\x5c\xed\xd9\x8f\xbb\
\xf9t7#\x0f0\x17\x8dFcR\xf9\xca\xed\xe1H\
\xf8\xd0\xa7>\xf5\xbfQ:\x99\x84u\xba~ \xf8\xcf\
g\xf3\xcc\x82@\x80$R\xe9\x9bA\xd7\x9d%9D\
\xa9\x8f\xee \xb5 \xb7k3\xdd\xd6\x17\xdc\xc3\x8f\xb9\
\x97\x0d\x80\xe5]\x00\xeb8\x10\x0c:\xf5Z\xe3\x1fZ\
LV\x1a7L\xf5\xfd\x12\xe8\x91C\xc8\x0d\xd0\x8e\xff\
\x1c\xe0\xdf\xe3u3\x7f\xf0G\xbf\x8b&&/\xdf,\
\x11\x89\x963\x99\x0d\xbc\x03o\xed>\x8f\xf5\xa6\xfeF\
^\x1c\xf0\x8d\x82\xc5l\xfe\xcc\x13?\xfa\xe1\xb8d\x8f\
~-\x82\xb9\x05d\x92\xabI\x1d0t\xef\x97\xbfL\
\xe4\x81\xc3S\x93So\x07\x9e|\xb7Z\xa3\xf9\x91\xcb\
\xed\x9e\x8f\x84\xc3\x8ep8X\x06\x1d\x81\xdb\xd8X\xe7\
\xca\xa5R\xbb\xf7Z\xc3\xd5\x96w\xb7\xc5}\xeb\xf3\xed\
i\xce\xe3\xeeN\x06\x0d\xa6\x04\xd8\x8fD\xc29\xc0\xe0\
\xf7Afz\xd5\x0f\x1f}\x84\xf8g3\xf9\x8dM\xd4\
\xc0\xff\xd0\xd7\x7f\x93\xc5\x8a<\xfe :\xff\xdci\x04\
c\xf4?\xec\xab\xf6\x15\x98\x1b|N\x5c\x8ew:\xc2\
\x18\x0f\xbe\xdf\x8e\xf7\xb5\xd7\xb7\xd7\xba&\xdb\xc4\xe2f\
\xcd\xb0x<\x16_\x91+>\xb5\x91\xd9\x18S\xa8T\
(\x14\x0e\xd3|'\xd5\x03\x88\x87\xba\xff\x07\x8f\xa2\xd3\
g\xce\xa2\xa5%\xe1\x9bm\xb6\xd5g\xb3\xd9\x1c\xf1\xc3\
\xaf5j\x94\xd4\xb8\xcey\xe5p?\xdb\xf2\x00\xc6\x91\
\x81\xe6!\x89mJ$\x92n\xbb\xc3\xf1'2\x85r\
\x1c\xd6\xdd\xb1J\xb5\x0c\xf8/\x10B\x84\x86\x86\xffl\
\x0e}\xf0\xfd\xbf\x89\x9ez\xeaG\xe8\xe4\xa9\x13oX\
Z\x12\x5cJ\xa5\x92\xb5\xed\xbav+L\x047d\xf0\
:\xd7\xc0>\xdb\x88\x1e\x8bF\x22\x01\x9dFCs\xad\
\x92\xfdgB{m\xd3S\xd3h~n\x0e]\xbe4\
\x81\xe6\xe7\xe7\xf9\xbd\x02\xe1\xf2k\xe1\xdf\xbf955\
\xf9q\xa1h\xf9\x8b\x16\xb3\xe9\xff\xba=\xee\xb3\x1e\xb7\
\xdb\x1b\xf0\xfb\xb3 \xa3\xd4\xe090\xe8$T\x80\xe4\
\xba\xe7\xfb\xe8\xaf\xf5\x0f\x92w|k\xcb\x8f\x1a\x87a\
\xcd*(U\xcao\x0b\x96\x97_9\x07\xf7\x9cJ'\
\x99\xf5\x8duBC\x99\xab\x85\x5c\x96\x12\x19W\x92\x13\
\x82\xd8{,6;\xfd\xb7hy\xf1\xd7\xadV\xb3\xbc\
\x81}\xfee4^\x08\x8b\xfb\xae3=\xe3*\xaf\xb0\
\xc6\xf2\x9embu*\xf3G\x93*\xb5\xf23\xab6\
\x05\x93\xcel\xa2\xc2\x90\xf3\x9c\x82\x12M\x89\x8c\x99`\
a\x1ait:\xa4Tk\x7f\x0e\xe6\xd1\xb9\xcd\xcd\xcd\
*\xcd?Kk\x95q\xb5\x1d\xf2\xff\x1euD\xdco\
p\xfa\x9e\x97`?\x9dZw:\x9d\xae\xbf\xb803\
Eb\x9a)\xdeiN\x90.\xf9\x03\xaf\x18\xffY\x9e\
.^8\x0f\x98\xbb\xf8*\x90\xdfO\xc7\xa2\x11\x9aG\
\xb1\x0d:l[m\x1e\xdc\xdcE\xc2[\xf1\x18t\xc2\
\x95+\xe5\xaaF\xa5\xfa\x16\xe8\xf2\x87\xae\x14\xff\xedm\
E&E++R$[\x91\xa1\x99\x99Y4G|\
\x06\x17\x05hV\xafgffg^=3=\xfd.\
\xa9Xr\xab\xddn\xfd\x90\xcb\xe5\xba\xddb\xb1<e\
\xd0\x1b4f\x93\xc9\xebt9R\x9b\xd9\xcd\x5c\xa5R\
)\xd6j\xb5\x0a\xc8\x905jWfq\xad!\x1fW\
a\xcd\xa9\xb2\xf4\x93LA>w4\xaf\xd7t\xacK\
\xd3\xb45l\xc5)\xc0oR\xa9DN\xa5T<4\
57\xf9\xca9\xc1\x02\xb2\xda\xach#\xb3\x8e\x08\xf6\
\x87\x8d\xff<\xc8\x0f0\x07\x18\x98\x0b\xcc\xe7?\xff\x19\
$\x11\x89\x7f\xc1\xa8\xd7)Av\xe3\xda\xfd\x97\xb7,\
T\xb8\xf3^)\xee?\x97\xbb\xf8_\x0f\xba\x7f\xd0]\
\x9e\xda\x8a\x8d\xe0\x95}\x96\xadF\x22\x91\x18\xe8M\x9f\
\xb6\xe8\xcd\x87\xc8\xf3\x16an\x17\x87\x88\x7fR\x1f\xa9\
^\xae\xb6\xf0/\x95\x88\x90R!\xbb\x05d\xb6g+\
\xd5J\xd3\xbf~\x0fu_1\xee\x11;\xde\xc7\xd4\xbf\
K\xecb\x9b\xf1\x81\xe4x\xb2\xef\x10\x8d\xc4V\xbd\x1e\
\xff\x9f\x8a\xc4\x92Cj\xad\x0e\x15\x8a%\xa6\x5c\xdc\xe4\
\xf3\x025r\x84\x95\x86\xa4\xff\x83\xcc\x8e\x9e9\xf9\x0c\
z\xec\xf1\x1f\xfe\x94@\xb0\xf4-P\xbf\xaa\xfc\xba\xce\
b\xbc\xdb\x17\x9b\xdb\xe2\x01\xed.\xf3\xfc\xff\x80o\xe1\
U\xbb}F!_9Bl\xb6\xfb\xc5\xff.{\xa1\
\xd3F\xc9d1\x83\xce&A\xc2\xe5e\xa4\x90\xc9Q\
,\x1aD\xf7\xdd\xf7\xb5\xf1\xd3\xa7\x9e{\xe9\xd93\xe7\
_5yy\xe2u\xc03~\xceb\xb5\xdcj\xd0\xeb\
\xef\x04:\x0b\xba\xb2t\xcd\xb7fN$\x13\xfe\xcdl\
6\x93\xcf\xe5j\xc4\xef\x08\xf8\x03\xad\x1fA\xf8\x01<\
P\x99\xca~|\x9cv\xbd\xc1\xdb\xa8=\x08S{\x1a\
\xf9\x0d\xbf6\x90\x94\x0f\xf1X4\xab\xd3\xeb\xbf1;\
;\xf3\x8a%\x89\x10\x9d\x9f\xb8@\xb1Oh\x98\xad\x89\
\x7f &\x03r\xc5\xab\xaf\xbb\x0eI\xa5\xd2_4\xe9\
\x0d\x8aR\xa1Xo\xb3\x91v4Xs\xfds\xe9\xed\
\xc1_\x02w\xb3\xe7\xf5\xc8\xbf\x80\xdb\xe3\x0cqk\xc7\
\x04\xb0\x1f\x8dF\xe2r\x99\xec\xf6\x87\xfe\xf3Afy\
i\x09\x81,w0\xf8/r\xa8V.\x8f}\xe2\xb6\
\x8f\xc2\xd8In\xb1\xdb\xac\x97\x1b\xf9\xcd{\xc5\x22\xf5\
\xabI2h\xcdxn\xd7\xfb\xd9:\xa2\xa1Cs\x80\
\xfc:N$SN\xaf\xd7\xfb\x01\xad\xc9>n\xb5\xad\
\x22\x93\xc9\xd2\x8amj\xc7\xfe~\xf0Or\x07\x10:\
q\xe2$:}\xea4:\xf7\xdc\xb3\xd7\x8a\xc5\xe2\x7f\
\x8d\x84\xa3Y\x02\x85-v8pM'\xcc\xbb\xbc\xb0\
\x5c\xc0\xef\x13Z-\xe6k\xecv\xdb\xd0\xf1\xbf\xb3y\
\xe1\xfc\xa0\x03\xa0H(H\xf9\xfa\xef\xfc\xee\x07\xe8\xf7\
\x22\xa1\x10-./\xa2\x7f\xfa\xe7\x7ffN>}b\
|nv\xf6\x1a\x89Lz\xc4d2\xbd\xcch4\xbd\
C,\x96\xde\x01\xbfyT\xab\xd7\x9e\xf3x\xd7\x96\x81\
\xe7\xd9c\xb1X&\x91H\xd4\x807p\x85B\x91\xd6\
\x9aj\xb0\xc0:\x95\x19\x9a\xf2\x00\xbc,\x18{.\x10\
\x0e\xa6\xb4Z\xed\xd7\xe7f\xe7^!\x16.\xa3\xd9\xd9\
\xb9\x03{\xcel&\x83\x8a\xd9,\xfd\xfb\xf8\x93?B\
K\x8b\x8b\xbfh0\x18D\x85|\xb1!\xcb\xf4\xb5u\
t\xf5O\xee!\xd3c<\x98\xedow\xba\xf6\xee\xf9\
\x82\xd9-\x86\x00zS$\x92\x5c^\x14|>\x14\xf2\
3\x1f\xff\xe8_\xa2tz\x9d\xc6,\x15K%J\xfb\
\x97\xf9\xd9\x06\xd5\xd1\xe6z\x86\x99\x9e\xba\x8cV\xa4\x92\
7\xdb\xac\xb6s\x1b\xeb\xeb%\xca\xd3\xfbK1;m\
\xf2\x5c\x9f\xbd\xbbA\xf7O\xdb\xfdW\xd8j\xad\x86\xe3\
\xf1\x84\xd7\xe1t\xfe\x09\xc8\xb3\xe3\xed\xfb:\xfbi\xc4\
W\xb2\x9d\x8a\xb9\x22*oVP<\x16\xa3\xf2\xf4S\
\xc7\x9f>\xa2Vk\xbe\x10\x89\xc6Ru\x96\xc5\xdbZ\
\xff\x9a\x0b\xed\xf2\x10\xad\xe5\xea\xf7\xfb\x16,\x16\xe35\
 \x8f#B\x07\xd9<\x0d\xfc\x13\xf2y\xbc\xc8\xef\xf3\
S\xf2y\x89\x1f\x92\x0f\xf9\x83\x01\xc6O>\x81\x5c.\
'\xf0R\x13R(T\xf0\xdc\x0b4\xd7\xbd\xd7\xed\x1d\
\x03\xfd\xe1\x95\x82\xf9\x85_\x9b\x9e\x99\xfa\xa4pq\xe9\
\x1e\x9b\xcd\xf6\x1fn\xb7\xf7\xf1@ 0\x1b\x8eD\xcd\
\xe1p$\x09\x9f\xe5H$\x8aC\xfe\x00\xeb\xf3\xfa\x8a\
\xa0\x98\xad,\x8bD\x9f\x14\x8b\x97\xae[\x5c\x5c@\xe7\
\xcf\x9d?\xd0\xe7\xdc\xdc\xd8@\x89h\x04}\xe5+w\
\xa3\x89\x89\x8bo\xd3j5\xa2F]\x9e\x1ao\xe6\xdf\
\x97\xdbY\xa7\xdc\x1e\x83\xf0}\xdc\xcf/j\x17/\xd9\
J{\xce\xc6\xe3\xb1\x9cB\xa9\xf8\x87dz}<\x9f\
\xcf\xd2x\xc5&\xee\x87\x8d\xffJ\xb1\xca\x90})\x99\
T|\xcb\xaa\xcdvv3\xb3Y!\xeb-n\xad\xc9\
\xb8\xab\x14?\xb8\x0f/\x1e\xd4\x96\xbcc\x8f\x9fb\x9f\
\x8d\xc5\x13\x1e\xab}\xf5c\x8bb\x11\xd5\xf7\xf9Z\x0f\
\xd5\xa1\xe3\xbf\x90+\xa1B\xb6\x80\x9e\x82u\xe4\xec\xd9\
g\xaf5\x1b\xcd\x9fM&SA\xdel\xb6\xdd\xa7\xae\
\x83\x0f2\xee\x92k\x97\xbe\xd3Z\xb5\xc6:\x1c\xab\x17\
\x14\x0a\xf9\xe1\xff\x0e\xfcwkk\x1e\x0f\x8f\xff\x80\x1f\
5\xf1O\xa8Qw\x84\xd6\x1e\xf1\xaf\x91\x1a\xa4\x11f\
I\xb0H\xed\x8d\xb3s3hq~\x1e\x1d\xff\xf6c\
\x8c@ \xf8)\xc1\xc2\xc2MKB\xe1\xbbD\x12\xe9\
\xfb\xa5r\xf9\x9f\xab\xd4\xea\xbf]\x11K\xfebI0\
\xff!\xd1\xb2\xf0\x17\xc9>\xec\x82`\x16\xad\xae\xda\x11\
\xacc\x08\xf8\xde\x81<\x0b\xf1\xad^\xb5;\xd1#\x0f\
=\x80f\xa6\xa7\xdf\xa2Q\xabDY^\xdf\xaf\xf1\x9e\
\x87\xad\xb4I\xbdc\xa5;\x961\x1c(\xef\xe6^\xf6\
\x0c{\xac\x83\xcd\xf8\x15\x0e\xc7\x13\x89\x9c\xc1h\xf8\x92\
\xcb\xe9:\xf2\xaf_\xffz+\x8f>\x17\xa9\xd2|\xd8\
\xc3\xc2\x7fs\x0d\xfd\xc4g\xfe\x16\x89\xc4\xa2\x9b\xed6\
\xdb\xe9L&S\xe6\xdarM\xf4\x17u\xfa\xda\xec\x06\
\xabu\xb8\xe3\x98f'\xf1\xe7\x8f\xc5c\xeeU\xa7\xe3\
6\xc9\xd2\x02\xcd[\x5c.\x95\x98a\xe5\x82h\xc7~\
6S\xa6\xf8'sW0?w\x8d\xc9h\xfcT2\
\x91\x88\x13{1\xb7U\xef\x81\xc5\x9dC\xebw\xe5\xd9\
\xdf\xb1p\xe0b\xb1X3\x9bL\xdfY\x5cX8\xf4\
\xe3\xc4\x7f\xb3\xb5c\x9fR\xc0\xdb\xa2H0Id\x05\
\xc6\xb7\xe6e\x02\xc10\x0a\x86\x22hnb\x02=\xf9\
\xe8#\xcdy\xc3\xa0\x17_\x87\x16\x85\x22$W\xab\x91\
J\xa1@\xa2\x85\x05\xf4\x228\xef\xbf\xdf\xfbUT\x81\
\xf9\x19\x0c\x04\xc6\x80\x98P08\x14\xfcG\xa3\xd1\x16\
%\x80\xa7P\xbbo&\x87\x1ey\xfca\xe2S\xf5F\
\xb5J-\xc8g\xb3,\xd7H\x1eE\xf3\xca\x91\x8d3\
\xb6_<}\xcbA\x02w\xb4\xe1\xe1\xdd\xf9\xcc\xfbc\
|KV\xe8\x10K\xd4\xa9\x5c\x1b\xb1\xa5p\xe9t*\
g\xb1\x98\x8fi\xf5\x96#\xcf\x80\xeeI\xd7:\x92\xef\
\xbe\xc8\xe7\xbam\xe4\xbb\xdc7\xfe\x89\xad,\x9b\xddD\
\xe1p\x88\xe4Xy\xad\xc7\xe5\xfean3[\x86[\
\xa8\xb6\xf9\x99\xb3\x1d\xd6\xbc\x9ex\xed\xe0\xcb\xb7\x93\xab\
\xf6\x0b\x9dh\xc1\x88\x18\x9d\xd3\xeb\x1b\xc1U\xe7\xeaG\
56\x13\xb5}\x16\x8a\x05\x86\xe0\xbf4\x04\xfe\xd7\xc4\
?\xcd!\x0e\x9ft\xbfH$Dz\xb5z\xdcb2\
\xfdY$\x1c&u\xf7\xb6r,\xb4Y\x8e\x1bs\xa2\
\x1f\x7fk71\xe1\x8dt\xbah1\x9b?63;\
;F\xfcz\x08]M\xcd\x1fX\xdb\x22\xd0\x13b\xd1\
u\x04\xf8G\x14\xff\xe1(\xc8\x0c\x01\xf8w\x80\xe8\x0d\
\xf0]\x10\x08\xf4\x07\xbf\x8f)\x92\xbd\xb7z\x0d\xe4\x06\
\x90!|\xbeq\xd0\x0d\xc6|D\xb6 \x04\xfd\x04\xfb\
\xc3\xc6\x7f`m\x8d\xbe\xaf\xe9\xe9i415\xf1K\
&\x83a\xaaX\xcc\xd7\x1b>\x0e\xbc\x81\x96\xc5\xf5m\
\x9b\xfcxp\xe5~\xef\xe1\x0f}w\xba:\xe7L\xc4\
\x8d\xdc\x1d,[O\xa5\x92i\xd0\xaf\xeev\xb9]G\
.^\xbe\x8c\x92\xe9tK\xc7\x85y\xdf$\xa6p\x85\
{\xdb$wZ\x93\xe4r\x15\xe8zj\x14\x0c\x06^\
\x0f\xf2\xd9\x0f\x0a\x85B\xb9\x11\xcb\xb33\x96\xa4\xd7\x83\
\xf5Kz\xbc\xe7\xbc\x06\x8d\xf5\x95%\xf6\xa5t2\xe5\
\x81\xf6\xb7n\x8f\xeb\x88\xd5a\xa79F\x0b\xb0\xee\x03\
1\x85!\xad\xff\x95R\x05\xe6.Gm\xfdd\xac\xcb\
\x1b\x1c2[l\x7f\x10\x89D\xdcu\xe2\xbc\xd7\xdc\xeb\
\xc4=\xed6\xdb\xf7nv\xc6\xbb62\xc7\x06\x83\xc1\
\x8c\xc1`|\xcf\x87~\xfb\x03\x80};\xa5\xab\xb5\x11\
\xdco#\x82\xfd\x1d\xf8\x871B\xf1D\x9c\xe4+\xa7\
\xe4\xf5\xb8Q4\x16C\x19\xd0\xcbB\xc1\x10Y\xffA\
\x8e\x08\x83\x8c\xee\x1f:\xfe\xb5\x1a5\x9a\x9a\x9cAR\
\x91\xe4\x1d\x06\x83A\x0ek\xd9N{=\xde\xb17\xb9\
3g\x19\xee\xb0Vs\x83\xc9\xea{\x8a\xe9oN\x0e\
v+\xef\xd1\xd6\xee#\xe1R\xa4\x1c'\xac51\x8d\
Ju{$\x12\xe6\xf7\xb3\x89LJ\xd6\xfb2\xbf\xce\
U\x8b\xe5m\xb4\x1f\xfc\x17\xf2y\x86\xc8\x9e>\x9f\xff\
\xe6D2\xf1t\x8d&:\xc5\x83\xe4\x96\x194^\xa7\
W\x1d\xc2N\xbc\xb6\x99\xcf\x8c\xc4\xf3\xc0\xed\xd4\xb8h\
$j\xb1Z\xec\x7f\xac7\x9a\xc6\xadV;\x92\xaeH\
`,@\xe7/\x95\x11[(P\x1aF\xcb\x17\xf2\x88\
\xe4\x05\xab\xb3u\xea;l2\x9a\x7f'\x14\x8aX\x88\
\xde\xd1\xf4_\xe7z\xe6_\xedZZ\xab\x99\x97\x88\xe5\
m\xe3\xb8\xeep8\xc3R\xe9\xca\x9b\x95\x0a\x15`\xdf\
Mi\xd4\xf6\x88\xffH\x14\xe4\x92\x18ZYQ \xb3\
\xc9\xfc\xcb\x1e\xb7[\xc9\xc7^t\x8c\x7f\xdc\x99g\xb6\
M\xda\xdf.\x9f\xe1]\xbe\xea\xfdlS\x03\xfbM\xb6\
\xf1\x98\xc6\x9e1\xde\xd2\xf5\xc9\x1e*\xf0\xc7\xa4B&\
\xbbC\xa9\x90\x8fQy\xbfT\xa5\xd8'4\x94\x18\xa8\
\xb6Z\x19l\xb5\x86\xd4\x1a-2\x9b-\xb7\x84\xc3\xe1\
\x93\x85b\xb14`\xee\x98^\xb9\x22\x07\xb5\xe9q\xdd\
\xf7\x07\x00#0<\x04w\x89x\xc2n\xb7\xd9\xfe\xe7\
\x1b~\xfe\xf5\x8cV\xabE\x04\xffC\xdb+n\xd5\x0a\
\xe1\xe5\xa9<\xf0\x11\x05_G\x921\x99\xcd\xb7\x86B\
a\x13\x89)h8\x8am\xabY\x85{\xfa9v\xc9\
\xc3\x81\xe9s\x11\xdb\x7f\xdd\xb1\xea\xd0//\x09_\xad\
\x90+G`\xbe\xc2\x16\x09G\x90p~\x01)\xa4\xb2\
\x97;\xed\xab\x97\x1ay{*[9\x12q+\xcft\
\xe3}\xd5\xdbb\xa3Z\xb8\xc7\xbbu\xda\xfd\xe4\xf2\xeb\
Y\xcfh\xcbt\x80\x9b5\x8d\xf8\x89\x01\xff\x0f\x86B\
I\xb1Px\xc7\x97\xef\xb8clnz\x0a\xd6}\xbe\
>&\xa1a5\x82}\x92\xa7\x13\x16V\xc6\xa47!\
\xb3\xc1\xf4&\xbf/p6\x9f/\x94Y\xdc\x96\xaf\x0f\
\xf7\xcbz\xd0k\x7f\x03\xe3+\x94\x15ZI\x0c\xeb\xb5\
:\x97\x8c'\xdd\xc0\x9b\xfe\xf8\xec\x85g)/\x04\x9d\
\x19\xf8Vq\xe8\xf8/\xe6h\x8d\x10Z;dnr\
\x0e\x91\xdc\xaf\x81@PS\xadU\x9bQ\xea\xcd\xfc\xaa\
\x9dr\xb2\xf4\xd3\x7f\xda\xfd\x82I\xea\xf3z\xa5Z\xc6\
.\x87\xf3\xe4\xfc\xf4\xdcK\x95r\xc5\x08\xc8\xfb\xc0\xbf\
Q\xa7G:\x95\xfa\x88\xc5b\xb9=\x14\x0e{7\xb3\
\xd9:\xb1\xf9\x93x~\xe2c\xd5\xe6\x8b\xd8\xc8K\x83\
[\xbe\xd8\xb8\xddq\xabs\xfc\x13\xdb!\xf6\x0c\x0f \
\x16\xe3\xceq\x83[\xf1V\x8d8\xc8\x86?[\x1d\xc7\
\xa2\x91\x98T,\xf9\xd4\xdf\x7f\xe9\x1e\xe6k\xf7\xde\x8b\
l\x16+\xa2\xb1+\x07\x80\xffb\xbe\xc0\x9c={\x19\
\xe9M\xa67x\xbd\xbe3\x04\xfb\xbc\x1f/\xb5\xf5\xf7\
\x0a{\xdc\x17\xae\xb9\xeeA|\xbb\xfc\xf9\x93\x89\xa4\xd3\
b\xb6\xfe\x99T\x22\xa6u\x8a\x8a\xc5<S\xa9\x81\xdc\
R\x18>\xfe\x09?\xdc\xdc\xc8\x8c\xfd\xe9\xc7\xfe\x92\xd4\
x{[ \x18\xd0\x93\x98\xdam\x01W]r<\xe1\
\xfe\xcf\xdd\x16\x0b\xcd\xcb\xfe\xb9\x5c\x96\xf5z=_x\
\xf6\xe4\xb3\x87t \x7f\x8d\xda>\xf6/}k\xa0\x07\
\x84\xc7,V\xfb\x91\xa5e\xe1\x07\x96\xc5\x92o\xcbV\
\xe4\xc7\xdd.\xd7\xb2\xdf\xe7sD\xc2\xc1|4\x12\xe1\
666\xb8j\xb5\xb2\x8d'7\x84\xf0\xb6z#\x18\
\xb7\x07G\xf6\xb4\xe3\xe2]~~\xbd\xea!\xe2]\xf1\
\xfb\xbc\x1f8)\xcd\x81\xa3\xa0\xc8\x88\xa5\xd2O\xea\xa5\
2\x86\xd4\xb32\x18\x8c(\x97\xcb\xb7\xb0?L\xfcO\
\xcc\xcd\xa2%\x91\x08i4\xba\xd7\xb8=\xde'\x81_\
R\xec7\xfc\xd4\xebx\xf0\x98\xa5^1\xfb\x03\x1aP\
\xf1\xb6\xfds\xde\xa7\xb7\xce\xa5R)\x17\xc8\xc7\x1f\x11\
.\x8a\x0e\x01\x0e\xc7J\xa5\xd2!\xea\xcb]\xcb\xa2R\
\xb90T\xfc\x972Y\x14\x8fD\x99\x1f=\xf9\x04\x9a\
\x99\x9b{\xbb\xc3\xe1\x90\xf0&\x90v\xf7\xf0\xaey\xde\
\x07\xcd\x09\xc3R\xb3./v\xd6\xe3\xf1x\xc5d\xb6\
|\x90\xe8\xfc\x16\xabe\x04\xe2\xfd\xe0\xdf\xeb%\xc4\xac\
\xa8\x0chqi\x19]\xb8<\x89b\xc1\xe0\xf8\xdc\xec\
\xfc\x1b&''~sz\xf2\xf2\xdf\x08\xe6\xe7\xfe\xd1\
h4|\xc3\xedr^^\xb5\xdb\xfdn\xa7\x83\x8bF\
\xc3\x98\xc4lV\xca\x15\xdc(\xa7\x82\xb9v\x03-n\
\xfd\xc9a\xdc\x15\xd3\xfd\xf6\xc1q\x07\xff\xc0f\x8c\x08\
1)\xd7A\xef\x8e(\xe4\xf2\x8f\x13\xf9\xf6\xab\xff\xf6\
\x1f(\x9dN\xee\xdf\x8e\x95/n\xa3R\x81\x97#n\
\xbf\xfd\xef\x90\xc1dB:\x83\xe1\xd5.\xf7\xda\x03\x99\
\xccf\x81\xe5\xfd5\xeb\xad\x98\xd0.\xf5\xdc0\x1e(\
\x98\xa7\x13\x7f\xec\xe4\x13\xd8\x1e\xf3\xdb\xfa\xa6V\xad\x91\
u\xdf\xe6t\xb9\xfexb\xe2<\xcd\xd7W&\xf5~\
\x09\xf6K\x05B\x88\xd0\x95\xb4b!\xd7\xa2J\xb9D\
\x09\xe4 \xda'\x5c^Bs\xb33o2\x99\x8c\xb3\
\xb9\xec&\xad7\xd4T\xca\x1a,`k\xad\x18,\xbe\
\x09\xef\x0c~\xe3\x1a\xd9\x88\x89x\x13\x0c\x06#b\xb1\
\xf8\xbd\x0a\x85\x029\x1c\xab#\x10\xef\x1f\xff\x94H>\
%\x1f\xa9\x97\x9e\x883\x02\xc1\x12\xf5\xd9\x9c\x9b\x9dF\
K\x0b\xf3\xe8\xfc\xf9K\x87\x9e9y\xeau\xa7N\x9c\
x\xcf\xdc\xf4\xe4\x1f\xe9\xb4\xea\xbf\xb0\xd9\xacw:\x9d\
\xae\x87\xec\x16\xab\xd0l2\xf9\x02\xfe@ns3S\
\x049\xa1\x0a\xba\x1f\xa8\xa0D\x0a\xac\xd7\x1b5\x17\xc9\
\xa2P\x85\x17X\xa5z2\x8d\x7fm\xc5\xbe\xed\xccu\
\x87;\xd8\xbe[\xfc\x05\xceI\x14\xcbR<\x1eKh\
\xd4\xea\xdb\xff\xea#\x9fb\x96\x81w\x0d\xab\xb5a\x9f\
i\xe2\x9f\xf0\x97\xe3O\xfe\x10\xc9\xe5+?\x1d\x89\x84\
\xbeY\xc8\x17JmA\xaa\xfb\xa9\xd5\xba\xe7\xf8\xc6F\
a\xd2mv\xd9J\xa5\xc2\x82\xbc\xb6\xba\xe6^\xfb\xc3\
P 0Fbm\xe0\x1e[\xf5\xbd\xc9s\x14\x1a4\
$\xfc3\xa5B\xf1\xd0\xa7>\xfd\x19\xb2\xcf\x7f\x93\xcb\
\xe5<],\x16jm\xb1l\x5c\x07\xd9mo\xcf\xbc\
\x15W\xc6R\xffi\x12\xfc\x0e_\xae\xf9}\xca\x0b\x97\
.\xbfE\xb0\xb4D}\xe2FmH\xfb\x94<\xfe\xb7\
\xf91i\xd4Z\xe4q\xf9\x90|EN\xfd\x03.\x9d\
?\x8ff&.\xa25\x97\x15\x1d?q\xf2\xf0\xa5\x89\
K\xd7]<\x7f\xe1g&&.\xbfA\xaf\xd7\xbf\xd3\
h\xd0\x7fT\xaeXyD\xa1\x94/\x9a\xcdf\x03\x9c\
\xcf\x93L\xc4\xd3\xeb\xeb\xe9*\xac\x0dl\xa1P\xc4\xa4\
\xaeM\x9d\x14\x98\xe1pe\xcb\xae\xc05\xd7\xd0f\xdd\
\xedf\x9d\x96\xdd9\xfb0[M\xc4\x13Q\xc0\xfe\x17\
\x14\x8a\x95\xc3R\xa9\x14=\xf0\xc0\x83(\x9d\x5c\xa74\
\xcc\xf5\xbf\x98\xdb\xca\x9f\xb8\xb8$x\xad\xddn\x7fp\
3\xb3Y\xbc\x02\xdc\xe2~qN]\xd4\xe3\x0e{)\
M?L:N$_\x1f\xf6\xae\xf9\x5c\x16\x8b\xe5\x0f\
]\xbe\xc0\x98\xd7\xbb\x86\xdc.7*\x97\xca\x94\x0a\xc4\
\x17\xb7\x8d\xf6\x81\x7f\x86|\x96@\x16\xcaf\xb34\x07\
\xdc\xc4\xc4\xd4M\xb0\x0eL\x00\xf6+[iD\xfb\xd6\
V\xec\xe9\xab\xd4A-\xa2\xf2\x1eY7Hn\xc2@\
 \xf0\xf0\xf1\xe3O]\xb7\x04\xf8\xf7\xba=#\xe0\xfe\
75\x97\xcbC\xfd\x15\x82\xe1\x10\x8d\x9dk\xfa\xbc\x8a\
\x96\x97\x91`a\x01\xb9l^\xf4\xf8\xe3\x8f\x8f\x1d\x7f\
\xfa\xa9\xc3\xe7.\x9c=\x22\x91\x8a\xaf\xd5\xeb\xf4o\x14\
-\x0bo\x9b\x9e\x98\xf8\xce\xfc\xcc\xeci\xa5B1\xe3\
r9d\x91H\xc4\x0bz\x5c\x0e\xf8\x02G\xe2\xa0\xaa\
|\x9d\xbb\xd6\xbb\xde\xb6\xd7\xc0\xd7l\xa5\xdf\x93\xfcL\
\xa1P(&\x97I\xff\x8fV\xa99\xacV\xd0\xfd\xa6\
\x16\xf6\x87\x81\xff\x02\xb1g\xf3\xc4\xa4\x12\x09\x86\xf8k\
OMM\xbc\xd1h4>\x91\xd9\xc8\x14\x1a1\xfb]\
\xf2\x1a`\xee\x0as\x18\x0d\xe0\xf7\xbf\xeb\xbcl\xb5R\
\xc6n\xef\x9a\xc3`0~(\xe8[;D\xf6%j\
C\xa8O\xb2\x93g\xe4\xf3\xb9\x16\xfd\xe3\xd1\xa3\xe8\x91\
\x1f\xfc\x00\x9d;\x7f\xe1\x16\x9d\xcex9\x0f\xeb>\xdb\
.\xed\xf7\xde\xdb\xc5\x03\xee\x81\xe2\x1d!\x9dD\xf8\xaf\
md2\x9c\xcdj\xbd+\x9eH\x90\xfc\xa9#\xfc\xff\
77\x82\x7f\xca\x03\x82A\x14\x0a\x85yr\x00E(\
1\xa1\x10\xf9>\x88\xf4z-\xb2\xaf\x9a\x10\xe0\x1f=\
\xf5\xc4\x93\x08\xf4\x06t\xea\xf8I\x22_\xbc\x08d\xe8\
\x1b\xa7g\xa6\xde?;5\xf9\xd9\x95\x15\xd9\xbf\x9a\xcc\
\xe6\xef\xc3\xf9.\x84B\x017\xe8\xf3\xc5D\x22\x81I\
\x9e\x01\x92\xf7\x91\x88|\x98\xaf][\xcb\xe6ru\x87\
\xd3i\x15\x0aE\x9f\xd0huc\xa9T\x92I'S\
\x88\xa7\xe1\xe2?\x0f\x94\xcb\xe6\xc6\x1f|\xf8A49\
5q\xb3\xc1\xa0\x7ffc}\xa3\xdc\x88\xcdf\xb9\xee\
y \xf7 \xe3\xe3\xbd\xe8\x05\xbb\xea\x92\x93\xb5\xd0\xef\
\xf7{M&\xf3\x9f*\xd5&\xba\xc7\xb7\x9f5~\x10\
\xfc\x87\xa3a453\x8d\xce\x9e;\xf7\xf3z\xbda\
2_(\xb6\xe5\xec\xea\xb7u\xb9\xa7\xba\xeb\xedv\x00\
\x96r\x17>G{U\xbe\x22\xf9\xa4R.Ck\x1e\
\xef\x08\xffWAk`\x9f\xa7\x06\xfe\xfdA?\xe5\x0d\
\xc1P\x08\x01\xa6\x19\xb2\xd7\xb8\x16\xcc\xa2\x0b\xcf=\x82\
\x14J\x05\x8d\x81\x22{\xf4\x8b\x0b\xf3H,Y\x1e\x9b\
\x9c\x9c|\xf5\xd4\xd4\xe4\xfb\x84\x22\xd1\x87\x0cz\xfd\xdf\
x\xbd\x9e{\x02\x81\xe0c\xc1@@\xea][K8\
VW\xe3\x16\xb3\xf5\x11\x89X\xf6\xbe\xa6\xdc\x91J&\
\x0e\x04\xff\xd4\x8f\x15\xce\xff{\xbf\xf7\x01\xb4(Xz\
\xbd\xc9h:\xbe\xbe\xbe\xde\xc0>\x9f\x8b\xae\xd3\x1a\x86\
\x87_\xf7\xa1\xab\x1fP\xadV\xc3 \x07\xafi\xb4\xda\
\x8fiuZR\x9f\x90\xc9\xe6\xb3\x07\x87\xffl\x96\xfa\
\x0e\x98\xad\x16\xa47\x1ant{<\xcf\xe5sy\xcc\
u\x08\xc8\xde\x83\xbd\xa3W,\xc46\xfc\xb34k\x1b\
\xc9\xdb\x16\x8f,-.\xfe\x11\xc9\xc7\xe1\xf5\xb8(\x8d\
\xda\xd5('\xf8\x9b\xc4\x04(\x0f\x88\x00/\x88R\x0a\
\x05\x82\x94\xd6\xd6\xd6\x90\xc7\xebA_\xfb\xafo\xd1c\
N\x9c|\x1aI$\x12\xb4j\xb6\xa2\xf3S\x13\x87`\
\x9d\xbfA)W\xbeA\xa9T\xbf]\xb8\xb4\xfc\xb6\x0b\
g\xcf_Ob(\xdb\xf0\x8f\xb6\xf0\x9f\x1a\x8e\x8e\xe3\
p!\xab\xc5\x8aV\xe4+H$\x14\xbd\xdcb\xb6|\
?\x95J\x13\xdf\x9e\xf6\xfc\xcf\xb8O\xee\x81~{\x5c\
]\xfc_;\xfa\xff\xec\xb2\x83\x12\xbf\xbex4\xee3\
\x9b-\x7f)\x92\xc9\x0e?\xf3\xdc\xb3(\x9b\xdfdr\
\xa5,\xac\xd1\xc3\xd9\xdf+\xe6\xf3[T,\xa0\xa7\xce\
\x9cF\x1a\xa3\x01\x09\x85\xc2Wx\xbd\xde\x87\xcb\xe5J\
\xb9\xe5\x7f\xdd\x12\xd1\xf1N\xbf\xbe\x1e\xbc\x0cw.d\
\xbds\xdc\xf8\xf3S\x9f?\xe2O\x14\x09\x87\xe4\x0b\xf3\
\xf3o\x1d\xe1\xffy\x83\x7f*\x03\xf0\x14\xa5\xb1\x0cM\
\xfc\x13\x82\xf7\xd9\xa00\x8aF\x81G\xf8\xfdL$\x14\
f\xca\xf9\x22\xc3ru\xe6s\x7f\xf79\x04\xf8G\x0b\
\xb3s\xe8;\xff\xf9m\xb4\xbe\x99@a\x7f\x08\xc5#\
\xb1\xa1\xdeo\x22\x11\xa349\xbb\x88L\x16;Z\x10\
\x08^\x0b\xf2\xc7Wa\xdd/\xb2\xc4\xe7\x14\xef\xb4Q\
\xee\xc9\x97\x85\xdbK\xfd\x87.1\x81|]\x9eJ\x95\
\x0b\x07\x83\x1e\xb3\xd9t\x9bJ\xa9\xa1\xbe=\xb9\x5c~\
,\xbb\xb9\xc9ln\xa4i\xfe\x96!\xe3\x9f\xc9nf\
\x18\x85F\x89D+\xb2\x1b\x1c\x0e\xc77r\xb9l\x81\
k\xd8\xf9\x9b\xb8gq\xcb)\x1b\xefgoc\x87c\
ss\x03\x99\xec\xffWK\xa5\x12\xe7t{\xce\x8a\x04\
\x82\x97\x90\x18\xd9\x11\xfe\x9f\x1f\xf8'\xd4\xd2\x15\xda\xb0\
\xbf\x13\xff\xb1X\x14\x05|~\x14\xf0\x07\x88\xce\x80\x22\
\xc0\x0f\x92\xc9$\xf2\xb8\xf9\x1c\x0b$Go \x1cD\
1\xc0\xfe\xb0\xf1\x9fYO\xa1(\xdc\x87Ng\x002\
\xbe\xc6\xed\xf5>\xd6\x5c\xe3:\xedCv\x22|E{\
\x80\xddS\xde\xe0V,\x0f\xef\x7fY&\xfa\xbe/\xb0\
j1\xd9\xfe\xcch]\x1d\xb7XVi\x1c\x1fY\xf3\
s\x9b\x9bh3\xb3\x8e\xb2\x9bC\xc7\xff8\xba\xf60\
R\xe9\xd5\xd79\x5c\xae\x7f\xc9d2\xb9\xa6\xa9\xafK\
n\x92>\xb9\xc9v\xf9\xffw\x95\x95\xf0\xf6|f\xb5\
\x5c>\x87uz\xdd\xa3*\xad\x0a\x19\xf5\xa6\x11\xc8F\
mx{\x1bk^\xa4\x17\xad \xadZs\xdd\xfa\xc6\
\xc6\xbfU\xaa\xd5\xc26\xdf\xf3-\x1f\xa6f>\xea]\
\xf53q\xe7Z\x9a\xfd\xea\xc5v\xda'\xc3\xedn\xce\
$\xf7B\xb9\x5c\xc5k>\xff\xaa\xd9b\xfe\xe3\xf5\x98\
g\xdcb6\xa2\xe99\xe1\xd0\xc7a\x93\xf0\x11 R\
\xa3\x83\xd4\xf9\x22\xf2\x85\xd1j?l\xb3\xd8>\x97N\
\xa57Z\xb1<\xb8\xaf\xff6\xcb\xf5\x8e\x07\x19,D\
|K\xa7\xa8mf7\x8b\x12\x99\xf4^\xb1TB\xf1\
\xeft\x8e\xd6\xfeQ\x1bN[\xf5\xb8\x91\x0ed\x5c\x95\
r\xe5\xb7\x13\xf1\x98\xa7V\xad\x90\xa2\x184Y3\xde\
\xca\xe1S\xdb\x8a\x85\xc0\xf5\xb6\x1a\xdd\xad\xfa\x99\xdd\xf2\
\xd9\xf4\xc1\x7f\xaf}2\x16\xe4\x10\xce\xe9p\xbbL&\
\xcb\x87b!>\xa6\xd9\xe7\xf5\x81\xac\xbfy@\xf8\xcf\
\xa2\x8d\xcc\x062\x12?\xea\x8d\x8dCf\x8b\xedo\x22\
\x91h\x82\xa5\xa5xxK<\xeeo\xe7\xef\xb6'\x8a\
{\x97|\xec\xb0\xff\xd7\x08i\x02Y',\x91H>\
\x22\x12\x89(\xf6G\xf8\x1f\xb5a4\x0f\xac\xfd\x84\x0c\
z-2\xe95/\xd6\xea\xb4\x7f\xa7Vk\x84f\xb3\
\xc5\xe8\xf5\xaeyS\xc94\xc0\x22\x8b\xb3\xf9\x1cGt\
P\x12_\xc3\xb5\xe5g\xdf\xaa-\x8a\xd9Ar\x9ca\
\xae\x93KtG[ K\xfc\x1dl6\x9b[\xa3\xd1\
\xfe\x91\xcb\xb5Jsu\xa6S)Z?\xef\xa0\xf0\x9f\
\xd9\xd8\xa0\xf6\xd5x2q\xc8b\xb6\xfcu8\x14\x8a\
\xd5\xf9\xdc=\xdb\x8a]\xf5\xd9\xd8\xc4\xfd\xf3\xb6uJ\
\xfb\xb5{\xaf\x83\xa6\xfb\x86\xeb\x87\xa31\xa3\x5c!\xbf\
y~an\x84\xffQ\x1b:\xfe\xad6\x0b\x12\x89\x97\
\xd0\xa5\x89\xc91\x95Zs\xad\xc9d~\xa9F\xady\
\x9bD*\xb9C,\x92< W\xa8N[\xad\xf6\xd9\
`0d\x8f\xc7\x13\xc5d\x22\xc9e77\x1b\xbeK\
\xbb\xfc\x96\xdb\xea\xc8\xb62\xa2\xf5\xaa\x0b\x83\xf1\x0e\xdb\
8\xe15\x0e\x87cU\xa3V\xff\x91\xdb\xe9\x1c/\x96\
\x8a\xcc\xc6\xc6\xc6xf=\xc3\x00\x1d\xc8X|\xef\xbb\
\xf7\xa3\x15\x85\x82\xe0\x7fL\xa9P\xdc\x16\x0c\x04R,\
\xcdYOy\x5c\xa3\x98\xfb.\x11\x07\x0f\x98\xef\x1dw\
\x89\xfb\xc5]l\xff\xfcy0\xae\xd6j5\xd6\xe9t\
J5\x1a\xf5K\x80F\xf8\x1f\xb5\xa1\xe3\xbfI>\x8f\
\x13\xf9\xdc\xab\xc8j\xb5\xa1\xcf\xdd\xfe\x19t\xe2\xc4\x09\
t\xfa\xe4\xb3T\x17^\x91\xc9^&\x10,\xfe\xfa\xc2\
\x82\xe0\xd3R\xa9\xf4\x9fVW\x1d\xdf\xf3\xf9}\x02\x8f\
\xc7\x95\x08\x04\x02\xd5\xf5T\x8a\x835\x94#>\xce\x0d\
_x\xdcn\xcck\x09\xbf\x18\xf7\x5c/\xc9\xba\xef\xf5\
\xb8MZ\x8d\xe6\x7f\xfa\xfckc0\xff\x99\xf5\xf54\
J\xa5\xd6\x99\x06\x0d\xe5\xd976\xd2-\x22k\xbe\xc9\
l\xa2\xd8\x17--\xde\xe6q\xbb\xc2l\xadF\xbdo\
\x1a\xb58\xb7\x82\xbb0\xee%\x02\xf4\xd8\xd7k\x8b\x10\
\xedg\x03\xc4\xadt\x06\x15h5\xadV3)\x16\x8b\
\xc6\x1d\xab\x0eDh\xd4F\xed \xf0\xefu;)\x91\
\xba2\x81`\x90\x09\x02\x11\xff\x05\xb3\xd9\x8c\x94J%\
\x12\x0aEhjr\x0a\x9d:\xf5,\xb2\xd9\xed/\x9a\
\x9f\x9f\xbb\xf9\xf2\xe5\x0b\xbf%\x93J>l1\x99\x8f\
i4\x9a3\x1a\xadv\xd5h4\xa5].w>\x95\
J\x96H\xbd\xcfJ\xb5B\x22\xa2\xf8\xdaP\x98\x8f\x1b\
\xa4\xf1Q\x1c&\xfe\xb3\xb4\xee\x0b\xcc\xf5j.\x97g\
\x1d\x0e\x97\xca\xa0\xd3\xfe:\xc1$\x89\xe5I%\x93\x80\
\xff\xf5&\xfe\xd1\x90\xf1\xcfd2\xebc\xe8U\xaf@\
\x02\xf9\xf25F\xb3\xf5o\xe1\x99\x83\x15\xba\xfd\xd1\x02\
,\xc6\xdb\xd3\xf2\xf5+\xf92\xf0>\x08\xde.\xfb\xef\
\xec%5&\xab\xd9\x5c.\xa7Q\xab>7=9\xc1\
\x8c\xf0?j\x07\xd9v\xe0\x9f\xfa:S?\xc6 \xf1\
_\x88\xd0\xbdH\x9a\xf3}m\x0d\xc1\xfaOj\xfc\xa0\
\xf9\x85\x19\xb4(X@\x13Ss\x87\xcf_\xb8\xf8\xf2\
\xf3\x17.\xbc~rb\xf2\x96\x15\xb9\xfc=Z\x9d\xf6\
\x13\x12\x99\xe4\xa1%\xe1\xf2\xb2Z\xa5\xb2\xb9\x5c\xae\x10\
\xf0\x84\xf5|.O\xf8B\xbd\x5c.q\xc0\x1bHM\
;6\x93\xd9\xa8\xe8t\xbaE\xa9l\xe5\xe7\x9f\xfd\xde\
\x83\xc8n\xb3\x93\x1cCh=\x9dF\x0d\xfc\xa3a\xe2\
\x7f}=E\x88\xd6\xe1v:,\xe3\xb0\xfe\xffu8\
\x1aM\x92\x1a\xd3\x18\xe4~\x0e\xe3\xed\xf6\xba\xed^O\
\xddb\xb8\x9b1\x5cl\xa7\xdc\xfd]|\xa00\xee\x90\
\xde\xac!tT\x22\xd1H\x5c\xaf\xd7\xfd\x0a\x8c+\xb2\
\xd8l\x94Fm\xd4\xae\x96\x96L'\x90\xd1\xa0\x03\xd9\
\x19\xd3\x7f_\xb8t\x09M\x5c\x9e@\xff\xf6\xcd\xc7\xd1\
\xf1gN\x8c\xfd\xe8\xa9'\xaey\xe2\xa9'_$\x5c\
\x16\xde\xa0\x94+\xde%\x12\x8a\xfe\x1a\xe4\x86\x7f_Z\
^<\xae\xd3\xeb/;\x9c\xceE\xab\xd52\xa3P*\
\xbe#\x96HnT(U\xc8\xbej\x07\xf9\xe2\xe0\xe6\
9\xb1\xf5\x15\x8b9T(f\x99B\xb6pH\xad\xd1\
\xde\x16\x0e\x85\xe2 \x9e\xb0$\xdd\x06\x08'\xdb\xe0\xb8\
\xe5\x8f\xd3\xcf\x7f\x09\xf7\xf2\x07\xe8\x187\x81\xbb\xe4\x05\
\xe4\xf7\x1b\xd8\xaa\xcb\xe9\x08*\x14\xf2\x1bcf)\xcd\
\xc1@h\xd4F\xedji\xc1@\xa8E\x1e\xfb&\x0a\
\xf1\x7f3\xa1`\x80\x89\x84\x83\x80e\x1b\x8aD\xc2 \
C\x84\x99\xdb>\xfc\xe7\xf4\x98\xc7\x1e\xfb\x01:\xf5\xec\
3 \xdf[^\xac\x90+\x7fF\xa5T\xdd@l\x0c\
_\xff\xf67Q4\x14f\x88\x0fT\x10\xe8\xa0\x9aT\
,\x865\xdfE\xf4\xfdq\xa5R\xf1\xb15\x9f/Z\
\xa7\xe9\x1ap\xbd\x11q\x83\xb7g\x5c\xecV{\xa0\xa7\
\xf8?`N\xd7\xa6m`\xd7\xee?\xe8I\xf5\x8a\xc1\
\xa0\xb7\xcd\xccL\xff4\x91S\x00\xfb\xcc\x08\xff\xa3v\
\xb5\xe2\xbf\x9d\x00\xff\x94Hm\x10B\xc0\x17(\xae#\
\x91\x08\x13\x8eDP(\x1cb\x9a5`\x08A\xdf\x18\
\xe1\x11\xe1`h<x\x80\xf8_\x12\xccQ\xbbB(\
\x10\xbcF\xb6\x22\xfb\xb8\xc7\xe3\x09\x93\xb8\x02\xde\x97\xb7\
Ye\xbb\xdd\x9dw\x0b\x9e\xb8o\x8a\xc2\xaeq\x0d}\
|\x9f\xdbK\x82\xb4r\x7f\xd4HMm\x95Z=\xfd\
\xcc\xe9S\xd7\x91\x9a\xf7\xa3\xf5\x7f\xd4\x9eo\xad\x0d\xff\
\xa8\x81\x7fD\xf0\x1f\x0c\xd1\xda/\xe4\x93\xe1\x89\xfc\x06\
p\x1f\x082\xa4&\x0c\xe9;\x88\xa6Q\xd2=>\xa4\
Q\xa9>\xb8\xe6\xf5\xc6*\xe5\x0a-\xf4\x84\xeb4\x8d\
\x19\xdb\x96\xdd\xb5\xad\x06w[\xd2\xc1\xfe\xb9\x0ap\x87\
\xea&\x9d}\x02\xb6W\x95\xc1\xdbKD\xe1Z\xbe\x90\
+\xeb\x0c\xfac\xdf\xbd\xff{\x87g\xe7fG\x93i\
\xd4^\x182C(\xb8\x8bB\x04\xff\xc1\x10\x92\xaf\xcb\
(_8(\xfc\x1b\xf4\x1a\xa4R\xac\xbc\xc1\xe3r\x9a\
I,1-\x11\x86i\xfd\x14\x12kWci\xbd'\
\x9a|\xa1-\xc5k\xd7\x5c\xc4\xdd\xe2\xfb\xd8\x0e\xae\xfe\
\xdb\xb7\x11\xda}|\xf1\x8e\x1c\xaf\x8ds\x04\x82\xc1\xa2\
R\xa5\xfa\xddx*\x8dD\xa0\xb3\x8c\xda\xa8\xbd\x90[\
\x13\xf7\x07\x89\x7f\x97\xcb\x81LF\xfd\xcfy\xdc.g\
:\x9d\xae\x97\xcae\x9aK\x8c\xd4\x7f\xc0\xf4\x93\xad\x10\
\xbb[\xc3\xe7\x99m\xc4!\xb5\xbb\xff\xed\xc0x7\xff\
\xa76;\xdf\x16\xbe;F;q;|\xa8\x1bye\
Y\x97\xdbe\x9f\x9a\x9cx\xeb\xf2\xf2\x122\x18\xcd\xa3\
\x092j\xa3\xb6\xcf\xb6\xb8\xb0\x80\x96\x96\x96\xae\x15\x09\
\x85\x1f2\xe8\x0c_\xf0z\xd7\x1er:\x9df\xb7\xdb\
\x9d\x8dD\xa2\xb5l6[\xafTh\xda\x83f\xbcS\
\xbda\x15\xa87\x88\xc5\xddk\xbd\xb1\xbdk7u\xd2\
\x19\xda\xf3\x07\xb4\xfc\x8bp.\x97\xe5,\x16\xd3\x7f>\
\xfa\xc8\x83\xd7\xce\xccL\x8e^\xdc\xa8\x8d\xda0\xec\x7f\
\x8b\x8bH,\x12!\xa9X\x82\xecv':q\xfc\xf8\
ugN?\xfbK\xf3s\xf3\xbf\xadQk>b0\
\x18\xee3\xe8\xf5\x02\xa3\xd1\xe4w8\x9c\xeb\xb1X,\
\x97\xcf\xe7\xcb\xb5j\x85%v\xc2\xe6>A3\xf6\xa9\
\xe1\x18\xc86s\x7fo\xe3\x03\xad\x9c\xaem5\x1b\xb7\
y\x01\xb7\xea\x01o\xd5/$\x0c\x86e9\xaf\xd7\x1b\
\x99\x9d\x9b\xf9=\xc1\xe2<2\xebG\xb9\xbeGm\xd4\
\x86\xd5\xb4:\x1dry\xd7\x10\x00\x0eMML\xa0\x0b\
\xe7\xce\x93\xda\xef\xd4.\xf8\xf8\x13?:r\xfe\xdc\xf9\
\x97OM\xcd\xbcF&[\xb9Eo4\xfc\x96Z\xab\
\xf9G\x95JuN\xa3\xd3\x1b\xdc\x1e\xaf'\x9dJ\xa5\
\xb3\xb9,\x0b|\xa1=.\x8a\xdb\xaa\x19\x85\xf9\xe8\xc9\
VNp\x9e\x07\xb4\xd6\xf8\xb6\xa2\xee[\xee\xd1\x8d\x1a\
\xe1\xc0\x02\x22\xe10^\x5cZ\xf8\xfa\x89\xd3g\x0e\x91\
\x9c\x83\x84g\x8d\xda\xa8\x8d\xda0\xed\x00\xee\x16\x91Z\
P\xbe\x86\xcfc\xbe\x90\xa3\xf9\xbd\x97\x96\x96i\x0e\xf8\
c\xfft\x0c]\x9e\x9c\x1c\xbfp\xe9\xd2!\xa1X\xf2\
\x12\x99L\xfef\x89X\xfaQ\x89D\xfc=\xc5\xca\xca\
\xb3\x16\x8bu!\x18\x0a\xdb\xa2\xb1h\x0ed\x05n}\
}\x83+\x97\xca\x5c\x9b\xaf?\xbb-\xaf\xc1Vk_\
\xfeY>\xe6\xb1Dr|\x97e2\xd9#\x82\xa5\xe5\
\x1b\x17\x04\x8b\xe8\xe2\xc4\xf9\xd1\xcb\x1a\xb5Q;H^\
\xe0t\xf1\xe4\x02r\xbb\x10\xa9#\x10\xf4\x85\x91\xc3\xe1\
\xe0\xc9\xe9dV\xe1S\xa7\xd7\xc3\xaf\x0fQ\x9f\x85;\
>\xf3IT\xac\xd6\x18\xa9D\xfa\xf2\xe9\xc9\xa9_\xbd\
t\xf9\xf2'@^?\x06<\xe3\x1b\x1e\xb7\xfb\x19\x9f\
\xd7k\x01\xbe\x92K\xa7\xd3l\xa9Tn\x93\x11\xb6y\
\x14Q\x06P\x02\xdc\x87C\xe1*\x5c\x7fbvf\xe6\
\x8e\xf9\xd9\x99\xeb._\x9eB\x17.L\x8c^\xce\xa8\
\x8d\xda\x8f\xa9\xb5\xe1\x9f\x92\xdb\xe3\xa1\xe4\xf1\xb8\xc7\xbc\
^\xcf\x18\xa9+N\xea\xc3\xcc\xcd\xce\xa1\xa9\xa9i4\
37\x83\x1e~\xf8kc\xcf>{\xf2\xa7\xcf\x9e}\
\xee\x9d\xf3\x0bs\xffK\xaf\xd7\xddi2\x9a\x1e2\xe8\
\x0d\xf3z\x83q\xcdf\xb7\xa7\xfc\x81@6\x14\x0a\xe5\
\xe0<\xebp~#\xf0\x96G\xe0<\xb7]8w\xee\
u3\xd33h~v\x16\x19\xcd&\xa0\x91\xcd\x7f\xd4\
F\xedjim\xf8\x07\x19\xc1C\xe5\x04\xaf\xd7K\xfb\
T\x0a92\x81| \x91\x08\x91`a\x16\xcdLO\
\xa2\x99\xf9i\xf4\x83\x87\x1f>\xfc\xd8c\x8f\xbe\xf4\xc9\
'\x9f|\xd5\xe93gn\x9e]\x98\x7f\x8bZ\xa3\xf9\
E\xe0\x1d\xffC*\x15\xff\xc2\xec\xec\xdc\xeb\xcf\x9d;\
\xffR\x87\xc9Ak\xc9\xc8\xc4\x12\xf4\xad{\xff\x85b\
\x7f\x84\xffQ\x1b\xb5\xe7g#\xb6D\xadV\x87\x96\x97\
\x16\xd1\xc9\x93'\xd1s\xcf\x9dAS\xb33H$\x91\
\xd0\x18>\x92\xf3\x99\xd4\x8a\x91H\xa5H$\x12#\x99\
|\x05\x09\xc5\x22$W*F\x837j\xa3\xf6\x02i\
z\xe0\x01\xed\xa4\xd5\x13\x9dA\x81\xc4\xb0\xce\x13\x9f>\
\xc2'dr\xd9h\xa0Fm\xd4~\x02\xf0\xdfl2\
X\xf7\xdbi\xd4Fm\xd4~\xe2\xf0\xcf\x1c\x14\xfe9\
_\xaf^\x86\xdb_?\xba\xa9O\xff\x11\xee\xbe\xde\xfd\
e\xb4\xaf\xfe\xf1\x03\xeeg\xf6\xd9\x8f\xfa\xf5\xd7\xaf\xf2\
\xfe\xf2\xa8\xff@\xfb3?\xe6\xfe\xb6\xfb{\xd1\xc7\xef\
\xeb\xd9\x7f='\xec\xd9\x7fk\xdf\xfe\xde\xf3\xefz\xee\
E}\xfa\x7f\xaa\xcf\xfd\xbd\xb4O\x7f\x07fTn\xe7\
e\x5c\xa6\xf7\xfdw`v\xdb\x8f?\xd0\xfe#\x5c\x87\
\x1b\xdc\xd1\xcf\xf5\xeb\xbf\xafO\xbf\xb0\xe7\xf8\xed\xbd?\
\xb3\xa3?\xb3\xcf\xfe\x9d\x17\xd8\xd5_\xee}\x7f\xfb\xee\
\xaf\xf7\xb9~\xbf\xfe\x1dO\xb8\x87\xfe[;\xf5\x97w\
\x1f/\xec\xd3\xef\xdb_?\xe7\xef\x8e\x0f\xbe\xf9\xfa\xf4\
\xdf\xd7\x19\xdf\xfd\xfa\xaf\xbf\x92\xfe\x0e\xf7\xdf\xc8P\xd5\
\xbd\xbf}\x883\x1d\xee\xaf\xfd\x1dg\xb6\xe1w_\xfd\
[\xf7\xf7\xea\x8e\xfdG:\xdd\xff\x7fc\xff\xad}\xfa\
[\xf7/\xdcC\x7f\x87\xf1\xc7\xe8\xca\xfao\xbd\x92\xfe\
\x0e\xf3\xaf\x8ez\xce\xafz?\xfc\x1dT\xffM\x83\xf5\
\x0b\xfb\x9c\xbfO\xbf\xb0\x0f\xff\xbb\xaf7\x7f\xc3\xdd\xf9\
\xf7\x91\x83\xe8\xdf\xb1~\x95\xd1\x90\xfb3{\xeb\xcf\xec\
\xaf\xbf\xfc\x0f=\xe4\x9f#\x1d.\xbfc~\xfa\xf6\xd9\
\x7f\xdf\xc1\xf6\xf7\x91/\xeb\xe8\xea\xee\xbf\xaf\xb7\xfc\xfa\
\x22t\x05\xfd?n\xfd\xa3\x9f\xfe\x97y\x9e\xf7\xd7\x9f\
\xe7\xf77\xd2\xff\x9f\xd7\xfa5\xd3g|\xc7\x0f\xb8\xff\
&\xda\x7f\x03\xf9\xcf\x1b\xf9o\xe8\xdf\xe8>\xa6\xbd\x1f\
\xf5\xed\xbf\xe9\xeb\x1ds\x1c\x96\xef-\xef\x94\x9dw\xfe\
b\x97\xf0\xdb\xb9\x1f\xdd\xbb\xcf\xfe[;\xf7w\x92?\
\xdb\x9bpx\xfdG\x0e\xbc\x1f\xa37\xa0\xee\xfd7Q\
\xe1\xe8\xde>\xfd\xbfzo\x97\xfe\xa6\xad\xb7[\xffx\
\xc7\xfe\xfb\x86\xd8_o\xfd\xb0S\xff\x91\x8e\xfd\xed\xaf\
\xa7w?\xb7\xef\xfeL\x9f\xfe\xad\x07yGk\x98;\
\xf7\xc3k\xb8\xb5w\x7f\x130\xad\xee\x9bw\xf47&\
<j\xc3\xc7\xf6\x81\xd8\xd5\x8f\xfb\xf4\xd7[\xfd\xe5\x0e\
\xfd[\xaf\xe2&\xdc\xfc\xa6s\xff\xad\x9d\xfa\x99>\xfd\
7\xb5\xfa\xc7\xb9\xc1\xfa\x99\x9d\xfdh\xd7\xf1\x99{\xdb\
\xfa}\xad\xfe\x7f\xdf\x1a\xf0\xad\x9bj\xeb\xbf\xaf\xad_\
\xd8\x1a\x9ef\xbf\xa4S\xff\xd6F\xc9x\xf3F\xa99\
\xf4\xde]\xfdG\xba\xf5\x0b;\xf6gv\x0e\xdf\xf6\xfe\
\xe6\xbb\xb8\xa9\xc5\xe8nm\xb2D\xbe\xbfq\xda\xf6\xfe\
\xcc\xb6\xfez\xe3\xf1:\xf4\xf3\xc3*\xe4\x1f*\xb3\xc3\
\xca\xcb\x0fh\xa3\xffH\x8f~\xae\x0d\xfbm\xfd\xb7\xb6\
\xfa\x85m\xd8'\xdf\xdf\xb7\xa3\xbf\xde\xde\xff\xa2{\xeb\
hG?\x1c\xd0\xbb\xbf]ko\x0e\xc4\x11~\x96\xdc\
\xbb\xd3\xa6q\xeb\x15\xf6s\x83\xf5\x1fi\xbe\x9d#\xfc\
0\xec\xec\xbf\xa9k\xbf\xaf\xcf\xf1\xfc\x0f\x9a\xfd\xe3\xad\
\xf7\xba}%\xec\xd1O\xc7\xbdW\x7f}\xdb\xf0u\xec\
oM\xe3\x8e\xfd\xef\xd8\xd5\xcft[\xf0\x9a\xf3i\xef\
\xfd\xf7\x0d\xd2\xcf\xf4\xefG]\xee\xaf_\x7f\xb9O?\
}\x82{\xb7\xf1\xb0+\xe9\xafw\xef\x87\x1f4\xfb\x8f\
t\xceL\xdd\xa7\x1f\xc4\xba\xde\xfd-<]\x7f\xc5\xfd\
\xb8O?\xd7SjlN\xf7[{\xe4\xdf\xbe\xafO\
\x7f\xf9\x86\xde\xfdp\x0bL\xef\x0c\xdf\xc2\xeb{\xf7K\
\x06\xe8\xff\x7f\xd1[\xfd\xec\
"

qt_resource_name = b"\
\x00\x09\
\x0a\xc2\xb6\x7f\
\x00v\
\x00i\x00d\x00e\x00o\x00.\x00i\x00c\x00o\
"

qt_resource_struct = b"\
\x00\x00\x00\x00\x00\x02\x00\x00\x00\x01\x00\x00\x00\x01\
\x00\x00\x00\x00\x00\x00\x00\x00\
\x00\x00\x00\x00\x00\x01\x00\x00\x00\x01\x00\x00\x00\x00\
\x00\x00\x01\x98Y8|\xca\
"

def qInitResources():
    QtCore.qRegisterResourceData(0x03, qt_resource_struct, qt_resource_name, qt_resource_data)

def qCleanupResources():
    QtCore.qUnregisterResourceData(0x03, qt_resource_struct, qt_resource_name, qt_resource_data)

qInitResources()
