# Resource object code (Python 3)
# Created by: object code
# Created by: The Resource Compiler for Qt version 6.6.3
# WARNING! All changes made in this file will be lost!

from PySide6 import QtCore

qt_resource_data = b"\
\x00\x00\xbd_\
\x00\
\x03\xfb\x1ex\xda\xec\xbd\x07\xbc]Wy'\xbal\xc0\
\xa6\xbb\x00.`\xc9\xd2-\xa7\xdcs{\xef\xed\xac\xf5\
\xeds\xaf\xae$[\xb2-\xd9\xb2\xaa\x9bd\xab\xd8r\
\x93-w[\x96\x0d\x18\x1bR(\x03\x09\x18\x1e\x81\x0c\
\x93\xc9\x0b\xcc\x90\xbc\x14\x92\x19\xde\x8f_\xda\x90\xf2f\
H&\xc9$!$\xbcL(i\xb8\xde\xb3\xf6\xdbk\
\x97\xb5\xbe\xef[\xeb2&\x13\xab\xc0\xbb\xfe\x1d\xdf\xab\
s\xcf=g\x97U\xbe\xf2/B\x9c\x91\xfc'\x9e\x17\
\xc9\xff\xd7\x88\xd7\xbf\xfc\x1aq\x81\x10\xa2\x92<\xcc\xd3\
\xdf9#{>\xfd\xfa\xd3\xd7\x88\xb7\xbdI\xa4\x8f\x93\
\xf1u\xe7\xedw\x88g\x7f\xfa\x13b\xe3\xc6\x8d\xa2\xbd\
\xad\xdd>\xbf\xf7\xa6[\xcf\xb8\xee\x86\x1b\xcf\xda\xbdg\
\xf7\xeaM\x9b7\x8f\xaf_\xbf~c\x14E[\xe7\xe7\
\xeb\xdb\xa7\xa6\xa7wNMO\xed\x9a\x9a\x9aN\x1e3\
{&\xa6\xa6\xf6\x8c\x8d\x8d\xef\x1c\x19\x1d\xdd5::\
\xb6+\xf9y\xf7\xc8\xd8\xd8\x9e\xa1\x91\x91\xddC#\xa3\
\xbbGF\xc7\x92\x7f\x8f\xef\x1eJ\xbe\x0f\x0e\x0d\xef\x1c\
\x1c\x1e\xde5<:\xbasxltg\xf2\xba]C\
#\xc3\xbb\x93\x7f\xa7\xaf\x1b\x1d\x1f\xdf561\xb9+\
\xf9n\xdec\xf7\xf8\xf8\xe4\xee\x89\xe4s&&\xa7v\
\x8d\x8e\x8d%\xaf\x1f\xdd5\x92}\x86\xf9\xb7y\xec\x18\
\x19\x1d\xdf126\xb1ct\x22\xf9>:\xb6sp\
hh\xb7\xf9\xec\xe4\xf9\xe4\xf7\x13\xe9g\x0c\x0c\x0e\xed\
\xe9\x1f\x1a\xbc.\xf9\xec\xf4\xb8\x92\xcf\xdbc\x8e-\xf9\
\x9e\xbd\x9f\xf9\xdc\xe2\x91\x9c\xcb\xf8\xc4D\xf2\x99\x93\xbb\
\x92\xef\xbb\x93\xcfH\xcf\xc7|O~o\x8eq\xb79\
\xc7\xf1\x89\xe4\xd8\xb2\xc7.s\x9c##\xa3\xbb\x86\xb3\
\xf7\xdf3j\xce\xc5\xbc~4y\xfd\xd8\xf8\x9e\xd1\xf1\
\x89\xddc\xc9{&\xe7\xb6{8\xf9}~\x0c\xc9\xfb\
$\x9f\x9d<?\x9a^\x87\x91\x9d\xc9\xef\xd2\xf3\x1cM\
\xcf\xcf\xfcM\xf2\xde\xc9q$\x9f\xb1s|r\xca\xbc\
Wr\xbc\xa3\xc9\xf9\x8e\xedH>\x7fGr]v\x8e\
\x99\xf7\x1e\x9f\xd8c\xbe\x9b\xe31\xaf3?g\xd7p\
<\xbd\x86\xe6X\xcd\xb9%\xd7/\xb9\xeec;\xc7&\
\xc6wNLM\xee4\xd7;\xf9\xdc]\xc3\xe9\xf5\x1a\
5\xd7=\xf9\xdc\x91\xdd\xa3\xa3\xe68\x8ak2\xb1s\
|<=Fs\x1d\xd2k\x9f<g\xae\x8f\xb9N\xe9\
uO~\x9f\xbc\xdf\x949\xc6\x1d\xe9\xeb\xcd\xf5K\x8e\
}rjz\xe7\xe4\xd4\x94\xb9\x8e{\x92\xf3\xdc=1\
\x99\xbc.yLN%\xe745\xb5;\xf9\xdd\xee\xa9\
\xe4133\xbbkvnn\xe7\xcc\xdc\xec\xce\xe4\xfb\
\xae\xd9\xd9\xf9\xdd\xb3\xf3s\xbbgfg\xf7L\xcfL\
_7;7\xbb\x03\x006o\xbcl\xe3\xfc\x8e\x1d;\
\xca\xfb\xf7\x1fxK_\x7f\xdf\x99\xc33Sg\x14c\
\xb6\xaf\xa7G\x5c\xbb\xedj\xf1\xc1\x7f\xf3Aq\xdf\x03\
G\xc5#\x8f<(\xfe\xff/\xfa\xf5\x81g~L\xec\
\xb9n\x8f8\xb0\xff\x80x\xcf\xd3\xef\x15\xdb\xae\xb9F\
\x9c\xfd\xba\xb3\xc4\x0d7\xdcpn\xa5R\xad\x0e\x0d\x0d\
_\x96\x8c\x83\x8f\xb6\x96J_X}\xe9\xea_Z\xbb\
v\xedo\xb5\xb7\xb7\xffY\xa5\x5c\xfd\xbb\xe4\xd7\xff\x94\
<\xbeW\xaeT\x9f\xabV\xab\xcf'\x8f\xe4{\xc7\x8b\
\x95J\xe5\x85r\xb9\xf2\x5c\xb9Ry.\xf9\xd9|\x7f\
\xa1\x5c)'\xcf\x95_(%\x8fJ\xb9\xf2|\xa9R\
~\xb1T.\xbdP*\x95\x9fK\x9e\x7f>\x7f\xdd\xf3\
\xe5\xecw\xcf\x9b\x9f+\xe6\xdf\xc5\xa3\x5c\xc9\xfe6}\
\xbej\xbe\x9b\x7f?o\x1e\xe6\xfd\xb2\xcf\xa8\x98\x7f\x7f\
\xafd>\xbb\x5cI\x8e+yo\xf3^e\xf3\xd9\xe9\
1\x99\x9f\xd3\xbfi/\x95^4\x8frr\x0c\xc9s\
/\x96\xd3\xe3\xc9\x8e\xa18\x96\xfc\xf3\xf3\xf3\xa8>W\
|n~L\xe99\xe5\xff6\x7fk\xbe\xbfP\xcd\x1f\
\xc9\xf3\xe6\xfd_0\x9fQj7\xe7\x99<\xca\xe6\xf3\
\xb2\xd7\x9b\xbfK\xae\x9dy\xa4\xd7\xc1\xbc69\x96\xf4\
\xf8\xf2ke\x8e\xd3\x5c\x9b\xe4s\xd3\xe7\xd2kc\xbe\
\xbb\xebR~!=\xc7\xe4\xb8+\xe9\xeb\x92\xe7\xaa\xf6\
o\xd3\xef\xd9\xb9\x97\xb3c\xae\x9a\xe3\xaa>\x9f~n\
z\x8f\xb2\xf7O\x1e\xf6Z\xe5\xd7\xf4\x85J\xfe9\x15\
s\x8e\xe9\xdf\x17\x9fk~\xce\x8f\x93<\x9f]\xb7\xec\
:\xa5\xc7\x93\x1fs9\xbb\x96\xd5\xecz\xa6\xdf\xab\xd9\
\xf51?W;\x92\xd7w$\xdf\xcds\xd5\xca\x8b\xc9\
\xbf_4?'\xdf_\xc8~W\xfd^>\xae^H\
~~\xd1\xdc\xab\xf6R\xfbK\xc9\x18|\xae\xad\xad\xed\
\xbb\xadm\xad\x7f\xb5f\xcd\xa5\xbf\xf7\xcew\xbe\xf3\xd7\
.|\xc7\x05\xff\xb1e\xed\xda_H\xd6\xd0\xf7\x0f\x0e\
\x0c6\x06\xfb\xfa\xaa\xb7\xddz\xf0\xbcK\xde\xf9N\xb1\
\xf5\xea\xab\xc4\x81\xeb\x0f\x88[o;$\x0e\x1d:$\
\x8e=\xf6\xd8\x8f\xfc\xdc\x7f\xe2\xc9w\x8b\xf6\x96K\xc4\
\x95W\x5cn\xc2\x10q\xf0\xd6C\xaf[Z\xb74P\
.\x95\xefjii\xf9\xf9\xd6\xd6\xd6o%\xd7\xf9\xf9\
\x9e\xde\x1e=8<\x14'{|,\xa5\x8c\x93}\xbf\
\xb9\xb0\xb0\xb0\xbc\xb8\xb8\xd8L\x1e\xcb\xe9c\xdd\xc2\xb2\
\xfd9y\xac[\xb7.\x7f\xb8\xe7\x16\xb2\xd7'\x8f\x85\
\xe4\xe7\xe4a\xde\xc3\xbcfq\xc9\xbc\xf6\xe5\xa5%\xf3\
})\xfb\xbb\xa5\xec\xb9\xc5\xf4\xb1\xf8r\xf6\x19\xe9\xe3\
\xe5\xf4=\x93\xd7d\xcf\x15\x9f\xb3.=\x16\xf3wK\
K\xeb\xf3\xc7R\xfaX\x5c\xb7\xd4L\xdfw)}\xdd\
\xcb\xf9\xfb7\x93\xd7$\x8f\xe4wK\xeb\x9a\xeb\xd2\xef\
\xc9\xeb\xd7\xaf\xcf\x1f\xc5\xdf\xe6\x9f\xb1\x94\xff]ql\
\xe9k\xd3G\xf1\xb7\xcd\xe4u\xcd\xf48\xb2\xef\xcb\xe9\
\xfb\xa6\x9f\xbb\x94>_\x1cgr\xfc\xcd\xa5\xe4\xfb\xd2\
\xd2b\xfa\xd9\xe6=\x96\xd2\xe3Yz9;\xe6u\xee\
\xf9\xfc3\xf2sI\xbe\xaf\xd3\xd9s\xd91\xa6\xe7\x94\
\x9eW~\xdd\x16\xd7\x99\xe3u\xc7@\xbf\xe7\xe7\x9b\x1f\
O\xf2wK\xd9y$\x9f\x9b\x9c\x9f}\xaf\xe2<\xed\
{\x9b\xcfM^g\xee\xd1:w|\xf4\x1a\x16\xf7\xc2\
\xfc\xac\xf3\x87\xfbLw\x8e\xe6\x9ad\xd7\xc9\xfc\xcd\x12\
\xb9.\xe9\xdf-\xa5\xef\xbd.\xbff\xf9}_\xcc\xc6\
W2f\x9a\x8dF\xa3\xd9XH\x1e\x8dHG\x11\xe8\
z}>\x9e\x99\x99\x8a''\xc6\xe3\x91\xe1\xe1\xb8\xa7\
\xbb'.\x97J\xcf%\xeb\xf0\xb7;;;\xbf\xd0\xdf\
\xdfwWc!\xea\xdb|\xd9\x86\xd7\x99q\xbfs\xfb\
v\xb1\xd8\x88\xc4\xd1\xfb\xee\xff\x91\x9c\xf7\x8b\x8bKb\
\xfb\x8e]bffN\xf4\xf5\xf5\x88\xed\xdb\xb6^4\
80pYWw\xd7\xe7\xd6\xb6\xb6|=Y\xaf\x9b\
C\xc3Cz~~~9\x99\xeb\xcb\xe6zC2\xe7\
\x93k\x9e\xfd\x0c\xa0\x93G\xfe]5U\xf2]\x81\xd2\
J)-\x95\xf9.\xb3\x7f\x83\x8a\x95\xfbw\xf2\x1e\xe9\
\xdf\xc5\xf9\xef\xd2\xd7\x17\xdf\xd3\xf7Q\xe89\xc8\x9e\xcb\
\xde?}\x98\x7f\x9b\xdfg\xaf\x03\xa9e\xf1\x19\xe8\xf3\
\xcd\xcf\xe6sTv\x8c\xe9q\x16\xbf\x87\xf4\x91\x1f{\
\x04q\xfa\x00\xfbH\xff\x8e<\xcc\xdf\xa5?\xab\xec\x01\
\xd9\xfb\xa2\xf7\xd6`\x8f\x17\xf2c\x91\xe6\xfc\x92\xf7K\
\xbe\xe7\xc7\x91\x9f_\xfe{\xfb=F\xe7n\x1e1:\
>slfl\xc7\xc5qD\xf9#?\x96f\xf2\xbb\
fv<\xc5\xf5\xcf\x8f\xb7x?{\xdc\xf9q\xdas\
P\xee\xb5\xa0\xeck\xa2\xc8?\xff\xa8x\xde\xdd\x8f\xfc\
\xf8\xd2\xe36\xc7k\xae\xbd='\x99?\x9f>\xd0\xf9\
f\xf7\xc3\x9d\xaf\xb2\xc7\xe7\xde\xcb];I\xfe\xd6\xdc\
gt}\xedut\xd7K\xa5\xf7.\xca\xcf7J\xd6\
\x84d]\x88\x93k\xd5L\xd6\x85\xe5\xb1\xd1\xb18\x19\
\xd7q\x12+|\xbd\xab\xab\xf6\xf3\xc3C\x83\x1bo\xbe\
i\xef\xdb\x92uB$\x9f+\xbe\xfa{\xffE\x1c>\
|\xdb\x8f\xc4\xbc\x7f\xfc\xb1\xc7\xc5\xfa\x0d\xeb\xc5\xb6m\
\xdb\xd2\x7f/-m\xb8pxd\xe8`\xa9\xdc\xfe\x9f\
k\xb5\x8e\x97\xcc\xda)\xeb\xf58*\xc6vT\xcc+\
\xa9\x8b\xb9\x09\xd9\xcf1\xe4?'\xe3\x1c\x8f_\xf3|\
\xf60\xcf+\xf4\xbcy\x0d\x1b\xeb\xc5\xfd5s\x05\xd2\
q\x93\xfeM\xf6\xb3\xbb\xcf\xf9\xeb\x8b\xcf\x92\xf6\xb9b\
\x1c\xa0yU\xbc\x7f\xf1>M@\xeb\x91;\x16\x99\xcd\
O\xfb\xb3\xfd\xdbb\xcc\xc5\xe9\xb8S\xf8\xb8e:\xd6\
\xd3\xd7\xd8\xe3\x04\xfb\xfb\xec\xb9\xf4\x81\xdf\x1f=\xe7\x8e\
-\x1b\xd3\xf9g\xa4\x9f\x93<\x92\xb8*\xbb\xce\xf9\x03\
\xea\xc5\xdf\xe5\xf3\xc6\x5c#Y\xfc}\xfe\xb9\xd9k\xe9\
{\xe7\xe7\xa9\xdc\xb5\xb2\xe7\x91\xde\x13@\xafO?3\
F\xf7\xc5\xbdG\xf6\xbe1d\x9f\x9b_\xab|\xbd\xb3\
\x0f\x89\xd6\x81\xec\x9c\xb2\xeb\x92\x9ds\xfe\x9a\xf4\xde)\
\xf4w\xd9\xef\xd1qf\xf7\xde=\xa08oi\x7f\x9f\
\x8f\xad\xec\xb5\xc5\xfbA\xf1\xde\xc5\xb5\xb3\xf7..\xae\
y\x94\xfc]\x94_\xbf\xb1\xb1\xd1\xb8\x9a\xe6!\xa5_\
\x1a\x1e\x1eZ\xb8\xed\xd6\xdb\xce\xee\xee\xe9\x11\x1f\xff\xc4\
'\xc4\x03\x0f<\xf0C=\xf7;j\x1db\xdd\xfau\
\xa2\xb3\xabS\xec\xde\xb3\xfb\xbc\xbe\xfe\xbe\x9dI\xce\xfa\
;\x1d\xb5\xda\x8b\xe6\xba\xa4\xd7*\x8a\xd2k\x9c\xc4\xf8\
\xc9x\xcc\xaeY1\x0f\xf2q\x19\xbb{\x9c\x8f\x0d\xf3\
\xef(\xb9\xc6v\x8c%\xef\xa3\xf0:P\xcc!i\xe7\
Z1\xae\x81\xac\xfb\xc5<\x95\xee\xfe\x16\xf3\xab\xd8O\
\x8bu\xc2\xad)v\x9e\xa9b\x9e\xe2\x87\x8b3\xd2\xf7\
\x047fb\xb4\x07\xc7d?vc\x0b\xaf;q>\
\xee\xedy\xa1\x9f\xf1\xfc\x8f\xddk%\x8eq\xb2cV\
\xc5\x1a#\x8by\xe5\xd6\x1d4\x07\x8a\xf7Q\xc5\xf7|\
\x1e\x14kC1\x0f\xd2\xd7\xc9b\xbd\x90|^\xe5\xef\
_\xcc\xabb.\xe6\xc7n\xf7Z\x19\x17k\xb8\x02\xb7\
n\x17\xc7\x83\xd7K4\x07\xd9\x9a\xa7\xec\xb5\xb5\xc7\x9f\
\x1f_qO\x01\xddW(\xd6\xbcb\xcd\xb7\xb1\xa2]\
\x034\xfa\xfb\x18\xadS\xc5\xb5\x8d\xf3\xd7\x17\xd7\x99\xae\
\x1f\xc5kT=6\xeb\xaa\x94\xd9s\x8dF\xba\xf6-\
\x8f\x8c\x0c'\xf9A\xfbw+\xe5\xf2'ffgG\
\xcd\xfcX\xb7\xb8 \xba\xbb\xba~(\xe7\xfe5[\xaf\
\x16\xeb\x97\xd6\x8b\xfb\x1f>\xfa\xda\xd9\xd9\xd9\x99J\xb5\
\xf2\xef\x93\xf5\xe0\xf9\xc9\xa9\xc9xa!\x8d\x97\x9ad\
\x8e\x9b\x9f\xb3\xf9\x9f\xc4\xf3\xf6>\xc5\xd2\xae\xcf\xe6\xdf\
\x10\xa3\xfb\x1a\xa3\xb1\xef\xe6&\xba\x97\xe85E\xdc\x90\
\xbfO\x96#\xd81\xedb@\xfa@\xe31\x8d9\xdd\
\xbe\x83\xe6\x0e\xd9'\xb4*b{\x85\xdfC\x91}\x06\
\x8d\xd9bl\xc6n\xef\xa3{\xaf\x1b\xb3\x10\xe3\xbd\xcb\
\xeeyv\x8dA\xfb\x10\x14{\xb4\x8cQ\x9c\xab\xe9\xbe\
V\xecsEl\x85\xe6\x9d\xdd\x0f\xa5\x8dMlL\x81\
\xe7\x1e>\x7f\xf3\xfe\xd2\xbd\xce]Os\x0f\x15\xf9\x5c\
\x14s\xc4n\xed-\xd6c\xb4\xb7\xe7qB\x84\xd7n\
\xbb\x06\x151\xbf\xa4\xf7\xca\xbeg\xdd\xceew\x0f\xb2\
\xf1&\xc1\xc6\x93h\xee*\xf4z\xb4\x9e\xba\xf9\xaf\x15\
{}\x1e?\xa1\xcf\x90v\xeeK\x99\xefi\xf9^\x94\
\x8e\xf7\xe4\xdf\xc9\x1e\x18\x97J\xed\x7f\xd5\xdd\xddu\xcb\
\xcd\xfb\xf6\x9e+\xe7\xa5\x18\xec\x1f\x14\xc7\x8e?\xfeC\
1\xefo;t\xab\xb8\xe3\xf0\xedbl|\x5c\x5c\xb9\
\xf9\xcaU\x1d\x1d\x1d\xc7\xca\x95\xf2\xb7\x93\xf5\xcf\xe4\xf1\
\xa6\x06\xd7\x8c\x1a\x90\xc7\x88\xe9\xfcv\xb1\x94\xcc\x1f\xd9\
=*\xe6~\xfe\xfb,\x9f\x03\xbc\x9f(\x12\x93\x9b\x18\
\x00\xc7\x941\x8a\xc9\xd9\xd8VhO\x97\xf9{\xd4c\
\xbb\xae\x03\x8e5\x94\x8d\xc1\x01\xef3\xf9\xdf\xda\xbc[\
\xd9\xbc\xda\xc5\xbf.\x96wc\x1c\xe7'h\xfe\xd8\x1c\
\xde\xae[\x8a\xc4<v\xbc\xba8\xb3\x18\xeb\xda\xc6\x04\
\xee\xef4\xd0<\x83\xc5=\xd9\x18-\xf6\xf1\xf4{q\
m\xec:\x80>\xcf\xc5\xeeEn\xa1i\x8c\x9e\xbfN\
\xe28\x22?\x1ep\xd7\x14\xed\xa7Y|\x9c>\x97\xe7\
\x1c\xc5<C9\x16\xb9\xd6\xc5\xfc\x964\xde@\xeb\x84\
\xcb\x1b\xd0\x5c,\xc6\x0f\xba\x9fE\x8d\x88\xcdw\x89\xd7\
\xa6\x18\xe5o(W\xb2kN\xfe\x5c\x9d\xc6\x00\x12\xed\
W\xe9k\xebv\xffI\xfe\xc6\xd4\x95\xf4\xc2B\xa39\
;3\xd3\xacut|\xaf\xaf\xb7\xef\xdf\xce\xcd\xcc\xad\
iki\x13O&y\xf2\xe1\x83\xb7\x9e\xd6s\xff\xb2\
\xcb/\x17\xfb\xf6\xee\x13q\x1c\x8b\xb1\xd1\xb1\x91\x8ej\
\xc7W\xaa\xd5\xea\xf2|}\xce\xd4R_65\xfc\xb4\
\xbe\xa6X\x8e/\xd3k\xa7\xc9\xbe@\xf23\xb7~\xdb\
\xfd\x1c\xd08\xcd\xf2\xad\xec\xe7\x08\xdfc\x14#\x00\xcb\
\x93\x8b\xb9\xa8\x14\xde\xabY\xfd@\xa6{\xb9\xfdl\xb4\
~\xe0|\xa0\xd8\x9fq\xbe\x8f\xea\x04\xaeF\xa7\xc8\x9c\
r\xf3\xbd\xc8\x15\xecZ\x22\xd1\xf3\x8a\xe4-\xc5yG\
\xb4\x0e\x91\x8d\xefHy\xc7f\x8f\xcf|\x8f\x14\x8aa\
Q\xbc\x8d\xe6\x99\xfd\x0c\xfe\xf9\xa8\xc6\x81sp@{\
\xbb\x229\x93\xcb\xa9]\xddE\xc54^\xf7^\xb7\xd2\
\xc3\xe6\xeb$\xfe\xe1\xfb\xbe\xa2q\xa1\xb25\x02\xe5b\
\xc8\xc0=Q\xee\x1a\xa5\xef-]\x5c\xaaQ\xcc\x82\xe6\
\x7f\xfe\x90\x12\xc5\x00\x0a\xc5\xfd\x92\xc7#E\xcd\xc9\xc4\
\xbcMS\xdfN\x1e/\x0d\x0c\x0c,\xb7\x97\xda\x7f}\
vfv0\x993g\xdc\x7f\xefQq\xc7\xed\xb7\x9f\
\x96s\x7fvjJ,6\x1aI\x1c\xf3\xe4Y\x13\x93\
\x93\xd7\x97\xca\xa5?\x1b\x1a\x1aL\xafc\xb2\xdf\xbb\x9c\
X\xe1\xbd\xdb\xe5\x5ci]K\xa1\xdaJ\x91\xff)\x94\
k\xe7\xfbpQ_\xc15\xc0(4n\xdc^\x88\xeb\
9n|\xd3\x18\xc1\xe6\x89\x80cf;/q\x8e\xeb\
j\xc0\xd9k!\x8f\x89\xd1^\xe9~.\xf6C\xb4\xa6\
\xb8c\x00\x89>\x17P]M\xa1\xfc\xd7\xce\xb3\xb4\xee\
\x91\xd5\x9c\xd3:\x93\xc4\xeb\x8d\xc6\xe7\x8a\xd7\x0d\x9c\x7f\
\xb3:\x82\x8d%\xa2\xe2\xf3IL\xefj\x91x\x1dP\
\x80\xfb%\xae\xeee\xfe>\xca\xaf\x0b\xaa\x8f\xd8\xdf\xb9\
\xb5\x85\x5cW{\x8f\xd1\xf1j;>\x004\xe0\xfa\xa2\
\x92\xda\xbf\xcfdM\xb75K\xc0y\x1a\xe0\xfc\xa2\x88\
!%\xca!$ZO\xf2\xeb\xe9\x8e5F5Uw\
\xbe\xae&\x89\xf7\xa7\xa2FZ\xe4\x5cy\xbd\xa1\xae\xd1\
:\x95\xfe\xedB\x92\x13\x0c&s\xa4em\xeb\x1f%\
sg\x93\xd97\x1f?\xf6\xb88p\xe0\xe0i3\xef\
\xdf\xff\xee\xf7\x8aJG\x87\x18\x1f\x1d\x15\x1b\x17\x17\xdf\
04<\xf4D\xb5\xa3\xf2\x8f\xd3\xd3S\xb19\xbf\x08\
\x8dG\x96\x0b\xe3|*\xc6\xf9\x98\x97\xd7\xdb\xfd\xd7\xce\
\xfd\xbc\x0e\x0eh\xff\x07\xda\x0bPx\x9c\xba5D\xf1\
}\x13\xc8\xfe\xa5q\xfd\x10\xef\xe7\x11\x8a\x0bl<\x99\
\x8dM\xdc7pc\x97\xae)$\xce\xcf\xdf\xcf\xf6,\
\xf0\xfe\xc7\xf7[\xf4\xb9hM\x81|\x9e\xd1:\x17\xd0\
\xf3\x8d\x81\x5c{\x17\xdb\xa3Z\x16\xce\xa5p\x1d\x84\xae\
E\xa4\x1eW\xe4K\xa8W\x81\xd6,\x1c\xf7\xa0Z\x09\
^\x835\xae\xb7\x14\xeb\x8e\xcdy\xf25\x95\xcfqT\
{#\xebh6\xff\xeah\xee+\x5c\xfb\xd1P\xd4)\
\xc1\xf6\x01P\xad\x83\xe5`\xe8:\xa09Oz,\xca\
^\x17i\xeb\xac\xee\xb5\xca\xd5\x99H\x1d\x14\xe5V\xb8\
\xae\x93\xc4\xbc\x06O022\x12\x97K\xe5?_\xb7\
\xb4t\xb9\x89\x03\xee\xbc\xe3.q\xef\x91\xa3\xa7\xc5\xfc\
\xef\xee\xed\x16\xc3#\xc3b\xbe^\x7fc\xb5R~\xaa\
Z)\xbd\x90\xc4\xfb\xc9\xda\xd6@\xbdzW\xa7\xc51\
\x93tk\xb2\xcb\x03\x8aqM\xee\x05\xdd\xcb\x80\xceK\
\x12\xe7\xba\xfb\x0f\xa8\x9f\x93\xcf_\x05\x81\xf9\x0dx|\
\xe5k?\xd8\x9a\xba\xa4\xeb\x83\x89\xa1y\x8f\xd0\xe6\xd5\
x\xce\xb8\xf9']\xed8\xeb[\xe7\x9f\x0fd\xbf!\
5\xfe\x22\x17\xc1\xc7\x87\xe3\x95l\xde\xb8\xfe\x00\xeaM\
\x92\xb8I\xf1zbq\xde\xb2\xe8\xb7\xa1z\x88\xab\xab\
\xe2u\xda\xe5\xfd\xca\xd6\xf5p\x1dN\xe1\xcf\xc9\xeb\xaa\
\x0a\xd7\xf5]\xecK\xef\x1dy\x7f\xe5\xef\xe9\xc5\xdf)\
\xba^\xbb<\x0d\xf7mQ\x8f\x87\xd6L4\xa9\xab\xa2\
\xf5.\x22\xb9[\xd1W@}\x0aEz\xb1\xb6vH\
\xfa\x0c\xb6fc\xeb\xa8\xaegJz\x04\x8a\xad\x03\xf5\
\xb4\xee\x91=\x925`\xa1\x11\x8f\x8e\x8e\xc4\x95J\xf9\
O\xa2$\x815\xf3\xca\xc4\x02\x0f>\xfc\xd0)=\xf7\
!\x021=3-6lX\xf7\x86R\xb9\xfc\x81\xce\
\xce\xda\xcb\xe6\x1c\x93x\xdf\xe1s \xc5\xe7\xa0\xba\x08\
\xbe\x0e\xca\xd5R\xd15v\xf8\x0b;\xfeb\xa0\xb99\
\xdec\xc9\x5cd\xfd\x7f\xb7O\xd8\xbet\xb1\xdeC\xac\
l\xbf\xda\x8d\x1b\x9e\x8b\xda8!\xa2\xb5\x7fRWd\
\xb5>\xf6\x9c\xcb\xcfi\xbe\x8f\xeb\x90\xb6\xb7\xcdbP\
^\x0b+\xf6Y\xcdz\x82x\x1fru.<wl\
\x7f\x82\xf6\x09\x8a\xf3\x8f\xc8\xfe\x8e{\xdc(\xe6G\xbd\
Y\xdc\x03@u7M\xf2\x05\x85\xfa/\xa8\xffOr\
-p\xd7#\x90\xbfY\xec\x02\xbd\x8e\xb2\xa8!\x92\x9a\
\x1c\x90{\x83j\xb26FGs\xb4\xb8\xbf2\xcd\xf7\
Q\xdd\xc9\xf6\x9bP\x9f\xc3\xc5\xac.?DX\x0a\x8a\
'\xf1\xebE\xe9\xbeW\xb7\x9f\x81\xea\xdaiO\xc0\xd4\
\xc0\xa3\x08\x96\x935\xa0\x99\xc4\x01\xbf37;W\x9d\
\x9a\x98\x12\xeb\x17\xd6\x9f\xb2s\xff\xf2M\x9b\xc4\x86\x8d\
\x1b\xc5U[\xafzcOw\xd7{\xaa\xd5\xea\x8b\x0d\
\x83\xd7kD(\xffC5=\xc9j\xb3(\x07t9\
\x1a\xea\xc9\x04\xea\xbf\xb8_G\xf6|\x9cO#<\x0d\
\x00\xe9c\x91\x9a\x13\xcd\x8b\xc3\x0f\xdc\x07\xc41#\xa9\
\x01\x91z\xbc\xe2}%\x5cw\xe2\xf5\x8f\x18\xf5\xc9I\
mO\x91\xfeT\x9e\xeb\xa0:%\xdd\x13\xa5\xadq\x01\
ZS\x80\xc6\x14v\xffG5:Mk\x7f.\xae\x07\
\x92\xeb\x93\x9e=Z\x03]\xfc\x81\xd7q\xc0\x9fc\xf3\
\x0c\xb7\xbf\x82\x8b\x11b\x8c\xb1\xc0\xef\xef\xea\xb5\xa8\xcf\
\xa9h\xad\x8f\x9d_\x8ck|d\x9c\xa15\x0e\xf7\x22\
\x00\xd7\x0c\xf15B\xf9\x98\xc2k5\xaa-\xa0\xd8\xc7\
a\x10\x80\xf6\x13\x94\x92t\xfeg\xbd\x8b\xa2\xce]\xf4\
\xbdl\x0d\x5c\xca\xba\xc1\xbb\xbe<\xd8?\x10wuv\
~q\xc7\xf6\x1d\x17^\xbd\xf5jqp\xff\xfeSn\
\xee?\xf6\xe8\xa3b\xff\xfe\x03\xe27\x7f\xfbw^3\
88\xf8P\xb9\x5cz\xa9^\x9f\xcf\xf0\x90\x08+\x82\
\xf6z\xadH\xad\x0a\xe3\xa7\xd0\xf5\x07\x8c\xa3@15\
\xc6\x7f\x1515\xcd\xcf\xb5\x8bm\xd9\xfe\x89\xb0\x1b.\
G\xf5pE\x18\xe7b\xf7\x09\xb47\xd3q\xe9\xea\x87\
\xa4&\xe8\xfa\x09\x12\xf57\xea1\xdd[P\xdc\x8d\xf1\
2h-Q\x0eS\xa3\xc1\x9b_4\xe7\xc6=j\xfc\
\x9c\x8d\x17l\xfdT:\xec\x9d\xcd\xb1\xdc\x1a\xa0P\xcc\
\x8dq\x90\x0a\xd7\xb2\xb2\x9e:\xe9\xd3\xa05T\xbb\x1e\
\x8b\x8d\x95\xb3\xcf\x94\x8a\xe4\xd3\xae\xf6c\xd7\x0c\xf7<\
Z\xd30\x9e\xd3\xc6\x1fJ\x92=\xc2\xc6\x0d\xaeg\x82\
\xfbv8VG\xf8\x07\x99\xd7\x908\x9e\x07\xf5\x14]\
\x8f \x9b\x9f\x90\xee\xd3.\x1eR\xca\x8b'\x5c/V\
jv\x9f59n\xdc\xefV\x08\x87\x9ab\xcfe\xd3\
\xf4\xcc\x86\x86\x86R\xa2\xc0\x81Sl\xfe\x9b\x1e\xdfg\
>\xfd3\xe9\xcf\x13\x93\x93\xeb\xda\xdb\xdb\xffvvv\
V\x1b\x8c~\x9eO\xdb\xdc\x12\xd5\x9c\xec\xb5\xb3\xf1>\
\xce\xb9%\xc5l\xd9\xd8\x0d\xd7\xb7$\xad\x07(\x9c\x07\
\xd3\x9cR;|\x8fD8Z\x96'c\xfc\x8eB\xf5\
u\x8aM\xc5yJ\x913j\x867F\xb5dTC\
\x07\xb2\xe6\xa1:0\xe1)\xb8\xdat\xbev\xd8\xbc\xde\
\xd5.t\xd1/\xc7\xb5M\x8c\xc5E}K/?\x00\
T\xdbF\xfd}M\xb18\x8a\xe0\x84Hl\x06(v\
\xa6\xf9nLsf\xd4\x0b@\xf9\x81\xc3\x02(\x8b\xc3\
\x22\xb9\x1e\xad\x93\xe3\xfcJ\x13\xbc\x06\xca\xf9\x14\xde\xcb\
I-\x82b1\x15\xc1I)\x8bWT\xd2a\x99<\
L \xc7&\xb9\xfa?\xc9Q\xc1\xe6\xb6\xa4_\xab\x19\
\x0e\x99\xecs~\xcc\xe1\xd6\x02Y\xdc\xc7d\x0f\x9d\x9a\
\x9e\xd2\xa5\xf6\xb6\xbfM\xe2\xe9\xc6yoy\xab\xd8|\
\xf9\xa6Sf\xfe\xdf{\xefQ\xd1\xd7\xdf+\xa6\xa6'\
;[\xdbZ\xffpl|,^\x5cXhf\xdc\x1c\
\x5c\xf3e\xbd\x97\xfc>KR\x83'}\x7f[#s\
\xb8N\x96C\xe3\xfe\x99\x02;\xbe\x8a\xdc\xdc\x8ew[\
\xebA{\x90\xa2\xb1>\xef\x07\xb8Z2\xca\x9b\x11\x16\
\xc7a\xf0\xa0\xe8\x0f\x13\x9c\xb8\xd7c\xb6y\x0b\xc3\x0d\
\xbak\x91\xd5?iNH\x8e\x0f\xadkAL\x93R\
\xa8\xc6\xc6\xfb\xe1\x1c\xf3L\xb1-y\xdcQG\xf1\x0f\
\xc1\xd4k\x5c_\x9766\xcak\x05\x8a`(Ql\
\x8dp\xc2\xa1\xfa\x1a\xea\xbb\xd2\xb8\xc2=\x07\x18\xfb\xa0\
H\xcd\x86\xf4Rh/\xc9\xbfw\xb8\xa7\x10\xd9\xcf\xa5\
X\xe1\xe2=$Y{$\xb9V$\xaf$q\x82r\
\xf8q\x94\xf3\xa0^\x8b\xc68b)I\x9d\xc4\xf0\x96\
b\xdc\xb7\xc8\xd7\x80fZ\x0bhD\xba\xb7\xb77\xee\
\xec\xac\xfd\xd2u{v\xbfi\xdf\x8d{\xc5\xfd\xf7\xdd\
w\xd2\xe7\xfe\xce\x9d\xbb\xc4\xc1\x83\x87\xc4\xed\xb7\xdf\xfe\
\x86\x8eZ\xc7g\xfb\xfazc\xc3\xad\xb5\xbc0\xe5\xf8\
w\x80\xaf-\xe5\x9e\xd1\xda4\x1e\x93l\xec\xbb\x5c\x16\
\x08\xfe6\x9f\xef\x98\xdf\x16\xe3\xd8\x13H\xaf\x0d\xad\xcf\
\x94\x0b\xe7\xf6g\xd6\x9f\x8c@\xfa5<T\x9f\xc01\
\x0e\xe95IV\xefsu'\x84C\xa1\xbc\x06\xc5\xc6\
\xa2\xa2\xb8\x04m\xf7\x15^\x03\xc5\xc7\x16!\xdc\x82\xc2\
\xb8\x05\xe9z\x9a\x88\xc3\xe2z\xeb\xde\x1eN\xea\xf1*\
\x92t<\xd3>\xa5V\xac\xf7\x0e\x84{)\xbd\x5c\x8c\
\xf4pl}\x9dr#\xc8\xda!y-\x86\xf44\x18\
v\xdf\xc5\x10@p\xc0,\x0fw<(\x5c\xeb\xf3k\
\xad\xf8\xferL0\xc68\xb9\x9a-\xde\xb3\xf4\x8a5\
\x00E\xea\x13.\xcft5\x81l>%\xcf\xb7\xb5\xb6\
\xfc\xf3\xc8\xf0\xf0\xd5\xe5rY|\xe2\xa7>~\xd2\xe7\
\xff\xa1\x83\xb7\x9a\xbe\xc4\x19\x9d\x9d\x9d7\xb5\xb7\xb7\xfd\
c#9\xce(\x8aP\x9dO\x11\x5c\x99b\xfd$\x8c\
M%\xd8j\xe9qwb\xf0^\x0f\x18_\xeb\xf6\xc7\
\x08\x1c>\x17\x8f\x11\x94\x1b\xda\xfd!B\xb5\xa0(\xd0\
sW\x8a\xd6\xb98\xde\xcb\x8e\x07\xb4\x16)\xbc\xb7\xd0\
\x98\xc1a\x81Q\x7f\x01\xd7\xc7\x22\x8c\x03d\xb5N\x8c\
\x1b2\xd72\xe2}\x09<7\xeb^-\xdd\xd5\xee]\
\xbcM\xf8SJz\xf8WR\x87\xf0\xf2$\x890Q\
(\x07\x06\x8c\xe3\x00\x8b\xed\x89\x14\x8f\x99\x81\xd4L\xbc\
\x1ao\xde\x93\xe1\x98g\xde\xf7\xa3k\x86\x8f\xfd'\xbf\
cy\x9d*\xb0}\xc00\x83\x8c\x03H0\x00d\xed\
\xa0\xb5\xcb\xec\xf8\xea\x18SJ\xe2|\x823\xb2k\x06\
8\xcc\xa3\xab\xbd\x16\xfd\xf0t\xfe\x9bk\xb8\x90\xc4\x00\
C\x83\x03q\xadV\xfb\xb5\x1d\xdbv\xbcmqa\x9d\
x\xe8\xc1\x93\xd7\x0f\xbc\xf1\xa6\x9b\xc4\xd4\xd4\x94\x00\x88\
*\xd5j\xf5O'\xa7\xa6L\xad\xbfikL\x8e\xc3\
\x83z\xa8\xa4'_\xf4\xb25\xa9\xc9\xa0^\x0f\x8f\xef\
hn\x89\xb8\xe0\x84\xbb\x83\xd7\x0b\x0f\xefKj\x87\xe8\
\xb35\xc2\xa9\xa3\xbe\x95\xe4q\xa5\x9b;9\xe7\x1c\xe3\
\xec\xb3u\x00\xf3Y\x14\x1a\xe3d\xbc |\x0c\xe1\x0c\
\xf1\xde\xb0\xce\xb1\x0a<'a5\xa9\xac\xa7\xaa0\x1f\
\xc0\x1c\x97\xc4X=T\x0f\xa3},\xcb\xe7S\x8e\xab\
\xe3p28VO\x8f\xb1\xae)N\x0e\xe1\x01\x5c\xbf\
\x01\xed}\x94\x9f\x87\xb0\x1c^\xcd\x0c_g[\x17 \
\xbcl6'q\xffM\x058L\xa0<\xfc\x1f[\x87\
Q\xae\xc5\xd7J\xdc;\xb1u\x9a\x98\xd5\xfac\x87#\
\xc2{\xbc\xabs(\xc2C(\xce\xb5\x8e\xe3$\x8dy\
[\x18;\xc9\xeb\xaa\xb3s\xb3\xba\xad\xbd\xfd\xb9\xa9\xe9\
\xe9m\xa5JE\xec\xbe\xee\xba\x932\xf7\xf7\xec\xd9#\
n;|X<v\xec\xd8\xd9\xb5\x8e\xda\xc7z\xfbz\
\xb5\xd1\xd2\xb1\xf8W\x8fcE\xf2~\x5c\xcbv\x1cY\
\xa5X\xfdF!\xeei`\x1f\xa4xR\x1e#x{\
?\xfe=\xd2\x86\xc8bt\x8c\xcbfk\x0d\x99;\xe0\
\x8e\x09\xe1\xdf5\xde\x0b8~\x00\x94\x8f\xb5U\x80z\
\x03\xe4\xbd\x09\xff1\x1d\x17\x91\x22\xbc\xd7\x18\xe7\x00x\
=\xf5\xae\xb7T\xa4\x9f\xa4\x08\xc7\x1d\xaf\x09u\xdc\xa7\
ps\xc8\xf5\xb2\xd1\xbc\xa2\xeb\x05\x10\x8c\x9dDk)\
\xae\xbf\x16\xd7\xd8\xd5\xe0\xd9\xba\xa8Y\xff\x10\x8d\x05\xba\
6\x22\x5c0\xc9Y\xdc\xda*\x09\x0e\xc4\xe9\x0aH\xcc\
\x13\xc6|p\xdc\xf3\xd0\xc0\xf8\x08Y-\x9a\xe5\xa4\x04\
;`\xb8Ju<\xff\x11\x87\x91\xf7'\xddC\xb2\xba\
\x02\xc5.\xe1\xb5\xdeb\x83\xd2\x9f\xcd\xfe\xda\xdf\xdf\x1f\
\x97\xca\x95\xffp\xc7]w\xbd\xe9\x96\x03\x07\xc4\x03\x0f\
\x9ex=\xc1\x8f}\xeccb\xd5\xa5\xab\xc5\xd0\xf0\xb0\
*\x97\xda\xbf\x95\xe9tDx\xfe\xd2u\x15\xc7\x89l\
\x9f\xe5\xda\x11\x1c\xcbB\xf5l\x80\xe6\x9b\x8a\xe1\xfdC\
s\x17\xf5\xa0\x0b\x8e(\xb0\xbd\x5c\xf9|z\xc4\xf1S\
\x1e\xbf\x84k\x8d\x90\xf7A\xfc\x12t.\x1a8\xd6\xd4\
}>\xeei\xc5\x08ScsK\xe0xT\xe9\xf2\x9f\
\xe2\xbaF\xca\xd5\x16i\xcd\x12\xd0z\xa0Hm\x15\xf5\
&\x10\xdfE\xe2\xbe\x07\xbe^^\x8eM\xe7\xad\xa4\xbd\
\x10\x8c\xb9vs\x97\xf6\xbc\x00\xe1\x0f\xd1<`{\x81\
\x0e`xx\xefT3\xcc\x11\x8d\xe5\x81\xc5=x=\
Q\x14\xf7`\xe7\xbc,\xf8\xbc\xd9\x9a.Aj\x86\xe1\
u\xf8\xde\xfcs$9\x16z\xdfI_\x22\xefo\x01\
\xe1\x0b\xaa8\xb0\x86\xc7\x96SX\xe0O\xa5l&1\
\xc0?\xce\xcd\xd7\xd5\xcc\xec\xdc\x09\x9f\xfb\xc7\x8f?!\
\xa6\xa7\xa7\xc5\xb6m\xd7\xbe\xa1\x5c.\xfd\xec\xf0\xd0P\
\xbc\xb8\xb8\xd0,\xf4\x95h\x9dKql\x1f\xc2\xb5\x90\
\xde\xbe\xe6\xfc\x1cE1\xf7L\x1bB\x16\x1c\x1b\x17\x1b\
s\xbe\x00\x8b=\xdc\xbc\x03;.Aa\xee\xa7\xa2\xb5\
f\x89\xf0\xb1\x1cc\xe2\xc7\x13\x1c\x8b\x88p\xdd8\xce\
\xa0\xeb\x89\xe5\xf0\xe3\xbe\xa6\xc2\x18\x07I\xf6@\xa5\x82\
xBo\xce\xe1\xfa\xbd\xfd,i\xfb\xac\x9a`\xe4\x14\
\xc6,g5\x11\x85\xd6\x05\xcb\xc5\x02\x8f_\xe78J\
\xe8\x98Y,N\xf6B\x9e\x7f\x00\xd1L\x91\xb4F\x06\
h\xef\x06\xc6\xa7\xb1\xbdw\xc9js\x92\xe7_\x9ar\
9%\xe5Qa\xce'\xe6;Sl\xaf\xd3\x15C\x98\
\x09Et\x91\xbc\x9c\x8d]\x07\x84U!\x98P\x8c\xcb\
P\xb1\xc7+\xc6\xd8\xf8\xfc\xbc\x92\xb9\xa6k\xb5\xae\xb8\
\xa3\xd6y,\x8e\xe33w\xed\xdesB\xe7\xff\xde\xbd\
\xfb\xc4\xdc\xec\xac\x98\x9f\x9f_L\xf6\xfe\xef\xa4\xfal\
F\xcb\x00\xc7\xe3\xbcF\x84\xe2x\xaf\xaf\xc5\xea\xc1V\
cM\xb9\x18\x8d\xe2\xf0\x80\x8c\xc7H\xb9\xbd\xdf\xe1&\
\xb0~\x8c\x1fW\x91\xfbN1\xeb^\x1c\xcd\xf9\x06L\
+\x80\xf4\x09\x82\x1cu\x86\x19\x08\xd7\xb3$\xedgr\
<_>\x07\x19&:\x0e\xf1\xa5\xf8\xda\xe7\xc5\x0e\xae\
\x0e\x88\xf7`\xaa\x9f\x15\xe0\x1d#lELtq\x08\
NB\xb2\xd8\x88\xe5A$'f\xf8E\xdc/w\xbd\
\x0aVwT\xbc\x8fNzG^\xce\xc70\xd3\x04G\
\x00\x94\xabP<'i\xae\xee\xe6\x1e;w\xa0\x5cA\
\x0d\x81\x1e$\xc1\x9a#nF\xb6f\x00\xd3%P\xf4\
\xfa\xe5\xbd2V\x934\xfaX\xcd\xf1\xf1q]\xa9\x94\
\xff\xab\xac\xcb\xf3GGFN\xd8\xdc\xbf\xfb\xc8\xdd\xe2\
\x96[\xf6\x8b\x0f\x7f\xf8\xa3g\xad]\xbb\xe6\x93\xa6\x1e\
\xb9\xd0h0]5\x8e\xab\x95\x94C\x8b9k\x8ab\
X\x5c\xdc[\xec\x8d\xf9\xf8\x93\x88\x0fL\xe3e\xcc\xb1\
\xd2\x84\xc3\x87\xf0\xac\x11\x99\xb3J\x83\xd7{\x91\x0c\x1b\
\xeb\xb4-(\xde\xd6\xe3\x9e\xfay\xbe\xa4\xeb?\xd1(\
\x01\x9a{\x02\xe9;Q\x8e\x1a\x10\x5c\x99\xa2\xbd\xe7b\
\xfeJZ{`\xf5H\xd4\xa3G\xb8\x06\xbeF0\xde\
.\xc6\xad\x02\xceE\xf0\xdaDk\xbc\xda\xc7J\xd1\xbc\
Va\xadD\xa6\x15D\xb9N\xe4\xfd\xd8ut\xbd5\
\x84W\xd68\xb6\xc3\x98\x1d\x8b\xf1AqC@KB\
3\x5chv\xef%\xbf'Y\xce\x85c\xdbL+E\
\xb1\x9eV\xaaYG\xe3\x1f\xaay\x86\xfbb\xa8\xc6\x80\
\xf1\xa1\xf9\xde%}\xae`\xd1G\xad\xcby\xdd\xd2\xb2\
\xf6\xaf\x17\x16\x1a\xd5\xe9\xe9\xa9\x136\xff\x7f\xf6s\x9f\
\x15==\xddb||ld\xcd\xda5\xdfJ\x8e\x03\
aB(\xae\xdc\xc6\xd8\x16\x8b\xce\xf6\xf3\xc8\xcb\xa75\
\xc1\x9e9\xac\xaa\xdf3v\xdc\xd6\xa6\xb2\xb8\x1f\xce\x93\
S\xb4v\x84\x7f\x8fr=\xf0x\xc8h\xae!\xbci\
d\xf5<\xd8\xef(&)_\x03\x01qb@\x93\xb8\
A1\x8d\x01\xde\x9fd\x1a$@\x8eQ\x12\x9c\x03\xa0\
^\x85\x22y-\xe1\xd6\xe0\x1c\x18\xe9d1\xdd3\xc0\
X\x9b\xbaFZ\x96\x047Iu:\x14\xa9S(R\
\xbfK\xfbV,\xe7\x01\x8e\x07\xd3\x8c\xebQ\xf4\x85h\
>\xc8y\x1a\x8a`\x80|\x1e \xd0\xfe\x09\x99\xa3 \
\xe3P\x8c\x8a\xf3\x0c\xa0\xb8^\xde/u}\x12\xc4\xe9\
\xf6p+\x08\x13\xc9\xd75\x86\x17p\xf5V\x1f\xff\x9c\
\xed}\x12\xd7F\xa5\xd1\xc0\xd6\xc6;!\xc9\x05\x0e\x18\
\xfd\xe0c\x8f>rB\xe6\xff9\xe7\xbf#\xed\xf7\xf7\
\xf6\xf6\x1e\xaf\xd5j\xb19\x0e\xaa\x1d\x03\x14\xbb\xef\xc5\
mV'\x03kd\xa1Z\x14\xce\x0f!\xc6:\x13$\
\xcf\x02\xac\xd9\x0d\x8e\x13o?\xbb\xe0\xf5B\xaaq\xc3\
\xf8\xc2X\x8f\x03\xe3\xf9\xf0^\x1a+\xae=\xc5\xf8=\
$_\xf00C\xc0\xb5Bb2_\x11nU\x01\xcb\
\x03p\x1c\xc5b\x07\xe5s\x5c\xc8>\x09J\x05z\xdc\
h\x9f\x964\xee\xce8\xd6Ph\x15\xd1qG\xeb7\
$\xd6\xa1\xbd=\xaa\x9f\x8a\xb5\x92q\xfd\xdd\xaf\xedc\
\xbc\x1d\xd1L\xd1\x8e\xef\xe4s\xf11n\xdeqj\x0b\
\xfd=o\x9e\xc6t\x1f\xc5}]R\x7f\x8f)^\xdc\
\xe7\x15\x00\xee\xe51\xed2o=a8r2\xf61\
\x0f\x89\xe9\xddY\xfd\x07Ek\x00 %\x89\xb7\x1aI\
\xcc\xdd\xd9\xd5\x15\xf7\xf4\xf5<\xd3\xd5\xdd%\x9e\xfd\xf8\
'^\xf5\xb9\xff\xe4{\xde+n\xbe\xe5f\xb1y\xf3\
\xe6\xf3[Z[\x7fobr\x22n\x98\x9a\x7f\x86\xd7\
\xd1\xa1^\x1f\xe5\xb72mz\x82\x03P4\x7f\xc2\x9a\
2D\xff\x05\x8f3\xa0z\x14X\x0f\x16\x18\x1e\xa0\xb8\
\xc7\x92\xe8\x04f\x7f\x97\xd7z\x81r\xd5\x89\x9e\x8f\xc3\
\xed\xba\xba\x81\xa2\xbc?\xa2\xfb\xec\xf7\x13$_\x07]\
\xec+\x11\x8e\x94\xe1\xd0\x10f\x01\xaf\x9f\xa4\xeeN\xf0\
\xed\xe4:(\xbf\xaf.\x15\xc2*\x93\xf5\x9a\xeee$\
\xff\x97\xb9V\x82\xd2\xc0\xfa\xf3\x14;\x84j\xaa\xae>\
\xa3\x15\xe3\xf3{\xeb+\x8a\x89\x1c\xf7\x86\xe4\x19\x1aa\
\x83lm\x88\xad?\x88c\xa2b\x9a;IOwK\
\x01\xc9A\x88~/H\xa7\x83\x0e\x14S\xa1IMS\
!>\xa4\xe2\x98j\x15\xd4\x1eby\x17[[eL\
\xf5B\x14\xcdQ\xc1\xad\x95\x06c74<\x14\xbf\xf3\
]\x17\x7f\xc4\xe8\x02<\xf4\xc0\xab\xef!\xb2o\xdf\x0d\
b~nV\x8c\x8e\x0co*\x95\xda\xbf\xdbX\x88\xec\
5\x96\x99\xf6Y\xde\xf3S^=\x0acX\x15\xeds\
Q^>\xd1ZB5r\xacai\xd7\xf1<\xae\x8e\
\xc0\xe7\xc7s\x8e,\xe6\xbb\xba\xf5\xc8\xab\xe5\x90\xba\x19\
\xef\x1d2l9\xd5\xfa\xf0\xebL~\xfd\x8dc\xebB\
xB\x86ag\xf5DR_\x95*\xe6{\x1e\xff|\
;\x07\xa4\x9fg\x83\xc2\x5c\x04\xde\xef\x0b\xefe\xf4\xb8\
0\xf7\x9es;\xbc\xebhc4\xbfV)\x91\x16\x83\
\xe2\xba\xcbZ)\xaa7\xe4c\xfdq\xee \xc9\xbdW\
L+\x94\xea<3\xbc#\xab\xc50\xed\x0f\xaa\x0dI\
8\xaaJ+\xba.h\xf0\xeb\xb1\xda\xf1\x9f\xa5\x8bM\
\xf2\xdau\xa4\x08\xc6\x82\xd6'1\x9f\xdc\xf5\xc1\x9b\x13\
\x13\xe3q\xcb\xda\xb5?\xff\xc4\x13\xc7\xcf\xb9\xf5\xd0\xa1\
W}\xfe\x1f9rW\x1a\xfb\xb7\xb6\xb4\xbc\xbb\xa7\xb7\
;^\x5c\xb7\xd0T^\xacHp]\x5c\x87\x8e\xc5\xdf\
\x5c\xe7%}}3\xd0_K\xb5\xfc#\x9e\xcb+\x8a\
\x1d'8u\xe0:\x18\x8a\xe8\xb7\x06z3\x16o\xca\
0\x8a\xa4\xee\xa7\xb8\xc7\x08\xab-`\x1f\x10T\x83@\
~B\x9e&Y\x11\xfb\xfa\xe7D\xae\x01\xe0s\xd3\x18\
\x1f\xa9\x80a\xf5q\x1f\x12\x1d\x03P\xdc\x1f\x8e\x9b\xa8\
W\x06(\xaf\x16\x8a\xb4\xc9\xb1n2\xe3\xcecMN\
\x97\xef\x1b\x1d\xb6HQ}R\x1c7(\xec9D{\
\x9a\xa8\x9el5\xd4\xb1\x8e\x9a\xab\xebq\xdc\x98\x8d\xdb\
\xd8\xbc\xf2\xbd\x134\xc6@K\xa2\xe5\x86\xb5\xd3\x1d\x8f\
\xd5\xc6\x0f\x1ef\xcd\xf1\x84Y\x9d\x84h\x0e\x01\xa9o\
\x92:\x92\xe6=\x132\xbf0'\x229\x96\x99\x99\x99\
\xb8\xa3\xa3\xe3+\x0f>\xf8\xe0\xaa\xc3\x87\x0f\x9f\x00}\
\x8f\xcb\xc5\xf6\xed\xdbW%y\xff\x1f$kO\xa6_\
\x0e\x8a\xc4_4\xeeu\xdc\x12\xae\xc3m}\x5c\x00\xd7\
\xfe\xbc\x1a\x96\xa7\x81E\xb1[\x9e\xc6'\xd7\x8d\xd2$\
\x8e\xb0\xb5;\xa6\xcf\xcf\xf93d\xfeXMA\x8a\x0d\
#\x9c\x22z\x1e\x80t\x7fq\xce\xaf8v\x99r\x0f\
\xd9yH\xda\xef$\xe7\x0eT\x9f\xd0\xf35\x22\xf8D\
\xac\xd9O\xf4\xc8-\x8f\x98\xd6\xd4]\xdd\xd5i^3\
m\x95|\xad\x8d\xd85'<k_\x8f)\xb2\x9e]\
\xd2\xe7\x15\xa1\xbam\x04\x84;\x8c\xf5K5\xd19\xc6\
\x9a\xb1\x10\xd2[\x22\x1a)\xf9\xb8\x82\xa2\x17Tx\xa2\
\xb9\xd7\x81\xd5\x80\xa2\xfa\xe2\x8ab\xd2\x91\xae\x1f\xd7|\
B\xfa\xc08\x8f\x97\x98\xdb\x12\xd3\xba\x139G\xcaK\
\xe7\x1a\x08y\xdc%\xd3\xd7\x83\xc1\x02\xc7\xdd\xdd]_\
\xbb\xe3\xce;*\xb7\xec\xbf\xe5U\x9f\xff\xed\xede\xd1\
\xd9\xd9\xdd\xd5\xde\xd6\xfeO\xf5z\xdd\xf9\xbc\xe5c[\
\xb2\xf8\x9b\xc5\x80\x85\x97\x0e\xdaC\x80kX8-E\
\xebm\x91\x7f\x97\xa4\x9f\xa6\x15\x84\xfa\xda\x8az\xd2 \
\x8f\x0e\x82\xbd\x22\xe3\x1fP<\x0b\x9a\xc4n@j\x93\
d\x1e\x13\x8dP\x861P@\xeb\xa0\x81=\x9d\xe3R\
\x08\xdf\x16\xf1C\xdc:\x10\x11\xec\x8d\xab\xa1\x12\xef\x0d\
\xacu\x18\xd2\xc7#\xd7\x86`\xe40\xce\x89\xd4\xbep\
\xfd\x1b\xc2\x1aCXS\x05<\x0c\x85\x8c\x19/C{\
\xbcF\xb4\xa7\xe3Z\xa1\x9dS\xa0|l,\xea\x8f\x82\
\xc7\x1fb\x18P\xc4\x15v\x9ae+\xe0>!\x80\xc1\
\x03\xa6EG\xbdG\xc2\xbas\x8a`\xd6]\x8fR\x92\
<K\xe7\xbdb\x82iV~\xde\xa2\x03\xb9\x9b\x9e\x99\
\x9d\xd1==\xdd\xff\xe3\x8e\xdbo\xeb\xdc\x7f\xcb\xbe\x13\
R\xff\x1f\x1f\x1f\xdfl\xfc\x93\x8dF)\xe7\xae\xf9}\
\x12\x15{|\x0boO\x96T\xd3\x92\xe3g\x5c\x8e\xae\
\x81`\xc3r\xce\xad\x0as\x03\xddz\x0d\x98_H\xae\
\xbfw\xbdY\xdd\x9d\x8c\xed\x90~\x1f\xb0\xf3%\xba\xa1\
\x8c\xb3K\xfar\xe0\xb4g\x9d\xbe\x01\xc5\xd6\x12l\x83\
\xdd\x17\xa8\xbe\x11\xf8xB{\xbe*\x80O\x06\x88\xfd\
\xba>\xc3\xe1P\x9c\x9d\x17\x87\xe11\xc98\x1c1\xe9\
\xe3\x00\xd6\xfc\xe15@\x9a\xeb\x93\xb9\x8c\xceC\xe1\xbc\
'\xe0\xb3\x02\xca\xdfgh\xec\x8e\xf8\xff\x04C\xa0<\
\xfc5\xbe\xc7\xce#$P\xc3\x01\xde\x0b@:iX\
W\x8a\xadw\xb8'\xc9\xb5\x8ex\x9d\x04\x94_w\x02\
\xa4\x95P`\xeaggg\x9a}\xbd=\x7fy\xf7\x9d\
\x87\xbb\x0e\x1d\xb8\xe5\x84\xcc\xff\x89\xc9\x89\x1f\xeb\xee\xed\
1x\xdfX\x05\xfc&\x08\x8e\xc6\xcb\x8d\xdd\x9a\x18\x11\
\xce.h\xa4\x9b\x1d;L\xbb\x0c\xc4\xfc\xd2\x8f\x8d\xbd\
\x98\xddii+\xc2\x1f\xe5\xf5\x22\xd0\x01l\x99\x9f\xcf\
s,-\xa0\xbe>(O\x93\xc4\xd6\x8f\xa2`\xbd\x82\
\xf8\xf0b-/\x08\xed\xab\x1e\xbf)\xcb\xa7Y->\
&s\x91a\xef\x5c_\x16\x08\xe6\x11\x02\x9e%Tc\
\x81b\xa9#\xe5\xe3\x18\xb9\x87\x8f\xa7\xb1\x8ay>~\
,\xe4c{\xc1\xab\xf3h\xac+\x80xT\x08\xe3\x1c\
\xf00XAc\x95\xffN\x11o\x22\x87\xc5#\xf5!\
\x9c\x0br\x1e0\xf0\xfa\x22\xc6#3\x8f\x16\x8e\xad\x22\
k\x1f\xd5i\x8c t\xfd3\x1c[\xa1\x89\x93\xcc\x7f\
\xdd\xdb\xd7\x93\xed\xff\xfb_\xfd\xfd\x7f\xff\xad\x07\xcfh\
k/}\xc1h\x93\xe7\x98?\xe7}\x04\x92\xd6:\x09\
\x9f\x09\xd0X\x00\xee\x99\xecjn\x10\xf0\xeb\xf4rc\
`\xd89\xe2\xbb\xa5\x15\xdf\xf7\x88\x0e6\xafM\xf1\x1e\
\xa4\xb4^\xd0\xbe\xef\x15\xae\xcdRL\x13\xab\xf5\xd9q\
\x13\x05\xea\x18\x88\x7f\x84u\xe1\x98\x07\x86\xd4\x88\x87\x13\
\xf04\xf6|hI\xef\x9ek\xa2*I4\xafQ\x8f\
\x10\xb4\xa7\xa5A|9}\xcdm\xae\x0d\x94\xaeq\xcc\
\xeb\x14@\xfa\x1a\xaa\x0c\xd7J\xf5\xf4\x0bl\x9d\x0ci\
(s,WVO*\xae\xb9T1\xab\xad\xd1\x9a\x1e\
\xe5\xdd3~\x0a\x8e\xad\x906\xac\xa4\x1e@\x91]k\
\xb0V\xbc\xd4\x1e\xef\x82\xe0\x97\x98.=\xf6'D\xf5\
\xfd\x88\xf6\xc8\xb5\xf2\xb8\x9e\x08w!].h0\xf7\
33\xd3qg\xad\xf3w\xef=rd\xcd\xa1\x03\x07\
^}\xad\x8f\xdbn\x7f\xc3\xa5k\xd6\xfc\x8a\xf1\xf1\x88\
\x22\xc7\xe3\xc6|X\xaco\xc2j<\x9a\xc5\xc8z\x05\
]+[\xcf\x0d\xfa\xd8\xe0\xba\x9e\x9f\x87kE\xd7\x02\
\x0f\x97\xb3\x02_\x86\xd4\xb4qo\x86i\xf9R\xdd\x9d\
\xbcV\x854(\xdc\xf8\x8a\xa4\x17\xc7\x91^4P\xce\
\x1f\x90\xde(\xf6\xdd\x93\xac\xe6\x05<\xc7\xa15\xbd\x88\
\xd6\x8b\xb9\xe6\x90\x9d{\x91\xc3\x06F\xc4k\x08\xef\xb1\
R3\x0dO\x87\xb3\xc6\xef\xc5\xf0\xfe\xd8C\x81\xad\x05\
\x1a\xf7\xf00\x164\xf2\xf7\x87@\xbce\xb9\x8ehM\
\x00\xeay\x804#\x80x\xa3\xc9@\xad\x08\xeb\x1cJ\
\xd2_$9#\xc2 x\xde\x1f\xacnCr!\xdc\
\xb7,\xb4\xa0(\xcf\x89\xd7\x04\xf1Z\xa4=m@\xe4\
\xc5b\xf2\xef\xf1\x89\xf1\xb8\xad\xb5\xed\xe7?\xf8\xa1\x9f\
|\xeb\xbdG\xefy\xf5\xf7\xff\x03\x07\xcb\xa5R\xe9\xf7\
\xeb\xf5y^'\xd1\x1e\xbf\x8fq\xca\x80\xd5\x04p\xcf\
J\x92\x1c\xc2\xf9&\xe4=\x1f\xdc\x9b\xd3\xca\xd5\xf44\
\xe7\xc2)\xe69\xa3\x88\xae\x9c\xe5\xcb\x12}5\xa4A\
\xe3\xf5x\xb17\xb6\x22\xfcW\x8c\x1d,j\xb2\x9e\x17\
\xa7\xeb}\xd8q\x0aXG\x9e\xf9\x0b\x04\xb4\xce\xb8\xf7\
(\xf3!\x8dV\xf0\x03':\x16\xc0z\xcf\xbc\xbfN\
\xf3\xb5\xacGPp_\x95\xf45\x15\x82}t\x9a\x1f\
q\xec\x01\xe2m\xc6\x84\xd7\xe9y\xb3;|\xa2\xe7\xc5\
\x84\xbc\x80\x99wI`\xdf\x0f\xc4)\x1e~\xd3\xe53\
4\x1e\xa7Z\x0dd\xfd\xc1zr\x18\xf3\xa4\xbc\xba\xae\
f\xbd\xd9\xfc\xdc\xa8\x17\xaa\xf2\xb8\xd5\xd9x\x8b(\x17\
\x11\xe9%\x149\x04\xe8\x85\xc5\x86\x1e\x1c\x1c\x8cW\xad\
Z\x95\xe2\x7f\x1e}\xec\xd1W}\xfeo\xda\xb4iC\
\xad\xa3\xe3[6\xa6\x92\xbe\xf6\x04\xdd\x8fy~\xc44\
\xdf\x10\x96\xcdyD*\x86\xb3\xa0\xb8a\xc5z\xea\x94\
\xa3#c\x8e#\xf4\xfc\xbf\x5c\xdfF\xe3\xfbG\xea\x01\
L\x03_f\x1a\xa5\xa1\xfa\x80\xd3\xfc\xa3\xfdDW\xbb\
\xb2\x5c\x18\xd0<>\xc4\xdaU\xd4\xabC\xc5\x94\xd3\x14\
\xd0L\x83\x80\xae>\xa9u\x01\xefw{\x1a\x03\xbcg\
O91\xd8#\x97ai\x80\x5cK\x1d\xd0%\xa1Z\
\xfdy\xdd+b\xde\x9f\xc0\xfcQ\x01k\x10\x11\xbf\x0f\
\x8e'\x02\xd2GC\xfe;\x9azBp}3\xf7\x5c\
\x14\xd0\xe4`5\xd5\x18\xfb!\x11}\xc2\xa2\x9f\xc9\xf1\
R\xd4\x83\x9a\xd4\xb9\xb9\x16<\xc1\x04+\x9a;\x03\xae\
\x0dH\xc2\x8b\xb4\xc7\xb0\xb8\xb8\xa8\xbb{\xba\xe3J\xa5\
\xf2t\xa9\xd4.\xde\xf7\xde\xf7\xbd\xea\xf3\x7ft|\xfc\
\xfa\xce\xce\xdaK\x8d\x064S\xdd\x02\xe9p\xdaV'\
3\xc87U\x81\xd8@\xe1\xf8V\x87\xd6\xc4\x1c\x17\x1b\
\xe0TZ\xfc\x00\xe7\x8e2\xee0\xc1qi\x1a\x8bS\
\xcc\x1a\xaf\x03B\xe1A\x0dT\xc7\x15\x18\xb6\xd4\xebg\
y\xfd$\xc7\xfdQ2\xd0S\x02\xce\x1bf|\x19\xe0\
}/\xb0\xb5<\x84Q\xd1Jy\xfb4\xc2\xa1(\xa6\
\x7f(\xa961\xc3\xd4+O\x9b\x92qtYm\x14\
\xc7\xc9\x94\xa3\x8f\xf0n\xb9\x0f(\xe1o\x91\xf8X\xc5\
\x01\x0f\xc1\x22\x1f\xa0\x5c\xae\x82\xff\xad\x90\x16wh\xdd\
\xe7\x1a\x0d\xdcS,\xa4I\x02\xe1{\x04\xa1\xda\x11\xf1\
4\xe0\xbd\xe0L\x139b\xdc= \xef!c\x86Q\
\xc2x\x00\x17\x03H\xa6Sm\xe6\xff\xc2\x82\xee\xe8\xe8\
xnvff\xef\xd4\xe4\xa48~\xfc\xf8\xab>\xff\
\x07\x06\xfb\xf7uu\xd7t#RM\xe4\x85\xccx\x9c\
\x10+\x1fS\xa3I\xbc\xc7t0\x95\xc5\xf8I\x8d\xfd\
\xde\xb9w\x8c\x22|\xf0\x02\x9b\x8d<?\xb9\x87,\xd2\
\x12R<\xa6\xc7\xda\x0e\x08;\xe8\xf9\xdc\xda}\x0c0\
\xbf\xd6\xf6\xa7\x22W\xf7\xd0\xb87C\xfcl\xb0&\x16\
\xc1\xe6K\xcd\xfd\x88\x10G\x05\xd7\x1ax\xcf\x12\xf5]\
\xa9\xce\xa0_\xd3s\xf1g\x81{!X\x0a\x9a\xafi\
O\x13\x1c\xa8\xfe\x08\xd7\xd1fq\x9f\xe6\xeb\xbe\x87\xe3\
\x03\xe2\xa7\x8c\xfdS5\xd5jg\xf59\x15\xea\x05\xa1\
\x1a\xa9\xcf\xb7\xd0\xcazH'\xf7IR\xfc\xa2b\xda\
\x81\x11P\xed\x7f\xae7\xeei\x93\xa0\xbd\x18\xc7L\x5c\
;\xc9\xd6\xedQ\xdf\xcaj\x88H\xc5\xfc\x8c0\x1f\x9c\
\xe6\x14\x88G\x95>W\x97r\xb9\xb5\xad\xed\xebS\x93\
S\xa5\xa1\xa1\xa1\x13\xd2\xfb\xeb\xe9\xee\xbe9\xd9\xff\xd3\
\xda_\xaaG\xe6\xb0\x91\x0c\xabN\xbc58\xbf'\xaf\
\xf7\x00Y\x13\x22\xf4{\xa9\x02\x1a[T'\x9ap*\
\x11\xee\x90hWr/\xfa\x00\xa6\x12\xad\xddDgK\
c\x1e1\xafO*o\x8f\x96\x1c\xb7J\xfd\xe4Y?\
\x0f\xf9\xd8\xb0\xd8\x93\xc6\xa1\xa8\x1e\xaf\x99g\x87\xc65\
\x06\xaa\xf9\x09\x1a\xfb\xa1 \xcfS\xa4\x01(}\x8c\x0e\
\xf1\xccA\x1e;l\xeeg~\xa5\x92i\xe4\xf9\xbc\x00\
\xe2!\xe4\xf9\x90\xd4Y}Li\x8f\x13\xc1\xfb\x0e\xc0\
t>I\xad\x98r6\x09\x8f\x9c\xddG\xaa\xe7\xc2|\
\xbc1\xa7\x83\xea\xf6j\xa4\x11\xce|\x8b\xa9o\x92\xf2\
\xe6\xbf\x97\xdb\xfa\xbc'\x8c\x0d\x00\x0f{n\x8f\xb1x\
oS\xfb\x1f\x1f\x9flvtt\xfe\xc1\xdc\xdc\xfcy\
##\xa3'd\xfeW;\xaa\xb7\xd4j\xd5\xb8at\
\xbe\x8a{\x08\x01\xbfN\xb0\xf9g\x08\xf7\xc6\xfcj\x9c\
\xae\x02\xe1TH\xc9\xfa\xde2P\xe3\x92\x9a{`)\
\xc5\xfduU@\xdb\x83\xac\xdb8\xb6\xd7\xc4\x97\xc3b\
i\xa4\xe6<\x12\xdaW\x06\xc4\x81\xb4\xfaMXs\x13\
\xe17\x19\xc7\x04y\x94R]\xbb\xfc\x9eK\xc9\xe2\x7f\
\x1f[\xa2\x18\xbe\x8eq\x0d3\xcc\x88\xe4>j>\xf6\
$\xac\x81\xed\xfa\x9d \xb9\x97a@+\x15{\x02\x03\
\xf1*,\xf4\xbf=l0\xd9C\xa96\x01\xc5\x8b\x07\
j\x90\xb4\x97H\xf1\xa1\x0cO\xa5=\x8f`\xa41\x0a\
\x9e\x1e\xbb\xf4\xf5 \xf0\x9e\x0f\x98\x7f\x0c\x98\xab\xea\xf1\
a\x0a\xdd\x12%\xa5\x0e\xea\xfbY\xed@\xaf\xf7\xe3z\
7\xd2\xf1\x8bL\xed\xbf\xa7\xa7'\x89\xffk\x8f\xff\xe3\
\xb7\xff\xe15\xdb\xb6]{B\xe6\x7f\xb2\xf7\xdfR\xa9\
\x94\xf2\xf9\x8frkI\xf7\xed\xec\xde\x03\xd3\xd6\x93\xda\
\xe2U\x81\xd6\xcb\x80\xe5\xbf8\xa6\xb5c[*Mt\
\xad\xfd\xfa3\xe6\x85`_6\xe6\xc1\xc9\xb5\x86\x9c\xd6\
\x9d\xe7\x0f\xa5\x025=\xa0\xbdFU\xe0\xffm~\x80\
\xf4\xb3\x14\xd5\xebGy9\xc6\xcfy=#\xecKK\
z@+y\x17a\xec/\xe1RH\xedc39\x8f\
\x9f\xea\x97C(\x8e%\x9e\x86\xc4\xefZs\xce \xbb\
\x1fX\x83\xc7\xc6;\x11\xd2#\xa6\xeb\x07P/^T\
\x1fSX\xdb3\x8bq\xc8\xda\x1f)\xe5\xf5B\xb0\xbe\
7\xc5\xeeKT\x8baz+E\x9f]\x05\xf0|\xce\
;\x81\xd7\xf8\xb1\x86!\xad\xe9\xbb\xfdC\xf3\xf7\xc3\xba\
\x04L\x1b\x1bs\x03\xec:a{\x99\x11\xc4\xed\xed\xed\
/\xf4\xf4\xf6\xad\xef\xee\xe9=a\xda?C\x83\x837\
W\xcaf\xfe\xab&\xf8\x9a\xa5\x8c\x87\x06D\xf7\x8eh\
]r\xfe\x15\xf1\xea\x96\x84wn}9\xa5\xef\x17\x02\
\xc4c.\xac!\xc5\xbc\x85y\x0d \xc6\xb5#\xe7\xe5\
\x82bw%5\xeb\xe3\xc6\xb4\xff@\xf4I|\xedQ\
{\xaf\xeb\x96\x7f\x88cv\xafv\x1c\xf0\xa0d{+\
\xaf\xe9\x93x\x04\xc7\xcfX\xf7\x0b\xef\xe7v\xdeI\x84\
\x11\x00\xae{\xa9x\xdd!\xa6\xba=2\xa8k\x8d{\
\xea\x056G\x05jZ\xe0\x9do@[8\xdfS\x80\
xpJ\xa6\xfb\x16\xc2*K\xaek\x14\x13N\x0eH\
\xa6'\xcc\xfeV\xba\xfe0\xe5\x86\xcb\x98`K\x89O\
\x01\x8f\xb9\x08&\xd8y\x02;\xfc\x84\xa6\xef\x1f\xc0Z\
s^mr\xce\x0b\x0b\x0d=:6\x1a\xaf]\xbb\xf6\
\xcb{o\xda{\xc1\x8d7\xdc(\xee;\xfa\xc0\x09\x99\
\xff\x10\xc1u\xb5Z\xc7\x8b\x8d\x06h\x92\x7fs\x9d\x1c\
\xee\xc3\x019^\xcbi\xe8\xd9\x9a]D\xf2f\x9f\x83\
N\xbdS\x8bZ\x01hZw\x97\xd4oW\x060\x98\
\xb6\x9e\x0f4\xa6\x02\xbf'A<{q|\xcc\xf8\xb0\
>'\x06\xcfS\xca%R\x0a\xe3\xa5\x08f/\x06\x8e\
5\xf7\x8f'\xa6\xb5I\x889\x87\x8fq\x8d-V\x18\
\x8dc\x9a\xf7\xcb\xac\xb7\xe4|\x96X-G\xa9\xdc_\
H\xfak\x00\xeb\xc5DE^_h\xd4P\x8e\xaf\x06\
\xee\xa5\x11\xf2VW\xac\x06\x8f\xea\xb1\xaa\xd8K\x18\xce\
\x12\xe1\x1f5x\xfd\x97POD\x12\x0f\x16\xca\xcda\
\xbd&\x89\xb1\xbc\xd2\xc7\xb7\xb0\xbe\x89\x1f\xbf\xf9zM\
\xb4\xf6T\xd7*\xd0\x17\xf04\xdb\x99^\xa0\xd1\xd9\xad\
u\xd6^\xea\xee\xe99r\xeey\xe7\x88\x0d\x1b\x97N\
\xd8\xfe\x7f\xed\xb5\xd7.u\xd4j\xff3\xbb\x86u\x8f\
\x17F\xb1\x9e\xa6N\x91b\x15\x1dV\xd3a\xbb\xa9\xbe\
\x1b\xc1\xfa\x22\x8f\x0a\xf0\xfcRq\xbc\x15\xd4\xe7'\xf9\
~QW\x92\x18[Dbl\xa6'E\xf4\xf5\xf28\
Uz\xbdm\xdeS$\xbdr\xa7a\x15\xba\xef\x9az\
\xea\xf2\xfc[z\xbe\x85\x1e\xd6\x85r\x7f4\xc1\xbeq\
^\x90\xd37\xd7\xdcG\x83\xfa\xab\xb8>\xbe\xc2\xda\xb7\
\x80pn\x1e\xce\x99s\xa8d\xcc\xbdu\x897\xab\xc3\
\xfeh\xae\xcf\x8b\xfb'\x16\xdf\x85\xb5\x10I\x9f\xc0j\
?\xb3<\xdc\xef\xd12\xef\x00\xe6\x05\xcaz\xfdD\x0b\
Rr\xcf6My.2\xa6Z\x88\x9e\x1eA\x80\x1f\
\x80\xc6\xa4\xd3F\x8d\x15\xf5\x5c\xe2\x1a\x91\xf8<Sl\
\xfa\xcc\xcc\xb4.\x95J\x7f419\xb9\xb6\xa3\xb3S\
\xbc\xfb\xf8{N\xd8\xfc?p\xf0`[[{\xdbW\
\xe7\xe7\xe6b\x00\xea\xab\x8d\xea6\xd8\x9f\xd6[\xe3]\
\xcc\x0fa\xedo\xbb7c\x1c\x18P]0\xa6aA\
1\xbe\x9e\x8f\xa8\xf6\xd7h\xe9yy\x858\x9f\x80\xeb\
\x8c\x12\xbc=J\x92\xd8\x00X}\x00b>\x1e\xa4\xf3\
C\xa1\xeb\x15x\x98=M\xfd\x92\x15\xafy`\x0dD\
\xecC\xe5y\x8dR\x8f\x11\xa4#\xca5\xc7-\xc6\x07\
\xf5\xb2\x0a\x5c.\xee\xcbsM\x0a\xa5\xc2\xdeE\x98_\
\x07\x18\x1f\x0e\xe4<\x80\xfarx\xfb+\xd9\x9f1\xa6\
\xcc^\x1b\x08s\x19Q}\x8d\xe2\x12A\x03\xaf\x7fJ\
\x85\xeb\xff:\xa0\xdfG\xb9\xbf\x81\xb1\x06\xb4\x96g\xeb\
4\x11\xe5epN\xba&Z\x90\x96\xf3\xc8q\x87Y\
]\xa9\xd1h\xc4\x06\xf3\xd7\xd1Q=j\xe6\xe3\xf6\x1d\
\xbbO\xa8\xee\xff\xbe[ny\xfd\xaaU\xab~yj\
r2f\xbdn\xab\x1f\xa9(\x0f\x9a\xf8\xc3Z\x0e\x85\
\xaf\xc3\xa9\x83^a\xae\xf6\xc1\xe2\x5c\xc4\xffbx\xdf\
\xbcF\xad\xfd\xba\x1f^\x07d\xa1\xf9g\xf7o\x19\xf0\
\x99\x01\xe2\xf5D\xf2mM=~<\xad\x12\xe7k\x07\
\x5cwLr\x8d\xe3\xd8\xea\x22H\xee\x13'\x039\x87\
\xe4>\xe3\x1a\xf7\xce\x1962\xfb\xbd\xa4\xde\x9e\x92\xf8\
\xd0\xd9\xbe'\xabqK\x96\xff\xfa\x9av$\xffC\xb5\
}\xb7.1\xee;\xe7Y#\xad\x04\xe6\x07C\xea\xc2\
\xb6\x06\x04\xac\x17\xc7zA\x805ye\x88\xff\x87\xce\
\x9bh\x1d\xa3\xbaO\x91\x1b)\xbf\xce\xe1i\xc8I\xaf\
\xff\x5c\xf8xk\xa2\x9d\x82\xaf)\xf5\x16\xd3*\xe4/\
)=]2mz\xee\xf3\xf5\xf9\xb8\xad\xbd\xf5\x0f\x93\
\xfdw\xed\xd2\xbauBE\x0b't\xfe\xdfu\xcf\xbd\
g\x94J\xe5\xcf\x1b\xbf\x9f\x02\x03\x00\xdc'9\xc4\x1d\
\x05\x88y\xad\x1b\x08\xd7\x83{\x22\xe3\xb5\x94\xee\xfbt\
\x0c\x02\xc1\x10\xb3\xf9\x12\x13\x1d[\x89t6\x09\xc6P\
\x061\x86\xbe\xfe\x9e\xeb\xc7\xadp\xdfXn,\xb9\xc6\
\xa3\xf3=g\xf3_z\x1a\xb5!O*\xee\xbd\x1b\xd6\
\xd1\xc35\x0c\xdaK\xf4\xfbNRQ/K\xff\xfc\xeb\
\xb4\x06M\xf4\xea\xbd\x9e\x0b\xc1\xa8{\x7f\x07\xdfGS\
\xc3\xf2'p-\x92\xe3\xe3e\x10O\xca1?\xb8~\
\x1c\xac\xc7zXP\x99\xaf\xff\xc9\xfd\x91\xc5\xfeA\xaf\
\x85T\x81\x1e\xa1\xf3\xb1!\xdcW\xab\x85\xc9\xfc|q\
\x0f\x0f\xe3\xe7\xf9q\x10\xfd\x16\xe94\xd6M\xdd\xaf\xab\
\xb3\xb6\x5c)\x97\xefNk\xf1C\x83'\xc5\xf7sp\
h\xe8\x99\xee\xee\xaee\xe3GNj\xe5\x8a\xf1s\xc1\
ym)\xde\xeb\x0bj\x03\x04\xb8\x9b\x5c\x03V\xa2\xf8\
Ma|5\xf8\x9e+\xaefl\xbd\x13)^\xce\x1f\
\x13\xcc\x7f\x8e\xea\xe1\x00\xc6%x\xf5&\x86[\x941\
\xadSp/:\x19\x9c\xa3\x8a`\xe7%\xf5\x16B<\
\x83\x08\xeb\x19\xe2~\x13\xc6\xf90|\xb1d\xb5)\x08\
\xe8O0\x7fP\xea\x99\x06\xac\x06a\xf3u \xfcL\
\xc6\xf1@{, =FI4a\xa5R\xa1\xf9\xad\
U\x80\xd3\xc4\xb5pWX\x0f\x1c\xb6\x92\xf92)\xc6\
\xc3.\xf2VIt\xc8\xa9\xe6?\xc2\x9ap^\x19\xf1\
\xb2\xa4z\x89\xd6\xbbG\xe31'\xf1qJ\xff\x9c\x89\
\xafJ\xc6\xf5m\x1a_\xdd\x89\xc9\x09].\x95~C\
\xd6\xeb\x17\x8d\x8f\x8d\x89\x07\xee\xbb\xff\xa4\xcc\xff\xbe\xbe\
\xfeFk\xcb\xda\xe7\x91\xaf\x1d\xeb\xcd\x81\xefs\xe3\xe3\
\xb0\x09\xbe\x0fa\xc4\x88/\xbc\xd5\x01S\x80u\xad\xc8\
\x9eS`^\x15\xf5\xba\xc9\xf5\xc2\x80\xea_\x00\xf1\x9b\
\xa6\xf8\x12\xa9\xb4\xad\x85\x07\xb4\xe6\x09\x8eW\x22\x8c\x1a\
\x1bCX\xd7HaM\x02V?\xc4\xb8\x127.8\
\x1e\x9c\xe2\x09\x19\xef\xc8\xf8\x1ahO\x87\x16\x9c_\x91\
\xf2u\x8b5\xd5\xbc!}2\xa2\xc9\xac\x90\x07\x17\xd1\
9\xb6=\x5c\x19\xe2\xe4a\xddn\x86\xf5\x80\x18c\xf0\
\x5c\x1e\x00D?\x98\xe9\xe5sL\x9c\xf3\xe6\x04\x1a\xdf\
\xad\xe87\xeay\x00\xd39\xea\xc7H\xbe\x0f'\x8b\xa9\
|\x1e\x15\xaa\xf59}1\x89\xfd\x96\xb5\xe4\x1e\xe3\xec\
\xdf\x0cse\xd7\xfcd\xee7\x8d\xde_k{\xfb\xdf\
\xd4:;\xe7.\xba\xf0\x22\xa3\xc1{R\xe6~G\xad\
&z\xfb\xfa:Z\xd6\xb6|w~v.\xd5s\xc4\
X2\x8ao\x09hW\x068@\xe0\xad\xdb\xbc\x87\x0b\
\x98\xef\x9b\xd7\xfc\xc1\xf1\xf5\x82\x1aPh\xee\x83\x22^\
-\xdcs\x02\xd7\x85Bu(\xf3y\x92`L\xe4J\
5B\xb2\x06*\xa2\x85\xaf\xa8O\x0d\xc1\xbe@L\xf5\
\xd0\xfd\x9a5p=\x00\xe2y#\xc9\xf5\xa7\xfej\x81\
5\x97\xac\x85Y\xccKt\x5c,\xe6O\x06{\x06\x8a\
\xad\xbd<\xce\x08qZ]\x1d?\xfb\x5c\xe9\xeb\x0e\xe9\
\xd0{\xe0\xb9[\xf0<\x14P\xdc\x04\xf5\xe1\xc0\xba\xe1\
\x92\xaf\x0f\x9a\xfb\x0e\xe2\x9a\x0c\xb0\xda;\xc50p\xfd\
\x18\xc9\xb8\x9b\x01?!\xcf\xa7E\x22\xae\xb7\xcd\xfb\x02\
\xf8I\xd2s\xd6\xd1B\xa3\xd9\xd1\xd9\xf9BWw\xcf\
]F{{\xc7\xce]\xe2d}m\xbd\xfa\x1aq\xe8\
\xd0\xad\xe7\xb7\xb5\xb5\xff\xc7\xd1\x91\x91\xd8\xd4#U\xa0\
?\xc2u(\x19g4\x0e\xf8\x02!<&\xda\xa7\xf2\
8Y\x82\xa7\xd1f=\xb6\xb8\x1f\x8d[\xdb\xa1\x98\xe3\
\xd8\x9b\x9daE8\xdf\x8b\xf0\x82V\x98\xdb2\xf6\xf6\
M\xe9y\x8e#\xbf' \xda\xb8(7e\xfd?\x08\
\xadQ\xceW\x0b\xc2^\x9e\x84\x83\x81\xf7Q\xa4\x17\xe6\
\xf3\x8e|O&\x05\xbe\x176\xd7f\xf5t\xb3\xb8.\
\x05\xe3_\xe2zl\xc6\x17QT3DQ~\x12\xf1\
\x04F\xeb/\xf6;S\x94\x03\xce0\x22D\x8f4V\
\xdcS\x06\xdd\xb3H\xf9\xf1\x03\xf6\xe4\x0ayyR\x7f\
\x16\x15{\xde!P\xe0)\x02Xu\xaa\xe5\xaf\xb1W\
\xa0\xa4\x9a\x8cv\xdc\x9b\x9c\xbf\xaf\xbf/.\x97\xab\x9f\
\xbc\xea\xca\xab\xceiD\x8d$\xff\x1e>i\xf3\xff\xc3\
\x1f\xfap\xfa}\xd5%\xab\x1e\xa8V*\xc9\xf1-p\
\x9dY\xad \xac\xc3F\xeaJ\xa4\x06V\xe0C!\xe0\
\x81\xa1|/\x096\xd7\x91F\x5c\xfa\xb7\x11\xe1\x0aq\
\xaf\x0d\xaf\xd6W\xf88\xa25\x09\xd7\xc3\xb1O\x13\xaa\
\xd5)\xe2\xa3\xadC\xf7NI\x86\xb3\x97\x81\xda_q\
\x1e\x92}W\x1e\x178\xa6\x1e\x96@p\x16D\x1fF\
I\xd2\x8b\xe1\xe7\xea\xfc\xe79\xbfR\xae\xe0C\xe2\xe7\
,\x92b\xe54\xc1\x04\xc2\xcaz\x9c\xd4\xd3\x82\xeb\x96\
\x10?_\x92W\x15u\x192\x8e`\x05\xed\xde\xd0\x1e\
\xedc\xbb)\xb6\x1e\x98?\xbd\xf73\xafK\xe3\xf8\x9d\
\xae\x93R\x06\xbcRT`mM}\xbdS\x0e=z\
\x1f\x87\x9bH\xe6~\xdc\xdb\xdb\x13\xafY\xbb\xf6\xff\xec\
\xef\x1f\xbc`dxT,4\x16\xc4\xc9\xfc\xba\xe7\x9e\
{\xc4\xba\xc5%1;;7[*\x97\xbe\x99iH\
\x81\xa7\xfdJ\xfaQX\xb3MIO\xd3#T\xd7\xc6\
\xb1?\xd7ua\x1a^\xda\xe1\xc6\xa5\xa7\xeb\x85\xf5l\
\x91N\x1e\xc2\xc3\x10\xff_\x9da\xb2h~\x0a\xdc\xeb\
\x8b\xec\x99\xaeONbG`\x9a\xed.\xd7\xd0Jq\
\xcdT\xe9\xe1=\xb9\x9fu\xceu\xd7\xca\xd3\x17a\x1a\
\xb8\xc0ry\x08\xe8\xa1)\xe5c\x1f\xc0\xe7\xfd\x17\xeb\
\x9a\x04\xc2\x8f\xa6\xde\x054\xc6\xe3\xb1\x05\xe3\x06\x10\x8d\
8\xc2\x97\x07\xec\xbb\x08\xb4W\xa90\xfe\x0e0G\x0f\
\xb0\xd60\xaaE\xca\x15\xf0\xb8\x1e^\x0a\xc7\x9cz\xe5\
\xf9\xefs\x9dll\x09J\xfb\xb9\xa0\xf4\xb8=DC\
\xadX\xc3\x93u3]+$\xf2\xcb2\xde7\x11,\
'\xfb\xaa\x1e\x18\x18\x88[ZZ\xbe8:6z\x89\
\xc9\xbb\xcd\xd7\xfd\x0f>(N\xf6\xd7\x9dw\xdf%\xb6\
n\xdd\xf2\xa6R\xb9\xfd+\xe3\xe3c\xe9:\x15\xa8i\
e1`\xe4\xf8\xf1E]3\xca\xf4\x8d(\xb7\x06(\
\xef\x05\xf8\xde\xc10\xd0T\xaf\x0f\xeb\xdc\xd8\x9ao\xa0\
\xde\xa6\x88^\x04\xd7_\x06\x8c/d5!\xd6op\
\x1e\xd1\x9e75[\x03\x80\xf7.%][$\xc3'\
1\xdf?\xebs\xc81\xd1 =\xac\xb5\xe2\xda6\xa0\
\x0a^\x1a\xcd\xbb\x88/\xa0\xd7\xfb \xfa\xb5\xd4o\x1c\
s%\xa4\xbf\x97b\xde!\xe2 Q\xac\xbfD\xda\xe0\
\x92hCr<5\xf6f\xc6\xb55\xa2\xe9\xce\xbc2\
I\xed\x14\xaf#\xc0\xf8\x0c\x80\xb4\xf6\x94\xa4\xbc\xf5\xd0\
\x03{\x9b8\x8fS\x9f{\x8e\xbc\x1a%\xf3\xb8\xf4\xb1\
\x15\xcc\x0f\xce\xe4\xfa\x8d\xa8\xd9X\xd7h\x0e\x0e\x0d\xc6\
\xc9\xfe\xfa\x7f%k\x5c\xebyo;?\x9b\xfbG\xef\
\x13\xa7\xc2\xd7\x86\x0d\x1b\xd2\xef\xdd\xdd\xddwW\xab\x15\
\xa3\x03\xee\xc6\xb9\xe4^\x0e2\xa0\xfb%\x99O\x82\x0a\
j\x84a\xccM\xda#\x02\xb6\xfe\x12\xcfW\xf0\xfa\xc4\
\xa1\x07\xc3\xb7\xe5\xfd\x19\xf6\xbc$\xf8:\x1b\xabQ\xbe\
\x97d\x98\x8f\xc0\xe7~\xdf\x18Zr\x7f\xf8\xd0\xeb\xb4\
\xdf\x97g\xbe\xea\xecs\x0a|5\xe1\x0e9\xbe\x83\x96\
\xb9\xd7/x\xeb\x8d\xe3\xc6\xc8\x10n\x1e\x88G5\xc7\
%\x12N\x16\xd1\x13\xb0\xb8P\xa4o\xc6}3\x18\x06\
\xdf\xf5\xc3\x91\x1fqP\xbb\x93\xe8'j/~\x84<\
7\x91\x94\xe3\xa7\x08\x97\x9b\xf9\xee\x92\xdc\x92\xe8A\xd0\
\xb8\x04\xc25g\xee\xd5E4\xcc\xa4_w\x94XG\
\xd5`\xe5\x1b\xd04\xf9~\xa9\x5c\xf9\xfc\xd4\xcc\xf4\xaa\
7\xbe\xf9Mi\xad\xff\xb1c\x8f\x89S\xe9\xab\xbb\xa7\
K\x0c\x0c\xf4\xf7\xaf^\xbd\xea\x9b\xf3\xf3\xf31D@\
\xb0\xd5*\xd4\xeb\x07\xea\x95\x1d\x01\xf3\xfe\x05\xd7\xdb!\
\xda\x13 \xf5\xf7\xd1\x18\xd5\x9c/\x05\xdf\x0f\xd3\x8b\xeb\
\xc5\x12\xed\xf7Ryy\x1c\xed\x19;\xeflOg\xd6\
\xc3\xd7\x14\xf7\x1fb\xc2\xc1\xf5\xbc\x7f\xe9\xb8\x03\xe9q\
k\xf2\xf8\x80\xc4\x13Z\x81\xd5\xaa\xf1\xb5\x12\x9df\xac\
.\xc6>\xf6\xa0\xc2<a\xea?O\xee\xddJX(\
RC\xa5\x98'\x8c\xc7b\xfb\xb1b\xba\x9b\xa0(6\
\xc2\xd3\xec\x921\xf3\x93C>]\x1c\x0b\xcdt\x14\x18\
\xfe#\xdd\x17\xa4\xc5\x16i\xd6\x9f\xd7\xdc;TA\xd0\
\xcb2\xf6t\x9c\xc1[\xbbsm\x04\xe7\x9f\x86\xeb\x22\
!\x8c\x94\xbd\xff\xc9\xeb\x1a\x11\xc4\xf5\xfa\x5c\xdc\xd5\xdd\
\xb9\xdc\xd3\xd7\xf3\x99\xf9\x99\xb9\x8b\xba\xba\xba\xd2\xb9\x7f\
\xf4\xde{N\xa9\xb9\xff\xd4\xfb\x9e\x117\xee\xdd'~\
\xf3w\x7f\xff5-\xadk?\xd2\xd3\xdb\x13/\x98\x18\
\xc0\xc3cqO\x08\xb0\x1e\x0a\x9e\xb67\xd0\xbd\xc3\xf3\
\x86\xa5uu\xcd<w1G3\xa4eIx\xdd\x0e\
sA\xb8\x98+\xd4\xca$\xe7\x17b\xfe\xabf\xde\xb0\
\x0c\x03\x1f\xc2\x9eIV7\x92To\x93\xec\xad\xe0{\
\x05\xe7q\x100\xef^\xaf/\x00X\x1b\x85\xe9\xf4P\
\xffy\xba.\x10\xbe\x91\xc4\xb1\x0f\xc9\xe1\x15\xc2\xbd\xb1\
\xda\x99\xf60\x93Xk\xe7\xfb\xe6\xd8>\xde\x08\xaf;\
@jy\xbcG\x89\xfb#\xd2r\xbe8.\x12X\x0f\
\x80\xdf\x0b\xe0\xba0\x9c\xe7\x0c\xb8GU\xf7<;(\
~U\xc6>\xc7\x8c~\x86\xf9y\xa1\x11\xc5\xb33\xd3\
q{{\xdbw\xc7'\xc7\x9f\xdau\xfd\xae\xf3\xe7f\
gE\xb5\x5c\x11\x8f=\xf2\x888\x15\xbf6^~\xb9\
\x18\x1a\x1a\x10\x13\x13cs\xadmk\xbfm\xf4\x08r\
\x1f\x0f\xacm\x87q~\xcek\x92\xfbx\xf8\xfa\xf7\xa8\
\xaf\xcat\xbe\x15\xf1\x5cE\x1e\x81\xd4\xfb.\xe43\xec\
a\xc9$\xe5\xafs-\x03\xcc'V\x10\xaaY\xca\xd8\
\xc7\xc6\xab\x80\x1e\x82\x0c\xf0\x9b\x1c&@\x16\xd8e\xca\
C\xd6,\x7f\xa2~\x06\xb4gFp\x92\x8c\x13e\xf7\
\xec<v\xd1\x84W\xe5{e\x10\x1d5\xacC\x8b5\
\xf5\x15P\xbc#\x04|\xeam|\x8d\xb0\x8c\x18\x13\xa8\
8\xe7HJ\xcfs\xbdX{\xc0\xf3WU\xd4\x87\x98\
z\x01\xb0\xf8\x13\xf9?I\xaa\x9d\xe00z\xbcO/\
5\x99\xb3R\xfa\x9aQH\xc7\x1da\x03\xb2\xfcIb\
\xed$\x82\x01s\xdc\xd2\x08\x9a\x0b\x0b\x8d\x97'\xc6\xc7\
\x9a\xa5\xb6\xf6?\xef\xea\xac]\xfb\x91\x8f\xfe\xd4\xd9\xd7\
\xee\xd8.\xc6'\xc7\x92\x98\xff\x988\x95\xbff\xe7f\
\xc5\xb6k\xaf}S\xa5Z\xfa\xc2\xe8\xe8p\xda\xabL\
\xce\xaf\x99\xfaw3\x9cU\xaei^\xe8\x9a\xdb^@\
\x04\xbe\x96#\xe3\xf7j\xc5\xfd\xbf\xdd\x98\xd6\xc4\x0b\xda\
\xc3\x1dsL%\x04\xd7\x04\xd4c\xf7s\xd0\xe4\x5cT\
\xde\x9b\xc4\xbd}\xec\x93\xeb\xeb=\xd9>\x95\xd7\xe7c\
q\xa0F\x1c>\xcd\xf5\xe3\x99/\xa8\xef)C\xb4N\
%\xf6\xa1C\xda\x82\x8e;\x06\xd2\xd3\xe9\xa2\xbec\x8a\
\xc5\xe8@\xf4\xbd}-\xb6l}\xd6\xceS\x01st\
9/\x5c\xb2x\x90\xad\x05D\x8f\x87\xaeG\xee\x9eA\
X\xfb\x85\xf9\xc2`\xdd\x22\xd6#\xc4>\xa2h\xec\xd4\
\xb1\xa7\x87fz<v\xac\x059\x22\xb4\xbf\x93iN\
I\xda\xc7\xc9\xdf\xb3\x89\xb4&\x0b\xdf\xec\xe5\xde\xde\x9e\
\x97;:\xaa\xbf::4<n\xe6\xd4u\xd7]/\
n\xbd\xed\xb08\x1d\xbe\x1e~\xe8\xa1\xf4\xfb\xc8\xc8\xf0\
\xc6r\xb9\xf4\x0fE\x0c\xa0\x0a\x9c\x17\xab\xa7p\xfcI\
\xc8S\x12\x98F\x12\xd2\xb8&\x1cA\xba\x86\x83\xa6\x9c\
J\x89\xb8\xec\x01^\xe2\xca\xf59\xed\xf1\x8d\x10\x8e'\
=\x16I\xf8\xdb+\xe9?\xb8^\x82\xa4}w\xfew\
\x1e\xe7\xd7rQ\x94\x0e\xe9\x89\xd3\x5c\x1cyz\x1b-\
\x06 Z\x06:\x18\x83(\xcaK\x0esx\x19\x87\x0a\
\xa8_ \xd5\xbd`\x9a\xe1\xe0\xea\x00\x85&\x1c\xd6O\
\x8a\xbc\x5c\xe8\xfb\xe3\x0aQ/\x87\xe9\x1d2\x0d?\xf2\
\x9c\xf4\xb0>X\xff\xcf\xd7\x90\xc2\xda\x9a\xa86\x97\xeb\
\xdb\xba\xf7\xaa{\xfc\x08\xb9\x12\x06\x8a\xeaz\xd9\xbd\xcd\
\xe8\xe6\x99y2<<\x18W\xaa\x95\xbf\xabT;\x8e\
\xad\xdb\xb0t\xe1\xdb\xcf='\x9dKWl\xba\x5c\x9c\
._\xfb\xf7\xef\x17w\xdcq\xa7x\xec\xb1c\xaf\xaf\
V+\x9f\x1d\x1a\x1a\xccc\x800\x0f;\xf5\xad\xb41\
\x00\xc4\xcc/\x99i\xd0)\xa7\xfd\x04X\x93\xcbb\x81\
\xb9v\xa0\xc6\xfd\x07\xea\x01\x88\xb0\xc3\x94\xe3\x9ec0\
<nm\x00\xa7/\xa96\x1d\xd5)\xd7+\xf8Mc\
\x1f\x88\xd8\xfa]x\x1a\xa4\xae^/\x81c\xc0\x9dN\
\x94r\xdcy\xe4\xc1E8#\x8e\x97$\x11\xa6\xaf\xc8\
\xa7\xa4\xf3US\xd4{\x87\xe8q\x92\xf5\x85\xe9^\xd9\
\x1cX\xda\xfc:\xa0S@p<D\x87\x01\x00\xebC\
*\xd4\xa3\xc0\xb9\x88\x87\xd1\xcfb\x0c\xf0\xb8A\x9a\xcd\
q\x8f\xbb\xcfrB\xcd\xf4b5\xe5\xdd9\x7f\xae\xcc\
\xff\x88\xd4fb\xdc/\x0a\xe2\x82\xc0\xf3p\xb0u\x94\
F2f\x1b\x91\xd2\x93\x93\xe3q\xad\xd6\xf1R\xb5\xa3\
\xf2K\xc3\xc3\xc3\xf2\x13?\xfd\x99\xd7LMO\x8b\xbf\
\xfe\xe6\xb7\xc4\xf6\x9d;\xc5\xe9\xf6u\xc7\x1dw\x88\xfe\
\xbe^S\x07\x18\xaa\x94K\xff\xef\xfc\xfc\x5c\xba\xbe\xa1\
\xbe+\xa9\xe1\x85<S\x9d\x9f\xa7\x87\xad\xc79\x98\xf6\
\xe2g\xb4\xe7Sl\x10P\x5c\x9b\xcf\xe1\xe6|7/\
\xafc\xb5\x1c\xed\xeb\xddb\x1c\x11\x8e\x9d\xd5\xf7\xc1\xc2\
\x15k\x8d\x0cp\xef$\xc5\x0e\x82d\x9a\x18\x98;\xac\
\xb4\xa7\x0fB5Q\xf0\xe7h\xd4[\xf3\xea\xed\x94G\
\x13\xae{Q\xff.^\xef\x97d-\x05\xeao\xe8k\
#\xf8q\x98V\xc4\xfb\x82\xe4v\xde\xf8\xc05\x9b\x00\
\x8e_\xf3\x5c\x83h\xc2\x93\xfa\xa2\xd4\xe0\xd7\xf0\xe9}\
\xcfq\xb9!\x9d/\xa2\x09\xed\xc5iuW7\x89\xb2\
\xfdfzj2\xee\xec\xac\xe9$N\xfe\xbd\xe1\x91\xa1\
[\xaf\xddq\xed\xdb\xbb\xba:\xc5}G\x1f\x14[\xb7\
\x5c-N\xe7\xaf\x1d\xd7^#>\xf3\xa9\x8f\xbf\xb6\xb7\
\xa7\xfb\xa1\xce\xce\x8e\x97\x8c/p\xce\x0b\xca5~\x9c\
f\xac?Wp.\x08\x84'\xea\xebS\x01\x9d\xe7X\
\xf7\xc9z\xc1\xb0\x5c}\x05\x1e)pnXP\x87\x95\
\xef3\x92y\xb4R\xfc\x92\xab_\xba\xdcQ\x16<{\
IkF\x0a\xeb\xc1c\xae\x1a\xf2~T\xa1|\x82\xe1\
\xd0y\xac\x8bj\xef\x9a\xeb\xdf\xa9 \xdf\x17\xe5<2\
\xb4F\xca\x80\xee6\xe2\xa8\xd2Z\x81W\x0be\xdan\
D\x9fP1o2\xbbn\xa1\x9a\x8f\xa7\x93\xc4\xfb\xff\
\xce\xdfE3\xcf8\xcd07Ts$\xe8aN\xbd\
\x15\x19.\x17\xeb\x98\x16};\x8a\xf3\xcek\x84Q\xa4\
\x96\x1b\x0dX\x86\x86jNNM\xea\xee\xae\xae\x17;\
\xaa\x95?Hb\xfe\xa3\x9b6mj1sffn\
F\xfc\xbb\x7f\xfb\xef\xc5\xddw\xdf#N\xf7\xaf\xab\xb7\
\x5c)v\xee\xd8.\xb6]{\xcdy\xe5J\xe9\x8bC\
\x83I\x1e\xb0nAg\xd8`\xc4\x81\x03\xc6\xa3\xa4\xfe\
h\xda\xfa?c\xdfGR\xd7\xf1\xfc\xa1\x98\xe6\x7f\xa8\
6\x04\xec\xb3i\xee\x1a\xf6\xbb\x0bia \x8c\x1a\x10\
\x0e\x1f\xf5\xc2p\xfd3-\x8b\xe3\x92d\x9e\xd9\xda\x88\
\xe5\xde\x01\xab\x97c\xbe\x0f\xd1\xc5\x93\x9a\xf3[\xf1q\
E\x81\xbd\x93\xea\xf8\xfaXX\x8fW\x1b\xd2(@\x98\
}\xa6\x93\x1c\xe3\x9a\x03\x8b\x874\xce{\x01\xe3\xe3\x10\
\xfe\x97\xf9qQ\x0fq\xaa\xa1Hs:4n\xa4\xd7\
/&\xfe\x83\x85\x07\x9aVQQ\x1b-\xfa\xcf\x800\
\xdc\xd8\x0b\x88\xf2{P\x1f\x04\xe7Q\xe9\x9a.\xa5\xd3\
\x831\xb5b3\xf7e}~yb|,\xee\xed\xeb\
}\xa9\xb3\xab\xf3\xab\x83C\x83w]y\xc5\xa6K\xd3\
\xbe\xd9\x86\xf5iO\xff\xbe\xbb\xef\x15?,_\x1fx\
\xff\xfb\xc5\x9e={D\xeb\x9aV1=55\xd5\xd6\
\xd6\xf2\xf5\x99\xd9\xe9\xb8\x91\xf5\x03\xf2\x5c\x15\xb0\x9e6\
\xe6\x0c2\xec*\xd0\x1e\xbc\x0c\xd5\xe2h_\x91pn\
\x81i\xb6\x03h\x1f\x97\xb5R\xef\x99\xbd\xce\xe7\x8e\xe8\
\xc2wO\xe2X\x1b{\xfc8\xad\x18T\xff\xf3\xea\x8a\
\x1eVZ2\x1c^v\x9cu\xe4)E5Ky\xbd\
L\xb29\xaf\xd8\x9e\xa8p\x8fM\xd2:\x85$z\xd7\
\x0ai\x14b\x9c\xb4\x5c\x81\xa3+\x9dV>\x90x\x01\
\xfb\xfd\x90\x9c\x0a\xebC(\xee\x1b\x8e\xf3-T\xe7Q\
\x08\xaf\xa4\xf8\x1a\x07!]t\xcc1\xc2^H\x9e\xb6\
&\xe9\xd7c\x8ec\xb1\xf7;\xcc\x97\xb4\x9aH\xb9?\
r\xb6\xdf\x1b/\xae\xfa\xbc\x9e\x9c\x98\x8c\x87\x86\x06_\
N\xe2\xfc?\x19\x1c\x1c\xf8\xfc\xc8\xc8\xc8\x95\xeb\x16\x17\
\xd3y\x7f\xcd\xd5[\xc4\xf6d\x8f\x5c\x88@\xdc\xff\xd0\
\x83\xe2\x87\xed\xeb\x8a+7\x89C\x07\x0fd\x1ea}\
=7\xb5\xb5\xb5>o\xaeg#\xb2k\xbe\xd3E\x92\
\xcc\xef/\xbd\xdeu\xae}\xca\xb1\xf8V\x9b\x87z\xd2\
\x02\xd3\xd1\x04\xcd\xbc\xee5\xd6\x0e\xf7}o\x1c\x0e\x98\
y\x01a\xfc\xa1\xcb\x03$\xee\x07PO\x07\xca\xcf\xc1\
z\x82\xa0\x15\xc7\x95*\x1fgfy\xc7\x92h\x84j\
\xa7\x13\xcd5CP\xbd\x13\xf5\x0e\x98\x87W\xc8\xd7\x97\
`\xfe\xb8\xde^qo$\xe2\x03\xe4>\x01:T\xd3\
\x00_7\xc3\xbco\x13\xeb\x952\x8d|\x8d\xb5\x1b\x15\
\xf2?\x02\xc2\xb1\xa0\xdc\xe5b\x9eK\x8e\x95\x02\xae)\
\x93rL\x08\x16\xdd\xf9\xccJ\xe6\xb5\x891\x80R+\
\xde\xdba^\x07\xd9\xd8\xad\xbb\xf5\xd1px\xea\xf5x\
xh\xe8\xf9d\xbe\xff\xec\xe4\xc4\xf8\xfe\xcb6n\xec\
9t\xf8\xf0k\x858S$\xbf\x13\xf7\xdd\x7fT\xdc\
p\xc3\xf5\xe2\x87\xfd\xeb\xc9\xe3\xc7\xc5\xb6m\xdb\xc4\xc1\
\x83\x87\xdeZ\xed\xa8~6y\x18\xad\xf2$\x0f\xa0{\
6\x1e3\x11\xed\xdbr\xadK\xbb\xffH?n\xd7X\
\xff\xcf\xe3\xa93\xfcZ\xa8^+qmW\xae\xac\xbf\
\xa7<~\xbf\xa4\x1c`_\xb3%\xd7F\xc5|\xf9\x9c\
\xebI8\xb4\x12\xe9\x08c\xad\xcd:\xef\x0d\x16\x1aK\
\x1a\xfbq\xb9\xfa\x14\xf1\x14\xd1*\xa4k\xc0\xb1l\xc0\
\xfc\xbd\x14\xf5*RH\x8f\xd0\xd7\xa5\xa1=r\x87\xcd\
g\x9e\x8c\x8c\xeb\x89\xfcGY/X\xb2\x9a\xbe\xd4H\
\x9fKc\xee\xb0\x22z{t\x1d%y\x8ed^\xba\
>\x870&\x18.\xda\xebE9j\xf6z\x09\xe1\xdc\
\xc8\xd4\xbag\xa6\xa7\xe3$\xbf\xff\xca\xddw\xdeq\xc1\
\xc5\xef\xbcPl\xdd\xb2E|\xf0#\x1f\x11\x87\x0f\x1f\
\x16?j_\xeb7,\x89\xf9\xfa\xac\xa8\xcb\xb9U\xad\
\xadk\x7f\xad\x7f\xa0\xdfh\x044\x8d_!\xebY\x11\
.\x09P\xfdn\x1d\xd0\xbe\x8d1\xe7Oy\xf1\xa1\xe4\
\xb5\x9e\x15<\xea\x9c\x0e7\x1f\xe7\x0a\xcd; \xda\xbd\
\xca\xe2\xf9I\x0dA\x12\xcf\x1d\xee\x7f\xa8\x99\x8f\x0d\xd5\
=\x90\xd4\x8b\x93\xd6\xdbh\xdf\xcc\xd3\xad\xc5\xc7'\xa9\
\xae0P\xaf\x1c\xae\x9d\xca\xf72\x8d\xe3~\xdf\x1fH\
b\xfe\x85\x0e\xf1(-\xcf\x93\xf4 \xc9Z\xad\x99w\
^\xec{;[}\x1f\xca\xe1\x91\x01\xec}\xee\xc9P\
\xcc\xe9\x88h\x97\x01\xc1)+\xe5\xaf\x01\x1eG\xd3\xab\
\x97(\xaf\xe7g\xd7K\xe9\xd5\x8c\xe2\x85F\xa39>\
1\x11_\xbaz\xf5/\x9e!\xc4\x19\xf7\xdds\xaf8\
t\xe0\x80\xf8Q\xfdz0\xc7\x04]\x94\xac\x83\x8b\x8b\
\x8b\x83\xe5J\xf9\xbf\x8e\x8e\x8d4\x17\x17\x1a\xcb\x0d\xe2\
K\x87zRD\xe7Rj\x9f\xffK}\x9b\x81\x8eK\
W\xeb\x01\x894\xf2d\xe1'\xcc\xf9\xfc\xb4\xbeW\xf4\
y%\xf3}vZM\xa4\xce\x8d\xf8?\x9e\xe6\x84\xc5\
\x04\x12\xae\xaf\x8c=\xac\x1f\x89\x83=~\x03\xce\xc7\x9d\
\xff\xad\xc4sI\x91u\x84\xf3o\xc1\xf7\x10\x8b\xb1\x1f\
\xa1\xc59\xd2^9\xd2\xdb\xf0\xb8\x08\xc43W!\xcf\
{\x85<\x88\x81\xe9\x9c\x83\xebch\xc6M\xd0\xc4\xbf\
\x84\xfa\x0e\xb2\xf8\x5cj\xb4G#\xcf^\xe6\x07\x0d>\
v\x18\xa8o\x8b&\xde\x7f\xb4G\xa0\x15\xd5<\xf7c\
&\x1f\x97\x91\xbeo#\x19\xd7\xc3\xc3#\xba\xab\xab\xfb\
3{\x0f\x1c:\xe3\xf8\xf1'\xc4\x8f\xfa\xd7\xa3\x8f>\
\x22n\xbb\xf5\xd6\xf4g\x00\xd8T\xadV\xbe199\
\x19/.,P]G\xee%g9[\xcc\x8bGy\
~\xa8\x16\xd3G|F(\xae\xc4\xd3p\xc2\xfb\x09\xed\
y\xa9\x5c\x03\x8f\xfb\xf3\xb8|E\xba9\xe8\xe2j)\
\x03\xba\xd68\x16\x05\xc7=\x95\x92z\xf3y\x9a\xd8\xd2\
\xd3O\x0a\xf5\xe1\x89\x17\x90\xf2}\x8f\xc8\xba$\x91\xde\
%\xf0\xfaC\xd6W\x97\xe0\xf5\x04\xb8>\xbd_\x07g\
\xf8\xa5`.\x8d}I\x8b\xfb$\xa5\xa75\xe2\xf6u\
\xe0\x1c\x19\xaa\xb9\xe70#\x9a\xf7#\xa9\xce\xa1$z\
}\xfeZ cZ't5\xe3\x94\x1b@\xf4\x96\x09\
\xf7\x8aq\x8f\xb2\xe7\x0c\x86\xbf\xab\xb3\xf3\x85\xa1\xe1\x91\
\xedf\xbc\x1fOr\xe0\x1f\xf4\xeb\xf8\xe3O\x88'\x92\
\xc7{\xde\xf3\x94x\xfa\xfd?\xf6C\xb1\x06\x5c\x7f\xfd\
\xf5\xe2\x8e\xdb\xefH\x7f\x9e\x9a\x9c\xbc\xbeR\xae\xfc\xc3\
\xec\xccL\x81\x0f${\xbf\x8d\xbf}\x0d \x1d\xf2\xf9\
V\xbe\x9e\x80\x9b\x13\x12\xcf\x01\x86\x83U\xc8\xd3Sb\
<\x17\xad;H/^`\xfe`+\xf6\xcch\x9d\xdf\
\xd7\xb1E\xfa\xd2\x92\xd6\xdc}\x0d\x8e@\xce.\x89\x1f\
)\xc5\xdaH\xec\x19k?\xb7\xa9\xa8\xa6\x09\xc3Vs\
\xac\x9f\x87\xcd\x8b\x99\xae=\xd1\x08Q\x804\x81\xc85\
\x04\xc79 \x9a\x1d*\x80\xf7\x95\xce\xff\xd1\xd3\x1ap\
}\x1f\xe4\xa7\x95\xfb\x90\xf3Zp\xc6\xbf\xf5\xe2\x1f\xf0\
\xf2*\xbf>\x92\xe9\xb25\xc1\xe52\x1e\xde\x1ah^\
d\xe3\x9e\xfa\xfc\x9c\xaeT+\xdf\xed\xeb\xeb\xef\xaau\
v\xfe@s\xe4\xd8c\x19\xbfg\xe7\xae\x9dbxx\
Xt\xd6jb\xc3\x86\x8d\xe2\xae\xbb\xee\x167\xdcp\
\xe3i\xbf\x06l\xbbf\x9b\xd8\xbci\xb3\xf8\xe9O~\
\xf6\xcc\x9e\xee\xee\x03\xa5\xf6\xd6\x7f\x9a\x9dK\xd6\x00S\
\x13\xa4\xdaz\xce\x8fG\xd1\xf8\x9e\xf9\xb6\xf2\xda\xad\xcf\
/\x97\xdc\xfb\x91j\xf7\x13\x1d]\xce\xfd\xb3\xef!=\
\xec\xbd\xdd\xbfC\xbav\x98\x0bL|\x08$\xe7\xbc\xb3\
\xbc\xd8\xabE\xba}O\x86j\xec\xf2\xfb\xeb\x89`\xec\
\xb9\x94\xbe\x7fJ\x08\xa3,%\xfb,\x15\xf0\xf5\xf5\xe7\
&\xf7\xe5\xe2\x1a\xa8\xcc\x03[c^\x96\xd3\x88Cu\
:`\x5cq\x86\xbb`1 ZW(\xbf\xbe\xa8\x9f\
\x82\xf7\x1c\xc7\x0e1\x0dH\xa0^\x0d\x98K\x00\xd2\xc7\
D\x99\xdf5\x92\xbd\xdfh\xe0\x1a?\x9c={\xae;\
\xef\xf2\xcb^9v\x7fxxTH\x19\x89\x0b/\xbc\
X\xdcp\xe3\x8d\xef\x1a\x19\x19itwu-m\xdc\
x\xd9\xf0\xcf\xfe\xec\xbf{m\xb9\x5c\x16r~^\x9c\
at\x7f\xee;z\xda\xae\x01\x8d\xc6\x82XZ\xb7$\
>\xfb\x91\x8f\x9e\xd1\xdf\xd7\xbb7\xc9\x05\xbe973\
\xd3\x5c\x5c\xccj\x82\xd8\x17\xc1\xf9\xc9H\xa7\xa9\xcc\xfd\
\x84\xddz\xcd\xfc qM\x8ek\xda\xd0\xb8\xcd\xff\x99\
r\xd5\x89\xce@H\xfbM\x16\xb8Y\xb9\xa2\x17\xcdJ\
\xb1\xbb\xcc9\x0d\xa4\xee\xccsN\x89\xf9\xa3H\x9bJ\
\xd6\x03q\x06\xd2\xd5a^\xd6\xa8?\x18s\xcfa\xac\
qLt\xc1\x90V:`\xdc\x1b`\x0fP\x19S\xfc\
\x1f\x9b\xbf\xbe\x8f\xb2&\xbe<9.\x87\xf9\xbdj\xba\
n(\x8e\x09\xb65\x82(\xf3\x92v\x181\xf6\x1a\xaa\
\xab(c\xae\x1d\xc3\xbc\xa9\xdc\xfd\xa0\xdc&\xcdy\xe1\
\xc0\xfb\x19\xa0\x96+\x95\xf2\xf3\xdd\xdd\xdd\xfbW\xad\xba\
D|\xe1\xf3\x9f\x7f\xc5\xf3\x02\xa0!ff'D\x92\
\x17\xcfU\xab\xd5_\xad\xd5j/uvv6\x93}\
\xf2\x1b--k>\xdd\xd3\xd3\xad\xf6\xddx\xe3\x1bT\
}\xfe\xa4i\xfd\xffk}\xa9d\x1d\xdb\xb0~}\x9e\
\x0bLo\xad\xd5:\xfe||l4n,DM\x88\
\xac\x06\xbd\xd1Bl*\xc6\xdd\xe4\xbdl^\xf3\x01_\
\xcf\x1b\xd7\xbb\xb4\x8fq\xf3\xc7#\xca[y\xcd\xde\xf7\
\x0ee5J\xac;\xe8t\xae\x82}2\xbb~Hi\
\xf3\x10\xda\xbb\x8a\xf0~]\xcf{\x04\x14\x87\x84zW\
!\xedy\x1d\xf0;\xd5\x5cs\x0e|^\x0e\xe6jj\
\xca\x05\xf0\xb5\x1cX\x9f\xcf\xc6\xe4\xb6\xee)\x81p>\
9\x1f@\x11l\x02\xc2\x82\xe3x\x10B\xbc$\xac\xb1\
G\xb0\x9f\x9cW\x8c\xb8\xe4X\xcf\xc0\xd5S\x89\x9e\x02\
\xa9-\x17=\xbf:\xca\xfdy\xfc\x95\xd6+\xf4\xcc\xec\
L\xb3T.\xfda2\x8e/\xbdj\xcb\x95\x96\x0f\xfb\
\xfd\xbe\xee\x7f\xe0aq\xde\xdb\xcf\x15-\xad-bv\
n~\xb1\xa5\xa5\xe5\xeb\xfd\xfd}&fi\xa6\x9c\xe0\
\xe4\xf3GG\x86\xe2\xb6\xb6\xd6\xbf\xafV*\x9f\x5c\x88\
 5\xf9\xaaK\x95\xfe\xfd\x13O\x9c\x9e\xf5\xc5\xc6B\
Cl\xd9\xba\xc5\xaceg$\xd7K\xb5\x97\xda\xbf\xd2\
\xd7\xd7\x1b'\xe7\x9c\xae\xe59\x962\xd7\x92v\xe3x\
\xc5>\x1e\xf8\xbe\xb1@\xb5\xc7\x82\xbey\xc4[\x0e|\
\xcd>\x09X\xf3\x0d\xc8>\x8au{%\xca\xab\xf1\xb8\
v=s_g\xb7\x18wR\xd9~\x03\xf7\xed\xf1\xf4\
Gx=\x0d\xc7\x14\x12\xa8':\xd6\xc71X\x03I\
\xb5\x09\xb4\xebo\xbak)\x83=1\x19\xec\xe5\x87\xea\
\x90$\xf7\x00\xff\xbd@al\x03\xd7\xf5#\xf5P\xcd\
\xf9\xbf\x85W\x88R\x92jEal\x22 oa\xae\
\xcfk\xe7\xb1\xf5n\xd1\xb47\xe8\xeb\x99a\xcc\x94\xf4\
p\x22\xae\x96cb\xd7d\x8f\x8e\x931|\xcc\x8c\xe9\
\xcd\x9b6\xbd\xa2y\xb07\xc9\xeb\xf7\xec\xde#n\xba\
i\xef\x85\xd5\x8e\xda\xaf\x9b\xb9\xbf\xb8nQ's\xc2\
\xf0\x06R\x1d\xbd\x85\x85\xc6\xb2Y\xc3\xfa\xfb\xfb\xe3J\
\xb9\xfc\x17\x1d\xb5\xda-\xdb\xb7\xef<\x7f`x0\x8d\
\x05n:Mk\x03;w\xed\x12G\xee\xc9p\xcf\x13\
SS-\x95j\xf5\x8b\xdd\xdd]\xc9\xbc\xaf'\xeb\x80\
\xa9\x95\xd7\x09\xb6\x0e\x88~\xb6\x1b\x93\x92\xee\x89\x9ab\
\xbc\xa8vOH\x0b0\x1b+\xf5\x98\xd7\xfa\xc1\xd3\xc4\
\x96\xbe\x06\x1e\xd0Z\x9d\x0c\xe0\x93|\x0f\xbb$\xaeq\
>a\xbc\x86D\xf5\xed1\x16\x15s\x8d\xd2\xdf\xd7\x11\
_\xd1\xd3:s<\x07\xcai\xa5:j2\x80;\xc4\
:\xeaR\x15z\xfe\x08C\xed\xf9\x99jP\x14\xf3\x8c\
t\xc14\xe3\xeb[m\x8d\x82\xd7Dzr\xc0\xf0\xc9\
x\xcfvu\x02\xcb#\xc1\xdak\xc0\xb5\xd2\x0a\x8c9\
\xeb\xf1H\x9e\x9b\xd8\xbei\x80\x87\x08X\x8b\x84\xe3B\
\xdc\xb1\xcc\xcd\xcf\xc6--k\xffrzj\xaawh\
p\xf0\x15\xc7\xe87]\x9f\xcd\xdd\xf1\xb1\xb1\xeb;:\
\xaa/\x9a\xfe\xa1\xc1\x10D\xc9\xf8O54\xb3\x9c\xc8\
\xe4\xc6\xcd\xe4w\xf1\xcc\xcct\x9c\xe4\x18\xcf\x95+\xe5\
\xff0<:\x92\xc6\x02KK\x1b\xc4\xdc\x5c\xfd\xb4\x5c\
\x03n\xbd\xf5\xb6\xf4{o\x7f\xbf\xb8\xec\xf2M\x17\x0d\
\x0d\x0d}8\x89\xa1\xfe~jz2nD\x91\xa6\xfb\
\x04\xd1msZo\xa8\xd7\xeb\xeazNs\x96h\x07\
\x13\xfd-O\xe7Y\x074>\x19\xe7\x8bi\xba\xe5\xaf\
\x95\xcc\xa7K\x055-|\x9f`\xd6\x93g\x9c{\x5c\
\x0b\xb1\xfd\x09\xad<\xfd\x13\xbe\x17s\x9f`\x86kT\
~}\x80\xed\xed\xa8\xdfOy\x06\xe4Z\x81\x9fc\xf9\
|b\xeegE\xf5\x0d\xa9\x86\x12\xd2F\xf00\xd1\x0e\
WD\xb0\x97\x11\xd2\x10\xa7\xbd\x7f\x8d=\xa8y?\x93\
\xc5\x83\x19n\x1f\xfb\xb90\x0f/ \xb9\x5c\x1d\xf7I\
\xd2\xbd\xba\xab\xbb['\xe3\xf6\xe9\xbf\xf8\xe3\xbf8\xf3\
\xe0\xfe\x83\xe2\x96[n\xfe_\x8e\xfd\xbb\xef\xbaS$\
\xf1\xaeX\xbf\xb4tn\xa5\x5c\xfa\xcd\x89\x89\xf1\x14\x1b\
g\xe6\xbd\xf1\xf8T\xb9\xd6T~]\xd2\x9fS=\xf0\
F\xf4\xd2\xc0@\x7f\xb3\xad\xad\xed\xbf'\xeb\xc6\xc1+\
\xaf\xba\xfa\x0d\xc9z'\x8e$\xefw\xc3\xf5\xd7\x9dv\
k\xc0\xbb\x9f|\xb7x\xd3[\xde* \x8a\xc4SO\
\xbd\xe7\xf5\xdd=\xdd\xd7\x94\xca\xe5\xaf\x0f\x0e\x0e\xc4\xeb\
\xd6-\xbc\x9c^\x13\xc8{W\x92r\xe0=?\x1f`\
\x1cSR\xeb\x05\xee-\xc54\xef\xfc\xb8\x97qG\xb0\
g\x08\xd5\xbf\x04\xe2C\xa9\x99\xe7\x06\xf5\x16b=t\
O\xaf\x12\xf5\xbei~\xedrM\xc2}\xa4\xdaY\x9a\
\xe9\x16h\xe0\xb5\x0b\xaa\xb5\x80xX\xf9\x1e\x8c\xf9;\
\x10X\x7f\xad\xd6\x09\xaf\xb7\x840\x86uR\x93P\x8a\
\xe6\xf0\x9c\xcf\xa9\x10w\xdb\xc6r\xc8\xc3\x18Xng\
\xb5\xe3\xb0\xce[\xa8'Dk\x04\xde\xf7\x88\xd5s@\
\xb1\xd8\xc5\xcf\xb32}\xfed_\x9e\x9b\x9fk\xb6\xb6\
\xb6}\xbd>?\xdf5>6.v^\xfb\xcau;\
::kb`p\xe0\xea\xf6R\xdb?\x81\x94X3\
];\xadD\xe4\x81\x96\xd5:\x9b\x8b\xc9\x9c\x98\x9d\x9d\
\xd1\xb5\x8e\xda\x8b\x1d\x95\xeaO\xec\xdc\xb1\xfd]\x17\xbf\
\xeb\x12\xf1\xf8c\x8f\x8a'\x1f?vZ\xc6\x02\x07\x0e\
\xdc\x22\xf6'\xeb\xe6\x1b\xdf\xfa&Q\x97\xf5\x89r\xa5\
\xf4\xf9$&Z6=\xd5\xa5\xa5%\xb3.61\xef\
\x07$\xf5\x9fvuX\xc99\xa6\xceg\x06\x90\xf7\x0a\
\xb89d\xb9 *\xe0\x87A\xe3Z\xad\x10\xb6\x90\xd6\
\x86\x89/7\xf6\xce(zV\xcdb,I\xac\xe3C\
\xb1\xee\x8c\x8f\xe6\xf4\xbb\xb9F4\xe2\xb9\x17z\x98:\
\xa0\x7f\xa1\x1d\xef\x19\xed\xdb\xd4\x87\x82\xcd-I\xf9x\
\xcec\x94{\x15\x10\xfc&(\x84\xb9\x04\xda\xb7\x07\x94\
\x9b1\x0e\xb2\xe5\xf7P|\xaf\xab\xcb\x91\xba,\xd2T\
A\xba\x86\x1a\xaf\x05\xca\xddS\xc4\x13\x97\x1a(\x97\x8c\
x)\xa7\x9f\x11)Tkrq\x08\x84\xf5Ob\x13\
\xa3/...w'{\x7f\xadV{\xd4\xe4\xfdW\
\x5c\xb9\xf9\x07\xea\x85m\xddz\xf5\xb9m\xedm\xbf0\
6>\x9a\xe76u\x8d\xf0\xa74\x06\xb1X\xa7\xecw\
\x99\xbe\x9e\x8a{\x92\xcfO\x8e\xe1\xcbI~ \xcd\xfb\
\xee\xde\xbdK\x5c\xb1y\xf3i\xb9\x06\xcc\xcd\xcd\x89+\
\xaf\xb8B\x94+\x15q\xd5\xd6-o\x1b\x18\xec{\xa8\
\xb5\xad\xf5/\xfa\x07\xfa\x93\xd8'\xc9\x8b\xa2\xa8\x89y\
\xa4\xe0\xe1PQo\xd9\xe9\xe2x\xf8P:\x07\xa8\x1e\
4x57\xc5\xf4\x0a\xe5\xcaZ\xda\x9e\x0f\xbc\x22{\
)\xc9W\x9d\x17fP\xd7C\x82\xa7\x11\x1c\xf2\xae\x22\
\x9a\x9dv|\xcb\x90\xff\xbcd\xda\xc5,\xbfV\xbe\x97\
%\xf0\x9a%P\x1c\x16\xc2\xd9\xb29%\xf3u\x8e\xf9\
\xb3!\xfd\xc4\x08\xaf5\xfc:;}!\xcd\xf4 \x11\
\xee\x97\xf8\x16h\x8fG\x00X\xc7<\xe7\x00r\x8fH\
\xca\x03\xd1\xbc\xb6\x81c5\xe9c}\x9b\x13\x13\x13\xba\
\xb5\xa5\xf5\xb7fgf.M\x1ebpp\xf0\x15\x8d\
\xf3\xa3\xf7\xdd+\xce9\xe7-\xa2\xa3\xa3\xa3Q\xabU\
\xff\xd9\x8ck\x89=\xc1%\xf50`XL;\x06\x8d\
\xef\x83\xc1\xd0\x0d\x0f\x0e\xe9J\xa5\xfc\x8d\xd1\x91\xe1\x1d\
\x9f|\xf6\xd9\xb3o\xde\xb7W\xec\xdb{\xa3\xd8\xbem\
\xdbi\xb9\x0e\x9cs\xde\xb9\xe2\xb2M\x97\xa5\xfd\x81y\
);k\x9d\xb5/'\xd7\xd6\xecsM(\xf4`\xec\
>\xec\xe1_5\xd6\xa4\xb5\xf12\xd3\xeap\x18\x14\xe9\
\xe3\x86=/o\xa5\xc1\xe7\xd6\xc6\xe0i\xc1{\xfc]\
\x9a\xab\x10\x9c\x8a\xed\xe1!\xafX\x8e\x1f$\xd8`\xa7\
\xf3\x05\xd2\xf3(V\xdc[\x8f\xf2\x9e0\x96Q\xfb5\
}\x96\xa7\xb3^\x82\xf5B\x04Iz&\x10\xaa\x0bx\
>\xb7\xc8g\x87y\xb1\x01\xd5\x13\xf2\xd6\xd7,\xae\x01\
Z\x93\x05\xce\x01\xa2\xb8C\xd4/\xd68\xf7\x8b\x88\xdf\
\xa2d|\x04\xcb\xeb\xd0\x0e?\x19\xf2\xff\xb2\xba\x00\xe9\
5I\xe6\xdc\xf7\xc6\xc6\xc7v\x9eu\xf6\xd9\xe2\xc2\x0b\
.xEc\xdb\xf0\x00\x8f\xdcs\xc4he\xbf\xbeT\
j\xff\xb9$\x87O\xeb\xfc\xb6\xe7\x95\xaf\x01\xd2\xe9\xab\
\xb3\x9ah\x1d\xed!\xd9\xef\x93|`yr|\x5c\x97\
Km\x7f?11\xf6\xee\xc3\xb7\xdd\xfa\x8e\xf5\xeb\xd7\
\x89\xe4\xefO\xcb\xf9o0\xd0\x97_\xbe$v\xed\xbc\
F\x0c\x0c\x0d\x8a\xae\x9e\xae\xa7GFGR\x8dt\x94\
\x87k\x08iF\x11\xeff\x7f\x0d\x05\x95\xfb\xcdSo\
\x09\x9c\x93:}O\xa9\x18\xdfC\x11\x8c\x8e\x9f\xcb3\
,\xbb\xc5\xb9{\xbd\x82\xc2\xff\xd3\xab\x0b0\xbd\x02\x5c\
\xbf\xd4A\xec\x91\xab\x05\x22=\x02\xea-\x07\xae'\xa1\
\x81\xf2\x89\x02\xde&n^K\x9c\xf3\x82\x8c=mO\
\x90\xb8\xf7\x87\xb5I1\xceV\xfb\x1aj2\x88\xa9\x0e\
\xf9;\x92k*\x95\xe7\xbb\x0d8\xff\xa1x\xa4\xec\xdf\
R1\xae\x1e\x8b'\xb0.\x0a\xd0\x1e\xa7\xf4\xb9\xce\xe9\
\xc3\xf4\xa9\xfb\xfbz\xe3\xce\xce\xce\x9f\xba\xfe\x96\x1b\xdf\
\xb8t\xd9zq\xf4\xdeW\xa6\xe1\xf3\xec\xb3\x9f\x14\x17\
]|\xa1\x18\x1a\x1e\xba\x22\xc9\x1b\xbe\x9b\xae\xcb\x19\xde\
\x85\xe0\xd0%Y\xd3\x03\xb5\x5c\x9c\x0b&\xe7\xdf\x88\x1a\
\xcd\xb9\xd9Y]\xabV\x96G\x87\x87?w\xf9e\x1b\
\xde9;;\x9d\xe1\x0c\xee{\xe0\xb4\x5c\x07\x9ey\xff\
\x07\xd2\xef\xab/]\xf5\xe3f\xfe'\xb1N\x93\xf0\xfb\
\x1d\x9f\xc5iD\xd0=\x5c\x03\xf7vU\x1cC\xe8\xe2\
\xf1\x88\xf5\x19\x10\xfe=vz?a\xbdw\xe2\x1bE\
\xb5\xefc\x82\xe3\x97N\x0f\xc0\xf6\xb3\xa5\xe4>A\xb6\
\xfenuz\x89\x07\x05\xc5\xb1\x87\xb4\x86\x1d\xae\xb8\xce\
\xb4\xefe@\x0fQ\xfa=\xfd\x00'\x8bz,\xd3\xfe\
\x9f\x87\x89Q\xcc\xd7\x97h\x03\x86p\xcd\x9eo\xa0\xa6\
\xfa\xa1\xd4\x8f\xdc\xbf\xcfR{kgh}\x91\xd4'\
\x10\xbf/\xc6\x83\x874\x97\xcd\xefL\xbcm\xb4\xad\xcb\
\xa5\xd2W7o\xba\xbc\xa6~\xc0=vtt\xd8\xd4\
\xfc\xdf\x96\xec\xd5\xbf:91\xde\x84(Z\x96\x92\xf6\
y\xb8\xe6\x04\xe51H\x1c\xaf\xe0\x9ew\xaa\xb5k\xb0\
\x1e\xbd\xbd\xbdq\xad\xa3\xe3\x8b\x93\x93\x13\xab\x93\xaf\xf4\
s\x8f\x1c9r\xda\xcd\xff\xf7>\xf5t\xc6\x1f\xbe\xf8\
\xe2\x0f\x8f\x8e\x8e\xa6\xeb.\xd5\xfeQ\xb1\xf5\x10\x8a\x5c\
\xbcD\xfc3\xb0\xbf\x90\x92\xdc\x1f\x22\xa6\xf8?\xa4C\
@\xf5\xa14\xef\xd7\xf91'\xe6\xb2\x22\xedy\x90L\
\x0f\x88\xe0\xef0\xff\x11\xf3Q\xb9o6\xd5\x9a$\xdc\
\x1d\x19\xe0\x17I\xe6?\x8dpo\xccg1=\xbeB\
\x1f\x1ca\x8d\xb1\x07\x06\xa9=\x02\xd1Cw~>4\
_FuXI\xeb\xac$/\xa2Z\xe9\x80\xf2:@\
>,\xe4\x98\x8b\xba#\xe1\xf9\x918\x0f\xf9\xcd+\xe6\
[\x5cO\xbd\x12\x15\xa93\xd6\x9d\xd6\x1f\xd0Z+\xc6\
T\x99x\xdc\x8c\xbf\xa9\xa9\xa9\xf8\x92K\xde\xf5\x8dd\
~\xcd%y\xa9\xb8\xe6\x9aW\xa6\xd7{\xef\xfdG\xc5\
\xc5\x17],\xde~\xc1;DWWmg\x92\xf7\xbf\
`\xfaZ\x06\xe7*\xf3\xda\xb0\x22\xbc&r\xce\xae\xa6\
\x89\xd7\x02`\xb8\x87|\x8d5\xbds\xa3\xb5\xd1\xd6\xde\
\xf6\xab\xc9\xbci\x7f\xc3\x1b_/\x1ex\xe8>q\xe8\
\xb6\xd3K\x8b\xe0\xb1c\xc7M\x0d\xe05\xab\xd7\x5c\xfa\
S\x13\xe3\x13I\xfc\x1f\xa5y\xa8\xb4\xfe<\xac\xbe\xc4\
}}\x14\xd2\xee\x02^[\x02\xec7\xa5\x99\xdeX\xb2\
?\x03\xf5\xee\xc4\xf8B\xfb:\xf0\xf5\x84\x11\x1e\x9eq\
\xcbcEj\xdb\xbc\xef\x1e\xc2\x1a\xd9c\xd3\xbe\x1e9\
\xd2\x0c*rZi9\x94\xcc\xb3\xa0\xce\x8f\xc3\xc7\x12\
+\xc7m&\x1a\xb7\x92\xf5*]\x1d\x93\xe9\x092\x1d\
e\xc0\xb1\x0c\xc6\xf5\x865\xc0\xb9\x0f\x0cZG\x98\xa7\
\x9bd\xfa\xc1\xcc[\x11\xe9/D\xc1\xfd]\xd1\xf1\xc1\
\xd6.\xc9\xb5\xd1r,\xb3\xa9=\xcd\xcf\xcd\xe9\x96\xd6\
\x96\x7f\xe8\x1f\x18\xb8\xde\xd4\xa6\xf6\xee\xdb+\x86\x06\x06\
^\xd1XNb\xfc\x94\xff\xb6\xe5\xca\xab\xda*\xe5\xf2\
\x1fLNMf\xd7C\xb2\xfcb\x05Ng\xc1WS\
|\xaf\xc99$\x92\xf2\xbe\x92X\xa0\xb1<8<\x1c\
\xafiY\xf3\x9fF\xc7F\xbb\xcd1\xfc\xccg>-\
\xee\xba\xf3\xce\xd3f\xfe\xdf\xff\xe0\x83\xe2W\xbe\xf4\xa5\
\xb3\xd6\xac]\xf3\xa9\xa9\xc9I\xb3\xff{:-J1\
~/\xdb\x17<\xff^\xc6AE\xb8\xf8\xa6\xab\x19A\
\xc0\x93\x92\xf4\xea\x90\xbfmXC\xdc\xc5\xdd6\xee/\
8\xa94\x7f\xe7\x9e\x12@<\xc3\x9c\x8e\x88\xd5\x1fB\
\x9cvT\x03D\xb5\x06\x17\xa3\xc3\x0a\xde\x9a\xd2b\x89\
\x02\x1a\xa2LW\x1c\xe3\x82\x00q)l\xef\xcd\xeb\xb7\
k\xae\x89\xbe\x12\xc7\x98\xf2\x0e\x5c\xfdF\xe6z\xba\xc4\
\x83\x0d\x98v\x91\xc3\x0a\xc5\x80\xe2\x10\x05$~aZ\
n\xdf\x87/I_Cu\x8a\x92\xfc\xba>?o\xea\
}\xcb\xa3##O\x7f\xf8C\x1fy\xfd\xde\xbd{\xc5\
\xc1C\x07_\x99\x06\xc6#\x8f\x88\xab\xae\xda\x22\xfe\xdb\
\xd7\xfe\xf4\xcc\xde\xde\x9ec\xbd==\xcb\xc9\x1e\xddT\
\xa4O\x1c\xf2\xb6\x80\xd8\xd3\xabT\x01n\xa4,j\x06\
\x99nf\xdeKhB#j&s?nmk\xf9\
\x9d\xfa\xfc\xec\xa89\x16\x83M<\xfe\xf8\x93\xa7\xc5\xfc\
\xbf\xf7\xde\xa3\xe2\xd9O|\xf2\x8dk\xd7\xb6|vb\
r\x22\xc5Yc\xbf^\xab\x03\xe78g\xc4\xe7\x87\xf7\
\x04T\xc8#Wy\x9e\x9c\x01\xbd\x9ePO\x88j\xdc\
\xfa\xfdB\xe6\xf7\x8a\x8f[:|\x9c\x8f-\xa1\xfb\xaf\
\xc4\xf3\x9f\xe9\x1e\x80\xe7\xbbA\xf6p\x0d\x94\xf7L\xea\
\x17\x98\xcbB5\x0f\x91\x16;\xe6\xfaK\xac\xf7)\xb1\
\x86\x0e\xa9\xb9+\xbf\xf6\xaf\xc1\xd3\xe0R\x01\xaf\x02O\
\x17\x15\xfb\x97{\xbc^\xea\x13\xe2a$\x907\x11\xf6\
\x91\x97\x9c\x8b\xec\xd7r\x10F\xd2\xe4\xd2\x06[$\xeb\
u\xdd\xd1\xd1\x11\xf7\xf7\xf5}r\xd7\xce\x9d\xe7l\xb9\
\xea*q\xf9\xe5\xaf\x8c\xdf\xfb\xd0\xfd\x0f\xa4\xfb~r\
O\x0c\xaee\xaeTn\xff\xdb\xb9\xd9\x19\xf3\xbeI\xcc\
_Gz\xaeL\x1f\x0d\xeb\xbe\xe5=,eug\x10\
\xbf\xa9\xe8\x09\x80\xb7~%y\x852X\xe2d\xcd\x1a\
\x8e\xdbZZ~sn~\xae\xe3\x82\x8b.H\xd7\x80\
\x07\xee?\xf5k\x82\x0f&\xfb\xff\xb3\x9f\xfc\xe4\x9b\xdb\
\xdb\xda>7\x99\xcc\x7f\x93\xd7\xd08\x10\xeb@\x05\xf9\
a\x84\x13@}\xa3\xb1_,\xe5\x90\xa1\xbe\xb3&\xfb\
.\xd3\x83\xc0u\x02>'\xa9\xaf6\xaeY\x16u\xcb\
\x9c\xe3\x9ckGK\xee\x1d@\xb5\xa6\xa8W\x95\xf3\x07\
\x5cA\xa3B\xa1\xfd\x9d\xfa\x0a\x81\xd3:\xa3\xd7I\xa2\
z\x1c\xc5,j\xe5\xf9\x08z>\xe6d\xcd\x94\x9cc\
L\xfd\x07\xc8=b\xbe\xa6tM\xa2\xeb\x12\xab\x13\x90\
z\x18\xaf\x81\xea\x00\xf6:&\xb8\x04\xf0<G\xf2\xf9\
_\xb7\xd7\xda\x8c\xb7z}\xdeh\xfa\xbc\xd4\xdd\xd3\xfd\
\x89\xf5\xeb\x97\xceO~'.\xbf\xec2q\xf4\xe8+\
\xf3\xea\xb8j\xcbVq\xc5\xe6+\xc4\xa1\x03\x87\xce\xeb\
\xa8u|!\xd9\xffm\x1d+\xf5\x11N>OB\x9d\
\xf14\x99\xcf\xb2\xc7g\x93\x9as\xa3q\xfc\x02\x19o\
\xaeY\xc4\x96\x8dFC\x1b\x1f\x8e$\x8e\xfeR\xb2\x8f\
\xb6\xbd\xe5\xcdoM\x8f\xed\x91\x87\x1f>\xb5\xfb\x80O\
<!~\xf9W~\xf5\x0d---?\x93\xc5\xff\x0d\
\x8a{\x97\x94\xbb\xe5\xe7vlOFX\xcfLk\xc6\
z\xe6j\x0fC\xa0|mZ\xcak\x97\xdez\xc2<\
\xc4\x5c<+\x99^\x91\xe3\xf7i\xaa\xdd\xef{\xe5\xd1\
\x9a#\xde\x13x\x9cNu\xef\xd1\x1cw5\xa4\x027\
\x08\xb8O'\xf3\xbcD\x05\xb4\xad%\xc2\xdc\xd3\x1c\x95\
\xf1\xadm.\x8e\xae'\xf1\x0ct\xbdJ\xeb\xc3\xed\xce\
]z~_d\xad\x91+\xe0\x9e\x88\xef\xb1\xf5~\x97\
1\xd7\x0f\xc0\xb1\xbc\xc3Y\xb3\xdc0=G\xc8\xb4\xca\
S?\xeeHO\xcfL\xebd\xce~opp\xf0\x99\
-Wn9'\x89?\xc5\xf0\xe8\x90x\xf8\xc1W\xa6\
\xd9\x7f\xdb\xed\xb7\x89\xdf\xfe\x83\xff\x92\xfe\xdc\xd7\xd7\xbb\
\xafR-?\x0f\x0c\x1fJ1\x18hLC(\xd6Q\
T\xf7\x90x\x9cb\x8fb\xfc\xfe\xd95mD\x10\x0f\
\xf4\xf7\xc5\xc9^\xfa\xa5H5\xda;;\xba\xd28\xe0\
\xc9\xc7O]\x0e\xf1\x13O<)~\xf7w\xbfz\xd6\
\xda\x96\xb5\x9f2\xfc\x083\xff}m_\xac\x17W\xec\
\xdb@\xeb@\x81\x1a@D\xf6 \xe9q\xf5\x80\xf3\x85\
\xd8^\xc98}\x84{\xc3\x1e\xda\xf9\xc7!\xbdz\xe7\
\xcbIj\xfc2\x849\xc1\xeb\xbb\xc4uD\x96\xb7:\
\xfd\xd2b?\xd7\x94\x13l\xb5r,\x06\x99\xe9\xaa1\
\xec\x1f\xf3\x1ce\xde\xb7\x9e\x9e)\xd3\x17\x03\xe2\xa7\x8a\
\xfc\x9b\x99\xafz\xc0\x8b\xd1\xc6G\xfc\xb5\x5cwC\x01\
\xc5Y\x05k\x1a\xe0{\x1b\x03xu\x9d\x823h\xf6\
\xfd\xa6\xc1\xe5\xb4\xb6\xb5\xfeM2\xeen;tp\xff\
\x9b7\xac\xdf \xea\xf3u\xf1\xe0\xfd\xaf\xdc\xaf\xe3O\
\xfe\xe2\xcf\xc4\xa5\x97\x5c\x22\x16\x16\x1a\xd3\x95J\xe9\xaf\
\x0c\x7f/\x89\xc7\x9bvM\x93\xbe\xbf\x22\xd3;D\x1e\
G\x92\x8eI\xcc\x17\x03\xe4\xb9\x88\xf1\x0fH\xcb\xd6\xf4\
\xc7\x0cf\xd1\xf0\x94\xdbK\xa5_\xa9\xd7\xe5%s\xb3\
\xf3b\xfd\xd2\x86Sv\xfe?\xf9\xe4\xbb\xcd\x1au\xe6\
\xaaU\xab>6\x96j\x844\x10\xde\x0di\xd3d\xf3\
\x9f\xf6\xf6\xf2\xf1\x10\x19\x9fa\xaek\x89|]TH\
\xf3RQ\xbdO\xcf\x93\xd6\xd3\xff\xb7\xb8\xbel_/\
|~\xa4\xd7\xe3\xd6\xc1\x9a\xbfT:4\x0ex\x9d\x90\
\xd6\x86\x5c\xafM\xd2\xb8?\xf6\xfdA\x08\xce\xdf\xe9\xfa\
J\x8c\x9fE\xf8\xa3\x9c\x8bb\xf9\xbfLW?8\xcf\
\xa4d{\xbe\xf5\x00\x0d\xf8\x04\xe5\x9f\x91\xe3\x02\xa4\xa7\
\x85\x8c0\x90Rj\x5c\xcf\xf3\xf4@y\xee\x0f\xd6k\
I\x87\xf2\x14\xe0|+\x95\xc5\xe0\xe9\xf1DYL\xd2\
\xd7\x97\xec\x93\xed\xed\xff\xbd\xbb\xb7'2u\xfe\xeb\xaf\
\xdb#vl\xbf\xf6\x07\x1a\xbb{\xf7\xed\x13\x8b\xeb\x16\
\xc5\xe6+6\xbd\xbdZ\xa9\xfcb\xea\x83\xb7\xb0\xd0T\
\x80\xee\xb9T\xcc\x0b\x9e\xd5\xa4\x81r#I\xfcO\xf2\
\xbe\xa0'!\xc5xC\xbe\x06${hgg-\xae\
u\xd4~\xfe\xaa+\xb7^\xb8~i\xbd\xb8\xea\xca\xab\
N\xc9\xf9\xff\xd4{\x9fJ\xbf_x\xd1E?i\xaf\
\x1f\xe6m\x02\x8b\x8d\x14\xe6\xc1d{`\xe4\xe5x\x92\
`y\xbc\xfe3\xf5\xd2\x22<|\xe7;\x81u.e\
Lr\x03\x86\xd7\x97\x04;N\xf3s\xc9<\x0d\x14\xd7\
\xff\xf2t\xab$\xf7\xd1`^D\x88\x87(\x89'\x97\
&\x9a\xfa\x92\xf1z1\x97^r\x9f\x05\xe4\x95\xa1B\
ut\x19\xfbX\x06\xaa\xaf\xe9\x8e\x07q\x9f\x90?\xb0\
\xc5\x05q\xad3{>\xf5pL\x84\xb1\xf2\xbe\xaf)\
\xf1+\x92(W\xc4\xbap\x80\xe2\xe3\xa9\xe9\xe9$>\
n\x7f\xa9\x5c*\xff\x9c\xac\xd7\x07\xda\xdaZ\xc5\x0d\xd7\
\xef\x11Wo\xdd\xf2\x03\x8d[\xe3\xe3\xf9\xe0C\x0f\x8b\
\x9f\xfe\xc4\xb3\xaf\x1b\x1e\x1ez\xaa\xbb\xbb3\xc5\x0e\x14\
\xd8u\xe9\xfcA\xe3\x10\xee\x8aaV\xb31\x1d)6\
\xd6\x99\xce\xb1\xe7=#\x03u\x8f\xba\xd1\x15H}\x09\
;\xaa\xd5\xe5\xbe\xfe\xbe\x9f\xd9\xbbo\xef\xf97\xddt\
\xa38|\xdb\xad\xa7\xdc\xfc\x7f\xfa\x99g\xc4\x85\x17^\
 .\xb9\xe4]?f\xf4\x81\x16\x16\x17\x5c\xcf\x04\xd5\
\xca\x0cn/ru\xff\xc2;\x94\xd6\xfa\x18w$\xf2\
8@T\xbf\x0b\x02\xf1\x00\xaa\xb9j\xa2\x1b\x09\x5c/\
[\x11\x0f]?\x87\x90\xacf\x93\xe7\xe0\x10\xf4\x01\xe3\
~ZT\xff\x17\x98\x1f\x9f\xa2:\x84\x92i\x0e`_\
\x0c\xab\xbdI8\xcc6\xdf\xf64\x7f\xb96'\xd79\
\xc4y\xb9\xab\xdd\xd5C\xf9\x10\xd2\x0c\xa8c\xcd/\x0d\
\xa4G\x19\x1a\xd3\xbe\xb6\xba;\xef:\xe5j\xbb{\xa0\
\xa9\x07\xa1\xe5?\x1b>\xfd\xb29\x0e\xb3\xbf\x94+\xe5\
\xbfJ\xe6\xfc\x91\xdd\xbbv\xbf\xa5\xa3R\x16\xbf\xf6\xeb\
_\x16\x0f?\xfc\xc8\x0f4f\x1f=\xf6\x988\xfe\xe4\
{\xc4[\xde\xf8z188\xb0\xbe\xad\xbd\xf5[\xd2\
\xc5\x16\x9as\xc7\x10\xee\x10\xf1\x1a9\x97\x85\xd4\xaa\xfd\
<\xd5r\x02\xc0\xe7\xa0\xf9\xfd(]\xd4\x1f\xcb\xe5\xd2\
K#\xc3C\xc7\xfe\x8fO={\xb6\x89q\x8e\x1f{\
\xfc\x94\x9a\xff\xef{\xdf\xd3\xa2\xbd\xbdd\x1eO\xf7\xf4\
v\xa7\xf8_\xd3/\xc9kwd\xff\x00\xbf\xa7O\xf9\
c6\x97\x82|\xfeg~c\x11\xf9\x9d\x17\x7fi\xca\
\x0b\xa2\xdeA\x8a\xe0\x07Q\xef\x1c\xd7\xabe\xb6\xdfH\
\x92g*\x8d{M\xca\xc3\x06Z\x1c\x82\x96+\xc4u\
@sY\x8d\xb5oX\xfd\x92\xe8\xeb\xe15\x0ak\xea\
\x848GJ\x85\xf5\x91q\x8d\x8dz\xf4\xd0\xe3B^\
\x81\x8co\xa1\x90\xaf9\xc1[\xbb\xda\x95\xd1,\x93\x14\
O\x91\xaf'\x04\x7f\x0c\xa1\x9a$(\xe2i\x96\xfb\xfc\
6\x0b\xfeX\xc6\xddo\x18N\xf9\xcbc\xe3c\xbaZ\
\xab}\xbb\xab\xa7\xfb\xa3\x13\x93\xe3]_\xfe\xc5/\x9d\
i\xfa{\xfb\xf7_%v\xee\xdc\xfd\x03\x8d\xd7k\xaf\
\xb9V\x9c\xf9\xda3\x85\xd1\x01\x98\x99\x9e\xe9kkk\
\xfb\x7fF\xc7F2\xdc\x0a(\xbf\xd6\xc7\xf4\x18R\xdc\
N\xeeU\x13q/\x03\xacq\xc0y\x90\x99_f\x96\
\x1fD!^\xab,\xb4\xf0m}\xd5`\x85\xe7\xe6f\
\xe2R{\xdbw\x87\x87\x86R\xbf\x82O=\xfb\xe9\xe4\
\x1c\xb6\x9fR\xf3\x7fp`H\x0c\x0d\x0e?br\x16\
\x83\xbdV\xbc\xe6I\xf4/r\x1fQ\xd6\xc3\x03\x1c\x1b\
\xd8\xda?\xe4\x98\x7fEul\xc8X\xa4=v\xe7?\
\xc8z\xf9R2L\x12\xd5\xc8\xc9\xf72\x8f7Hu\
\xa5\x88\xfff\xd0w\x8a`Y\xc0\xfaui\xaae\xe3\
\xe1\xf14X\x8f1\xdf\xbf\x06<=p\xe9\xf1\x05\xac\
w\xa6\x94\xd6\xef\x9a\xaf\x0f\xb2\xd0\xc6.\xb0\x872\xe4\
\xcf\xe8\xc7't\x0e+\x92\xe7\x07pq\x99\x16j\xd8\
\xd3\x0bk\x9e\xc4\xca\xd7\xe7\xd5Y]?\xf3\x10M\xe6\
z\xdc\xd5\xd5\xfd\x5cww\xcf\x17\xc7\xc7&\xd7?\xf4\
\xe8\xc3\xaf\x1b\x1c\x1a\x10\xdb\xb6\x5c-.\xdf\xb0\xf1_\
4^o\xbc\xf1&\x91|\x96\xd8\xb8ac\xa9\xab\xab\
\xeb+CCCF\xdf>\xe0\x09\x91\xd7\xe6\x94\xd7\xb3\
\x0f\xef_\x05\xc6\x1d\xf1\x01\xb3\x987{\x00\xc3\x81\x92\
\xba(P\x9f+\x1c\x0f\x98Z\xc0\xf4\xf4t\xb3\x5c*\
\xfd\xe5\xfc\xec\xdc\xfc\x85o?_<\xfc\xc0#\xa7T\
\x0c033#d]^])\x97\xff\xa9\xb1\x10\xc5\
\x98/\x03\xbe\x87\xb3\x0eq\xc4\xf9sX\x9f'\xc4\x03\
\x0b\xe4\x03\xb1\xc7\x0d\x06\xe6%\xe4|\xa15\xf6\xa5\xf6\
}\xa2\x5c^\x22\xb1\xc6w\xf8\x1e\x06|\x82\xb9/b\
\x80\x87\x14\xd0\xcc\xf6\xeb\xe2<&\xcf0\x08~/\xb0\
\x1e\x87r\x12\xb5b\xad\xc9\xc3\xd4QL\x80\x0c\xd4;\
e\xd8\x97\xd8\xaew\xc0qN\xf5\xd8[K\x19FK\
\xe65\xbdT\x9f3\x89w\x8d\x9e\xee\xfc\xfc\x9c\x1e\x1e\
\x19\x8e;\xbb\xba\x9e\xef\xa8U\x7firrr\xf7\x15\
W\x5cy\xeeE\x17\xad\x12G\x8e\xdc%\x0e\x1c\xd8\xff\
\xbf5V7m\xde,\xf6\xde\xb4\xef\x82\xde\xde\xde\xcf\
\xf5\x0f\x0c\xc4Y\xce\x8f\xf5<T\xec\xf5\xebB\xbe\x0e\
\x14\xd7\x92\xeeQ\x11`\xcf\x0b\xbf\xf6\x87\xb5\xb2=\xcf\
4\xcf\xc3\xd6\xad9\xc9\x1a`0\x8d\xbaZ\xae\xfe\xf6\
\x15\x9b\xaeX;<4,&''N\x99\xf9?1\
1)\x92\x9c\xb5\xf7\xd25\x97~\x93c\x9c\xbcu\x1f\
\x0a\xce8\xd7\x8c\x00\xb6&\x00[\x0fd\xa0o\xec\xf4\
\xa4,\xb6\x94c\xafp\x0f\xd9\xc3\xc9S~\x8c\xcby\
}\xac\x8e\xe7/I\xf1\x88\xf4\x1e\x03\xd3\x9fG\xc7_\
p\x0b\xb9\xaf\x89\xf2y\xff\xbeg\x81\xa41\x87,\xe6\
\x98\xc4<\x1e\xa9\x89v \xf5\xc1\xd5+{\xe6\xe1\x1c\
\x14iiK\xea\xe1\x1b\xae+\xd65\x04\xae\x8b\x87\xb3\
DkE\xe6\xc7\x11e\xde2\xc9sI\x8c\x9f\xec\xf5\
]q\xa9T\xfa\x9b\xee\xee\xae\x9fK\xf6\xe5M;w\
\xee<\xbf\xa7\xa7W\xcc\xcf\xd7\xc5S\xefy\xb7\xb8\xfe\
\xba\x7f\xb9v\xde\x1d\x87\x0f\x89m\xd7\x5c-\xf6\x1f8\
\xf0\xf6\xde\xde\x9e\x9f\xe8\xed\xeb{1\xe5\xaa\x00\x04\xe2\
8V'b\xde\x91\x04\xa3\xc8\xb8\xe9E\xfd/\x02\xd0\
\x11\xd66*\xf4\x0e\x98^\x1b\xce\x8b\x88V.\xd5\xae\
Z6k@WWg\xb3\xad\xb5\xf5C\xdb\xb6]\xfd\
\xc6\xad[\xb7\x8a}{\xf7\x9f\x12\xf3\x7f\xf5\xaa\xd5b\
\xcd\xa5k.\xbc\xe4]\xef\xfa\xf3\xf9\xb99\x87\xf9\x08\
z\xc58\xfeGT\xe8^!nx\xbe>x\xfe\xd0\
\xdc_\x80\xe5\xe3\xb4'\x90\xebup]\x1ao<\x12\
]\x8bp\xdf\x0e\xf5\xf70>\x85\xfaR\x03\xf5\xbd+\
\xf0\x80\xd4\xe3P\x06\xfb\x98._\x94\x9ai\x01z\xbd\
~\x87\xffC\x5c\x04\xbe\xc7\x921\xc6\xf5\x12(f'\
\xe4\x8b\x04\xc8c\x0d\xbf'\x8a\xc7,\x8f;\xef\x8fh\
Y`\xe4\xea\xf5\xa62\x8f\x8c\xa7Q\xe8\xef\xa5\xfb\xba\
\xa9\x0b\x99\x87\xf1\xe0\x99\xaf\xcf\xc5SS\x93\xb1\xe1\xe8\
vvv.'c\xfa{k\xd7\xae\xfd\x95\xae\xce\xce\
\xc7\x92\xbf\x1b\xda\xb3c\xc7\xeb\xdf\xf2\xd6\xb7\x8ak\xaf\
\xbd6\xf5\xe6\xbe\xeb\xee\xbb\xff\xc5c\xf3\xd1\xc7\x1eK\
14\x8b\x0b\x0dq\xfbm\x87\xde\xd5\xd7\xdf\xff\xb1\x8e\
\x8e\xeaKv\x1f\x8aT@\x1fQ\x22\x8e\x8a\xc4X4\
\xc6Udz\xa5,\x16\x88\xdc>\xe6\xfb\x9fR|$\
\xc2\xb8\xda\xfdC#\x8eV\xaa\xafi\xae\xa39\xf6\x91\
\x91\xd1t\xe2?p\xdf\xc3\xe2\xd8)P\x0f\xec\xe9\xe9\
\x11I|r^[[\xdb\x1fN\x18\xbe4@\x13a\
\x00<\x5c\x188\xecz\x98\xeb\x0b@uB\xb1g\xad\
\xbd\x0fV\xb3\xcf\xae\xb1H\xff\x0fi\xcf+\xaeI\xaf\
\x03q\xb8\xd5!\xb3\xfb%\x04k\xf5\x0e\xd3\x00\x04o\
\xab\xc1\xc3\xf8\xa2\x9e=\xc8\xd8{\xbd\xc5*K\xf6P\
\x88\xb3\x83\xf2\x9db-\x95D\xbfCs\x0c\x90\xd5!\
@\xba\x80$fa}\x04\xa6\x91\xa6AROr\x00\
U\xf8\x12\x14\xbaNznn.}\xcc\xcf\xcf/\xd7\
\xeb\xf5\xe5\xba\xac/\xcf\xd7\xe7\x97\x93\xd8\xfd\xe5\xe4\xf9\
\x97fgf\x97'\xa7&\xf5\xd8\xd8hsltT\
\x8f\x8e\x8d\xea\xa1\xe1\xe1\xb8o\xa0?N\xf6\xf6\xe7\x92\
=\xfe\x8f:j\x1d\xff9\xd9\xf3?522\xb2-\
\xd9\xebGwl\xdf~\xc1E\x17]dp8\xa2>\
7'\xee\xbd\xe7\x888x\xe0\x96\x94_\xf2/\xfd\xba\
\xf1\x86\x1b\xd3\xb9?::&\x00\xa2r2N?\x9f\
\xc4\x18/\xa7\x9c\x81\x08H\xef\xd5\xad\x9d\xb4\x96l\xf9\
\xa8\x04\x1f]Gs\x95\xc5\xfc\xaef\xad\x018\xe7\x19\
\xc7~\x187\xc4\xb8\xd3X\x93\xd2a?R\xac\xf3\xec\
\xf4T\x12#\xb5\xffir\xefF\x0c\xce99fq\
\xe4\xee\x93\xab\x1b`|B~\xf2\xc3\x1f<;\xc9\xd9\
>:00\xa03\xde\x94B\xf15\xe5\xb91\x7f\xa8\
\xa2\xd6O\xd6\x01\xc5\xd7G\x84\xf3\x8d\x80kd \xef\
I\xecA\x02\x98c'\x99\xde\x0d\xd1\xe4\xd7*\xc85\
\x09y\xed\x15\xe7\x04\xb1\xa2z|E\xccC\xe3\x08\xa2\
EL\xfdO\x98\x9f\xb5V\x0cK\xce=\x07\xc0\xe7\x06\
\x17\xfe$\x9a\xea\x0e@\x80\xef\x14\xc2.Q\x1d\x1b\x1f\
_i_\x97\xee\xe9F\x03offz9\xc9=\xbf\
\xd9\xd7\xd7\xfb\xcdJ\xb9\xfc\xed\x96\xb5k\xbes\xe9\xa5\
\x97~gu\xf2X\xdb\xb2\xf6;m\xa5\xd2w\xca\x95\
\xca\xb7j\x9d\x1d_Ob\xec\xaf\xf5\xf7\xf7\x7f\xa9R\
\xa9\xfc\xf8\xea5k\x8et\xf5\xf4\x1c\xdex\xd9\xc6\x9d\
{\xae\xbb\xae\xb2\xe1\xb2\x0dg\x7f\xfa\xb3\x9f}\x8d\x19\
?\xdd\xdd\xddb\xd3\xe5\x97\xa7s\xf5\xc1\x07\xee\xffW\
\x19\x93;\xae\xdd.\x0e\xdfz8\xfdy||b\x22\
\x993\xbf\xd5\xdb\xd3\x93\x8f5\xc0\xf8o\xed\xf9\xc0B\
8nD\xf7\xd9\xf1\x99\xf2\xd8\x15_\xb7H\xd1\xbd<\
BX7\xab\x7f\xe1\xbc\xdbp\xbd\x00\xe3f\x11\x16\xd4\
\xe5q\xa6\xbe>8\xd8\x1f\xd7:;\x7f\xf9\xba\xeb\xaf\
\xbb`\xc3\xc6\x0d'\x9d't\xf4\xfe\xa3\xb9\x06\xd0\x9a\
\xeb\x0d\x07\xab\x91\xf6\x00\x9c&\x1f\xd6\xfe\x87LWR\
s\xbd/\xdc\xf7S\x85\xe6\x05\xb9\xfe\x10s\x0d\x1b\xec\
\xc5\xcd\xfdj\x81{\x80I\xae\x07\xcat\xc69\xae\x95\
a\x91\x00iv\xaa\xdc\xc3\xd0\xf7\x0fs\x9e\xb6+a\
\x0a\x98w\x88\xc5\xdcR\x8d;\x84\x85\x93\x04\x1bHx\
rL\x0b@+\xa4U\x08L\xa7\xcc\xf3H\x90\xd8O\
Tj\xca\xc1\x95\xc4C)\xf5\xda\x05XN\xe6\xffr\
wW\xd7\xffL\xaeu422\x9c\x84\xeckJo\
?\xff\xbc\xd2\xb9\xe7\x9eSy\xfb\x05\xef\xa8\xaeY\xbb\
\xb6\x9c\xcc\xf1\xf6\x91\xd1\x91\xb6$\xaf_{\xe3\x0d7\
\xac:\xf6\xc8\xa3\xef\xf8\xe3\xff\xf6\xb5\xb3\xd2y\xde\xdb\
+\xae\xba\xeaJq\xf8\xf6\xdb\xc5\xd3O=\x95\xfao\
\xdd|\xf3\xcd\xe2\xbd\xcf\xbcO\xdc\x97\xcc\xfb\xb3\xce>\
\xeb\x7f\x9f\x8f\x9e\xbc\x8fYG\x8cn\xffo\xfd\xdf\xbf\
yf\xad\xa3\xa3\xbef\xcd\xa5_\x1b\x1a\x1eL\xc6\xe5\
B\x9a\x8f0\xce\x95\xf6\xea\xa6('c\xf8i\xaa\x8d\
L\xe3{\xacg\xad\x996:\xf3Bcz\xb8X\x9b\
\x99z<\xf8\xe3:]o\x22]\xadV_\x1c\x1c\x1c\
L\x0d\xbb\x9f\xff\xde?\x9ft\xcf\xd1\x9e\x9e\xbed\x1d\
\xef\xbd\xa2\xbd\xbd=\xc3Qa<\x07\xe2ED\x804\
\xbf\xed\xb9\x03\xf3\xe6C\x18W\xf08\xb4\x9a\xeb\x01+\
\xaf\x97\xce\xeb\x7f\xd8\x87\x16\xeb}\xb2\x5c@R\x8c\x0e\
\xa9cK{\xef5\xc3\xafa\x8ch\xc1A\xd2\x0a\xe8\
:\xe3\xfaI\xb8\x9e\x80\xfa`\x92\xf4H5\xf2S\xd7\
\x01\xaf\x0d\x865\xa6ud\x5ck\xf4\xb8JL?\xc7\
b\x12\xa5\x0cq\x04\x8a\xe3Mr\xf7\x85e\xd3\x87\xaa\
T\xca_\xd8\xbf\xff\xe6sff\xa6\xc4\x9a5k\xc4\
\xdb\xce?O\xbc\xf9\xcdo\x16oJ\x1e\xefZu\x89\
\xa8uu\x1a\xbd|177+\xb6\x5c\xb5E\xdc\xbc\
\xeffq\xe7\x9dw$s\xfd\x11\xf1\xfe\xa7\xde'\x8e\
=\xfa\xeai\xdf?\xf2\xc8\xa3\xe9\xdc\xafV*b\xeb\
5W\xbf\xa5\xbb\xa7\xfb\x81\xb6\xb6\x96o\x18^\xba\xc1\
\xa5\x15~=*\xa0!L\xfaH\xd8\x9b\x12\xb8W\x05\
\xad\xed\xa0\xbe\xbf\xb69?H\xa7\xf7\x00N\x1b\xc6\xe3\
\xc3R\x8e\x94\x87\x8d\xb4Z\xe2\x85Fv>\x86M\x1d\
`vvf\xb9\xd6Q\xfb\xeb\x0d\xeb7\xcc\x0f\x0e\x0c\
\x9cT\xcf\xd1\xa7\x9fzZ\x5cq\xe5\x95b\xf3\x15W\
\x0c&\xf3\xff\xcf\xeb\xf59[\xc7\x03\xa4\x05\x01\xc0=\
^$\xaa\x91B\x1cy\xbe\xf3\x12_K\xa4\xfd\xe4\xfb\
\xce*\x82\x01\xf4\xf1\xe7Xs#\x1c\xdf1\xfe_\x08\
\xbf\x06r%\x7fn<?\xb9F\xb5\xad%\xd1y\xec\
\xf2zE|qd\xb8\xfe\xa8\x08^\x09\xe7\x1e\x1a\x02\
=\xaa\xb0\xc6A@+_J\xce_\x88C\xfc\xa8u\
\xeb\x16\x9bI\x9c\x1e'\x9b\xfe\xbd\x19~\xf6\xd4\xd1\xa8\
y\xe2\xf8\x13\xe2\xc2\x8b.N\xd6\x9c\xf9\xf4\xdf\x8b\x8b\
\x0b\xb5$\xde\xffd\xb2\xf7\xbfd\xf0IQ\xc3\xec\xfb\
\x91\xb6\x18j\xa0Z\xab!\xad\x02\xec\xcd\xe0y6\xa1\
9\x1c)\x8a\xfd\x8f \xa8\x85\xae9&\x93\xfa#\x06\
\xb0`\x9e\xd6!\xc1\x885\x93\xf5l9\xd9\xff\xcdz\
\xfc\x0bWo\xbd\xe2<%\xe7O\xaa\xd7\xa8\xd1\x01x\
\xefSO\xbdn\xf5\xea\xd5\x9fOy@\x11`\x7f\x9d\
\xc2\xf7\x01{>Y_\x98\x5c\x1b\xb0\xd0\x07\xb4>\x91\
\xa0H\x9dDG@p\x82\xb8oW\xd4\xa8p\xcd\x06\
\xc5X\x92c\xb44\xf6\xdfS\x08\x83\x80\xf4l4\xf1\
\xae\xc5^\x1b\xfe\xbe\x81}6\x98\xa6\xa8B\xfb\x00\xf2\
\xa9\x07\xe2ma\xe3$\xac_\xa6pM\x1fin\x12\
\xee\x03p=/\xec\xddI\xe3\x14_k$\xd7\x0c\x0f\
\xea#\x91>C\xd3\xf8Z\x95J\xa5\xbf\x9f\x98\x9c\xbc\
r\xbe^\x17\xfb\xf6\xddt\xd2\xe7\xfd\x91#\xf7\xa4\xfb\
\xde\xfe\xfd\xfb\xc5\xf8\xc4\xb8\xf1\xeax[\xb2F\xdd\xd4\
^j\xffZ\x7f_\x9f\xf1\xe74X\xfa ~C\xf1\
<\xcb\xd7\xa2@ZSD\xcb,\xa4O\x1cS\x1c\x9b\
\xa4\xb5\xbd\xe29\x89\xb1\x8eT#\xcdy\xdeH\x0d\xa4\
~\xcb0XEo)\x8aRo\xa3d\x9dk\x8e\x8e\
\x8e\xdcW\x5c\x93\x07\xee\x7f\xe8\xa4\xdc\x8b\x1b\xf7\xee\x13\
g\x9f\xf5Z\x91\xc4\x5c?i\xf8\x8b\x0b\x86\x07\xa8\xc8\
\xf5\xca\xfbz\xfc\xbaP\x9e\x1f\xa0\x9ez^\xab)\xea\
\x02E\x8d\xc0\xae\x03!\xad:\xab\xd5\xef\xf7\xfc8\xc7\
\xc8qL\x90&0\xd6,\xf40\xb2\x8a\xad\x05@\xc6\
\x0e\x1a_\xa0!\xc4[\x02\x86\x83\x03\xb4\xc6\xa4\xfe:\
\xc4\xe7\xc7\xe7\x0es_e`\xd8\x02\x15\xe0=\x90\x1a\
\x00\xd1\xfb\xd6L\xd3\xdb\xd6\x9f$\xd6\x1fK\xd7f0\
\xf1f|\xe9\xea5_\xdd\xb4\xf9\xca\x8bo\xb8i\xdf\
I\x9f\xfb\x0f?\xf2\x88\xf8\xf1\x9f\xf8\x09161&\
>\xfc\x13\x1f|\xed\xf8\xf8\xf8B\x12{\xfeb\xadV\
{qvf6^4<\x94\xc8\xf2\x06\xb5\x92A\xbd\
\xbe\x10\xae\x92hC\x10\x9c\xb9\xe3\x9a\xd2\x9e\x15p}\
s>\xbe\x01\xfb\x1eR\xce\xb0B:\xa2no\xb2^\
J\xb8\x87\xec<5\xb2\xde\xe5B\xa3\xa1\x0d\xe7>\xc9\
\xc3\xfexq\xddB\xe7\xdc\xfc\xecI\xbb\x1f\xefy\xf7\
\x93\xe2\xf5g\xbfN\x8c\x8c\x0cCg\xad\xfa\xbd\x1cS\
\x89\xfd\x9d\x09W2*\xf8\xc0X\xcf\x0b\xf9Hxq\
\x110\xac?\xfa\xbb\x8c\x97c\xf5\xe6\xb0>\x85\xab\xbd\
3]\xbf\x80>\xb6\xe6\xda\xf7\x80cm\xab\xf3\xa0\xb0\
\x7f0\xab#\xf9\xbe\xe7!>\x02\xe7\x09\x06|\xbe\x9c\
\x96\xa4\xe5\xdb\xf9>\x85\xf4XV\xd0\xf8\xc5\xff\x96\xfc\
\xd8\x9cN\x00\xd26\xc8\xb5*\xddzcj\xce}}\
\xfdq\xad\xd6\xf9\xe9'\x9f|\xfc\xcc\x89\xd9\xf9\x932\
\xc6\x1e},\xcb\xefw\xec\xd8.\x928$\x8b\xf5\x97\
\x16{\xab\xd5\x8e\xf7\x9b^\xc4\xd8\xe8hl|\xf7\x16\
\x16\x164\xf1m\x97\x01\xcer8\x7f\xa3\xfe\xcbt\x1f\
\xc7\xf1\x97\xe6\xfe3\xc1\x1e?\xcfg\xb1\x7f$\xa9\x1d\
\xe6\xe3\x8dk\xadc\x1e\x18\xc7%\xa5~\xa3\x90\xfa\x0c\
vwu\x99\xbe\xeaS\xbf\xf1\xe5/\xbf\xd6\xf4\xe2\x1e\
{\xf4\xf8I\xb9?\x03\x83\xfdb||tMG\xad\
\xfa\x8dz}>\xa6\xb5u\xe9s\xa6\x98\x1e\x18 \x9c\
\x1e\x80w}c\x17?\xc8\x18\xf7\xec\xa4W\xb3Wa\
}V@\xb5si\xfdFC\xda\x1a\x9aj\xef1^\
\xb0\x0cr\xdb|\xbf@\xc9|\xbd$\xee\x1f\x22<\x91\
\xad\xbd\x81&z\x9c^\xdf@9=2\xa7\xa9\xc9\xfc\
\xaf$\xc9\xe5q\xdd\xc1\xc3\x01K\x89\xfd\xcc\xb0\xef\x08\
\xb9\x1e\xa6\x9f\xdb\xda\xda\xfaRwOO*Dq\xf4\
\xde\xfbO||y\xd3^q\xe4\x9e{\xc4\xcc\xf4\xb4\
\xf8\xf8\xc7?~V\x12\xffv\xf6\xf4\xf5=U*\x97\
\xfe\x87\x897\x8d\xfe_2\x174\xe9!\xe5\x9a\xe0\xd2\
\xe2\xd1\xe9\xfcg\xf1\x95\xf6x\x94\x8a\xec\xbf\x9a\xf3$\
\xc0\xd3\xb6\xe6\x9e\xa6\xca\xf3V\xe0\xf9?\xd5\x08\xa7\x18\
\x11\xbb\xffK\xbb\x7f\xe1\x1aT\xaa\x1ff\xea\x1a\x063\
]jo\xfb\x9b\xd9\xb9\xd9^\xa9\xea\xe2\xe6\x9bON\
|\xb6{\xf7N\xf1\xa1\x0f\xfe\xf8\x1b\xda\xda[\x7fj\
4\xf5\x021\x5c`\x1a'aM\xde \x1f0\xb2\xda\
S4/p=\x998\xa2^\xe2\x9ew\x88\x0a\xd4t\
x=+\xd7l\xf4\xf4\xe7$\xab\xa7\x83B\xf5bi\
\xfb\xed\xacG&=\x0d;\xe6'D\xb1w\xc0\xb5\xba\
]\x8cD8z|.J\xce\xab\xf75\xc1\x5c\x8e\x99\
\xff,\xb1\xe6\xb0\x8f\xe5\x07\xc2w\xab\x17\x18T\xbb_\
\x9a~\x99\xc1t\xb5\xb4\xb5\xfe\xee\x86M\x9b.m\xac\
[wB\xc6\xd2\xc1\xc3\xb7\x89;\x8f\x1e\x11\xeb7l\
\x10\x97\xe4\xfe\x18\xb7\xdd~\xfb\xb9\xc9\xf9n\xec\xeb\xeb\
\xfdpG\xad\xf6\xcd\x9e\x9e\x9exnnV/,F\
\xcb\x99\xf7,\x8f\xe1\xe8u\x09r?Y\x1f\x09{\x8c\
\x10\x1dj>\xde\x0a\x9d:\x84\x01\xe5\xfe\xc5\x0a\x88\x9e\
$\xed\x83[~\xab\xd7\x13\xd0\x94#\x83\xc6\xa2D\xbd\
\x9c(\xf7\x86N^g\xe2\xb3\xde\xbe\x9e\xb8Z-\x7f\
\xf4C\x1f\xfa\xd0Y\xfb\xf7\xdf\x22n\xbc\xee\xfa\x13>\
\xffMl\xd6\xd9\xd5!\xba\xbbk\xbbj\x1d\xd5\xe7\x17\
\xd7-\xbel\xea(\x90\xe3\x179NB\x85\xbd\x9eu\
\xa8>\xc05\xbf\xb0?d\x88\xeb\x0aH\xdf\xbe\xd0\x03\
\xb2\x9a\xdc\x5cg\x9e\xccW\xe6\xcb\x098/\xa3:\xdb\
\x98\xdf\x01@\xbd\xbf(&\x91\xe0i\x90&\xaf\xc2\xf5\
=\x9cS\x90qEtp\x986\xd1\x0a\xf5\xfaLW\
\xdf\xab\x0bp\x1dm\xe6\x93\x0a\xd4s\xd4\xfc\xcd\xc2B\
\xa4\x93\xd8\xf2\xe5\xae\xee\xeeT\x88\xf2#\xff\xe6c\xff\
\x8a\xf1\xfcc\xe2\xa2\xb7\x9d+\xee>rD\xec\xbd\xe9\
&!e=\xd5\xe0\xbf\xe3\xf6\xdb\xc4\xd2\xd2\xfa\xf45\
Wo\xdbv\xc1\xe0\xd0\xd0\xc0\xd0\xd0\xd0\xf1\xd6\xb6\xb6\
\xff\xd4\xd3\xdd\xfd\xcf\xa3\xa3\xc3f\xbf\x8fM\xfe\x9b\xf9\
\xa3\xe3\xde\xb9\xf4qf\xb6'\x878\xc7\xc8\x9b\xcc\xd3\
\x99\x03I\xb5\xbb=\xdfrR\xe3s<\xb5\x88\xf3X\
\xb8&\x12\xd2\x9eA\xf8\xcc\x08\x10o\x83\xe6\xbd\x9a\xd5\
\x05i/,\xbf_&\x97\xae\xcf\xcf\xc5\xe5R\xfb\xdf\
MNL\xcc\xbf\xf5\xado\x15w\xdf~\xe2\xfb3\xef\
~\xcfS\xe2\xd6\x83\x07\xc5\xd6-W\xbds\xd5\xea\xd5\
\xbfo\xb8\x00\xa6WY\xe4\xe5\xea\x7f\xc5\xf9\xe1\xf5@\
\xea\x13K\xb8\xe9\xac\xbeO\xeb,\xf6\xbec\x9c\x0f\xf2\
\xb3I\xf7} \xb8kZK\xc3\xf5z\xa7\x7f\xc9s\
\x0c\xdc\xabQX\xa3Cb\x0d!\x87\x1b\xc3\x1e\x17\xca\
\xe3&H\x97WP\x8e\x03\xd3\x09c9,\xb0\xf8C\
r\x7fQ\xc4g\x92\x1c\xdb\xec\xf8\x8d\xd2\xd3<\x93i\
\x8df>\x1dW\xa5\xbf^\xb7\xb84\xb4a\xfdFq\
\xdf+\xd4\xd6;t\xe0Vqp\xff!q\xcf\xdd\xf7\
\x88g\x9ey\x9fx\xdfS\xefM\xfbS\xa6G\x7f\xfb\
\x1dw\x8a\xadWo\x11S\xd3S\xa2\xb3\xb3K\x9c{\
\xfe\xf9Y\x0d\xe9\xbd\xc7_\xbbz\xcd\xea\xb37nX\
\x7fq\xbd.\xb7\x94J\xe5\x07\x93\xdf\xffF\xa5Z\xfd\
\xfb$\xf7\xd0\x93\x93\x93f\xac\x1b\x1c|\x96\x0bJ\xce\
\xa7f\x9e\xdc\xa0|o\x08\xa0\xf1\x19\xf5p\xc7\xfdc\
\x8a\xd3\xc2\xbfS\x8c\xff\xa7|\xddO?~ \xe3Q\
:\xbe\xb0\x22\x1e\xf7\xce/\x8f\xfa,k\x851\xe2\x05\
\xc6\x0b\xbd\x9f\xe1Q\xf5\xf5\xf7\xea\x9e\xde\xee\xcf=\xfc\
\xf0\x83g\x99\xeb|\xfc\xf1\x13\xcf\x0d\xb8\xe9\xc6\x1bR\
O\xe0J\xb5\xf2\x81$/\xd3i\x1d\x16{\xf7\xfa5\
<\x96'\xe5y>\xaf\xa5\xd2\x9e?\xe6\xf7h_/\
\x12\xcf#\xb0\xde\xb6\xd8/\x90\xf2a8\x07.\xc4\xff\
S^\xed\x10\xbcZ\x22Z3\xa4\xe7MGp\xa4\x10\
\xc6\x1a\xe8@\x1d\x22\xa4]Nu\xf8\xb1\xb6\xa4w\x1e\
\xdc/\x5cz>\x80L\xebF\x17\xf5\xc4\xc5\x86\xc1\x9a\
\xfe\x7f\xed\xbd\x07x\x5cW\x997~\x8c\x9d\x98\x90\xe2\
\x84\xf4fI\xd3{\x1fI3*#\xcd\x9c{fF\
\x92e\xb9[\x92{M\xec\xb8\xd78\xeeq\x8b\x9d\x84\
$\x84\x14\xfa.,\xf0|\xcb\x02\x0f\xb0\xf0-\xbb@\
B\xfd>`)\x1f\xb0@\x16\xfex\xd9\x85M\x96\xb2\
!K\xc0\xb1g\xee\xfd\x9fs\xef\xdc{\xdfs\xee\x95\
\xec\x14\x88\xed\xdc\xf7y\xf4X\xd6Q\xb9\xe5\x94\xb7\xfc\
\xde\xdf/\xad\x04\x02\x81\x8f\xde\xb5v\xed\x9bK\xa5\x12\
\xda}\xcf\xd9qf\xeb\xd6\xafC\xa1H\x18u\x17\xba\
Q[[\x1bjjn6\xc6^\xf8\xc3\x1f&\xdd\xff\
\xe0\x83W-^\xb2\xc8U\xe8)\xa4\xe9\xfa\xeer{\
\xbdR&\x9d\xd9\x98L\xa5>\xd2\xdc\xdc\xf4\xf5\xdbn\
\xbb\xf5\xfb\xfe\x80\xff\x05\xe6\xdf3\xfdn\xa6\xbfE\xcf\
\xfaz\x05\x9c\xf7\xd6\xbd\xd1\x06\xd3\x00\xef\xbb,h\xcf\
\x0a\x5c\x93F\xcf\x84\xd9\x8f\x03p7\xdc\x5c\x93\x85\xb3\
H\xd6c\x01\xc9\xc4\xfe\xd8\xea \x8a\x9au\x84\xe3\xac\
\xc0\x80;\xc0\xe4\x09\x91l\xf4\xae\x1by+>\xe6\xa4\
qZ\xb1T\xac\xfb|\x9e\xdf\xd0\xef-O\x1b\x18@\
\x83\x0d\x1f\xea/i\x0f?\xf8\x10\xba\xe5\x96[P4\
\x12iw\xbb]\xbf\xa7\xd7X\xd3z\xac\xf5\xb8\x06\xe4\
\xf0 \x16\xc0\x8eC\xd5\xac\xa7Zb\x06\xc9\xa2\x15\x8f\
\x05>/\xab\xc6\xb5\xa9K#pN\x12Q\xcf\xcb6\
\xfffp\xffZ\xf4H \x7f \xc6\x90\xabD\x06\x9a\
G\x8aU3\x98(c\xd6\xde1\xc0'\xc3\xfeS,\
h\xc9\x01\xbd\x0f;\xae\x0a\xa8\x1fL,\xfc\x84\x5c\xed\
\xcf\xe4\xf9l\xf4\x13W+R\xdd\xe7\xf7\xbe\xe4\x0b\xf8\
g^~\xe5\x15\xe8\xee\x9dw\x9fs\x1c\xd8\x9e\xcb!\
R)\xb7\xd03\xfb0]\xe3\x0fy\xbd\xdeGZZ\
Z\x1ew\xbb\xdc\xef\xa3\xfb\xc9\xc7\x22\xe1\xf0?\x87#\
\xe1g#\x91\xc8\xa9h4z:\x16\x8b\xd5R\xa94\
[\xef\x8c\x17@\x8di\xfb\xfa\xfaX._\xc5\x1e\xb0\
<D\xb9\x5c\x06\xdc\xbav}\xc8b\xbe\x96\xd3\x84\xb6\
\xd4>\x88\xa5G[\xec7\x05\xda\x86D\xd7\xa5\x01}\
\x1aD\x88[\xcb&\xbeW\xe2\xf4\xee\xf8u.p;\
\x99\x98m\x81\x0f\x83\xd7;\x95d\x91\xdb\x96\xcb]\xd3\
\xef\xed\xabV\xcf$\x13I%\x18\x08<\xf6\xdew\xbd\
\xef\x92%\x8b\x16\xbf.y\xc0\x85\xa3\x8b\xd0\xe6\xf5[\
\xaev\xb9Z>\xd9\xd6\xda\xaahyY\xbe\x9fR\x92\
8?I\x96 \xd6G\xb2\xc1\x01@\x9dJ\xc9\x8a\x19\
\x10\xb8\xc0\xcd\xba\xa0$r\x08\x83\xd8\x0f\xc4\x85\xdc|\
\x22\x9c\xff\xc7ck\x89\x95\xeb\x8f\xd8\xf0\x04X\xfb\x88\
m\xb4\xad\x88\xdd\xf9e\xef\x7f\xd8\xe9\xde\xf2\x1c\x85<\
6\xd0\xe0\x16$x\x8c\x1a\x87p\x16b\xbe\xc7\x85\xf5\
\xe9\xb2\x1e\xdd\xe6\xe6\xe6/-[\xba\xf8\xc6\xc5\x8b\x16\
\xa0M\x8d~\x9a\xb3\xd9\xc0\xf4!\xd5\x07\x8c\xc6\xa3\x07\
\xdc^\xb7\x92J\xa6\x14\xea\x07(\xf9|Na5:\
\xc6\xebS,\x16e\xa9\x84k\xf4o\xd5\xe8\xda\xae\xb1\
u\xce0\xba\x8c{\x9b\xe1Z\xca\xa4\xcc\xe2\x0f\x83\x0b\
\xcc\xe0\x8d\xe5\xe2\xfc\x92\xbd&\xb2p\xb6\x0a:\x0dV\
\x8d\x12\x0b\x87\x9a$h\xbb\x80\x1c>\xf4\xa7\x08V\x00\
\xe6\x8f\xc3\xeb\x03\x9ds\x8e\xdfC\xe4\xae\xe6zU\xf4\
\xda\x85\x88?!\xa2N6\xb6\xe5\x22\xa9\x94\xcb\xb5\x9e\
B\xa1\x1e\xf0\xfb\x7f\xd5\x99\xcf\xfb3\xa9\xd4\xeb\xb2\xfe\
\xd9\xfe\x1f\x0eEPkk\xdb\x9d\xc1`\xe0O\xd4o\
\xab\x97\xcbF/#\xac\x9f\xc3\xfe^[n\x7f\xe0\xfb\
\xcb<\x17\x03\x06\xf95b\xe6\xce\x89\xa8\xf5\xc1a\x80\
\xc1\xda7\xb9\xad9\xcc\x10\x91\x04}G=\x06,\xf1\
q\x1e\xe6\xf9\xc6 G\x81\x11\x93cl\xe5\xf5\xb3\xe8\
yB\x8d\x1c\xe0\x8b\x0a\xb8\x01\x8b\xa6\x11\xa7\xd1W\xe2\
\xb5V\x00\xef\x02\xa7\x91\x8d\xeds\x85\x00\xef\xa3]K\
\x85\xe1K+\xf5p8r:\x99H\xec\xbc\xfe\xfa\xeb\
\x11\xf5\xcb\xcf\xe9\xdd\x1f>r\x18\xcd\x9d;\x1b\x15\x8b\
\xbd\xb7x\xbc\xee\xef\xf7\xf4\x16\x14\x96Cd8<=\
g\x0d\xfbe$\x81\xcb\x99\xcb\xc1\xa85 \x90\xc7\xc4\
|,\x8f\xad}Z\x5c?XY\xdc?\x85X\x1d>\
K\x22\xe0\x02u-b\x9e\x03\xd0\x88\xd1\x81?\x8f9\
\x9e\x9fF\x5c\xafq\x03Jb\xde\x10\x0b\xf9/\x0b_\
\xa3\x95S\xcd\xcc\x01\x9asU\x12x\xe2\xc0|`=\
\x9a\xa1P\xf0Lww\xd7\x86\xd7\x0b\x0b\xf4\xc0\x03\x0f\
\xa2j\xb5\x0f\x0d\x0c\x0c^\xeb\xf5y\xbf\xc5\xfa/4\
] P\xaf\xb2\xf8@\x02\xef?\xf7\xee\xac\xbc^\xfa\
\xcfa\x80\x95\x90\x88\xa8e\xd5\xe0\xd2\x85\xdc\x9bD\xd8\
\x0fx\xfe^\xd9z6\xdb\xf8\x99\xb0'\x93\xc0\xbc\x90\
\xd87\x80\x01\xc7\xafm>A\x1e_c\x03\x0b\xb9\x04\
\xd1\xd7\x95\xac\xdc{\x80\x7f\xd6V\xe3\x84\xd7\xa1\xd1\xb5\
\x8f\x00w\x11Q5(X\x7f\xbf\xd7\xe3y\xa6\xd0]\
h\xa6\xb1\x1c\xbag\xd7\xaesz\xf7\x8f?\xf6\x18\x9a\
<\xf9R\x14\x0a\x06\xd7'\x12\xf1\xd3\x03\x03\xfd\xf5\x86\
v\x80\x82A\xbe\x91X\xfb\xed\xe4\x86\xe6\x09\xafMH\
\xb8\xb5\xc5\xe5B0\xa79\x08\xf4\x5cM\x8c\x9e\xa5\xa7\
W\xb2hGH\x5c\xff3\x01\xef\x97{\x17e\x81C\
Z\xe24\x80\xb8\xfc^Y\xe29\x98\xe0>\x0cq-\
 ?\xcd\xcd\x7f\x11\x17\x06\xd7\x0d\xe4\xb4\xe2r?\x0d\
\x1fA\xd5\x11\xa3>\xb7?\x18\xf8\xfb'\x1e\x7f\xfb\xc4\
\xd7k\x0fX\xb0H\xd3b\x88\xc4\xa2+h\x9cw\x86\
\xc6\x00f\xed\x0b[\xf2l\x96>\x5c\x028\x14\x84z\
\x8eX\xe7\x03\xb1\x18\xcf\xb1%r\xb7BN1k\xdc\
@8\xfem!\x0eWl\xfb\x84\x89$hq7\xb4\
>\x88E\xe3N\xc6VMR\x11\xf3\xc5\xf5\x7fs\xb8\
\x14\xb0\xbfa\x91\x9b\x93H\x90?j,\xbc\x83\xb9\xbf\
`\xc9\xaa_\x04{\x7f\xa9\x9f\xd6\xdf\xdf'\xc7cq\
\xd6c\xba\x9b\xf9r#\xc3\xf3\xcf\xe9\x9d\x1f\xbd\xef>\
D0A3\x06\x87n\xf6\xfb\xfc_\xef.t+4\
\x86\x97\xb1]\xae\x0e\xe4[\xb0d\xcd\xdbb~L\xc0\
\xc2\xdb\xf8\xfc\x00\x1f\xc2a\xf8\xa0_a\xe2p\x00G\
\x1b\xe1\xbf_\xc4\x9c\x80\xb5-\xd9\xf8a\x22\xa7\x95$\
\xe2\x018L\x91\xee\xcf\x13\xf8\xeed;\xdd\x14.\x0f\
\xc0\xf90\xa2\x8e\x00\xe7\xc7\xa9\xf9\x0a\x5c,\xc9\x1e\x8f\
\xe7gs\xe6\xce\xc9\xbd^\xeb\x7f\xc6\xcc!\xc4\xf4\x98\
\x86\xa6\xcf\xb8\xc9\xe3v\x7f5\x9fW{\x82\x942\x01\
zr<~\x1d\xe2\xfa\xf9s\x1er$\xc3\xde\x1e\x8b\
\xde\xa5d\x93\xff\xb6\x8b)\xac\x1co\x22\xc7\xa8>\xf7\
\xb0$\xf6d\x8b\x1c\x5c\x92b\xe5\xec\xe59\xaf\xad\xb1\
6\xb6\xd1\x95\x02<$\x04`y\x04\xedM\x9e\xfb\x97\
\xe3UTc}\x22\xd9c\x16\xa5\x06O\x978w\xb0\
\xc0\x11\xc8x8\x99\x06\x96\xc7\xed\xfd\xc9\xf4\xc1\x19\xc1\
\xd9\xb3\xe7\xa0\xe9\x83\xe7\x96G\xde\xb2e\x0b\xbat\xf2\
e(\x9d\xceT|>\xff\x1fU-\x08\xfa\xcey\xdd\
\xfb\x92\xf5\xec\xe2}o~\x9f\xc5F_\x86\xa9U\x8e\
\xa16\x81\xa8\x05\x0fr\xe9:\xb6A\xec\xf9\x15\xb1\xa5\
\x12W\xaf\x839&Qw\xd2\xd4\xfc\x918.sY\
\xc8E\xc9\xf6\xfb\x02\x16bD\xa3\x96%C?\x92\xeb\
c1\xe3\x14\xd9>\xcfe\xc1t\xd6\xfb\xfa\xaa5\x1a\
\x03\xc8>\x9fo\xfd\xeb\xb5\xfe\x8f\x1d;\xa1b5}\
>/j\xcdfV\xfb\xfd\xbe\x97t>8\x93\x03\x1c\
\x0b\xeb\x0f\x83\xde>\x1e3-\x89uV\x8b\x9fNl\
\xfdu\xce\xc7\xe2\xb4/,\xf1'\xff{\x855-h\
\xd2\x8a|\x9c\x16\xbf\x9c\x8c\xa3c\x8f\xc7\xd6\xe9\x91\xf9\
x\x07\xf3\x1ce\xd8&n\xb1\xddKx\xac \x11\xf1\
\xc1\xe0w`\xc8\xfbK\x18\x96\xacZ\x0b\x04\x83\xf5D\
\x22\xa9\x92\xca\x84\xbc!\xb4s\xfb\xd9\xf9\xf7\x18\x97\xc7\
\x89\x13'\xd0;\xde\xf1\xc8\xa4p8\xf8\xa1L6+\
\xf7\xf5\xf7\xd7\x0c\x8d[b\x89U\x05_\x9c\xe7=\xb5\
\xd4{y|\xb8\xcck\xb1\x03]E\x1b\xfeQ\xd8K\
\xc2q\x1db\x13\xfb\x0fk\xa5\x00\x8f\x07\xb9\x14\xf9\xfe\
/\xc3'\xc1\x1c\xc7\x15\x87\xfbi`\x82@O\x19\xac\
iC\x8c\xaf\x0czZmjB|\xbcG\x08\xe6\xb5\
\x13\x00f\x8b\xed\xf1\x8cg1\x93I\xd7\xa3\xd1\xc8{\
\xd0\xebhG\x8f\xde\x87p\xb1\x88\x16\x8e\x8e^\x19\xf0\
\xfb?\xc6j\x01\x03\xfd}u\x95\x7fI\xe5\x08\x84\xba\
\x1cF\x1c\xdf\xa8\xa3\x88z5f-\x0dr\x02r1\
\x04\x01=>\x04\xeb\xb9o\x8e\x07\x0c\x03\x1d/U\xdf\
\xd6\xa83\x12a_\x10\xfa\xe7\xcc\xfe\x22\xd3/\xc30\
\x8f+\xc4\x900\xd7\x87\xa1&)61A\x1c~\x11\
\xd6\x0d\x88EG\x84\xe322\xf3\x93F\x9e\x09\xdb\xf8\
\xfa\x12\x9f\x8f\xe4\xb0\xaf*.\xbe\xd1\x1b\xa7s\xce2\
~\xb9\xae\x8e\x8e3t\xcf\xfe6\x96\x8a\xcd\xb9|;\
\xda\xbd\xf7\xdc\xb8\xa5n\xbc\xe1\x06\xd4\x91\xcf\xa3\x8e\x8e\
\x8e\x1e\xba\xd7?\xc7\xfe\x0e\xcb\xe3\x13\xc2k\xfc\x89\xfc\
\xa3\x22w+\xb1\xe1V V\x0dpY\x12\xf6\x06\xa1\
\xb6#s\xda\x91D\xe4\x86\x105\xe4\x04\xce8b\xce\
%\xc0I+\x1b\xda$\xe5\xb2\xaa\x11Zm\xf0\x9a\xb2\
|\x09\x8b\xbb\x1b\x1c\xe6\xb2\xf6\xb52\xfb:\xfb>E\
\xcb}\xd3\x9f\xd5\xb8n\xe1\xfeQ7\xb4\x91\x89\xf69\
\xc3m\x96\xad5\x02Y\xe4\x0a\xe68\xb1M\x9cb\xbd\
Q\xbbQ\xb9\x17\xdb\xda\xdb~\xf6z\xf7i\xb2\xf8\xf1\
\xe6\x9boa\x1c\x8c\x84\xc6$\xbf\x96TM\x83\xb2\x86\
\xf3/\x9b\xfcH\x84\xe37\x22\xb6\xf5\x00~?\x1f[\
o\x9e\xc7\xda\x89\xbd\xb9\x16\x9c\xael\xc5\x0e\x89\x7fC\
\xac\x01\x89u&\xa2\x10+g\x8e\xf1w!\xf6\x98\xc0\
\xbc\x15\xc8M`\xc0]\xce\xf9\x0a\xc4FG\x07\xd4\xec\
\xcb\xa0\x07\x81\xe7\x8c\x12\xfb\x07$Sc\x0f\xab\xe7\x84\
\xa9\xf3g\xe8Ra%\x10\xf0\xbf\xd8\xde\xd6\xbe\x92\xbd\
\xbb\xfb\x8e\x1d:\xe7\xf7<}p\x10=\xf9\xf8\xe3\x97\
\xd0}\xfe\xb1T:\xa5\xf6\xe1\xb19_\x06\xfc\xdaD\
\xb8\x163O\xa3\xffK8^5b\xf2\x18r\x5cY\
\x92\xc0\xb7n\xcbcN8\x0em\x1e\x03B0\xd44\
\x14\xf1\xf9\xacV\xa1\xf3\x16\xcb\x1aoq\xb5\xae\xf1\x86\
a\x15\x0fY(\x14\x94\xce\xae\x0e\x85\xc5\xb4\xac\xae\xd9\
\xda\x9aU\xb2\xec\xa3\xadU\xfd\xbc\x9d\xd5:;\xf2\xaa\
V!\xeb\x83c?\xd7W\xad\xc8\xfd}\xfd\xd4'\xea\
\x93i\x5c\xa4\xe2\xaa+\x8c\xd3W\xc5\xc5\x1b\xfc>\xea\
\xfaW\xf7\x832\x06\x9cxD\xb1h\x11\x89\xb9\x0e\xb3\
'N\xbd\xf6\xae\xae\xceZ\x22\x9e8\xf5z\xaf\x7f\x86\
\xff\xfc\xeb\xf7\xbe\x0f}\xed\xa9\xa7'\x86#\xa1\xc7Y\
\xaf\x22\xc3\x04\xaaq\x00\xc7\xa9\x011\xbd\x84\xcbuX\
\xce\x84\xb2\xd5g\x87\xb9\x15\xeb\xcf\x10\x8bn\xe39\xe0\
\xfdL\x1f\x99\xe5\xcc\xc4\xb5DD\xae0\x91K\x12+\
<\x97\xa7Xg\xb6\xf4*\xf0Z\x9c\x9cOk\xc1\x18\
@\x0d$p\xf6\x97l\xf9\x7f\x08\xcc\xf1\x99z\xd3\x06\
\xf7'Vq\xfeU9\x95N*\x81`\xe0sw\xae\
^s\xf5\xd2%K\xd1\xb2\xa5\xe7\x86\x1f\xd9\xba}\x9b\
\xca\xe1I\xcf\xfe\x0c\x8d9\x9f\xa3s^\xadC\x11!\
\x07?\x16\xee\xc1\xf2\xfc\xe1=[8\x0e\xacX_\xee\
]\xf1\x98L\x19\xe6\x03\xac\x18\x0d\x93{\x96\xe1\xd4\xd9\
\x1ae\x1f\xcc/\xea\xea\xeeRq\x0al=3L\x0d\
\xf5\xa5\xff\x87\xde\xdb\xcf\xdcn\xf7\x0f\xbd^\xcfw\x82\
\xc1\xc0?Gc\xd1o\xb6\xb6\xb5}\x9d\xae\xf5\xcfw\
t\xe4?M\xcf\xdb\x8fe\xb2\xe9\xcf$\x12\x89/\xf9\
|\xfeo475\x7f\xe7\xf6\xa9S\xbf\xcf\xfa\xf3Y\
M\x9ea\x9dR)\x86\x85hU::rJG>\
\xc7\xfa\x97j\xf4\xdajU\xddo(\x97\x8dx\xa5\xac\
\xebf\x13[\xbd\x0b\x1e\xcb\xacs\x96k5@\xb9\xb3\
\xab\xab\x16\x8b\xc6^<\x1f\xf8\x99\xf6\xde\xb3[\xe5\x08\
\xcf\xe7\xf3\xee\x96\x96\x96\xefuwu\xa9\xbd\x81\x16\x1e\
\xe01\xd6\xa3yv\xea\xf8\xe7\x12\xbf&\xb0$\xea4\
\xc8B\xee\xde\xae\x0e\xc4\xf5\xdaK\xe3\xea}\x88\x1a\xe1\
\x90#B\xd4\xdb\x96\xac\x9aQ\x1c\xa7)\xecU\xb2\xc9\
\x17b\xfb\xb5.\x89\xd8@\x18Kcl\xd1\xaa%P\
\xa7\xd7X\xf7|\xee\xb1\xd4\xa8}\xb1\xf3\x8e\x9dSn\
\x8f\xe77\x99\xd6lo0\x14D\x9b\xd7n97\x1e\
\x0e\x1a\xf7\xef\xbag\x97\x8a\xf7\xa1{\xfb\xbb\x93\x09M\
\x03\xd6\xe4\xc2\xc0\x16\xed\x01\xbe_\x13\xacQ\x0c\xb0\x8c\
\xfas\xc0\xc4F\x17\x05\xdb\xea\xa8\x13\x0b\x86\x0a[x\
<4l\xa3\x86%d\xe7;\xe3\x01g\xdc&mt\
\x9d'\xe21\xa6\xb9\xfb\xc7h$\xf2\x9bd*\xf9\xb9\
fW\xcbq\xba\x8e\xf7\xe7s\xf9\xed}\xd5\xbe\xd1Y\
\xb3f\x05\xca\xd5\xca\xf5\xe9T\xea\x8aL&sY\xff\
\xb4\xfe\xcb\xd6\xdc\xb5\xee\xcd\x07\xef=0\xf9\xfe\x13'\
.=q\xe2\xbeK\xb7\xed\xd86ydd\xe4\xcd\xad\
\xd9\xb6\xcb\xe8\xef\xba<\x9d\xcd\x5c=8m\xdaT\x1a\
\x1b\x14\xe8\xe7\xab=^\xef\xee\x9bn\xbc\xe1PKs\
\xf3\x93\x91H\xf83\xc1P\xe8$\xddO\xfe@\xcf\xc6\
\x97Z\xb3\x19\xa5X\xe8Q\xaa\xf4\xda\xfa\x19\x1e\xaa\x5c\
Q\xca\xe6yfp\x05s\x1cw\x18\xf2Lc]/\
Hnko\xad'\x92\xf1\x7f>_8\xda\x0e\x1d\xd0\
x\x1f\xb3\xad\x99e\xbe\x80\xef\xc5J\x85\xbd\x03+\x8f\
\x1f\xb1\xd3\xae\xc6\xd8\x9aK'\x18\xe8\x02J\x826\x88\
\xe8\xf3\xf2\x1a\x1a\x16]\x11\xc9N\x9bk\xac<\xbad\
\xd1\x8a\xe3z\xcbq\xc9\xc2\xb5\x8f\xc5\x18|\x0c\xae>\
i\x8c\xfe{.\xef\x87%[\x8d\xd11q\xf0`\xfd\
5|~\xbe\xa6\xc1\xea\xfd\x95J\x9d\x9eMu:7\
\xdf\xf6\xf0\xdb\x1f\xbe\xf4\xae\xf5\xeb\xd0\xba\xbb\xee:\xe7\
\xf8\x8e\x9ei\x88\xee\x1f\xad\xfe@\xe0\xdfY\xcf\x97\xa6\
\xab\x03\xee\x19[y\xb7,\xdaX\x98\xd7\x8c'\xa07\
\x83p\xf8],K\xe3\xe4^E\x8d2=_\xc4r\
\x1bU5>'\xea\xf50,b2\x99T\xe8\x1a\xfc\
\x83\xcf\xe7\xfd\xbf\xe9t\xf2\xd3==\xdd\xf7x=\xde\
<\x8d\x7f\xc2;v\xec\xb8\x9e\xdd_\xd3\xd4&\xd4\xdd\
\xd9\x8df\x0c\x0d\xa1\x15+V\xa0\x95\xabV\xa1\x81\x81\
~D\xf7\x07\xc4\xf2#}\xfd\x03h\xf6\x9c\xd9h\xee\
\xdc\xb9h\xe6\xac\x99\xa8\x7f\xa0\x0f\x15\x0a=\x88\xe9\x16\
\xf5\xf6\xf6\xa2\xe1\x91a\xb4\x8a\xfe\xcc,:\xd6\x9e\xcf\
#\x97\xcb\xa5>\xb7\x9f\xfe\xecg\x97\x1e?~\xdf\xb5\
\x84T|S\xa7NMR?b!}\x8e\xef\xa7\x9f\
?E\xaf\xe7\x97\xb1XD\xe9\xc8\xe5\x94\x9eBw\xc3\
?\xa94\xf2f\xea3\xa9[r\x93&\xcfh\x9d\xe1\
\xa6\x19\x06\x88\xfa(\xf7\x9c/\xeb\x7f\xd5\x8a\xd5h\xf1\
\xa2\xc5h\xfb\xf6-\x97\x86\xc2\xa1\xf7\xa63)e`\
\xa0O={\x00\xe7\xad\x90o\xe5\xfdc\xc1\xd7\xe3s\
B\x02\x97\x9b\x98\x1b\x22 \xef\x075\x81\x85\x5c4\xe4\
\xef\xb3\xe1\x01\x03\xf5y\x89\xd7\xaf5}\x02\xa0\x1d\x09\
1n\x84\xc0\x9c\xb4\xcciw\x8a~\x03\xb1\xd3\xc7\xc4\
0\x87\xcdq\xd1\xf2\xba\x06f\x1f\x10\x11\xea|\xc6\xda\
o\xf0\x01\x94\xe9Z\xa8\xf6\xf5\xc9\xf9\xce\x0eV\xeb\xff\
\xfe\xd0\xf4\xa1f\xea?\xa3\x05\x8b\xce]_v\xc5\xb2\
\xe5\xe8\xd1\x87\xde~\x09\x8d5\xdf\x1bK\xc4\xb4\xb5o\
h\x156|6\x0cy\x92\xc4:\x09\x16z\x8eA\xaf\
3\xc1b\xaf\x86L\x08\x8f%0\xf7\xb3\x92\x8c!\xa7\
\x82\x1a\x07K5\xeaS\xd74<S\x0f\xe3\xc9S\xe2\
\xf1\xe8\x0b\xe1p\xe8\xdfS\xa9\xe4\xc7\xe9\x9e\xb7\xbe\xa7\
\xbb{h\xf6\xcc\x197|\xfd\x9bOO`\xf7s\xc9\
\xa4I(\x9b\xcd\xaak}\xf7\xee\xdd\xe8\xe8\x91c\xe8\
\x9e\x1d\xbb\xd1\xbd\xf7\x1ez\xd5k\xe0\xf0\xa1\xc3\xe8\xc8\
\xe1\xa3\xe8\xc0\x81\xfdh\xef\xde\xbdh\xc3\x86\xf5*g\
\xe9\x0d7\xdc\xa0\xef\xa5\x13V\xac^}\xd9\xf4\x99C\
\x9d\xe1Hd9\xbd\xce\xb7\xd1\xfd\xe9\xc7\xd4\xaf\xfa}\
>\x97\x93q\x09\xb3<\xe3i\xea\x17\x9caX_=\
\xbf\xda\xf8\xa0\xfb\x03\xbb\xdf\xf2i\xc6\x09\x16\xf0\xfb\xbe\
T\xc6\xb8\x19\x9dG\xf6\xf1\x8f\xff\x1d\x0a\x04\xfc\xa8\xbf\
\xbf/\xe2\xf3{\x7f\xd8\xd5\x95g\xb9\x00\xc8\x01\x04p\
\xa1b\xad\x0fr\xddbK\xad\xce\xaa\xa1n\xed\x03&\
\xa2\xae\x1b\x86\xdc*\x92\xc5_\x170\xe3r\x99\xab\xfb\
\xd9\xd4\x1a\x8d\x9a\x94\xd1\xb7'\x13{\xbd1\xb3O\x08\
\xf0\x18r=z\xc4\xc4\xb3\x11\x8e\xaf\x92\xaf\x8f\x99\x9c\
\x16\x12\xcf\xf1A\xc4^\x7f\x90+P}\x94\x92\xc6\xd3\
N\xfd_\xaf\xcf\xf7\xdf\xa9tz\xae\xda\xbb\xb1p\xc1\
9\xbf\xcf7M\x9c\xc4\xf8\xdeh\xdc\x9f\xef\xa5\xbe\xc3\
s\xc5R\xa9\x11\xef\x97\xb8\xba\x22\xb1r\x0b\x08\x9c)\
\xfa{)\x01\xac\x9f\x8e\xa1\x03}^\x04s\xdc\xea\x12\
\x86\x5c\xe7\x0d\xae?I\xbb7\xb5\x87\x80~\xb0\x18\x9e\
\xf1\x16G\xa2\x91\x7f\xa3>\xf6\x87r\xed\xed\xa3\x89D\
\xfc\xf6\x8d\x1b6^\xc9\xee\xa1T,\xa2E\x0bF\x0d\
\x0e\xdb\xd7\xcb\x8e?\xf8\x00\xda\xb4a#:z\xec\x18\
\x9a;<\x0f\xf9\xe8:\xf9\xfa\xff\xf9\xda%\xf4\xfd\xdc\
\xd2\xdb\xd33=\x12\x89>\x19\x0a\x85\xbe\x9fL\xc4\xcf\
\xe4\xda\xdb\xea\xf4\xbaU\xfe\xbf~z\xd6\xb35\xc4\xf6\
8\xd6G\xc1\xf68\xaf\xdf\xfb\xedT:\x95\xa6\xe7\xff\
\xf9\xb4\xfc\xd1\xa6M\x1bU\x7f\xb1\xa5\xa5\x09%\x93\x89\
i\x1e\x8f\xeb\xb7%:\x175\xbd\x00~\xfd7t\x01\
\xc4\xdeZ\x9dSK\xe4J\xe7pC\x92E3\xc4\x8a\
\x0f\x97,\x18D\xe1\x1c&\xd6\x1eY1/\x81\xadX\
\x03>V\xc5b\xbf\x82\xa1\xad;f\xae\x11\xf6\xf6\x19\
\xbc\xb5X\x12\xb1\xde\xbc\x1f\x02\xf8\xbc\x0cL/\xc0\x0e\
\xb3~:\xdc\xd0\x0b\xc5f\x1c W\xfb\xfb\xeaQz\
fGc\xb1w\x1e\xd8w`\xf2\xea\xd5\xab\xd1\xb4i\
\xe7\x86\xf5\xb9\x87\x9e\x8d\x0c\x17\xb4t\xd1\xc2\xab|~\
\xff\xdf1\xcc)\x9b\x87:\x9e\x08\x8f\x89u\xc0bm\
\xcf\xe8A\xc0@\xdf\x01\xe6)\x88$\xd9a\x98\xad\x1c\
?\xaaF\x96$\xf7\xf6t\xcb\xd4\x9fW\xfc~\xdfo\
i|\xfdt&\x9dZM\xcf\xf8\xd4\xa7\xfe\xee\x93\x93\
\xe8\x99\xaa\x9eAsf\xcf\xa1\xe7\xfb\x1et\xe7\x1dk\
\xd1\xbe\xfd{\xcf\xabu\xb2\x7f\xdf^u\x9d\xacX\xb9\
\x02\xe5r9\x14\x0e\x854L\xdd\xd0L\x1f\xbd\xfe\x99\
\xd4wy?\xbd\x87\x1fP\x9f\xed7)\x1a\xc3\xb0\x1e\
m\xe6O\x87\xc2\xc1\xdf\x85B\x81\xcf\xc6\x93\x89\x88\xba\
\xa7\x1c\xb9\x0f\x9dov\xdf\xfd\xc7\xd1\xf0\xe80\xfa\xcc\
\xe7>{I<\x11\x7f\x88\xfa7\x9a\x0f@ \x8f\xb6\
\x0d\xbe\xdd\xe2\x7fcK.W\xc0\x00\xc9\x84\xd3\xfd\x15\
{p\x01n\x0b\xe4\xd5x\xdc\x1e\xc7\x89a\xe9\xbd\x83\
\xf9\x18\x9e\xeb\x93\xe3\xee\x90\xb1\x80\xeb\xd3}c\x01\xe7\
f\x8b\xd9'6\xdc_\x18hS\xe8\xbd\xfa\xd8\xe0\xf2\
.\xc9&\xdf\xb5$\xf3>\xb2\xb9fX\x0d6\xdb\x96\
U<^\xcf\x17I\xb5\xef\xb6\x9eR\x09\xb1\xf5\x7f\xae\
V&e4y\xf2\x9b\x11]\xf7#4\xee\xff\x93\xa4\
\xc7\xfc\xfa\xdf#v\xfb\x1a\x96\xed\xf2,\xd6{\x069\
!l\xf2-\x09\xcfG\xd6\xef[\xc7\x95\xb1\xba\x1c\xe3\
\x02\x0c\x06\xfd\xbf\xa61\xf4{h\x1c\xdf?m`\xfa\
\x15\xda\xda\x99N\xfd\xf8]h\xcd\xea;\xd0\x85f\xbb\
v\xdd\x8d\x9e|\xf21444\x03]}\xf5\x14\xb4\
{\xcf=\x97&\xe2\xf1\xab\xbb\x0b\x85\xbe@0x\xe4\
\xa6\x9bo|h\xea\xd4\xdb\x8eS_\xac\x7f\xe6\xf4\xc1\
\xcb\x9b\x5c-\xea\xfe\xb1w\xf7\xde\xf3\xf2~f\xcf\x9d\
\x8dJ\xbd%\xd4\x9em\xbb\xee\xb6\xdbo\xfbh\x9a\xee\
_\x8c\xdfA\xe7\x08#v\xbd\xd8\x96\xb8V\xd4\xd9\x84\
\xb8}l\x9f\xdb#V\xfe\x07\x11\x97%\xd9\xf1\x88\x18\
\xfe:\xe6\xb5\xac\x8d~\x13\xc9\xdaw\x0f}\x0a\xb1\xf7\
\xd8\xc2=\x01\xfa\x05\xb1\xd0\x87<\x86\xe6\x08\xc7'+\
\xf6\x83\x8a|\xc4\x04\xea\xfci\xba\xdb\xac\xcf\xde\xedq\
\xff\x94\xfa\x96yz\x86\xbcLl\xf7L4\x7f\xde|\
\xba\xa6f\xdc\xe8\xf1\xb8\xbf\x9c\xcfwP\xff\xb3Z\xd7\
qnX\xe0\xd2\x02\xfa\x0c\xb2\xc9Y\xca\xd7\xfd\xb0\xf0\
~\x09\xd4g\xe7\xb0\x15\x8d\xbd\x8eh90u\xdd\xd3\
\xf3>\x16\x8b*.\xb7\x8b\xc6\xf5\x89\xc7\x8a\xb8'\xf3\
\x99\xbf\xff\xfbK\xe9\xbd\xa9|b\xabV\xaeDe\x89\
\xa0\x0b\xddv\xec\xdc\x8e\x0e\x1e:\x80\x06\x06\xfaPk\
6\x8bJ\x18\xa3[o\xbb\xcd\x18g\xb1X\x99Hh\
\xe1\xfc\xd9h\xc5\xf2e\xe7\xf5\xbd\xc4\x221\x14\x0a\x85\
Y\xfe\xa3\xc9\xeb\xf3>\xdd\x9e\xcb\xb1x\xf4\x8c\xa9\x09\
d\x83o\xb4\xf08c\x99X{7\x85\x5c\x13\xaf\xa9\
e\xd5\x15\xd7\xb0pP\x1b\x98\x00\x8ew>\xd7\xc4\xe5\
\xec\x81&6\xe6\xf0\x00\x16-`\x22\xd6\x0e\x05Np\
-N1\xf2\xe4\x80\x07J\x06\xfa<\xb2\x11\x03\x19\xfc\
\xc2:\xa7\xb1\x88g\xc0\x02\xa7\xa9\x1e?\xa9u/\xb9\
T\xc22\x8d\xf9\x7fO\xd7\xed\x12\xf6.\xbe\xf8\x85\xaf\
\xa2\xcd\xdb\xce]c{\xc9\xd2\xa5\xea\xbf\xa1pxC\
0\x14\xac\xb1\xfbe\x1c=\x12\xd4+\xc3F\xfd\xc1\xe0\
\xde\x17\xcfo\xc2\xeb\x90\xcaX\xecK\x10\xf4\x0b\x8c\xfb\
'R\xad\x5c\xa9\xd4H\xb9R\xa7\xfe\x07\xd3%\xf9]\
$\x12y\xa2\xb7\xa7\xb7\x95\x9e{oJ$cj\xac\
\xb9l\xd9\x12t1\xdb\xe1\xc3\x87\xd5~k\xc6\xf3u\
\x84~\x1c;\xfe\x00:z\xec\xbe\x0b\xe6\xfa\x9f\xfe\xc2\
?j\xbed\x95t\x87B\xc1\x7f\xed\xee\xecd\xf8\x87\
:\xc7\xf1a\xd1\xaf5}_K\x0d\x98X\xd7\xb6\xea\
k\x83\xfc\x1a\xdf\x07j\xf0y\xc8f?\xb1\x05;\xc3\
\xebcs\xfa9 \xa60{i\xf9\xde\x02\xd8\xdf\xc0\
\xe9\xc7\x8a\xd8\x04\x8e\xa7S\xe6bzK\xce\x01\xdb`\
\x04\xc4\x18\x19\xf2\x0f\xaa\xbe\x91L\xd4zwY\x0e\x04\
\x02\xa7C\xc1\xe0=\xf7\x1d9<q\xfe\xbcyh\xee\
\x9cy\xe7\xbeo\xc7\x134~\x0e\xa0\x81\xbe\x81\x9c\xdb\
\xed>\xd9\xd9\xd5\xa9r\xd1c\x5c\xaaK\xa6\x86\x00\xef\
sa,\xd6\xea\xb9:\x85\x1e\xfb`;-6\xc2\xe9\
aj\xb8\xbcjU\xee\xee.(\xa1P\xe8\x8f\x01\xbf\
\xffS\xbd\xbd=\xd2\x9e\xbd\xbb'wvt\xaa~\xef\
\xae\xbbw!\xc7\xce\x7f\xdb\xbae3z\xe4\xa1\x87\xd4\
\xcf;\xf2\xf9\xf9\xf4]\xfe\xa6\xd0\xdd\xadk\xb3s9\
q\x03\xab\x0a4{0\xa8y\xf1\xfd\xd4\xc4\xd4\xb5\x14\
\xf3t\xc4\x0e7g\xadMI\x92\xa8\xa1+Y\xfaM\
\xad\x9a\x80\x0d=M\xfdo\xa8\xd8\x15\xb3\x16f\xdb\xeb\
\xd3\x88\xfd1\xe81\x04\xfd\xfb\xb2\x81\x85!\xe0,\x84\
\xfdo\x96\x5c\x19\xe4\xa81\xd7\xa2\xaa\x9bT-\xcb\xd1\
H\xe4\x8c\xc7\xed~tt\xe1\xc273\xff\x98\xc6]\
\xe7\xfc\xbe\x98\xcf\xcfxy\x07\xa7\xcf\xb8\x9c\x9e\xfd\xff\
\x8b\xd5\xcf+\xf4\x1cfg?\xd6\xfa\x08dlp\xa4\
\xf15\x07\xac\xebX\x0a\xfe\xbe\x8eK\xc2\x92\x8d\x8e\x01\
\xebe\x059U\x1d3J\xffn=\xe0\x0f\xfc8\x1a\
\x09/Z\xb6d\xe1\xd5\xb1x\x14\xcd\x9e=\xcbYP\
\x17\xa0\x0dN\x9b\xa6jB\xab\xfed$\xbc\x92\xfa\xa5\
\x7f(\x15\x8b*^C\xe0\xde\x91\xe1y\xacs6\x10\
\x0b'>\x86\xdch\xd6\xfa>\x114\x800\xcf\xfdo\
\x89\x1d0\x97kRx\x0d\x0fQ/\x1b\xcb\x5c\x8c\x80\
E]\xcd\xf1\xb8>%\x0bgH\x83\x13X\x96\x04?\
\xc46\x17\x8e\xc1\xf3\x10\xb11\x0c\xff\xd2WQ\x12\x89\
\x84\x12\x0c\x85\x9f\x1a\x1e\x1en\xea\xee\xee~\xd9\xef\xea\
\xce;4]\x89D\x22\xb9\xce\xed\xf6\xbc\xa4qqj\
g?.5\xd6>x^\x82\xef\xc2\xfbE\x18\xf6#\
\xe9\x1cD6\xbeLC\xf7\x82\xe1r\x0b\xdd]\x8c\x8b\
\xf4%zN<\xde\xdf\xdf\xe7\xb9\xf2\x8a\xcb\xd1\xbc\xb9\
\xb3\xd1\xecY\xd3\xd1\x91\xc3\x87\x9d\xc5t\x01\xda\x91C\
\x87\x10\xdd\xd3QOw\xaf\x8a\x7fh\x9a:\xf5.\x97\
\xab\xe5\x7f\x18\xbf;\xc3\xa7\x88\xd8Ob\xdb\xcfj\x8f\
\x7f\xe3qAb\xed\x10s:\xe3V==\xd8s\xc2\
\xe3Hy\xdf\x81\xe7\xeb \x98\xaf\xd5\xf3x\x05A\xbb\
\x1b\xdb\xe9\x84H6u\x0fl\xe2\x0e0\xb6\xf4\x12X\
y \xa0/\xa1\xe1\xdbY\x8e5\x18\x0c\xfe\x0b\xf5\x8d\
Z3\xe9,jk\xcd\xa2\xf5\xeb7\x9e[\xdei\xfb\
N4k\xd6l\xd4\xd3[D\xd9lk\xa8\xa9\xa9\xf9\
G\xd4_S\xb1>\xc6\xd9\x8fK2\x86\x1a\x83c\xd4\
I\x8d\xd8\x0bC\x8c\x93\xe0\xc3\x00\x9d\xa8\x066_f\
\xf8\xdc\x96\x96\x96\xff\x97L\xa6\x16\x0e\xcd\x98\xf9\x96|\
.\x8f\xe8\x19\x81\xba\x1a:`\x8e]\xd8\x16\xf0\x86P\
\x22\x96P?\xbf\xed\xf6[\xef\xf4\xfa</`\x5cd\
x\xa73z\x9f\xa4\xd0\xeb\xdc\x88\xb5\xed\xf6\x06I\xe0\
\xdd5\xb85 \xf728\x8f\x88\xa9\x11jhD\x9b\
\xba\xa0\xc4\xd4/\x90\xa1\x96\x00\xdf\xb7\x0a\xeb\x81\x1c\xff\
\xab\xc1\xed\xd8\xa8S\x18z\xe7\xa6\xc6;\xdf\x87`\xf6\
\x13Z\xf9\xfe\x8d{\xc4|O\xab\xd8\xdb\xcbrd\xec\
lf}\x16\xed\xb96\x86\xf1\xf9aWGg\xb6\xbd\
\xb5\x0d\xad\xba\xf3\xe5\xd5\xc0\x0e\xde{P\xf5\xfb\xd7\xac\
Y{\x0d\xddC>\x91H& \xceO\x81\xfafP\
{\x94\xd8\xec\x05\xb0O\xc9\xc6\x9f\x91\xcd\x1c.f\x98\
\x96Z\xb1\xd4{&\x16\x8f\xd5\x22\x91\xd0\x17Z[\xb3\
av=\x95J\x15\xc5bqg\xd1\x5cD\xb6s\xd7\
.\xb4b\xf5*\x14\x8aE\xd0\xba=;'Lmn\
Z\xed\x0f\xf8\x9e/\xf6\xf6\xc8jN\x90\xd7\xa9\xb2\xe9\
\x07)\xc1\xda\x9a,\xea4\x83\xb8\xdd\xc2\xd7H\x04\x9e\
U\xc8\xd1\x0f\xfb+AmA\x16\xf9\xa29n}\xae\
OA\xe2\xb4\x0c$267\x91\x99\xff#\x9c\xbfb\
\xe1%\xc4|M\xd3\x86\x8f\x98}\x7f\xbdR\xd6\xf4a\
\xfd~\xff\xcf2\xd9Lw4\x1cF\x1dm94:\
z\xee\x18\xbf\xe5+W\xa0\x87\x1f}D\xfd<\x1c\x8e\
\xae\x0b\x04\x82\xa7\xf8\xbe>b\xa9q\xf2\x98lk\xcf\
\x83\xed\x07\x81:\xc5Z\x9e\xaf\xbb\xd0-\x07C\xc1\xdf\
\xa5R\x89\xfb\xa7\x0f\x0e\xde\xda\xd9\xd9\xa1^\x07\xc3\xcd\
:vq\xdau7]\x8f\x02\xe1\xa0\xe6\x13\x84B\xab\
\x82\xc1\xd0\xefz{zT\xbc\x0a\xafY\x8f\xed\xe7\x13\
\xaf\xb5\x005r\xf9|\xbd\x10\x97\x02\xde?\xb1\x8f_\
\xe6\xe2m\x22\xf6\xffbP\xa7h\xf4\xdd\x09y\x07,\
\x89\x1cR\x80\x1f\x86p\xbc`\xb2\xd8\xbbh\xd1\x10\xb5\
\xf6\xbc\xcb\xd6\x1e8V\x17\xaf\xc8\xed\xed\xed4\xde\x0f\
\xfc4\x95Jw\xbb=\x1e\xea\xc3\xcfB\xeb\xd7\xdd\xf5\
\xb2\xde\xc7\x89\x07\xefG\x93.\x99\x8cz\x8aE\xc9\xeb\
\xf5\xfe'\xc3\xd80\x9e\x8b\xf1\xf0\x8b\x22\x97\x9dd\xd5\
J\xb6`\x03AL\xc7\xf6{%\x9fkg\x5c\x04\xff\
\x15\x8dE\x17\xbf\xff\xbd\x7f=\xa9\xb7\xb7\x07\xa1\x09\x08\
\x1dx\x0dp\xf8\x8e\x9d\xdf\xb6\xf7\xc0\xbd\xa8\xd0\x8b5\
LC.\xbf \x14\x0e\xfd\xaa\xab\xb3\x83iBpz\
\xb5\xa0\xf7N\x8c\x03\x80V*\xaf\x91`\xf6I\x89\xd8\
\x121\xe7\xcfi7\x80\xf5g\xd5\x9b\x22\x84\xdb+d\
\xe1L\x96\x01\xbf\xa9l\xa3\x1f&\xf6*\xf1\x1cP\x22\
\xd7 \x16u\xfd\x04\x8c\x92\x1a\xef\x97\x95l6\xa3\x84\
C\xa1\x9ft\xd1\x07\x17\x09G\xd5\xba\xd8\xfe\x03\x07\xcf\
\xf9\x1d\xec\xd9\xbd\x07\x15:\xbbP\xae\xbd\x1d\x0d\x0d\x0d\
\xddF\xd7\xfeW\xd8\xef\xa4>\xb9\xf9\x0c8,\xb3U\
\xab\xc8N\xbf\xd8N\xa7\x0f\xee\x95j\xefj[\xab\x12\
\x0a\x05Nvww\xaaI\xfd\xe1\xe1\x11\xb4y\xf3V\
ga\xbcA\xec\xc4\xf1c(\xdb\xda\x81$I\xabM\
u\xe6\xf3C\xae\x96\xe6\xefe\xb3iU\x17\x86\x10\xb1\
\xdf\xdb\xcc\xa5a>O\xc0\xf3\xe7\xe9\xdc\xe9\x04[\xf3\
Q6\xf972\xc6\xf7@.]\xc2\xeb\x85X\xf4\x06\
\x08\xe10x&\xb7(\x19_cL2\xeb\x07\xe0z\
\x89\x0d\xc7\xaf\xa4\xebT\xa99\x05\x967\x8d\xc7br\
4\x1a\xf92\xfd{\xed\xc9d\x02\x8d,\x1cA\xdd\x85\
\xae\x97\xf5\x0e\x18^vh\xda \x9a3c\xd6\x95t\
\xff}O,\x1aU\xfb\xca\x19\x8e\x00[\xf8\x12\x88\x0d\
\xfe\x19h)p:O\x82\x0e\xb7\xae\xa3\xab\xf1\xed\xd4\
\xb2\x99t\x9d\xc6+\xdf\xa4\xb1\x8bt\xc5\x95W!R\
!(\xdf\xd1\xee,\x8a7\xa0\xcd\x9e9\x1b\xadX\xba\
\x5c\xfd\xbc\xbb\xbb;\xda\xd4\xd4\xf4\xd9d2\xa9r\xb5\
0m\x98F\xcf\x97\x22\x95\xb4\xfa\x17\xd3\x80\xe7\xf2\x84\
D\xd4\xb8\xb5\xeaB\x03\xcd\x00\x0b\xdfW\xa3\x7fG\x96\
\xca\x1c\x06\xd5\xc8%\x12\x9e+V\xe1\xf2W\x00?\x08\
8\xc7e\x0b\x0f\x16\xefs\x88:\xc4B\x8e\xcd\xe8}\
k\xe0\xebJ\x1a\x87\x1c\xc15V+)\xe1R\x9d\xc6\
\xcbg\xc2\xe1\xc8_\x8d\x8e\x8ez:\xe8\xbaa\xfe\xf2\
\xfe\x83\x07_\xd6s_\xb7n=Z\xb6t)z\xfb\
\xdb\x1f\xb9\xb4\xbd\xb5\xf5\xc1h$\xa2\xf2dh=\xcc\
D\xc7%\xca\x92\xb5\x16\x22\xeb\xdc\x9c\x96\xd8\x8c\xe7D\
\x97\x1b<\xe9*\xaf\x1e\xebkgZ\xd1\xe9l\xe6\xb4\
\xcf\xef\xfb\xc4@__\xf0\xf2+.A[6mF\
s\xe7\xccv\x16\xc2\x1b\xd8\xa6\xf5\xf5\xa1'\xdf\xf9n\
\x16\xfa\xa1\xb6\xf6\xd6\x1b#\x91\xf0\xfb\xe9\xc7\x8bL?\
\x8aqV\xa95\x80\x92\xda\xe3F\xcf%3/\x88m\
5\xee\xa1\x0e \xcc'b\x81\xf3\x13C=,\xa3\x86\
\x80!f\x07\xf6\x1a\x96\xf5\xdedC\x7fB6\xb5\x9f\
\x01\xa7\xb4Y\x8b\x00\xd8v\xa8Q\xaa\xebPj?\x87\
9\x1c\x90\x8ec\xd4s\x19X\xdf\x83\x98>\x9e\xdc\xd1\
\xd9\xc9\xfa\xdd^\x0c\x04\x02G\x97,^|Mo\xb1\
\xa8b\xc0g\xcf\x99\xfb\xb2\x9e\xf7\xca\x95+\xd1\xb6m\
\xdb5\x0d\xbf\xb6\xb6Q\x9f\xcf\xfb\xfb\x9e\x9e\x1e\xcd\xb7\
\x80\xf8\xde\xc6\x1e\xa4kz\x00}t\xb1\x17B&V\
|\x85\xcci\xbf\xd2\xb3?\x9dI\xcb\xa1H\xf8\x93\x03\
\xd3\x07\x9bb\xb1(\xba\xef\xc4\x83h\xe1\x82\xc5\xce\x02\
p\x0c\xedjhN\xe7;\xf2h\xc3\xbauW\xc4\x93\
\xc9U-.\xd7\xcf\xb3\x99\x0c\xe3GR\xcf\x0f\xad\xc7\
\xb5d\xe3\xfb\xdb\xf4\xd5\x12\xf1\x5c\x15z\x81,X\x1b\
{]P\x0e\x0bH\x04\x1f\x00\xd4!\x853\x9f\xcb\xe7\
\x11\x8e\xa3\x12`\xe0\x8d^\x7f\x88\x8b\x97\x8c5\x88U\
\x9d)\x95\x1bRN\xa5\xd3,\xc7\xffo\xb9\xf6\xd6\xf5\
[\xb6n\x9c\xd4\xd5\xd9\xf5\x8a\x9e3\xeb\xe9ev\xe3\
\xb5\xd7\xa3x4\x96oin\xfe)\xd3\xdcV\xfd~\
\x90\x8b\xc4\xb0\x06\x0b\xfc\x16l\xcb\xf3\x87eK\x9e\xd2\
\xd4w\x96\xab\xe5\xb2\xcc\xdec(\x14\xfa\xca\xcc\xd9\xb3\
\x02\x81PP\xdd{\xd6\xdcu\x973\xf1\x1d\xe3l\xf1\
\xa2E\xe8\xce;\xb4\xdau&\x93M4\xb74\x7f\xc0\
\xef\xf7\x9ef\x1cIUC_\xac$\xe8\xe7\xc0\xde\x91\
qz\xe4L\xbe\x11\x13+`\xf4\xe4\x11\xd9\xd0\xfc\x10\
\xf1\x83\xc4\x06\xdb\xc2s\xf3\x18\xfa\x15\x12\xe10\x8c|\
}\x9f\xf05\x07,b\x07M\xfe>\xf5\xfa\xd8\xfd\xb2\
X?\x12\x8d\xd4\xa2\xd1\xf0\xff.\x16{\xd3\xac\xf7\x85\
\xe9t\x0e\x0e\x0e\xbc\xecg\xbbu\xcbV\xb4c\xebV\
\xd4|\xfbT\x14\x8b\xc6\x92\xae\x16\xd7\xf7:\xf2\x1d\x8c\
\xcb\xcf\xf4\x7fL\xff\x83\xabo\xea\xfc\xe3\x18\xf3<f\
F\x0f\x1f\x16\xf5Jpc\xed3\xad\xaa\x8c\xe2\x0f\xfa\
\xbf;88-w\xd5UW\xa0\x07\x1bxp\xc7\x1c\
\xb3\xb3\x05\x8b\x16\xa3EK\x96\x22\x97\xcb\x8d\xe6\xcf\x9d\
{y,\x1a\xd9\xe0v\xbb~\x92H&\x19\xd7r\x9d\
q\x9f\x0b\xfe\xbd\x0d\xae\xbc\x04\xfa\xd41\x9f\xab#v\
\xf8:;NP\x013Hx\xedH\x9e'\x1c\xcbd\
,\xedA\x82\x05\xed\x0bn\xef\x92\xcd\xfef\xedk*\
\x8f]\xb5,\xb7\xb7\xb5+.\x97\xeb\xd9X<\xbek\
\xd9\xb2\xa57\xf6\xf4\x14\xd0\xd2\xc5\x8b\xd0\xc2\xd1\x91\x97\
\xfdL\x07\x06\x06Q_\x7f?\xca\xb4\xb6\xa2d<\x11\
s\xbb\xdd\xdfe\x1c\xd6\x8cSF\xb2\xd1\x22\x91\xc6\xd0\
J\xc4\xbaF\x09\xd4\x22#\xd6\x9fc\x5c\xf7\x8c\xeb6\
\x97\xcb1\xbe\xe1\x9f\x93\xb2\x84o\xbe\xf1&\xf4\xc0\x83\
oCw\xaeY\xe3Lr\xc7\xcejL\x93\x92\xe5\xa8\
\x99\x15{{\xc2\xf1x\xec]\xc1P\xf0\xd7\xacn\xcc\
\xf0Bl~\xb1\xd8\x98\xe9!iyB\x13\x9f\x0e9\
pl\xe6\xb5b\xe9)69)x\xad\x18N\xd7\xc6\
\xbe\xb7X\x8f\xe5-\xfc\xc4\xc4\xaa\x01\x22r\x00\x1a<\
\x8feI\xd5\xc5\xae\xf6U\xce\x14\x0a\xdd5z\xaf\xa7\
\xa9\xbf\xfc\x89\xde\xde\xde\x82\xb6~\x07\xd0\xfc\xf9\xf3\xd0\
\x81\x03\x07_\xf1\xf3\xec\xe9\xeda{\x80\xcf\xef\xf5~\
\x83\xf1\xc9T\xb4\x1a\xbf\x8c\xa5\xf1\xb4D%\x81\x83\x10\
\xf8:V~\x0f\xc3\xe7a=CE\x5c\xac\xf9\x03\xfe\
\xffjm\xcd\xaa\xcd\x1f\x1b\xd7\xafG\xf3G\xe69\x13\
\xdb\xb1s\xab\x11\x9e8\xa1\xf6|-[\xb6\x0c\xf5\xf5\
U\xd1\x89\x07\xdeviww\xf7\x8cx,\xfet$\
\x1c\xf9SgG\x07=\xbf\xca\xaa\xa6\x8d6/K\xda\
\x9a\xc7\xbc\xe65\xc8[[bw\xbefm\xf2\xd0\x88\
\xba\x85\x06\xef\xa6\x85\xd7\x02s\xdc\x7f\x16\xceKl\xd6\
\x22\xf9ub\xe6\x08\x18\x0e\x8e\xfa\xe05\xb6\xee\xa9\x8f\
s&\x1c\x89\xfc\xbf\x5c\xae}\xf3\x8c\x19\xd3\xafI&\
\xe2\xa8\xab\xd0\xfd\x8a\x9f\xe1\xc8\xc8\x08j\xcff\xe9\xfe\
\xd9\x8b\xfa\xfb\xfb=\xb1X\xec\xf3L\xbb\x83\xad}\xdc\
\xd8\x9f\xb4\x9e>.\xa7/K\x92m?\xbf\x22\x89\xf9\
A\x029\x96\x0c}q\xa6\x93S\x0bG\xc2/\x84\xc3\
\x91\xb5\xec:\xfa\xfb\xa7Q_\xceY\xfb\x8e\xbd2[\
\xb1r\xa5\xcaI1\xf9\xd27\xa3\xe5\xcb\x96O\xa1\xbe\
\xf1\x92@ \xf0\x95P(\xa8r\xa1\xeaZ.jN\
\xbd\xb1\x07`<N\xcf\x0c\xcc\xf3K\x5co.\xef\xbf\
c\x93{\x93\x18\xfc\x7f\xb0\x7f\xd7>O\xc8\xe3\x96!\
\x96\xc7\xc4\x13U\x1aZR\x0co\x17\x8d\xc5\xea\xc1`\
\xf0g\xe9L\xeb\x81i\x83\xd3\xbd\xec\x9e\xe9=iq\
\xfb\xf6\xed\xaf\xe8\x99\x1d>t/\xba\xf9\xd6[P>\
\x97C\x03}}\xeeH$\xfa\x0f\xf1D\x5c\xcd\xc5\xb3\
5\x8b\x85>H;\x8d\x0d\xd8\xff\x0c\x9f\x9f\xa6\xbf\xc5\
s\xb4\xea\xfd\xdb,o\x91J%\xeb\xd4\x87yb\xd3\
\xc6\x8d\x97\x0f\x0eNG.\x8f\xcf\x99\xc4\x8e\xbdj\x1b\
\x19\x1eA[6oF^:\x9ff\xce\x1c\xba\xa1\xab\
\xab{\x85?\xe8\xff\xb2?\x18\xa81\x1d\x176\x1fu\
\xed!=&\xd0\xb9\xfb1\xd0\x80\x12y\xbf$\x0c\xeb\
\x84ci~bA\xdb\x0es\xda\xd5\x92\x84\xad\xd87\
\x9e\xfbK;\xeb\xa9\xcfR-\x13\x85\xf9/\xd1h\xa4\
\x1e\x08\x04\xbf\x9fIg\xee-\x16K\x1e\x96\xdf\x9b9\
k6\x1a\x9c>\x84\xb6\xef\xb8\xfb\x15?\xa7\x9d\xdb\xb6\
\xa3\xad\x9b\xb7 \x86\x09\xa6\xeb2\x10\x89D>O}\
\x0b\xa6k\xa7\xd6\xe3\xf5\xe7\x81\x0d\x1dd\x1b\xac!\x87\
w\xc4\x22\xb7\xb9\xcc\xeb|5\xb4\x0a\xe9\xda\xa7\xbe\x8b\
\xc28\xc3$\xa98\xb5P\xe8R\xfd7\xc7\x1c{\xad\
\xec\xf0\xbd\x87\xd0G\xfe\xe6\xc3\xa8\xd0\xd3\x8d\xa6\x5cs\
%\x8b)oL$\x13\xa3t-}\xca\xeb\xf1\xfe6\
\x16\x8f)]]\x9d\xaa\x1f\xca\xce\x22-\xcem\xf4\xcf\
\x13I\xc4\xaa\xe8\xfdj\x0c[`\xaf\xf9m\xf5\xdb\x0d\
\xadR\xbb\x9c!\x118KT\xdfD\xfb\xa8\x17K\xbd\
Jk[+[\x1f\xcfS\xff\xe5;\x99Lf\xd3\xec\
9s<\xec\xbe\xd2\xe9\x0cZ\xb6|\xd99\xf3\xf3\x8e\
]CY\x8cv\xdf\xad\xc9B\xa4\xd3\xe9l0\x18\xf8\
f:\x95R\xfb\xf9X\x9d\x0f\xf2\xaf\xdb\xf1u\xda\xd4\
\xf68<\xa5\x91\xab\x14\xf0>\xec\xf7\x16\x8bE\xc5\xeb\
\xf5\xfe*\xd7\xde\xde\xebu{\xd0\xc3\x0f=\xe8LX\
\xc7\xfeL\xfb\xc0a\x94nK\xa1\xe1\x91\xf9\xe8\x92\xc9\
\x97\xa0\xbb\xd6\xae\xbd\x9c\x9e\xfd\x85x\x22\xf1\x00\x8d=\
\xbf\x1d\x89\x86O1\x8dd\xea_\xab\xb8S\xba\x17\x9c\
a\x1fj\xaf\xa1\xea\x03\x13\xfd\xbc\x879D\xce\x17\xe0\
j\xdb\x8d\x1ex\x95\x83\x9e\x94\xea\x92\xfe9\xfdyl\
h\x127\xb0/t\xad\xb3\xdeV\xc6O\xdf\xd3S\x90\
\xd3\xe9T-\x1c\x0a\xfd1\x14\x0c\xfc \x18\x0a>N\
c\x962\xc6\xd25\xec>\xe6\xcd\x9f\xaf\xde\x0f\xc3\xe3\
\xbf\x1ac\xb5\xfdh<\x8a\xe85\xa0w=\xf1\xceK\
\xe8\xdf\x18\x9e:u\xeaO\xda\xe9~\xa3j\xce\x99\xdc\
b\x02\xaf\x09\xdf\x9b\x8b\x89\x98\xef\xc3&\xae\xdaN\x03\
\x95q\xbaVH\x8d\xd0g\x1c\x8dEk\xa1P\xe0\x00\
\xf3c\x9e\xfa\xa7\x7f@w\xef\xdc\xe1LT\xc7\xfe\xac\
\xb6a\xfdz\xf4\xc0\x89\x13Ls\x041\xbe+fK\
\x96.ve[\xd3R6\x9b9\x11\x08\x06\xbf\x13\x0a\
\x87\x7f\xc7\xb8\xacX\xbd\xbbX\xec\xad\xd3\xb5_g|\
\xb6\xacw\x9e\xf1\x123|]\xb9\xa1\x0fN8nR\
]\xafXR\xd7\xbb\x8aA\xc4\xd8\xe0\xe9\xd4\xf8i\xb5\
8\x9ea\x96\xe9\xd7k\xbd\xc5\xde\x1a\xe3\xce`\x7f\x8f\
\xfe\xed\x17\xdc\x1e\xd7\x0f\x12\x89\xc4\x93\xd4\x07\xafN\x1f\
\x1a\xf21\x0e\x14\x86sjkkG\xabW\xdd\x89\x96\
-]\xf9\xaa\xd7\xfe\xbc\xb9s\xd0\x81\xfd\xbb\xa9OT\
@\x833\x06\xdfBc\xa1\x03\x8c\x1b\xbf\xb3\x93\xe5H\
+&G\x176\xb5\x09\x89\xd8GA\x80\x0e\x93\xa9\xcd\
\x05\xf55eb\xc7\xc7\xa2\xeeu\xd5Z{.\xa7\xf8\
\xfd\x81/\xd1\xe7y#\xeb\xe5\xdb\xbai\xa339\x1d\
\xfb\x8b\xda\xbe\xfd\xfb\xd1\x89\x07\x1eD#\xa3\xc3\xc8\xe5\
V9\xd2'\xcc\x1b\x9e\x7f\xf5\xd0\xcc\x193\xe8\xfa\xdb\
\xed\xf3\x07\xde\x19K\xc4\x7f\x14\x8d\xc5^\x88D\xa3\x7f\
HeR5\xd6C\xcb\xb4`{{z\xd5\xde\x1a\xa9\
\xc1O\xdc\xc8)\x1a\xba\xef\xec,gZ\xce\xec\xebe\
\x16;\xe3\x12\x8d3\xba\x94\x5c.\xafd\xd2\xe9z(\
\x14\xfec0\x18\xfc\x1f\xfa{\x9f\xf5\xfa\xbc\x7f\xebr\
{\xf6\xd0x{\x84\xfa'7?\xfc\xc8C\x13/\xbb\
\xec-\xa8\x7f`\x1a\xda\xb2u\x0bZ}\xc7j\xb4\x7f\
\xdf\x81\xd7\xe4\x9e7n\xda\x82V1\xce\xfbK&\xa1\
\xe9\xd3\xa6\xdd\xe2\xf3y\x1f\xa7\xfe\xcf\xe9R\xa9$\xeb\
5>\xdd\xaf\x119:\x09\xc6V\xac3\xeck\x06q\
\x8c\x95\x9f_\x8f\x074\xbea\x9f\xcf\xff\xebL&[\
\xbd\xee\xad\xd7\xaa\xf8>\xc7\x1c{\xbdl\xc7\xb6m\xe8\
\xe1\xb7=\x88:r\x1dh\xeb\xf6\xadt?\x18Uy\
\xd4\xbf\xf4\xe5\xafL\x1e\x1d\x1dm\x8eDc\x91x2\
Y\xec*t\x1fL%\x93\x9f\xf6\xf9\xfd\xff\xe0\xf7\xfb\
\x9f\x8e\xc7\xe3\xffJ\xcf\xed\xdf'\x12\xf1\x97\xe8\xc7i\
\xfa\xff\xd3\xac\xd7.\x16\x8d\xd5\xa3\xd1\xe8\xe9X$\xfa\
\x02\xf5\xe3\x7f\xe1\xf5\xba\xbf\xdb\xdc\xdc\xf4\xb4\xd7\xe3\xfd\
\x5c\x22\x9e\xf8tww\xe1\xd1\xd6\xd6\xb6i^\x9f'\
\xda70\x10\xd8y\xf7\xddW]\x7f\xfd\x0dhp\xfa\
t\xb4u\xdb\x16\x14\x0c\x04\xd1\xce\x1dw\xab\xfcz\xc7\
\x8e\x1e}M\xee\xf1\xe0\x81\xfd\xe8\xb9_\xfeR\xd5\xaa\
d\xfb\x5c{\xae\xbd\xdf\xef\xf7~\x95q\xe9H\x12a\
>M\xdd\xd4S\x12uAK\xe0\xfc\x17r}\x06\x1f\
\x12\x961\x01\x9c*\x04\xdb\xea\x16\xb3x*\x91H2\
\x7f\xe7AE\xa9\xbfi\xc1\xc2\x05h\xc9\x92\xa5\xce$\
t\xec\xbc\xb1#\xf7\xde\x8b\xee?v\x14m\xdb\xbe\x03\
\xcd\x981\x03\x85#\x11c\xecC\x7f\xf5\xbe\x093g\
\xcf\x9e\xb8i\xf3\xa6\xab\xd6\xae]\x1b_\xb2x\xc9\xc0\
\xc8\xc8\xf0\xdc\x91\x91\x91\xf9\xc3\xf4\x93\xe1\xf9\xf3\x17\xcc\
\x9f3o\xc1\x9c9s\x86\x17\x8d.\x1a\x5c\xb3fm\
n\xeb\xd6m-[7m\xbdj\xe9\xa2\xa5\x93\x0em\
\xbbg\x82\xfe\xbbZ\x5c-\x08K\x04\x8d.X\x80\x1e\
{\xd7;\xd1\xc6\xcd\x9b\xff,\xf7\xb3b\xc5J\xf4\xf6\
\x87\x1fE\xc9L\x0a\x0d\x0f\xcf\xbb\x99\xfa3\x87]n\
\xd7sL\x1b\x8eis\xb3\xfa\xbb\x1a\xb3H&7\xb7\
\xa8\xa5m\xf2\xf6[\xb9\xbc\xb4\xbe\x9d\x92\xd0C)\x99\
\xba_Fo\x0fQ\xf24\xd6\xf1\xf9|\xff\xdc_\xed\
sQ\x1f\xca\x99l\x8e]0v\xf0\xe0\xbd\xe8\xd0!\
\xf6q\x18\xed\xdd\xb7\x0fm\xd8\xb0\x91\xe1\x0bT\x8d\xcc\
\x85\x0b\x17\xa2\x05\xec\x83\xfa\x0e\xa3\xf3G\xd0\xfc\xf9\xf3\
\xd1\xb2\xc5K\xd5\xef\xd9\xbbg/:v\xe4\x18:|\
\xe8(\xda\xb7w/=\x8b\x0f\xfeE\xaew\xef\xee=\
\xd4\xafy\x1bbX`\xe5\xb4\xf2\xa6\xdeRow$\
\x1a\xfa\xc7H$\xcc\xf0CJ\xd5\xe4\xed\x91\xb9\xda\x9d\
\xd0\x03\x01xJdQ\xe7\xc0\xec\xe9\xe7\xb5\x8c\x00\xf7\
I\xbd\xd1\x93\xa5\xd66\x02\x01\xff\x8b\xad\xd9\x8c\xda\xc4\
\xed\xf8\xfd\x8e9\xf6\xda\xdb\xb6\xad[\xa8O\xbd\x04m\
\xd9\xb2U\xf51\xe6\xcf\x9f\xd7Dc\xed\xa3\xa1P\xe8\
?\x19\xeeA\xe5R\xd70\x0fV\x1f\x9d\x18\xb1\xbfl\
\xc11\x10\x89\xd791\xb5\xd3\x01g\x19\xc0:6\xfa\
\xf9\xd5\xdaj\xb5\x22\xe7\xf2\xed\x8a?\xe0\xfb\xc2\xdc\xd9\
s\xae)\x15{\xd1\x86\xf5N\xce\xcf1\xc7^K\x9b\
>}:Z\xb9r\x05]\xf7\x1e\xb4n\xfd\xba+\xf2\
\xf9\xdcH,\x1a\xfdf<\x1eg\x1a\xd1\xf4\xccgx\
\xa7\xb2\x0c9\xd31\xcf\x87\xa6\x18\xb5M\x9e3\x85\xe3\
\xf0\xd3\xf9\x0c\xa4\xb1t\xcd4\xfe!\x9d\xcfC\xad\x9b\
\x84B\x81\xd3\xc9D|\xe9u\xd7\xbe\x15\x1d=\xe2\xf0\
\xf3;\xe6\xd8ka\xacG\xee\xfe\xb7=\xc8\xfa\x9eP\
\xae=\x87\x9e|\xe2\x89I\xdd\x85\x9e\x9eH4\xfa\xd1\
@0\xf0\x02\xc3<\xab\x1cI\xaa\xa6*\xd3S#2\
\x87I\x144\xcb$\xd0\x0bA8\xbf^\xd4A\xe7y\
\xbf\x08\xa7\xd3\xa5\xf1$\x91\x06\xe7x>\x97S|~\
\xef\x17GG\x87\xaf]\xb2d\x11\xba\xf3\xce;\x9c\x17\
\xe7\x98c\xaf&\x1f\xb1w\x1fZ\xb2x\x09Z\xbdj\
\x15jnjF\x1b\xd7\xaf\x9d\x9c\xcfud\xa3\xb1\xd8\
\x93\xc1`\xe8\xd9L&\xc3\xb0KgX\xbd\x9d\xae{\
\xc6#\xae\xe2\x98\x0cM\x03\x03\x87\x84-=\x08f\xad\
\xbf$\xf2\x9f\x09|\xa5\x02_\x02\xe49-k\xd8&\
\x96_\xa4\xfb\xd0\x9fZ[\xdb\x86\xaf\xbd\xee\xadh\xe6\
\xac!\xe7\xe59v^\xd8\xee{4\x8e\x9bI\x97N\
BS\x9b\xa7\xa2\xd9\xb34~\xb9-[\xb6\x9f\x97\xd7\
\xbbw\xcfn\x1a\xcf\x0f\xa3\xb5k\xd7\xa0\xd6\xb6\xacZ\
\xa7\x5c\xb7\xf6\xae\xcb\xd3\xe9t\xbf\xcf\xe7\xfb\xa0\xc7\xed\
y\x8e\xf1\xe5\xaa\xd8\x1d\x15\xb7h\xf0\x99q\xfd\xf9\x0d\
|\x8e\x05\xa3\x03\xb5K$\xc0\x9b\xac\xeb\x975\xfc\x05\
\x9d\x0bY6b\x01\xe3k\xb0\x9fA\xc3\xfatuw\
\xd5\xe9\xfa\xff\xf2\xc8\xfc\x91\x1b\xa7\x0dLs&\x9dc\
\xe7Q\xaeL\xc3\x9c\x96\xcb\xd5\xde|gg\xeb\x8e\xed\
;\xde\xd2\xd6\xda\x8a\x96/]\x8a\x06*\xd5\xf3\xcaO\
\xdds\xf7.t\xfc\xc8144}\x86\xfa\xffBO\
\xe1\xd6l6\xbb\xc8\xe3\xf5~\xc6\xe7\xf3\xff>\x9b\xc9\
\xaa\xe7oU\xd3FPJj\xafn\xc9\xaa\x81fr\
\x1f\xf3\xdc|\x8d\x1a\x1f\xe1y\x10\x0d\xbd\xc1\xb2\xf1\x7f\
\xa2~p:\xeaP+\xc5\xd0\x19&r\x7f\x7f\x7f-\
\x16\x8f\xbf\x94\xced6\xb4\xb8\xdd\xe8\xa3\x1f\xfb\xb83\
\xe9\x1c;o\xec\xee\x9d\x9a6tSK\xcb\xfdS\x9b\
\x9a\x9e\x8f\x84#\x7f\x9d\xcb\xe5\x97\xce\x9d3g\xea\x07\
\xdf\xff\x81\x09\x97L\x9c\x84:;;\xd1\xd2\xe5\xcbP\
\xa9L\xd0\xbe=\xf7\xfc\xc5\xaem\xd9\xf2\xe5h\xe3\xa6\
Mh\xc6\xcc\x19\xe8\x86\x1boP\xebe\xb3g\xcdz\
s\xb5\xdaW\x0e\x05\x03\xfb}>\xef\x0f\x83\xc1\xe0)\
\x86I\xd4s\xecF\xbf\x1e\xd7\xd7\xccc\xf5\x88\xd8\x87\
\x84\xedx\x0e%+OO#\x1f@\x0c~oA\xc3\
S\xe08 \x95r\xbdX*\xca\xd4/\xf9\x97\xfe\xbe\
\xfe[GGF\xd1\xf6\x9d;\x9dI\xe7\xd8yc\x87\
\x0f\x1eF\xbe@\x00\x05C\xe1\xfb\x99\x8e\x1d\xe3\x0e\x8c\
E\xa3\xa7\xa9\xbf\xfa\x03\xeaS\xbf'\x19OT\xba\xba\
\xba\xfd\x9f\xfa\xcc\xa7'\xc5\x13q4}h\x88\xfa\xdd\
mh\xf6\x9c\xd9h\xfb\x8e\xed\xe8\xd8\xf1\xe3\xd4'\xdf\
\x85\x8e\x9ex\xe0\x95\xfd\xfdC\x87\xd0\xd1#G\xd1\xa1\
\xc3\xf7\xa25k\xd7\xa2j\x7f?r\xbb]hh\xc6\
\x10*\x16U\x0d\xd47\x0d\x0f\x0f\xbb\xfd\x01\x7f>\x9d\
L\x1d\xf3x<_\x09\x85\xc3\xbfN\xd2k\xed\xee\xee\
6\xfa\x09 W\x99\xa4q\x9f\xf28\x1e\x0c8\x86\xac\
\xfc\x1c\xa6v\x09\xcc\xe1\x99y@\x99\x10\x1b\x8eB\xa3\
\xb7\x17\xe6\x12L^T\x86-J\xa5Rr8\x1c9\
\xca0\x87R\x83\xa3\xc01\xc7\xce\x17\xfb\xe17\xbf\xad\
\xf2\x08\xb7\xe7\xdb\xef\x8f\xc5\xa2\xca\xb4i\x03*\x96\xbf\
\xd0\xdd\xad\xd08\x80\xf1R\x9c\x8aF\xa3?u\xb9\xdd\
\xef\x0cG\x22{\xe8\xfa\xec\xced\xb3Sv\xec\xdc\xfe\
\x166\xa7\xdf:\xe5\x1a\x94\xc9f\xd0t\xba^\xef\xa0\
\xb1\xc2\x96-[\xd0\xf6\xed\xdb\xd1\xf6\xad\xdb\xd0Nz\
\xd6\xed\xdau\x0f\xdaE\xfd\xf6]\xd4\xcf\xb8{\xe7\xdd\
\xea\xd7\xd8\xf7\xac\xdb\xb0A\xe5(\xa1g9J\xa5\xd3\
\xaa\x96\x15\xfb}k\xeeZ{\xd9-\xb7\xdc|e\xb5\
Z\x0duvvljiq\xbf#\x18\x0a\xfd\x90\xee\
G/\xa6\x92\xa9:\xdd\x8bT\xbe\x5c\x86\xd7e\xb95\
C\x83\x90\xa8\x1a\x22*'\xb9v\xeek\xfcF%\x5c\
\xd2\xb98\xb4^=\x02\xfb\xf7\x0d}^\x99\x98\x9a\xe1\
&\xb78\x115\x94\xa0^\x87\x0dn\x80\xe3\xfcb\x1a\
\x1e\x12=\xfb\xbd\xcf\xb5\xb7\xb5\xb5\xd3=\x15}\xe7\xfb\
\xdfw&\x9cc\xe7\x95\x1d;|\x0cU\xfb*\xa8\x5c\
!\xfb\xa3\xb1\x08\xf3\xa1Y_^\xbd,\x11\xc6\x1dZ\
/\x13\xa9^*\xf6\xaa\xb8\xd5T*\xa9\x84#\xe1g\
\xa9\x1f\xf0/\x1d\x1d\xf9\x7fl\xcdfw{\x5c\xee\x19\
4\xb6-\x0f\xcd\x9c\xd1\xb6\xf6\xae\xb5\xcdG\x8e\x1cy\
\xf33?y\xe6Ml-\xb3\xdf\xff\xd6\xeb\xaeE4\
>GM\xcd-\xea\xdfc_\x7f\xec\xb1\xc7.\xb9g\
\xcf\x9e\xcbW\xacX\xd1\x5c\xed\xeb\xeb\xcad\xb2}\x1e\
\xafgN<\x99\xdc\x9d\xca\xa4?\x13\x08\xfa\xa9_\x1f\
\xf8\xb7t&}\x86\xf1c\xd0s\x9e\xf5\x1a\xa9u4\
\x9d{\x1b\x9b\xd8{^C\x9c\xefC\x16\xbf\xce\xe7\xea\
\xb1\xc1m\x04cy\x19\xe8\x97\x18\xbd}D\xd4R%\
\xbc\xae\xa9\xaee\xac\x8f\xb1\x1e\xa8l&-\xbb\xdc\xae\
\x0f\xef?x\xe02\xd6\xc3\xb4g\xef^g\xc29v\
\xde\x19\x8d\xa9\xd1\xcc\x193\xd6G\x22\xe1SUu}\
\x95d\xc8\xef\xa3\xce\x7f\xc6\xb3\xcbz\xfb\xe8\x99\xd6\xd3\
\xdb#\xb7\xd3u\x99J&e\xea3\xd0\x8f\xd8\xa9H\
4\xfa\xcb`(\xf8\xad\x16W\xcb'\x5c\x1e\xf7G\xdc\
\x1e\xef\x87\xe9\xbf\x7f\xe3\xf2z>\xe8\xf6x>\xe0\xf5\
\xf9>@\xe3\x8c\xbf\xf1\x07\x02\x1f\xf6\xfa\xfc\x7fK\xfd\
\xf8O\x86B\xc1o\xc6\xa2\xb1_\xab\xbdB\xf1X=\
\x99J2\x0e\x5cz~\x17\x95J\x85\xa8\xfa\x86\x15\xed\
\x9c\x97\x81\xc67\xec\xb9\x81qzC#\x84\xe3\xe4\xd3\
\xb9\xb78=\x11\x81\xbb\x88\xd7\x11\xe2\xf4\x07\xb5\xfd\xa1\
\xack\x1b5x;\x08\xc7[\xdc\xc8\xf93\xfc?\xe0\
Y\xa6\xfb\xa9B\xef\xef\x7f\xda\xdb\xdbG\x13\xc98\xea\
\x1b\xe8s&\x9ac\xe7\xa5\xcd\x99C\xd7\xff\xac\x19\xfd\
\xc1P\xe07\x06\xff\x0f\xd0\x104\xb5;\x1a\xff\x92F\
]\xbb\xc1\xd5\xc3z}\x19/\x08\xf3\xb5{{{\x14\
\x86\xad\xef\xee\xeeR\xfb\x84;\xbb;\x15\xa6\x99\xd1\xd1\
\xd1\xa1\xe4\xf29\x85aq\xba\xe8y\xce\xbe\xafT*\
2\x1f\x9dq\xfa\xd6\x18\xe7\x08\xd3\xd2\xd4\xb0\xb9\x8d\xbf\
\x85\xcd\xb3\x1bK\xbc\xee\x07\xd7g\xc3\xe3pdCw\
\x18\x03-\x01]o\x10\xc38\xdf\xa2\xbbi\xd9\x07 \
\x07\x22\xeb\xf1!\x90\xef\x94@\x9doS\x0b\x9d]\x7f\
oo\xafB\xf7\xb8g\xd2\xe9\xf4\xcd\xc1@\xc0\x99d\
\x8e\x9d\xb76\x83\xc6\xee\x83\x83\xd3\x92t\xbe\xfeG\x99\
\xe3\xe3\xe7t\xc2\x0c=\x1f\xdc\xd0\xfe2\xf3k\x8d\xba\
yC{\x88\xad\xe1r\xb9\xcc\xf6\x07\xed\xa3b~N\
\xf7\x8d\x1a\xd1\xfe\x95M|<\xd14\x05\x1bg+\x91\
\x04N!\x0cx5\xb05\x97O\x04\xec\x9d\x99\xab\x13\
\xb8:8}\x81\x92\x81\xdf\xd5\xf7\x08b\xc3\xdbm\x5c\
\x8b\xae\x93f\xe2\x7f\xb4\xeb5{\x86dzmj\x0c\
\xc1\xee7\xdb\x9aU\xdcn\xf7\xf1/?\xfd\xc5I\xb3\
f\xcet&\x99c\xe7\xad\x15\xba\x0b\x88\x9e\xcf\xb7\xba\
\x5c\xae\x9f\xa9\xfa\xa1\x96\xb3\x1fC\xcd:\xb8\xfeeS\
3\x00\xf4\xc6I:\xc6N\xaaKP\xd7N\xaf\x9d\x03\
=\xd0\xc6\xfaWt\x5c\x1eih\xfa\xaa\xbf\x9b\x98|\
\xc2X\xc0\xdc\xea\x1c\xe4X\xe0\xd5\xc7\xf6:e\xe6^\
\xa1\xf5\xea\xca\x16\xaecb\x8e\x9b\xba\xa4\xd8\xd0*%\
`\xef\xd08R%.\xde\xd7\xfc#\x8d#\xadR\xa9\
\xd4i<T\x8f\x84\x22\xa3\x01_\xc0\xe9\xf3s\xec\xbc\
\xb6@0\x80<>\xdf5^\xaf\xe7\xc7\xc5b\x8f\x1a\
\xe3\x03]\x0f\x99Xu\x00\xd4\xafaP;7\xfcn\
\x1eG\x07\xfb\xe3t\xad0\x19hd\x0b\x9a\x7f\xe0\xeb\
D\xd4\xd4\x06k\x8e`\xf0\xbb\xb0\xbd\xcf@\xf4Z=\
\xa7\x0d*\x83~]\xd9\xfc}\xbaf9\xd1s\xfc\xb2\
$\xea\x96X\xf4\xcc$\x93\xd7S\x8b\x09T}\x15\xe6\
\xe3\xb0\xbd\xcb\xe3\xf5\xfcd\xc6\xf4\xe9\xd19\xb3f\xa9\
5\x0f\xc7\x1c;_-\x97\xcb!:\xaf\xaf\x8a\xc6\xa2\
\xdf\xed\xec\xeaTT\xcd0\x96\x03$\xdc\xd9)[5\
\xc21\xd4\xe56\xcfP\x0ccr\xa2\x10;\xee\x7fI\
\xe4\xc8\x86\xf8yn/1\xfai\x84\x98\xdd\xe0\xe6\xe5\
\xf4\xc2\x0dM!lb|\x89\x04\xb57t\xcd\x12C\
\xc3\x88\xf0:\x84\xfa\xbe\x010\xbdB\x8foc_3\
\x7f\xa7\xc9o\xc8j\x14\xacf\xe1r\xbb>}\xe4\xe8\
\x917=\xfa\xe8\xa3\xce\x04s\xec\xbc\xb6\xe1\xe1\x11\xf4\
\xc8#\x8fNNg3\x7fC\xe3V\x15O\xa3\xe1f\
mx\xaf\x89U\xd3\x16\xdb\xe8b`\x9dC\xd3\xce\x0f\
\xe7\xe3hQk\xd8\xf4\xb39?\x80\xe7\xd7 \x1c\xde\
N_\x8bD\xd1\xe3\x07\xc2\xe9\x8c\xea\xf5\x02\xa3o\x9f\
\xbbfbh\x1d\xe89F\xc9\x8cQLmnc/\
\xb0r\xfe7xO\x1b\xdaD\xf1x\xecL{.\xa7\
\x16\xfb\xf6\xee\xd9\xe3L0\xc7\xcek\xdb\xb9C\xf3O\
\xddn\xf7jV\xcfc8Z\x8c\xb5\xf5O\xb0\xd9\x03\
\x83%.F\xb6\xe1\xfd\x87\x18;I\xd0\xfa\x82\xeb\x85\
\x80\xf5Ol\xd7\xb3Y\x8f\xe7\xfam\x05\x7f@\x02\xb9\
9u\xfd\xcb@\xab\x94\xc3\xea\x11\x80\xcb\x01\xfd\xbaB\
\xed\xc0\xcc\xff\xa9\xb1\x80\xd9\xebkp\xfc\x8d\x81\xfd3\
\xd6\x7f\xb9\xccz\xfd\xfc/Db\x91\xccu7^\xe7\
L.\xc7\xce{{\xfc\xed\xef@\xb7\xdcv\x1bjj\
n\x1e\x0a\x04\x02Ls\xa7\x8eq\xd1\x88\xff1\xd4\xb4\
\xc2\xa2\x86\xb0\xa9\x7fe\xe6\xc9\xac\xda\xbeD\xcc\xc3Y\
\xf4\xf2x\xddp\x02\xb1\xfa\xa2\xcf\x81%\xfdL\x17\xce\
p\x91wW2\xf9:\x00\xbf\x07\xa8\x19(\xc0\xdf\x97\
A^__\xf3\xe6u\x08<?\x5c\xaf\xaf\x8a\xf5S\
\xd7~\xbdT*\x9d\x09\x86\x82\xbf\xe8\xee\xear\xe7\xf3\
9gr9v\xde\x1b\xd3\x08\xea\xe8\xc8\xa3|>_\
\x0a\x06\x03\xcf\xb3<\x16=\xff\xeb\x84\xd3\xb94c\x01\
\x0c\xceUlra\x09\xdc\xd80\xd7\x87mt\xff\xec\
\xf4\x80$^C\xdc\xd8c\x08\xc4\xdb\x18:\xc2\xc2~\
\xc0i\x87\x13^k\xd4\xf0\xe3\x81\xe60\xd7\xbfC\xc4\
\x1eaP\xf3\x04\xe3\x9cf1\x81XAM\xdb\xa0\xde\
\xd9\xd5Y\xa3\xcf\xf0\xe3;\xb6m\xbf\x9aq!:\xe6\
\xd8\x85`K\x97.E\xcb\x97/o\xf1\xf9\xbc\xdfb\
5\x00\xcct~8\xbdkN\x07\x0b\xec\x05\x18\x9c\xbd\
\x04`c\xb8\xf5/\x1b_35\xc5d~\x9ds\x9c\
\xda\xfc\xd7\x8c\xb3\x9e\xff>\xe3k\xd8\x5c\x8f\xc0'\x90\
\xcd\xbfk\xaeSXk\xd0\xfd{b\xe6\x1dd}\x9d\
\x1b\xf7\xa4~o\x09\xfa%2\xbf/\xea:\xa7\x92\xac\
\xf6\xfbdRJSS\x93\x1a\xf4\xdf{\xd8\xe1\xf8r\
\xec\xc2\xb0\x83\x87\x0e\xa0_>\xfb\x1fo\x9a\xda\xd4\xf4\
\xbfr\xedm\x82v\xa7\x04p7\x8d\xf5\x87\x01G\x16\
\xf0\xb3\xf9s\x1c\xdb\x9e\xfd\x96\xbc\x1f\x96\xb8^<\x03\
W\x8f\x85|\x0310\xc0\xb0\xdf^\xbd\x16v}\x84\
\x88:\xbc\xc6\x99\xcf\xe3v8\xce\x1e\xa1w\x0f\xea \
\x13\xeew\x89\x5c\xa1\xb0\xe6\xa9\xd5\xfd\xab\x95z4\x1a\
9\xdd\xd5\xdd\xb5\xae\x84Kh\xcf\xbe}\xce\xc4r\xec\
\x82\xb0\xed;\xb6\xa1\xdb\xa7NE\xf1x\xf2]\xb1X\
L\xd1\xfal\xa0\x86/\x17?\x8b}\xb0\xda\xba\xc4\xbc\
\x7fM\xb8\x9c\x9a\x89\xd7\xb5\xaeS\xcc\xf9\xd7l\xbcl\
\xe4\xdc\xb8\xfa\xbb\x81)\x80k\x92\xc0\x1c\x22\x1c\xd3{\
t\x08\xf0\x0fL\xfe\x1fm\xcf\xe2\xf9z9}\x0f\x98\
;\xd0\xaf\x19\x9bg>\x9f\xe7 \xaa\xde\xa1\x12\xf0\xfb\
\x7f1:<\x9c\xbbc\xf5jgR9vA\xd95\
\xd7\x5c\x83J\xc5\xd2\x02\xaf\xd7\xf3b\xb9B\x1a\xf9/\
\xfe\xbc\xb4\xf4\xc8\x13\xbd\xe7\x86?\xdfan_\xdf#\
\xf0\x98\x98\x1a\x9e\x87C\xc3\x0c\x10\xc5\xd4\xde\xe5\xf7\x0d\
\xd1\xcf z\xdcarq\x99k\x9a\xfb>IX\xe3\
\xd6\x5c \x7f\x1f\xd8\xc4\x08p5\x03]\xb7\x18\xfc\x1e\
\x22\xd5\xbb\x0b]JKK\xd3\xb7\xe9\xb3\xbb\x92\xf5=\
;\xe6\xd8\x85d\xb7\xddv\x0b\xf2\xf9\xbd\xae\xa6\xe6\xa9\
\xcf2\xed\xed\xb2\xca\x91o\xa9\x8fYzi!\xf6\xc7\
\xcc\x99a\xb1\xcef\xe6\x07\xf4\xaf\x11\xab?.\xc1\x1c\
<\xe1\xd6\xb0l\xcd\x0d\x92\x06~\x10\xe4\x12\x8d3_\
\xc7\x0e\x83\x5c \x11\xf3\x99\xa6\x8e\x87\x04bz\xbe6\
Q\xb2j\x01\xd9\xec_t\xcd\xd7r\xb9\xf6\xba\xd7\xeb\
\xfeZgW\xfb\xe4X,\xe2L(\xc7.(#e\
\x8cFF\xe7]\xed\xf7{?\xabrfW+f\xbd\
\x1c\x9b}\xf2\x90\xefZ\xac\xadi\xbe7\xe1\xf3gD\
\x5c\xb7 \x17\xc8\xf5\xd1Jr\x03[\xcfa\xed\x80\x0f\
\xcf\xf5\xd9\x19\xf1\xbf\xc9\xdd\xad\xe3\x82\xf9\xdaB\xe3o\
\xe8uL\x90\x13\x90%\xb8W\xc0\x9a\x81\xb1\x1f\x94\xb8\
\x1e\x22\x22\xd6C\x1a\xf7\x5c\xed\xab\x9c\xc9f2\xb5L\
&\xf3\xb7O\xbe\xeb\xc9IL\xcb\xd01\xc7.$\xdb\
\xb6}\x9b\xfa\xef\x8d7\xdd\xb0-\x99\x88\xd3\xf5_\x95\
1\xc8yaC\xe7V\x92\xe1\xb9N\xacy|\x80\xa9\
\x13\xfbs!?\xaed`v\xcc:\x1d\xe6|mb\
po\x81\xde},\xc9|\xec\xc0\xe7\xe3\xad\x5c\xde\x12\
<\xc3u\x9f\xbe\xb1\x1fp\x9c\x00\x10\xd7l\xd68\xf5\
~ \x0c\xf3\x82\x00/H\x7f\xa6\xaf\xafZK\xc4c\
gR\xa9\xd4&\xf6\x0c7l\xd8\xe0L(\xc7.\xac\
\xf3\xbfX@\xf1x\x0cE\x22\xe1\xa5^\xaf\x97\xf5\xb2\
\x18>6W\xef\xb2\xf0\x5c\x9b\xf5A\x98\xdb3\xf2u\
\x10\x9f\xcf\xe1\x88\xcd\x1e \x0c\xf9\xf6\xb8\xb3\xd6\xccA\
\x82>$\xd9\xc4\xfc\xf2\xbd\xba\x04\x9b\xbc\xdd\xc4\xc2\xc9\
o9\xe7e\x98\xfb\xb7\xc4\x19\xfa\xf9\x8f\xb5=\xa7Q\
\xa7\xe0\xf7\x99\xc6\x9e\xd0W\xad\xd4B\xc1\xe0\xe9\xa6\xe6\
f\x95\xe0\xfb\xc0_H\xe3\xd01\xc7^+\xbb\xef\x81\
\x07\xd0\xc8\xc8|4s\xe6P\xb8\xa5\xa5\xe9\x99\x9eB\
\x8f\xc2\xf85\xcd\xbc?\xc4\xd4\x18\xbd22\x9f\x077\
sg\x8d\xf3\x5c\xcc\xaf\x991\x85\x86\xc3\xe7\xfav\x8c\
\x9e:\xb3\xff\x10`\x00\x0d\x1eN\x1b\x9c\xa1\x99w \
\x10s\x88A\xce\x90`\xb1o\x89\xef!\x10\xf6\x08\xb1\
w\x98\x8f\x0f\xcc\xf5\xafr\x8e\xd3\xf5\xef\xf3z_\xba\
\xf5\x96[zo\xb8\xfezt\xec\xc41gB9v\
\xc1\xd9\x07?\xf2!\xb4i\xc3\xda\x89\xc1`\xe0\x93m\
m\xed,\x07P\x07u;\xa3WW\xe8\xb37t0\
\xac\xb1\xb1\x04\xcee\xc96g\xcfc\x04\xcd\xba=!\
\x16\xcdMY\xb2\xe9\x19\xe2j\xf4D\xc8\xd1\x9b\xf1\x03\
\xd0\xf2\x90\x14\xd8\xcb\xa3\xe7\x03\x88\xc8\x01N\x00\x8e\x80\
\xdb'\x84\x98\x86\xfel\xa5R>\x1d\x08\x04\xfe\xd4\xec\
j\xe9nq\xb9\xd0\xe1C\xf7:\x93\xc9\xb1\x0b\xcev\
\xed\xd6\xf4\x00\xb2\xd9\xcc\x8a`0t\xba\xafZ\xad\xeb\
<\x1d\x1a\x0e\xaf\xc1\xab\xcf\xf7\xdb\x9b\xb5\xfd\x06w\x88\
\xd9\xc7G \xceV\xe6{|\x05^\x0e\xd0\xf7\xab\xaf\
Q\x0cc\x03\x13\xab\x0bb\x0f\x1b\x1d\x0f\x9e\xbf\x08\xf4\
\xfe\x19>\x01\xa7\xd5C\xe0\xf5\x19\xb9\x0d\xa0\xf7G\xcc\
:\xa0$\xf6AKF\xef\xef\xe9p(\xfc<\x8d\xff\
s\xc9d\x12\x1d>|\xc8\x99L\x8e]\x90\x16\x8fD\
Q:\x91\x8cx=\x9e_\x97\x8a%U\xbf^\xd3\xd5\
\xb0b\x01\x8c\xfe\x19p\xae\xea\xb5>\x11\xeb\xd7\xd0\xc2\
\xe6\xf1\xc4<_\xa7\xc2\xed\x1d\xe29\x8b%.&\x00\
\xd8\x00\xbe/W\x8f\xdd9\x0d\xcf\xc6\xf9\x8dm\xf7\x09\
#^\x81}\x06\xe2\xef#\xe0~0\xc1\x9c\x168\x96\
Jg\xa2\xd1\xc8/\xe9~\x99*;<\xff\x8e]\xc0\
6:2\xcct~\xde\xd2\xd2\xd2\xf2\xc1\xd6l+\xc3\
\x02\xd6I\xd9\x8c\xdb\xd53\x99`\x9e\x83\x97@\x1e\x1f\
\xe8\x0f\x00\xbel\x88'$\xd8\xa8#\x80^\xa1\x06\xef\
\x18\x8f\x13&\x5c\xaf.\xe0\xf93\xf6\x0b\x09\xe8y\x9b\
\xbd\xfc\x84\xcfO\x9a\xbf\x87\xe7\xee\xb5\xe5\x03%<\x97\
\x81\x99c\x04\xfa\xbf\x18`\x08\x8a\xc5\x9ez4\x12\xf9\
\xf9\xfcy\xf3\xa2\xb3f9|\x7f\x8e]\xb8V&\x18\
uvu\xa2l[\xeb\x9d\xa1`\xf0\x94\xba\xfe\x0dn\
NI\xd7\xc1\x94a-\xcd\xd0\xbc&\xfa\xda\xb6\xc9\x05\
pu?\x09\xf0oZ\xcef\xb3O\x87\xd8\xf7\xed\x1a\
y>\x8c9\xdd-\x0c9\x0b\x895\xf7o\xecA\x8d\
\xfe\x05,\xf6#c\x1b, \xc7I\x829<\xa3~\
\x8d\xbd\xbd\x85z$\x12\xfe\xf9\xe8\xe8ht\xee\xdc\xb9\
\xce$r\xec\x82\xb5#G\x8e\xa0\xd9sf!R!\
\xb7{\xbc\x9eg\x18O\xb7\xce\xcb\xcd\xcd{>\x0ef\
\x98}\x80\xa5\xc76\xb9=\x11\x03d\xc6\xef\xc4\xa8\xfd\
\x19~\x84,\xe4\xedM\xceP\xc89,\xec\x09F=\
\x01c\x0e;h\xe8\xf4B\xdc \xc0\xfc\x133\xcfh\
\xfeM\xb3\xe6(K\x92X\x93\xe4k\x85\xc5\xde\x9ez\
<\x16\xff\xc5\x8a\xe5+\xe2\x8b\x16.r&\x91c\x17\
\xb4\x15q\x09\x1d\xbe\xff\xbeI\x89D\xe2=\xad\xd9\xac\
R\xa96\xd6?\x91l\xf0u\xb0O\x06\xd4\xde\xc5\x9c\
\x80\xce\xd9GL\xad\x1d\x02q\x03D25}\x88\x81\
-\x94\x01\x1e\xb8\xb1\x07h<\x9d\x22?!\xfc\x9d@\
\xbf\x97\xe3\x0c&\x5c\xdf\x10\x87_\x06\xdc\xa1f\x9f\x13\
!\x06\xbf\xb7\x8eE\xe2\xe3\x95F\xde\xa0X\xec\xad\xc5\
b\xb1\x1f\xdfq\xc7\xea\xe0\xb2\xa5K\x9c\x09\xe4\xd8\x05\
m\xc7\x8e\x1dA7\xdfz\x1b\x8a%\x12\x95p$\xfc\
\xa7\xb2\xa6\xf3\xd18\x9b1\x8f\xdb\x17\xf8:\x00F@\
\xe0\xfc\xd1\xf4\x01\xb8^<\xa0\xb5\x03\xb4\xb7\xf4>~\
\x8d\x9b\x93\x00\xbc\x0fW\xbb\x13\xf1\xf8\x5c}\xbe\xb1\x97\
\x10\x03[l\xf0\x00\x00\xdc\x91\xa9\x07b\xfa\xf9\x18\xd6\
\xfc\x05>\x01\x91\x8bL\xdfszzzj\xf1x\xfc\
\xe4\x1dw\xac\x8a9\xeb\xdf\xb1\x0b\xdd6o\xd9\x84\x16\
,^\x84\x96\xad\x5cy\x9d\xcb\xe3\xfe\x02\xd3\xf3\xa9T\
\xca\x96\xba\xbbX\x9b3\xe2d\x22\xf2\xf2\xea\xfa\x99\x84\
\xeb\x1d$\x1cVP\xd4\xee\x02\x9c\x9d\x92\xc03\xcei\
z\x81Z\x02\xc0\x0f54> ?\x81\xce\xd5i\xdb\
\x1f`\xf2\x85K&\xaf\xaf\xa1\x11\x0a8\xd1\xf9>D\
u\x7f*\x16\x8bg\x12\xf1\xc4\xf3\x8b\x16,l\x1f\x9e\
?\xdf\x99@\x8e]\xf0\x96\xcd\xb7!_\xc0\x87\xa2\xf1\
\xe8V\xea\x03\x9c\xaej\xda`\x02\xcf\xafYSo\xe0\
\x03dP\x0f\x14rp\x9cn\x16\xd3\xd8\x15\xf8D\x09\
\xe0\xe3\x22\xc070\xe3\x07,r\xf7\x08|\x03\x84\xc7\
 B\xee>P\x97\xb4r\x18sx!\xa3\xae)b\
\x09$\xdb<F\xc3W\xa9\x85\xc3\xe1\x17\xaa\xd5J\x9e\
\xfe\x1f\x1d\xbf\xef\xb83\x81\x1c\xbb\xa0\xed\xe8\xb1\xfbP\
 \x10D\xed\xed\xb9\xdb\xddn\xf7O{z\x0a\x8a\xaa\
\x0fH,\xdax\x80\xc7G\xe4\x02\xc0\xd6\x1e@\x15\xfb\
G\x04\x9e_A;\x1b\xf8\x0f\xc4F_\xc8\xc0\xdd\x08\
\xbc\xe2\x84X\xf4J\xf8uJ\xb8\x1eB\xc8\xed!\x03\
\xed@\x1es,\xf6\x17\xd9\xf4:\xb1\xf5\x1f\x0c\x04\xfe\
\x94L%\xbb\x18\xfe\xc7Y\xff\x8e]\x0c6:2\xaa\
jv\xfb\x03\xfe}\xb1X\x94\xf5\xb9\x18|\xf8\xea\x19\
\xde\xe8\xb9\xc5B_\x8c\x81\xd3\x07\xb9|\x88\xa5#V\
n}\x18\x03(\x5c\x8e\xdf\xd0\xf05u\x7f4^r\
\xaew@\x06\xba]\x06\x96\x17\xe0\xfcd\x91\xf7\xd3\xd0\
\x11#\x5c\xde\xd0\xe0\xf8+7\xf2}&6\x88\xd3\x08\
\x84uM\xc6\xfd}\xda\xef\xf7\xbft{\xf3\xd4\xc2\xed\
M\xb7\xa3\xfb\x8e9\xf8\x7f\xc7.|\x1b\xe8\x1f`u\
@T,\x15\xc3-\xcd\xcd\xcf\x14\xa8\x0fPV\xf3\x00\
\x90sC2\xb86\x1a<\x01\x5c\x9f>\x96 \xff&\
\x96\x85\x9e\x1dCs\x17\xf2\x87\x9b\xf8\x02\xa6\xab\x85e\
\xc8\x1b\x8c\x0d\x5c.\xdfWL\xa0\x16\x1f\xd6s{\xdc\
\xdf\xb0h\x0c\xe9\xfb\x85\x80!4\xb0\xc0P[\xcc\xec\
\x0f\x90\x04,\x00f}Rg|\x81\xc0K\xd7]\x7f\
C\xef\x94)W\xa3\xfbO<\xe0L\x1e\xc7.\x0a\xd3\
\xf5+=\x1e\xf7\xdbB\xe1\x90R\xa9\xf6\xc9\x9c\xd6\x1e\
\xc7\xdd\x0b\xf93`\x8d\x0c\xf3\x9a\xd9\x04r\x86\xf2~\
5\x81\xb9u]\xeb\x0fC\xee!3>\x00\xd8<\x98\
\xc7\xe7\xb5?\x08\xc4\x09\x83k1y\xfed\xa8# \
\xf6\x14\x19\x1aB\x92$\xf3\xb5\x00\xf3\x9e\x99\xeeG(\
\x1c\xa6>@`\x06{V'N\x9cp&\x8ec\x17\
\x85\xdd\xbd\xebn\xe4q\xbbQggg\xd2\xedv\xff\
gOo\x0f\xc3\x02\x00\xeeOl\xc5\xf8\x19\xf9:\xab\
\xfe\x87\xb1\xf6\xa1&\x9f\xd1\xb3o`u,\x9acz\
\xcd\x9f\xd8\xe9\x82Z\xf9{8N\x22\x8e\xc7\x90\x00\xcc\
\xaf\xb0\x0fq\xbaA\x5c\xaf\xa0\x89k\xc0&\xa7\x88\xf1\
{\x18\xffW<\x1e\xaf\xf5\x16\x8b\xbb\xd9~y\xcf\xee\
\xdd\xce\xc4q\xec\xa2\xb15w\xde\x89\xbe\xf8\x85/\x5c\
\x12\xf0\xfb\x1fI\xc4\xe3J\xb5Z6\xf3\xfd\x06W.\
\x015=\xcc\xe7\xe0\x01V^\xe4\x08\xd1\xceV\xc2a\
\x83\x08\x06\xd8>\xc2swZ\xf589_\x9e\xab\x0d\
\xe8\xb8\x03\xc3\x8f'\x9c\x0e\x80,h\x99\xc9\x22\x0f\xb1\
\xf1}\xa6\xde\x80\x0c\xf6,\xc3o)\x97I-\x99J\
\xd6{K\xbd\x1f\xfb\xf4\xdf\x7f\xf2\x92\xa5\xcb\x97:\x93\
\xc6\xb1\x8b\xc6\x18\x9f\xf5\xec\xd9\xb3\x10\x9d\xefi\x9f\xcf\
\xfb\x8b\xde^\x96\x07`=\xc1%\x0b&P\xd7\x0c\x07\
\xb9x\xa3\x07W]Se\x93K\xc0\xfc *\x17\x18\
\xd1\xf7\x02\xb0W\x94\x81&\xb7\x9e\xeb+\xc3\xf8\x9c[\
\xcf\xa6\xee/\x7f\xf6\x83=\x81\xf0\xf8@B@\x8f0\
\xc4\x0a\xf1\xbc&fN\x91\xcbi\x1a\xf7U\xcfd3\
J*\x9d\xfa\xda\xf2\xe5\xcb&w\x17\xba\x9dI\xe3\xd8\
EcG\x8e\x1cBG\x8e\x1fSk\x01\xd1X\xe4D\
,\x1eS\xf1@D\x88\xe9A\xef\x8eL\x04\xfd?\x03\
\xd7G\xc4>\x1e\xdd\xf7&\xb2\xa8\xefKl\xb8\x041\
\x88\x03L_\x82\xf0\x5c@\xe0l\x17y\x81\x0c=\x00\
\xb3\xc7P\xe7\x10\x86uA\xd9\x06\xef/\xf8\x1f&\x0e\
\x98\xad\xff|>\xafx<\xdeo$\xe2\x897O\x1f\
t\xf8?\x1d\xbb\xf8\xf2\x80\xd9L\x06\xe1\x12\x0ex\xbc\
\x9e\x1f\x15\xba\xbb5L\xa0\xa8\xe9a\xd4\xfa8\xfc\x9f\
\xa5\xa7\xcf\xe4\xf7\xb4h\xf3\x82s\x98\xae\xeb\xb2\xc0\xf3\
e\xe8\x0a\x00\xcdN\xcdgP\x00\x7f\x87\xee\xc7\xcbf\
\x9c/j\x8dK|^\x8f\xf0<Ce\xd8\x83l\xf8\
\x1a\x16l\xa3q\xfe\xf7\xf4\xf4(--\xcd?\x983\
g\xce\xcd\xdb\xb6mu&\x8cc\x17\x95\xadZ\xb9\x1a\
=\xf1\x8e\xc7\xd5\xcfc\xb1\xe8\x8e`0pZ\xc3\x03\
Y\xf5~9\xee\x7f^\x0f\x00`xA\x9d\x0dr\xff\
\xf0\xb8\x1e.Gg\xea\x90aA\xa3\x8f\xef\xdb3z\
\xf6\x84\x9e]\xa1\xefG\xe65C\x8d\x1c\xa3,\xe8\x18\
\x989\x0e\x03wl\xf2 \xea1\x05\xf3K\x02\xfe\xc0\
\xf3\xd3\xa7\x0f\xce\x9a?\x7f\x1e:x\xd0\xe1\x00u\xec\
\xe2\xb2-\x9b6\xa32\x91\xd0\xb4\xbe\xbe\xab\xe9\xfa\xff\
Bk[\x96\xe5\xbe\xea\xb0^n\xc7\x11d\xac\x15\x91\
\x93\xd3\xc2\x05\xc4k\x0d\x03\xadN\xd9\xac\xf9\xe9<\xa2\
vk\x11\xf4\xea\x83\x0f\xab\xde(\xe6\xb9\xc6\x08\xe6}\
\x7f\x13\x97$\x9b}\x7f\xb0\x06\xc8k\x05\xd1k\xaa\x95\
+\xe5Z4\x1aQ\xda\xb2\xd9m\x9d\xf9<\xda\xbam\
\x873a\x1c\xbb\xe8\xec\x9e]Zm\xab\xb5\xb5\xb5\xe2\
\xf7{\x9f-\x95z\xb5\x9e\x5c\x95#\x90\xd4\xcd\xde\x19\
\xcb^`\xf6\xdbq\xe7\xb4\x81\x11\x92!\x8f\xb8\x11?\
@\xadO\xad\xfe\xa6i\x004\xd6'&\x1a\x1f\x91\x19\
c\xe8\x18\x01\x0c\xeav\x12\xa8\xfbs\xfa\xc00n\xe0\
\xf1\x0c\x04\x1b\x1c\xe6\xda\xfeDdX?lh#i\
\xf8G\x8c\xeb\x8c+5\x95J)\xb7\xder\xdb^\xf6\
|\x0e\x1ct8@\x1d\xbb\xf8l\xe9\x92\xa5h\xf7=\
{\xd4\x5c`$\x12~\x8c\xd5\x03\x1b\x1cAu}\x9d\
\xea\x9a\x19X\xd0\x08\x90\x04\xdd<\xc0\xb1\xc5\xeb\xfc\x11\
3\xae\xb7h\x83\x1bq\x839\x86\x09\x16k\x82\x5c=\
\x0fK\x9c\xf6\x8fb\xf4\x10\x00\xae\x00\xbd\xbf\x08\xc3\xde\
\x7f\xc9\xca9(\xf6\x007\xb0\x8fr\xb9\x5cf9@\
\xd9\x1f\x08~\xf2\xc0\xbd\xf7^\xb3|\xe5Jg\xb28\
vQ\xda\xf6\xed;Q\xb6\xb5\x15\x15z\x0a\xcd.W\
\xcb\xb7r\xf9\x1c\xe3\xc0\xe7\xfa\xf8%C\xcf\x0b\x835\
\x8eeNG\x97\xe7\xffSx\xce\x0e,s\xfdx@\
w\x13r\x91I\x00\xb7/\xacK\x8b\xfe\x80\xe1\xeb\x13\
\x09p\xff\xea\xd7H8<\x11\x81\x1aBd,~@\
I\xff>\xe6\xfb\xc8\xbd\xc5\xdeZ(\x14\xfa\x8f\xde\x9e\
^ogg\xa73Q\x1c\xbbh\xedX\x83\xe3:\x9d\
N/\xf1\xf9\xbc/b\x5clp\x04\x19kE\xb6\xd1\
\xe2\xb2\xf6\xe6\x11N{S6\xd7\xb4\x05W,\xebz\
\x80F\x0e\x1e\x1b=\x08\x96u\xc9\xc5\xf8\x84\xe3\xee\x16\
9\x8c\x04\xedO,\x03\xbeR]\xf3L\x91\xac\xdc_\
\xb2\xa8[\xc0r\x00\x01\xbf\xffy\xb7\xcb\x95\xbe\xe2\xf2\
\xcb\xd1\x81\x03\x07\x9c\x89\xe2\xd8Ei\x9b6\xacG[\
6oF\x87\x8f\x1c\x9b\xe4\xf5\xf9\xee\x8f\xc5\xa2\xf5j\
\xa5b\xf8\xd4\x18\x83u\x8f\xb1e\xad\x99\x1c\x22\x00#\
L\x04~\x1f\xa1Vh\xf0\xf6\xa9z|\x80\xcf\x97\xf0\
<c\x5c\x7f\x9f\x849\xae1so!\x06w81\
\xfb\xfe8\xad\x1f\x02\xeb\x15j\xfcPRl\xb5\x0cY\
\xec\x80\x99\x0eH\xa5\x1e\x8f\xc7^\xca\xe7r\xaa\x0e\xe0\
\x81\x03N\x0e\xc0\xb1\x8b\xd7vl\xdf\x8e\xb2\xd9V\xd4\
_\xed\xf7\xd0=\xe0{L7\x98aa%\xa9$\xeb\
\xf9>\x8c\xb1\x22hr\x88\xb5x\xe8\x07\xc0\x9c\x9d\x81\
\xb3\x01\x9c\x1c`\x1f\xe0pBF\xbf\x10\xd0\x06\x83\xfc\
\xdep\x8d\x9b\xfd~\x84\xc3\xf7\x1b\x1f@\x9f\x18\xe0\x9b\
\xcd\xbf\x03{\xffp\xa3\x17\x80}\x90JYnko\
S\xbc^\xef'\x1e8\xf1\xe0\xc4\x07\x1ex\xc8\x99$\
\x8e]\xb4\xb6e\xf3V\x15\x17\xd4\xd4\xdc\x8c\x02\xc1\x10\
nii\xf9U\xb1\xb7\xc0\xfa\xe1e}M\xf0\xbc \
b-\x1eh\x00\x9ax?\xc8\xef\xc7\xd7\x12\xf8\xf5h\
r\x00`\xbe\xaf\x97p\xdc\xc4\x92\x8d\x96\x9f\xc9\x15B\
L\x0d\x13\x98G\x80u\x07\xcb578\x0fL\x8d`\
\xcd\xdfQ\xf3\x9e\xc5RQq\xb9\x5c?X\xb1b\xa5\
o\xcd\x9a5\xe8\xc4\xf1\xfb\x9d\x89\xe2\xd8Ek\xc7\x8f\
\xde\x87V\xaeX\xa5\xd6\x03\x12\xf1\xf8\xdd\xa1`\xa0\x06\
4xd\x1b,\x80l\xe1\xd0\xe2\xf86a\x8d\xce\xf2\
=\x86\x0e\x19\x11\xb8|D\xae~\xb3\xbeOt\xdc\x90\
L\xa0&\xa1\xa9G*C\xcd\xe12\x91\xf8\xdeC\xc2\
a\x0d\xa1\xa60\xbf\xfe\x1b1\x00\xab\x03D\xc2\xd1\x97\
Z\xb3\xad\xf3\xe2\xf1\xb8\xd1?\xed\x98c\x17\xab\x11R\
F\x83\xd3\x06\xd0\xdc9\xb3\xaf\xf6{}\x1fI$\xe2\
:O\x88\xdc\x88\x05\xa0n\x86\x0cux\x09\xc4\xeb\xf3\
>\x82\xd1G\xa0qra\xae/\x88\xef)\xc6\x1c\xff\
\x80\x89\xe7\xc7\xd6^\x02\x13wl\xc6\xff:~\xc0\xbc\
\x16\x19\xe6-L|PC\xa7\x04\x8b\xf5K\xa6\x8b\xa8\
\xc5/\x15\xba\xfe\xd3\xa9\x14\xeb\x05x\xe0s\x9f\xff\x87\
Is\xe79z \x8e]\xfcV)\x13\xd4\xdd\xd9\x81\
\x86\x06\xa7M\xa5\xf1\xef\xe7[[\xb3J\x833\x94\xc6\
\x00\xa5:\x01\x9a\xde\xbc\x0e7V8.?+\x8eX\
\x86X;\xab\xf6\xaf\xd9\xbb'q\xf5yl\xed\x156\
\xf8?\xf5\xbee\xc2\xf5!K\x80+\x18\xf8\xfafm\
\x11\xe8\x84\x18{\x94^\x83\xc0\xea}\xaa{\x07\xe3K\
\x0e\x04\xfc?\xe9\xe8\xcc\xdd\x90J%\x9c\xc9\xe1\xd8E\
o\x87\x0e\x1eD\xef\x7f\xf7\xe3\xe8\xad\xd7\xdd\x88z{\
{:\x02\x01\xdf3\x85B\x17\xe3\xc6\xa9cs\xfd\x03\
>>\xa3\x9e\xcf\xeb\x00\x125\x8e6b\x05\x0c\xb9\x86\
\xf4\x98\xdd\xe8\xc5'\x02\x1f\xb7\x04\xf4<@\x7f\x0eX\
\xaf\xd8\xc4\x08B\xcc\xb2\xf9\x7f\x89\xe3%\x07XD\x83\
sP\xb6\xc4(\xd8\xe4?\xc3*7!Q\x82\x81\xc0\
\xef\xf3\xb9\x8e\x81D\x22\x89\x96\xacX\xe1L\x10\xc7.\
z\xdb\xb4~-\xfa\xe0\xfb\xdf\xad~\xde\x9a\xc9\x0c\xfb\
\xfd\xbe\xe7U\xfd0\xd5\x0f0\xceox\x96\x82\xda:\
8Kyl\x0f\xd4\xfb\x015}\xa2\xf08\x1e\xa0\xf5\
c\xd1\x120\xeb\xf9Z<a\xfe^\xc8\x15\xc2c\x07\
\xc1\xf9O\xf8\xfd\xc1\x8e?\x5c\x8b\x01\xb4\x0f\xa6s\xc2\
\xb0\xc0>\x7f\xf0],/\xb2m\xe7Ngr8\xf6\
\xc6\xc9\x07`\x09\xfd\xe8\xbb\xcfL\xf0\xb8=k|>\
\xdf\x1f\xd8\x9a\xa1~\x80\x9a'\x13x{\xed\xf5\xc4-\
\x1a\x9c\x12\xe4\xf5\xb4\xf4\xe2\x0bz\x226\xbc\xfd\x98\xdb\
\x1b\x08\x16u\xbe\xad\x1a\x85\x84\xeb\x05\xe0\xf1\x84|\x5c\
\xa2\x9d\xfd\xd4\xc7Q?X\xbe\x83\xed\x05===\xb2\
\xd7\xe7\xffY\xff\xf4\xa1he`\x00\xd1\xefu&\x86\
co\x08k\xcb\xb62\x9e\x00\xf4W\xef\xf9\xd0\xc4@\
 \xb0\xd7\x1f\xf0\xbd\x84K%E\xd3\x10\x83\x1c\xfd\xba\
\xdf,\x01\x8c\x90\xd9\xf7\xcb\xf3l\x8b5\x7f\xbe\x06\xa8\
\xe1p\xb9\xba\xa1\xa1\x1b\xaa\xf9\x16\x04p\x8f\x02\xbc\x10\
\x96\xa0\xfe\xa8\x81\x1b(K\xa0\xbf\x90\x00\xaeP\xedZ\
9\x1c\xa3\x96\xfbW\xe3\x7f\xb6\x07h1\x00)\xd7\x83\
\xa1p-\x12\x8b/g\xcfd\xa5\xd3\x0f\xe0\xd8\x1b\xc8\
\xdcS\xbdh\x80\x9e{;\xef\xdeqU4\x16}$\
\x14\x0a\x9e\xa9V*\x0a\x11\xf0\xbcX\xc7\xd0\xe8\xeb\x1f\
\xf2\xf1a\xbe\xcf\x96\xe7\x16\x80\xf8[\x22\x9c\xc7\x02\x1f\
\x00\x06{\x031\xb9\x07\xb0\xeeKh\xfcc\xb0'\x11\
j\x00\xcaP'\x80\xc7\x0e\x9b\x9cDX\xf7M\x1a\x98\
\xa7r\xa5\x5c\xcf\xe5s\xb2\xcf\xef\xfb\xe2\xc8\xfc\xf9\x97\
-\x18vt\xc1\x1c{\xe3\xd8\xb6\x1d\xdb\xd0\xc2E\x0b\
\xd0\xe0\xf4A\xb4d\xe9\xd2\x1b\xc2\x91\xf0{\x13\xf1\xd8\
K\x15\xe6\x03p\xfc\xe1\x06\x86\x0e\xf6\xda\x00,\x0e6\
\xd6\xb4\x89\xc91{\xf7\x08X\xcf\x92\xc9\x15\xc6i\x06\
@\xdc\x9f\xae7\x00x\x0ba\x9e\x90\xd77\x05\xbc\x82\
|\x1c\x00z\x93y\xad\x03\xb0G\x91:\xdb\x03\xbc^\
\xefos\xed\xed\x03\xc5\xde^4{\xf6\x1cgb8\
\xf6\x86\xb3j_?Z\xb0h\xd1\x0d\xc1P\xf0}\xd1\
x\xf4L\xb9\x0c{\xff\xb1\x82-Z\x02z<`h\
n\x98>\x03\xcf3(\xe0\xfa\x88%f\x07}:Z\
\xee\x9f@\x0c\x22\xe4\xf1\x07\xdc\x01\x06\xce\x97\xf0k\xde\
&\xffg\xf4\x08\xe99@c/#r\xb5\xda\xa7\xf2\
\x8265\xb7<\xf9W\xef{\xff\xa5\x8b\x17-q&\
\x83co8\xa3k\x1faB\xd0\x9c\xb9sn\xa2{\
\xc0{b\xd1\xd8\x99\xb2\x04\xb5A\x0dN\x1f\xc8%&\
\x8b<\x01\x12\x16\xb5\xbfU<\x8e\xcc\xf3\xfa\xe9qE\
\x89\xfe\x9e\x92\x85w\x0c\x93\xb1\xb0\x05\x16\x5c\x81^c\
\x00\xd8\x02\x22s8&\xd8K\x88M~\x22-\xae \
uR.\xd7\x8b\xa5R\xcd\xeb\xf3>\x97i\xcd$]\
\x1e\x17\xda\xb2e\xa33!\x1c{C\x1a\xa9\x94\xd1\xa2\
E\x8bo\x8aD\xa2O\x84B\xa1S:\x0f \x16\xfb\
\x85\xf55\x84-}\xbaz\x9f\x8f\x22\xe6\x02\x8d\xbec\
\x02\x7f\x17\xc7M\x08\xe3\x0e\xd0\xc7\x8b!\x8f \xd0\x18\
&\x82^\x18\xcfSj\xac\x7fl\x93\xc7\xd4}\x17B\
\xea\xd5j\xa5\x1eO\xc4\xe5X,\xfa\x10\xc3\x02;x\
`\xc7\xde\xa8F\xcf\x7fT\xa9T\xd1\x86\xf5\x1b\xa7\xb8\
=\x9e=\xd4\x17\xf8\x13[+\xac. a\xde_\xc7\
\xb6}\x03\xd8\xd4\x13\x83g6\xc6@SH\xc7\xff\x9a\
~\x05\x86\xbd\xc7z~\x81H\x1cN\x90\xd7\x12\xe4|\
\x13\xf3\xfb-\xf8C\x22p\x01\x00lp\x03SX.\
\x97\xe5b\xb1\xa8x=\xde\xff\xaf\x8c\xa5DY\x22(\
\x14\x8e8\x93\xc1\xb17\x9c\xad\x5c\xb9\x1a\xdd~\xcb\xad\
\xea\x1ep\xf0\xf0\xc1I\x1e\xafg\x03\xf5\x03~_\xec\
\xedQ\xca\xd5J\x8dq\x88i1yI\xf5\xdf\xcd\x1e\
\xbb\x12\xa79\xaa\xf5\xdb\x95\x04N?l\xa3\x03\x86\x1b\
Z\xc1&\xb6\x90p}\x85\xa0\xcf\x00s\xf9}\x19\xe2\
\x008n\x00\x0e#H\x0c\x1dd\x0c\xfa\x0d1\xbf\x7f\
1^\x009\x1a\x8d*\x81@\xe0\xd8\x97\x9e\xfe\xa7\x89\
CC\x8e>\x80co\x5ckq\xb5\xa0\xf6\x5cN\xfd\
<\x95L/\x0b\x87\x82\xbf\xea\xe8\xc8)\x15zV\x12\
\x22\x09kS\x8c\x0b8\x1dN\xc0-4\xd6\x07\xf0\x13\
\x8c\xbeANS\xd4\xcc\x07\x12\x80C$\x92\xa0\x13j\
p\x85\xf0\xf9\x06\x02\xf0\x03\x18\xf6\x04\x1a<g*W\
a\xa1PP\x5cn\xf7\x7f\xe6\xf3\x1d\x91\xf6\xf6v\xb4\
z\x95\x83\x07p\xec\x8di\x87\x8e\xdc\x8bV._\x8e\
\xe6\xcc\xd1\xeaa4\xd6\x1f\xf2\x07\x82\xdf\xcb\xa4Sj\
\xff-\xd0\xe8\xe2\xfb\xec\xb0\x9e[k\xe4\xe0\xb0\x9es\
\xc7F\xdc\xae\xfb\x0a\xd8\xda/d\xec\x05\xb8\xb1o\x10\
\x98_$BN\x90\xc0\xbc\x00\x11\xf0\xcb\xa0n``\
\x0c\xf8\xbc\xa4\x86ih\xec\x01X\xc3?Fc1%\
\x18\x0a=\xf1\x8e\xb7?|\xc9\xba\xbb\xd6\xa2\xc5\x8b\x17\
;\x93\xc1\xb17\xacM\x9b6\x0d\x0d\x0f\x0f\xab\x9f\x97\
\xcb\xd5\x88\xdb\xed\xfeT,\x1aQ\x18VP\xe7\x101\
q\xb7\x18\xf2\x85\xc9z\xbe\xcd\xcc\xc3\x97\x80\xef_\xb2\
\xec\x1f\xd8\xe4\xfa\x17\xfb\x84\xc4uk\xea\xffI\x1c\xaf\
\x98E\xb3\x80XpH\x92\xa5'\x18\x9b\x7f[.\x16\
Ku\xbf\xcf\xf7_\xf9\x5c\xaet\xd3\x8d7\xa2\x9d;\
\x1c\x8d\x00\xc7\xde\xd8\xb6q\xdd&5'\x1e\x0aE\x10\
]\xd37\xc4\xa3\xe1\x87\xfd~\xdf\x7fuvv0^\
\xf1\x06\xcf\xb7\x81\x052\xfal%\x0ccl\xa8\x03\x22\
\x81\xfd\xc1\xe4\xe7\x00<\xe3\x22o'\xafc\xce\xafo\
Y\xe0\xfe\xe0u\x0at\xec\xbf\x91O\xc4\x0d-\x03}\
\x8f\xe21\x0a\x8c\x1f0\x95N\xcb\xe1H\xe4\xe3\xcbV\
,\xbf\x8c\xe5C\xd7\xdeu\xa73\x09\x1c{C\xdb\xee\
\xdd\xf7\xa8{@\xb5RE\xdf\xfd\xc6\xf7&\x86C\xe1\
~\x9f\xcf\xf7\xe3\xd6lV\xae\xd25\xc3\xfa\xe9\x1a\xb8\
\xda\xba\xf6Q\xaa\x83\xb5\x0dz\x85K\x8a\x95s\x18\xd6\
\xfd\x80\xcf\x0eq\x06B\xfd@\xc0\x0c\x988?\x81k\
\xc0\xca)\xacc\x14\xb4\xbc#W\x8f\xc4j\xbfr\xbd\
T\xc2u\x7f \xf0b2\x95\x5c\xc6\xee\xfdC\x1f\xfe\
\x803\x01\x1cs\x8c\xda\x86\xbb\xd6\xa3\x95\xcbV \xba\
\xfei<PI\x04\x02\xfe\x0f\x87\xc3\xa1\x97z\x0a\x05\
\xc6\xab\xd3\xe0\x15.i\xb9\xff\x06\xc70\xc8\xb5kg\
<.q\x9a`<\x8e\x08\xe4\xe7\xb0\xf85\x89\xab+\
\x9a\xfa\x22\x80c\x98H|\xce\x00\x9b\x1a\xc0v\x98@\
\x9e\x1bH\xcd\x07\xc8\xa4\x5c\xa9\xe7ry\xa5\xa5\xa5\xe5\
\x9b==\x85\xa6T:\x89\x0e\x1dp\xb4\x02\x1ds\x8c\
Y,\x16G\x8b\x17.A\xf1D\x12M\x1f\x9aqe\
<\x11\xdf\xe4\xf3y\x7f\x94N\xa7\x14\x8d_\xc78\xe7\
es}\xe9k\xde\xa8\x1b*FM\xce\x0e\xeb'\xd9\
\xc5\x0e\x92\x9e\xb3\x939\x0e\x02,Yc\x05\x89\xcb!\
\xe8\xb8C=\x1f\xc1\xd7\x1f\xb0y\x1d*G(\xd3\x09\
 \xe5z4\x1c\x91\xe3\xb1\xe8\x09\xc6\x0f\xf0\xd5/\x7f\
\x09m\xde\xb2\xc9y\xf9\x8e9\x06\xac\xb7XT\xffm\
ko\x0f\x85B\x81\x8f\x07\xfc\xbe\x17;;;\x1b}\
\xc4f\xad]\xe0\xe2n\xac\xbb\x12\xa7\xd9\xa1\xe7\xe3\x0d\
\xbe@\xa37\x98\xe3\x1b\x90-\x9a#\x18\xe0\x02\xb1\xa8\
3f\xf2\x13sXA,\xf2\x0a4\xe2\x13,\xa9\xf1\
\x0b\xa9\x90Z\xb1\xd8+{\xbd\x9e\xe7:\xf2yr\xfd\
\xb5\xd7\xa2/>\xfd\x94\xf3\xc2\x1ds\x0c\xd8\x8e\x1d\x1a\
o\x0e\xab\x97/]\xba\xf8\xca\xb6\xd6\xd6\x91@ \xf0\
-\xa6\xb3Kc\x02\xa5Z\xad\xd6\xf5\xbd\x00\xf6\x14\xea\
y\x00\xd5/\x00\xf8\x5c\x1bLa\x83\x7fH\xb2\xf0\x0d\
C\x8dr\xd3_\xd0\xeb\x87P\x17\x88\xe735\xfc\x08\
\xbd\xfeO\xb8\xdee='X\xafT\xca\xf5\xd6\xb6\x8c\
\x12\x8dE?\xbb`\xe1\xf0\xd5\xfd\xfd\x0c\x17\xb9\xcey\
\xe9\x8e9\x06\xec\xd8\xb1#h\xf2\xe4KQ\xa9\xd4\xab\
\xfe;08\xd0\x94\xce\xa4\xf6\x86\x83\xa1g\xd2\xa9d\
\xadD\xcf\xd1\xbej\xa5^!\xd2\x19\x8c\x8bjnP\
\xcd\x11\xd0X\xa0\x84\x8bZ]\x10\xe2rt\x0c\x01\x16\
\xce|\x8eC\x18j\x91\x08=\x08\xc4X\xc32\xe7/\
`\xbd\x17@\x12tE\xf5\xfaC\xc3/\xd0j\x17\x86\
^\x08]\xffgB\xa1\xa0\xba\xd1\xfd\xee\xd9\xe7\xd0\x8a\
\x15w8/\xdd1\xc7\xc6\xb0\xfe\x81~\xb5V0\xd0\
\xd7\x1f\x88E\xa3G\x82\xc1\xe0\xcf\xd3\xe9\xb4B\xf7\x01\
\xc63X\xa3\xebU]\xffl\xed\xd3\x0f\x85\xe3\xe8\xd2\
\xf3~\xd8\x167(7t=L\xdc\x9e\xd9'd\xa7\
\x17(\xeb\xda?0f0\xcf~\x83\xd7\x84\xd7BV\
\xbf^R4\x9ePIf<a.\x97\xeb\x99D*\
\x11\x89D\xc3\xce\x0bv\xcc\xb11\xec\xbe\xe3\xc7\xd1\xcc\
\x193\xd0\xfc\xf9\xf3\xd1\xe0\xc0\x80\xba\x0f\xe4:\xf2\xe1\
d*\xf96\xaf\xcf\xfbL<\x1e\x95\x0b\xdd]2\xe3\
\x181xF\xcc\xfc\x9b\x99\x0f\x14\xd7?\xc0\x02j<\
^\x86N\x19\xc4\x22\x9b\xfe\xbf\xc9C\x021\x05\xc2~\
a\xe6\xfd%\x13\xb7(K\xc0\xff`\xf1I___\
-\x11O(^\xaf\xef\xc8\xd7>\xff\x8d7UH\x9f\
\xf3\xa2\x1ds\xec,64s\x08\xdd\xb1\xe6\x0e\x14\x8d\
\xc7\xd4}\x80\xee\x0b\x81@\xc0\xbf\xc7\xe3q\xff\x98\xfe\
\xfbR.\xd7\xa6\xc6\xef*\xe7\x18!\xda9\x8dao\
\xb1V\xab\xb7\xe2\x8c\x8d3\x9d\xe3\x1f\xc4\xbc\xa6\x98\xd9\
;@\xcc<\xbf\xa9Q\x8e\xf5\xbd\x87\xcfIj\xf5K\
\x15\xa3\xac\xd7(\xca\xe5r\xad\xb3\xb3\xab\xd6\xd2\xec\xfa\
A:\x95\xb96\x1a\x899/\xd71\xc7\xce\xd1\x0e\x1f\
>\x84\xb2\xe9\x0cZ\xb8`\x81\xaaAV(\x14\xa6\xb6\
\xb5\xb5\xdd\xe1r\xbb>K\xf7\x81\xffN&\xe2JG\
g\xde\xe8\xc3)\x13\x8e\xc7\xabN\x04\x0c\x0f\x11xD\
\x0c\xbc\x10\x96\x14\xe8\xe3\xeb\xd8>\xa0_l\xea\x94\x02\
\x0e#l\x89?\x1a\xf1\xbf\xfa\xfbJt\xfdK\xb5b\
\xb1x\xda\xedv\xffk>\x9f\xbf\xad\xb5\xb5\xd5y\xa9\
\x8e9\xf62\xec\xe8\xa1#h\xe1\xe8\x02\xb4\xf6\x8e;\
Q\x22\x91@W\x5cu%\xda\xb8q\xcb[\xf2\x1d\xf9\
R8\x1c\xdc\x1d\x0a\x06\xbe\x17\xf0\xfb\xfe;\x99L*\
\xdd4>\xa0\xeb\xb1\xd6W\xad\xd6\xfa\xfa\xaa*G\x1f\
]\xb7u\xba\xc6\xebD2u\x7f1\xe0\x0d \xd8\xd0\
26\xf2|z\xbf\xb0\xae\xfdi\xe6\xf7\xcc\x1ee\xc9\
\xc4\xfd4j\xff\xea\xef\xabCn\x82J\x85\x9c)\x96\
\x8a/\xb9=\xde\xef'R\xc9\xeb\xa3\xf1\xb8\xf3B\x1d\
s\xecU\xd8\x9c\xb9\xf3\xd0\x9a\xb5\xeb\x10=\xf7U\x9f\
\xa0R\xad\x5c[*\x96\xa6\xfb\x02\x81G\xbd>\xdf\xff\
\x0d\x06\x83\xa7b\xd1h\xbd=\xd7\xae\xf4\x16{eV\
\x8b\xabV\xcb\xac&'7\xf8\x88\xd4\x1a\x9d\xbaV\xb1\
\x81\x05\x92\x09\xe6\xf5\x05\x1a1E\x83\xa7X\xc7\xfes\
\xfe\x04\x87S\x84?\xab\xd7\x16\xe9>t\xba\xa3\xb3\xf3\
\xb4\xc7\xeb\xfdhO\xb1xY\x22\x95v^\xa0c\x8e\
\xbdJ;x\xf0\x00\x0aE\xfch\xe5\xaa\xe5(\xdf\x91\
C4.P\xbf><2\xda\xd4\xda\xd6Vhmo\
\xdd\x92L%\xff\xc9\xe5r\xfd0\x1c\x0e\xbd\x98L&\
\x94<\xdd\x0fzz\x0au\xb66\xd9^\xc0>\xcae\
R/s\xfd\x03\xe6\x99\x8f\xa5\x12\xd0-0|\x03\x83\
\x17\x0c\x9b|%\xa0\xee\xa8\xe1\x86U\x1d\x04\xfaw\xe8\
\xfeS\xa7\xfb\xd2\x0b4^\x99\xc7\xaeo\xf6\xac\xd9\xce\
\xcbs\xcc\xb1\xd7\xd8V\xafY\x83\x0e\x1c>\x84f\xd2\
\xf5\x95\xced\xb4\xaf\xadXu\xe9\xc8\xe8\xc8\xed\xa4L\
\x16\x86\xc2\xc1\xfd\xf1x\xfc\xa3\xe9t\xea\x17\xd1h\xe4\
\x0f\xf4\xe3T<\x11WZ\xb3\xad,fPp\xa9\xa8\
0\xce\xd2\x0a!\xaa\x9e\x19\xf5)X\xec\xa0\xe6\x14\x8c\
\x0f\x9d'D\xd3%4\xf4\x05\xf5\xff\xd3\x9fS\xe8y\
/W\xfb\xe8G\xb5\xc24\x82\x14_\xc0\xff\xc7p$\
r\xef\x1d+V\xbce\xde\x9c\xd9\xa8\x5c.;/\xcb\
1\xc7\xfeL\xb6\xff\xc0\x01\xf4\xef\xcf=\x8b\xee\xbc\xf3\
N\xd4W\xedG[\xb7mE\x83C\x83\xea\xd8\xe3\x8f\
=q\xd5\xfc\xf9\xf3=t\x0fH\xd1\xf5\xbe\x90\xfa\x0d\
\x1f\xf0\xf9\x03\x9f\xb9\xf5\x96\xdb\xfe\xf7\xd4\xa9M_\x09\
\x04\x02'C\xa1\xd0\x8b\xb1X\xbc\x9e\xcdd\x94\xf6\xb6\
69\x9f\xcbS\xbf!\xa7tt\xe4\x95\x8e\xbc\xf6y\
\x8e\xfa\x11\xb9|N\xe9\xec\xe8P?:\xe8\xf7\xe4\xda\
\xdb\x95L&]\x0f\x87\xc3u\xea\xeb\xd7Z\x9a[~\
{\xf3M\xb7|\xf5\x96[o[\xb9e\xeb\x96\xcb\x88\
\x84\xd1\xaa\x15\xcb\xd1\x81=\xfb\x9c\x97\xe4\x98c\x7fA\
;t\xe8 :~\xfc\x18\xda\xb2y\x0b\x1a\x1a\x1aB\
\xcd\xcdM\xea\xd7Y]\xf1\xee\xfd['\xcc\x9e;|\
\xc9]k\xd7\xdd@}\x85\xaeb\xb14\xd2\x9am[\
\x15\x8f\xc6\xd6\xba\x9a\x9b\xd7\xb9\x9a\x9a\xb6\xf8=\xde{\
C\xc1\xc0\x83\x91H\xf8\xb1p$\xfcx4\x16y\xb7\
?\xe0\xbb\xcf\xd5\xe2\xba\xc7\xedr\xefq\xb5\xb4\xec\x99\
:u\xea.\xb7\xdb\xb5\xc1\xe3\xf1\xdcA\xf7\x91\x95t\
\x9f\x18\x9a6m\xda\xf5\x91x\x18\x95J\x18]v\xf9\
e\xce\x8b\xf83\x1b}\x9f'\xedG\x9a\x14\xcd\xe41\
~rbc\xbc6\xc6\xf8\x84\xc6\xf8\xf3c\xfd\xe9}\
\xda\xf8Sc\x8d\x17\xb4\xf1\xfdc\x8d7.p\xcc[\
\x9b<\xee\xe5\xe97pj\xcc\xf1\x09\xe3_\xbe\xfa\xec\
\xc6\xb9\xfc\xc6\x0d\x8e3^\x18\xf7\xf6\x1a\xe3\xe3\xbc\xbb\
\xa6q\xde\x8e>^\x1bg|\xcaY\xc6'\x8f\xfbx\
\xce>>q\xfc\xc7\xa7\x8e\x9f\x1cg|\xc29\x8c?\
\xf5*\xc7\xf7\xbf\x8aqt\x0e\xe3\xc8\x19?o\xc7'\
\x9c\xe7\xe3\x13_\xe5\xf8\xe4W9>\xe5U\x8e7\x9d\
e\xbc\xf0*\xc7\xf7\x9d\xc3\xf8\xfe\xf1\xa7\xc7x\xe3\x13\
\xce2>\xf1,\xe3\x93\xcf\xb2\xfd\xb3\xc77\xde\xfeV\
8\xcb\xf8\xbe\xb3\x8c\x9f\xe5\xf8:\xdb\xf17\xf9,\xe3\
Mg\x19/\x8c\x7f\xfcN\x18\xdf\xbb\xd0\x9e\xce8/\
\xb8p\x96\xf1\x86w1\xe6\x0b\xdawj\xdf\xb8\xe7\xb7\
rR\xbb\xc1\xb1\x1e\xb0\xf2\xd4\xc4q\x1f\xb0>>\xd6\
\x03R\x1a\x97X\x1b\xeb\xf14nQ\x1e{\xbci\x9c\
\x070A\xd6\xdf\xa0\xfd\x03\x98(\xeb3\xc0\xfe\x06'\
\xcb\xe3;@\x93kh\xdc\x1b\x98r\xea\x1c\xc6\xc7\xb9\
\x81\xa6S\xc6\x1c\xb0\x7f\xfd'\x8d):\xf6\xf8\xc4\xb1\
\xc7\xf7=e\xccA\xfb\xd7\xb3\xdfXB\xe3\x8c\xef\x1b\
k|\x822\xbe\x077\xf1,\xe3Sds\x8d\xd9>\
\x9e\x9a\xb9Hlo\xff\x94\xb9\x86mo\xffys\x0f\
\xb0\xbd\xfc\xe7\xc7\xdd\xe2&7f\xcdX[\xe4\x14}\
Y\x8d1^P\xc6\xdf\xa2\xf7\xc9`\x95\xef\xb7\xf9\xf3\
\xb5q\xc7\xa7\x18\x93\xb6\xc9n|\xb29\xe9m\xc6\xb9\
{\x9ab\xdd!&\xc0E9\xd9:>\x11\xce\xf91\
\xc6O\x8e\xe3\x02O\x84?b3>\x19.\xa9\x09v\
\xe3\xf2\xb8.\xf4\xe4\x9apH\x08\x0b|\xf2\xa9\xf1\xc7\
\xa7\x88\xe3\xa7^\xdex\xd3\xf3/s\xbcf\xb3\xb2_\
\xcd\xf8S\xc2\xb8l\xb33p\x87\xa8\xb8\xb1\x9fe|\
\xff\xb8>\xc6\x04\xc5rH?\xf5r\xc6'*\xc6\xd4\
=\xd9\x18?)n\xdc`\xe6Z\xc7k\xe6\xca9\xa5\
\x8ds\x0f|J\x0d\x9c\xfe\xfb\x91\xe5\x08k:\x05N\
\xff\x93\x13,;|c\xbcq\xbaO\xb6\x1ca\x85\xe7\
a\xf2\xc0\xea\x03\xec;\x09O\x7f\xeb\x19\xaf\xddM\xd3\
\xd8\xe3\xfb\xe1\xe9oI1LT\xc7'(c\x8f[\
.\x8f{@\x93\x15\xf3\xe9\x18vJ||Mc\x8e\
k\x1bw\x81\x1f\x97\xc5\x8d\x9b\xbf|x\x83\xda\xc6-\
\x0c\x9b3l\x82\xfax&\x88\xe3`\xbfy\xcaz\xf9\
\xe0\x06'\xab\xbf\xca2^3w\xd6\xfd\x96\xb7\x03\xc7\
\x0b\xb2\xcd\xed\x83\x0b\xdcgw\xfb\xe6\x05NPlo\
\xdf\xb8\xc0\xc9\x8a\xed\xed\x1b\x17\xd0\xa4\xbdJ\xeb\xb8\xa2\
O\xfa\xfdv\x8fG\xbf\x80\x09\x8a\xdd\xdb7_a\xe3\
\xdc\xb1\x1bW\x7f\xb1\xf1m6&\xab\xb7m3\xb9\xad\
\xcfi\x9cqd\xffx\xf9\x896\xf6\xf8Id\xff\xf8\
\xe9\x03\x06\xae\xc6>\xbb\xf1\xc9\xe6<\xb5\x1dg_=\
9\xde\xf8\x04c\x96)\xb6\xe3B\xe0\xf22\xc7OY\
\x13\x8fc\x8dO|\x9d\xc7'\xbf\xca\xf1)\x7f\x8e\xf1\
\xdak7\xde4\xc6\xf4\xbf\xa0\xc7\x95W;\xbe\xdf\x12\
\xb9\xfee\xc7\x9f\xfa3\x8f\x9f<\xcb\xfd\x9fm\xfc\xf9\
W9~\xeaU\x8e\xd7\xfe\xcc\xe3\xf29\x8fOQ\xc6\
\x9f`S\x94\xf1'\xc0+\x1c\x7f\xea,\xe3'\xc7\xdd\
\x9f\xce>\xfe\xfc\xb9\x8eOT\xc6\x7f\x81c\x8c\xd7\xce\
2.\x9f\xeb\xf8\x04e\xfc\x170\xd6\xf8S\xe3\x9dO\
\xe70~\xf2\x5c\xc7\xf7\x9d\xe5\x01\xed;\xcb\x03*\x9c\
\xe5\x01\x14\xce\xf2\x00\x9a^\xe1\xf8S\xe3O0c|\
\x8c\x09b\xcc\x90\xc9\xca\xf8\x0f`\x8c\x17l<\x80\x89\
\xca\xf870a\x5c\xefl\xec\x17d\xbc!\xe5,7\
\xb0\xef,7P8\xcb\x05\xbe\xe2\xf1\x93g\x19?u\
\x96\xf1\xdaY\xc6\x1b\xaf\xb0\xf0\x0a\x1cP8\x07\x0bg\
q\x90\xc7\x19\xaf\x09\xcf\xff\xff\x07\x83/%\x99\
"

qt_resource_name = b"\
\x00\x08\
\x06aA\x1f\
\x00m\
\x00o\x00o\x00n\x00.\x00i\x00c\x00o\
"

qt_resource_struct = b"\
\x00\x00\x00\x00\x00\x02\x00\x00\x00\x01\x00\x00\x00\x01\
\x00\x00\x00\x00\x00\x00\x00\x00\
\x00\x00\x00\x00\x00\x01\x00\x00\x00\x01\x00\x00\x00\x00\
\x00\x00\x01\x98Y1\x9a\xf4\
"

def qInitResources():
    QtCore.qRegisterResourceData(0x03, qt_resource_struct, qt_resource_name, qt_resource_data)

def qCleanupResources():
    QtCore.qUnregisterResourceData(0x03, qt_resource_struct, qt_resource_name, qt_resource_data)

qInitResources()
