# Resource object code (Python 3)
# Created by: object code
# Created by: The Resource Compiler for Qt version 6.6.3
# WARNING! All changes made in this file will be lost!

from PySide6 import QtCore

qt_resource_data = b"\
\x00\x00\x8c\xe9\
\x00\
\x04\x1c>x\xda\xec\xbd\x07|\x9cG\x99?>I\xec\
$\x90\x0e\x1c\x1c\x07\xfc\x8er\x10\x0e\x08\x09G/\x07\
\xf7\x07\x8e\x03B98Z*\x84K \x84\xf4\xe6\xb8\
7\xb9\xaak{\xaf\x92V\xbd\x17\xabZ\xcd\xb2,\xdb\
j\xae\xb2lu\xc9\x92\xd5\xa5U\xddw\xe6?\xf3\xee\
j\xf7-\xf3\xbe\xbbJ\xc2a;\xef\xe3\xcfx\xfbj\
\xdf\xf7\x9d\xef\xccS\xbf\x0f\x007\xe0\x7f\x08\x00\xfc\xff\
G\xc1\xa7?\xbc\x0e\xbc\x1f\xdf\xff4\x1e\xe49p\xa3\
\xffyV|7\x81\xf7\xde\x06\xd8\xa1\xc8;Wzz\
\xbbAO_\x0f\xe8\xee\xee\xc2\xe3\x22\xe8\xe9\xee\xc1\xa3\
[91\x8a(r\x9dIw\xf7%\xf66%9\x05\
h5Z\x90\x92\xea\x01F\x93\x09\xa4z<@\xa7\xd3\
\x83\xdd\xbbw\x83\xc4\x848\x90\xecv\x82\x1d[7+\
'L\x11E\xae\x03\xa9\xae\xae\x04\x08!\x10\x1b\x17\xcd\
>\xde\xb3g\xcf{\x9d.\xd7\x17\xdc\xc9\xee\x07\x1dN\
\xe7CV\xab\xf5W&\xa3\xf1\x0b\x9b7nx\xef?\
\xdc\xfbM\xbc&\xe8\xd9\xf7\xb7\xb6\xb7*'O\x11E\
\xae1\x19\x1a\x1c\x04\x83C\x83,\x86\xf5z\x0d\xb9\xbd\
!6>\xfa\x0b&\x93icNNNCYyy\
\xff\xb1\xe6c\x13---3G\x8f6N\x17\x15\x15\
\x0df\xa4\xa75[\xad\x96\xd7tz\xed}\xe4;T\
\xaa$\xf0\xeb\xdf\xfe\x1a\xf4\x5cRl\x01E\x14\xb9V\
dnf\x06tv\x9e\x07q\xb1\xd1\xc0\x93\x96\xf2>\
\xbdA\xb3\xb3\xa00\xff\xd2\x85\x0b\x17\xd0\x9cw\x0eA\
\x08\x91_ \xfb\x8f\x81\x0c\xfb|'~=/?\xaf\
3I\xa5zI\xaf\xd3\xdd\xb6k\xf7.\xe0t\xba\xc0\
\xe0\xc8\x90rR\x15Q\xe4\x1a\x91\xe7\xfe\xfa4Hv\
\xb9\xdf\xefv;\x1d\xad\xad-\xbe\x85\xc5\x05\x02x\x82\
z\x18\x14\x14\x1a\xec\xb3\xf8\xb5\xb9\xb99t\xb8\xa6f\
Y\xa5\xd5D\xdb\x1d\x8ew\xc5'\xc4\x81\x0d\x1b_W\
N\xa8\x22\x8a\x5c\xe5\xd2\xdc|\x1c\xe8t*p\xe0`\
\xd4\xbb-\x16\xa3\xea\xc2\x85\xf3\xcb\x18\xd5\x0c\x067\x83\
\x02;\xbe\x1f\xef~\xd0\xb3\x0f\xfd\xc0\xc7ob_a\
\x96\x96\x97`\xe3\xd1\xa3\x8b*\xb5z\xab'\xc3\xbdN\
o\xd2\x81\x85\xc5y\xe5\xe4*\xa2\xc8U(\xfd\x03\xbd\
`dx\x98\xb5\xf1\x89\xa8\xd5I\x7fijl\x9cg\
\x18\x9f\x0fc\xdb\x07\x03\x18\x0f\xc0<\x80s\xff:\x80\
\x82\x0a\x00y\x9ea\xc8g\x16\x16\x16\x98\xe2\x92\xe2\x11\
\x83Q\xffC\x93\xd9\x08**\xab\x94\x93\xac\x88\x22W\
)\xf6\xbb{/\x81\x03\xfb\xa2\xc8\xf8TzF\xda\xa9\
\xd9\xd9\x19\xe8\xc7}@\xaf\xf7\xe3?h\xe7\x07\x16\x83\
\x80)\x10R\x00\x08\xfa\xf1}\xa6\x7f\xa0\x1f\x99,\xa6\
\xac\xfa\x86\x86\xdb\xb1\x1e\x00\x06\x86\x06\x94\x13\xad\x88\x22\
W!\xf6\x07\x87\xfa\xc1C\x0f\xff\x02\x18\x8c\xdaG\x8e\
\x9flfV\xcd\xfb\xd0@\xabN\xbeU__P\xe7\
\x0f\xbd\x144\x07\xe0\xe2\xe2\x02*(\xc8\x1f5\x18u\
\xdfHH\x8c\x07S3\x93\xca\x89VD\x91\xab\x10\xfb\
\xa9\xa9)\xc0f\xb5\xad\xc7{\xbe\xbd\xbf\xbf\x8f\x00\x99\
\xf1\x0f\xc8\xc5<\x07\xefA\xd0C.\xee\xb9kE\xf3\
\xb1f\x9f\xde\xa8{\x86\xfc\x8d\x86\xc6#\xca\x89VD\
\x91\xabP\xca\xcb\x0f\x01\x95:\xe9v\x97\xd3~dd\
\xe4\xf2*\xf6\xb9{>}\x84\xd4\x7f\xc1\x1a\x80`W\
\xd7\x05\xc6\xe1\xb4%e\xe5\xe4\xdf\x94\x9c\x92\xac\x9cd\
E\x14\xb9\xcadd\xe4\x0a\xa8\xaa\xac\x04\x89\x09\xf1w\
\x1b\x0c\xfa\x13\xa3\xa3\xa30\xb4\xe7\xc3\xa0OO\xa0\xe7\
\x0b\xd7\x85\xa0\xdeO\xdc~\xe4N_o\x0f\xc4k\x89\
\xfb@\xcc\xfe\xf5f\x8bQ9\xd1\x8a(r\x15b\xff\
pu\x15\xb0\x98M\xf7\xe8\xb4\x9a\xe3\xc3\xc3C\xa1-\
=\x80f\x8eO\x8fc\xf0\xf3t\xff\x90\xc7/\x10\x0e\
\xec\xeb\xebE\x0e\xa7=yG\xd4\xf6\xf5X\xf7WN\
\xb4\x22\x8a\x5c\x85\xd8\x8f\x8e\xde\x0b\xcc&\xd3]\x06\xbd\
\xf6\xd8\xd0\xd0\x00\xd9\xf6\x83\x18\xe6\xed\xf5!\xf3\x9f<\
f\x04>@\x9e>@\xfc\x06\x0e\xa7\xd5\xf9\xfa\x86\x97\
\xd7k\xb4I\xca\x89VD\x91\xab\x10\xfb\xb5u\xb5x\
\xdf\xb7\xdcm\xd0\xeb\x9a\x87\x86\x06\xd9t\x1d\x04\xb9\xb6\
=D\x11\xd8\xff\x88\xfb\xb8\xaf\xbf\x0f:\x9dv\xc7\xc6\
7^[\xaf\xd3\xaa\x95\x13\xad\x88\x22W\xa1\x1c9\xda\
\x08\x1cn\xe7\xdd\x06\x93\xbeyph\x90!\x91zv\
\xf3\xe7\xe1>\xe0\x03\x80\x02\xd5\x9f\x1f\xff\x0f>&\xd8\
w\xb9\xec\xce\xad\x9b7\xae\xd7\xeb\xb5\xcaIVD\x91\
\xabL\xc6\xc6\xc7\xc0\xd1\xa6F\xe0Jq\xddc0\xe9\
\x8e\x0f\x11\xecCv\xdfg\x82\xb6|H\x07@\x90\x87\
q^\xec?\x98\xf7\xcb\xea\xfc}\xbd\xc4\xd7\xe7\xda\xba\
m\x8b\x82}E\x14\xb9J\xb1_^Y\x0e\xecN\xfb\
\xdd&\xb3\xe1\xf8\xd0\xf0\xd0\xaa\xad\x1f4\xe298\x97\
\xcc\xed\x81\x9c\x7fD\xfa\xfa\xfa\x90\xcb\xe5pl\xdd\xb5\
u\xbdA\xf1\xf5)\xa2\xc8U\x89}-\xde\x97\xedN\
\xdb\xddf\x8b\x91\xf8\xf9\x03\xd8\x87(\xe4\xc7\xe7\x96\xf2\
\xf0\xfc\x7f\x0c'\xd7'\xb0\xe7\xfb?\x8c\xb1\x0f\xdd.\
\xbbc\xeb\xb6\xcd\xeb\x0d\x06e\xdfWD\x91\xabM&\
&\xc6\x81\xc5j\x06x\x8f\xbe\xc7\x82\xb1\x7f\xf9\xf20\
\x84AL\xf3\xf6z\x84\xf8\xf9\xfd<\xbd?\x18\x08\x80\
\xab\xd8\xefe\xdcn\x87}\xfb\xcem\xeb\x09\xa7\x8f\x22\
\x8a(r\xf5a\xbf\xae\xbe\x16Xm\x16\xbc\xef\x9b\x9a\
\x87\x09\xf6a0~\xc7a\xeb@\x94\x5c\x1e\xce\xa2\x10\
\x0c\xfb\xfb\xfd\x82\x18\xfb\x10c\xdf\xbas\xe7\xceu&\
\x93A9\xd1\x8a(r\x15J\xc3\x91\x86\x80\xbdol\
&\xb9=\x90\xa3\xcb\x87\xb6\xf4\xa0a\x8f\xc49}\x90\
k\xfc3\xab\xb9=N\x97\xdd\xbec\xeb\x96\xf5F\x83\
b\xef+\xa2\xc8\xd5&\x93\x13\x93l\x8c\x8f`\xdf`\
d\xe3\xfb\xfct=j\x0e?\x12\xd8\x03\x9c\x22\x7f\x14\
\xcc\xeb\x83N\xa7\xcd\xbde\xfb\x96\xf5:\xbdF9\xd1\
\x8a(r\x15b\xff\xaf/?\x07\xacv\x1b\xc9\xe7o\
\x1e\x1e\x1a\xe4\xf9\xf0Duz0\x14\xcb\x87\x82\x18\x1f\
\x0a\x19\xfc\xac\xbd\xefpZ\xdd[vlZ\xaf\xd5+\
\xb9=\x8a(r\xf5a\x7f\x0a\x1cH8\x08\x5c\xc9\xee\
{LF\xe3\xf1\xe1\xa1!?\xf6\xa1\xb0>\x0f\x09\xeb\
\xfaQ(\xd1\x17\x0aj}HnO\xaf\x0f\xeb\xfc\xce\
m\xdb\xb6\xaf\xd7+:\xbf\x22\x8a\x5c\x95\xd8?z\xac\
\x09c\xdf\x85\xed}\x13\xd6\xf9\x87\x82\xf99\x9c\x1c>\
J\x0e/\x84|\xff\x1f\xdfF\xc0\xd8\x87N\xb7\xc3\xb5\
u\xab\x82}E\x14\xb9Z\xe5\xf8\x89\xe3 -\xdds\
\x8f\xc9\xc4\xee\xfb\x1cjND\xe1\xee\xe0\x15\xf6@A\
\x08 x\xa7\x9f\xcd\xe7\xb7\xa5l\xde\xb8Q\xc9\xe7W\
D\x91\xabT\x8e57\x13\xee\x9e\xf7\x98L\x86\x13\xfe\
\x1a^Z}\x0eg_\x87H\x98\xc3\xcf%\xf2`\x17\
\x00\xe2\xeb\xb3\xd9-\xc9olxu\xbdJ\x9d\xa8\x9c\
dE\x14\xb9\x0a\xe5h\xd3Q\xe0t9\xb0\xbd\xaf?\
q\xf9\xf20/\x8f\x17\x8ay:D\x1c}H\xc0\xe5\
\xbb\xea\xe7\xb7Y\xcd\xc9\xaf\xbf\xf6\xcazUR\x82r\
\x92\x15Q\xe4j\xc5\xbe\xd3y\x8f\xc9\xa0?>ry\
\x98\xa7\xdb\xf3kx\x85\xfc\x9c\x14\x1f@@'\x08\xec\
\xfb\xaeM\x1b^_\xafV+\xf5\xfb\x8a(r5\xca\
\x91\xc6#\xc0j\xb7\xdem2\x1a\x8e_\x1e\x1eF\xab\
\xf5\xbb\x90\xcf\xc9\x09\x85|\x9d\xfc8?\xe4\xaa\xfc\xb0\
\xb7\xb7\x87\xb1\xdb\xad\xae\xcd\x9b6\xad\xd7j\x14{_\
\x91\xff\x1bi:\xd6\x0c:/\x5c\x04yyy\xa0\xa6\
\xae\x06\x94W\x95\x83\xf2\xca2p\xb8\xe60h<\xda\
\xc8\xda\xb7\x95\xd5U ;/\x07\xdc|\xe7\xcd``\
`\x00\xf4\x0f\xf4\x07\xc7;M\x9a\x9b\x8f\x81\xe4\x14\xf7\
{\x8cD\xe7\xc7\xd8\x87\xdc\xfa]17/\xa2px\
 \xa1}@\xf6};\xd9\xf7\xdfx}\xbdF\xa3\xec\
\xfbD\xb6l\xdd\x06\x0e\x95\x95\x81\xf2\x8a\x0ap\xe4\xc8\
\x11PX\x5c\x88\xe7`6\xc8/\xcc\x07e\xe5e\xa0\
\xba\xa6\x06\xe4\x15\xe4\x83*<OI\xaf\x94\x9e\xde>\
\xe5\xa4E g\xcf\x9ef\xc7\x9f_\x7f\x11T\x1e\xae\
\x02\xbb\xf7\xec\x02MMM7\xb9S\x5c\xef\xcf\xc8\xce\
\xf8bn^\xf6\xf7\xf3\x0b\xf2\xbf]RR\xf2\x15|\
\xfbQ<\xd7o#\x9fs$\xbb\xc1\xc6m\x9b\xdf\xd1\
\xd8?\xd2\xd8\x08,\x16\xf3=x\x7f>9\xec\xdf\xf7\
\xa9\xfe}J\xae\x0fB\x82|\xff\xd57\x0c\x0c\xf4A\
\x87\xd3\xe6|\xf1\x95\x17\xd7\xab4\xef\x5c_\xdf\x95\xb1\
Qv\xfc\xe4\x17?\x04\xeed\x07\xf8\xe5/\x7f\x02t\
\x06\xed\xbb333?\x91\x9e\x99\xfe\x9d\xf4\xac\xf4\x9f\
dfe\xfe0;'\xe7\xcb\xae\xe4\xe4\x0f\xd8\xdc\x8e\
[\x1e{\xecq\x90\x9b\x9f\x0b\x9cn\xa7\x02\xec\x08\xb1\
\xdf|\xfc\x18\x88\x89\x8f\x01\xc7Z\x9boTk\xd5_\
\xb1\xda\xac\x09\x18\xe3-9\xf9\xd9\xbd\xa4OTAQ\
\xe1paQQ\x7f^~\xfe9\x87\xcbY\xae3\xe8\
\xff\x94\x92\x9e\xf6\x9e\xf8\xa4D\xbc\x1e\x1f\x02\xbd}\xbd\
\xefH\xec\xd7b\xddH\xa3U\xdf\xad\xd5\xaaO\x5c\xbe\
|\x99S\x9f\x03%\xb8\xb98T\x1e<\xe7\x7f(\xe6\
?0\xd8\xcf\xb8\x5c6\xdb\xf3/<\xb7^\xfd\x0e\xdc\
\xf7\xaf\x8c\x8d\xb1\x83\xc8\x8b\xcf\xbc\x00\xf6\x1d\x88\x02\xae\
d\xfb\xfb\x9cN\xc7\x136\x87\xad\x14\xe3\xbd\x13\xeb\x9e\
CM\xcd\xc7\xc6\xb1\x0e0V}\xb8\xa6?\xbf\xb0\xb0\
\x03\xcf\xcb,\xb5V\xfb\xd3\xfc\xc2\xdc\x9b\x13UI`\
\x7f\xfc>\x05\xdca$\x09\xe3w\xf3\x96\x8d\xc0l5\
\xddi0\x19_*(,\xe8\xeb8\xd5\x81\xc6'\xc6\
\xd1\xf2\xf2\x12\xf41l\xc78D\xda\xcc-,,\xa0\
\xde\xbe>t\xb8\xb6\xc6k\xb2Y\x0b\x12U\xaao\x92\
\xef\xe8\xef\xef\x07\x0d\x0d\x0d\xef\xb8sW\xdfP\x0f\xf4\
z-\xde\xf7U'FF.srw\xd8z>A\
\x9cO\xd4\xaf\x83G\xd4\xb9\xfa\xdc\xe0@?\x93\x9c\xec\
2\xbd\xf4\xf2+\xebt:\xed;\x12\xfbC\xc3\xc3\xa0\
\xac\xac\x9c}lwX\xbf\xe8IM)lnn^\
\xc46&ZXZB>\x1fC\xfa\x1b2\x84(\x09\
\xdfG\xde\xf9yt\xa9\xbb\x1b\x95UT\x8c\x1b\xcd&\
\x0d\xde\xbf>\xa1V\xab@tL4\xd0*5\x11T\
)..\x02\xd8V\x05\x07\xf6\xef}\x9f\xde\xa056\
\x1dk\x9a\x9b\xf3\xce\xb1f+K?\xe5\x1f\x04\xfb\xe4\
\xff`\xea\xca\x8ao\xd9w\xb6\xf3\x1c\xb4;\x9d]:\
\xbd\xee\xbf\xf1\x937T`[\xac\xa1\xa1\xf1\x1du\xfe\
H\x0d\xafV\xa7\xb9\x1b\x8f\x93\xa47\x87\xc0\xde\x17\xda\
\xfc\x5c\xd0\x0b\x15\x80\xa0~00\xd0\x0f\x93\x93\x9d\xc6\
W_yu\x9dA\xff\xce\xcb\xeb\xd3\x19\x0c \xd5\xe3\
a\xedv\xb3\xd9\xf8\xeb\xac\xac\xf4\xd3==\xdd\xc8\xdf\
\xb2p5 \xea\xd7\x95\x18\xd2\xca\x98\xb3v..-\
\xad\xb4\xb6\xb7\xad\x98\xad\xd6\x9a\xbd\xfb\xf7}F\xa3\xd1\
\x80\x83\xaa\x83\x0a\xd0\x85\xb8/*\xc2kk\x19\xc8\xca\
\xca|7\xb6Y\xf5'O\x9eX\xf1\xf9|d\xe0\xbd\
\xde\xe7\xef\x1cKV\x00|\xce}\x815`5\x0c\x8d\
\xff\x91\x95\xd7784\x04323\xfa\xb5j\xd5o\
\xc8\xb5:z\xb4\x11\xd4\xd6V\x831\xbcvs\xc7\xf5\
(\x13\x93\x93\xd8\xdeo\x00F\x93\xe1\x1e\xfd*\xf6\xb9\
\xba>D\x88\xd2\x83CT\xc4/\xdc\xfbI^\x9f\xdb\
\xed4o\xde\xbay\x9d\xc1\xf8\xce\xe0\xee\x18\x9f\x9c`\
\x87F\xab\x03)\xa9\x1eP]\xdb\xb0N\xa7\xd7>\x99\
\x9d\x9d=Dz\x9e\xf0$P\xef\xcc!C\xe2\xb47\
F+\xf8\xff\xe5\xae\xae.\x9f\xcb\xed:dw\xd8>\
@z\x1a\xa7gg\x82\xf3\xe7\xcf)\xa0\x0f\xc8\xb1\xa6\
&\xf0\x8b\xff\xf9\x19\xd0\xe94\xbf\xad\xae\xae\x9eYY\
Y\xf1\xb7\x84\x0f\x86\xa9x\xf6\xa8(T\xe5\x7f\x1f\x82\
\x97G\x86\x91\xc7\x93\xd2\x8f\xaf\xd5/\xc8\xfeO\xce\xf1\
\xf1\x13'\xde\x11\xd8\xdf\xbc\xe95\xa0\xd5\xaa\xee2\x99\
t'\xc9y\x10l\xef\xdc\xba>ACNHY\x0d\
X3\x01c\xbf\x97\xec\xfb\x8e\xbd\x07H_\x1e\xd3;\
\x06\xfbg\xf1\xbc\xb1;\x1c`\xf8\xf2\xe4MV\x9b\xf5\
\x85\xec\x9c\xec\xe9\x91\x91\x91`$Dh7A>\xd5\
)\xe7\xbe\x7f^\xe2\xbdlY\xa3Um$s\xf2X\
\xcbq\x05\xfb\x1c\xb1\xdbm\xc0\xe9p\xdc\x93\x96\xe6\xa9\
\x18\x1a\x1e^]?\x19\xa1{\x0a\x86\xb61\x11\xe7T\
\x00\xff\xcc\xc8\xe8\x08\xca/\xcc\xef\xb1;\xec\xff\x83\x1f\
\xdfXW_\x07FGG\xae{\xec\x17\x17\x17\x02\x8d\
:\xe9.\x93Q\x8f\xf7\xfdaA\xde.\xbf\xe7\x86 \
\xcb\x9f3\x99y\xe7\x9b\xf0\xf4\x12{\xdf\xb2\xfb\xc0\xfe\
uf\xab\xf9\xba\x9e\x83\x13\x18\xf3d\xb8]N\xa0\xd7\
j@YI\xc9\x8d\x06\x83\xfe\xb9\x92\xd2\x92\xc9\xc9\xa9\
\x09\xc8\xa32EB=\x0a\xd2\xcc\xa7\xe0\xf9\x9f\x99\x9d\
E\xc4/\x98\x90\x98\xf8\xe9\xd8\xb88p\xe1B\xa7\x02\
z,\x9d\xe7;\x81\xd3i'\xf8\xffAM\xcd\xe1\x09\
\x1fQ\xf4a\xd0\xa0\x0f\x92Gr\xe3\xd1\xdc\x04T\x9e\
\xaa\x15\x98\xdfc\xe3cL^~~\xaf\xd9b\xfe-\
Yk\xdb\xda[@Vv\xc6u\x8d}b\xef\x1bM\
\xfa\xbb\xc9\xbe\x1f\xc4>\x8f\x8f\x8b\xcb\xdb)&\xf1\x13\
\xeb\x09\xfe\xfa\xfdTO\xb2)Q\xaf[w\xbd\xc7\xaa\
\x08\xee\x09&\xf7F\xed\x06G\x1a\x8e\x10\x8e\xb2g\x0b\
\x8b\x0a\xc6\xa7\xa6&9\x9b\x0f\xa4\xe4G@H\xd1\xa7\
\x82=\xcfV\xe7\xe8\xf1\xe3\xcd>\xb5F\xf5\xa7\xff\xfc\
\xf1\xf7\x88m\xab\x00\x1f\xcb\xcc\xd4\x1c\xc8\xc9\xce\x22>\
\xea\xbd\x17\xbb.\x10e\xd3\xb7\xeaC\xa1p\xccq\xf9\
d\x831\xa9@\x0f9.\xef\xbcobr\x1c\xe6\x17\
\xe4\xf7\x99-\xc6_\x11\xfcWUU\x81\xe2\xa2\xe2\xeb\
\xf6<\x1e\xae\xad\x01:\x83\xee.\x8c\x7f6\x9f_\xae\
\xdf\x0e\x14\xfb\xf4\x85\xf9\xfe,gWOo\x0f\xf4x\
\x92\xf5N\xabm]\xeau\xde\x87795\x05dd\
\xa4\x83C\xd9Y7\x19\x0d\xfa\x17+\xca\x0fM\xce\xcc\
\xcc0\xa1^\xe6\x88;\xc7D\xb9Q\xc25\x81\xcf\x8b\
\x0e\x19\xd2\xdf\xcc\xe9rx\xfe\xf2\xcc\xd3\xebTJ~\
4+mm\xad`\x7f\xf4~`2\x9bt\xe3\xe3c\
\xc4\x8f\xe7w\xea\x0b7z~\xdd\x09\x8fs\x16\x06\x1b\
HBN\x5c\x0b\xe3\x7fb\xc2\x87\xd7\xee^\xbc\xae\xfc\
\xae\xbd\xed\xccMYx\x8d!<\xf6\x84\xdb\xf2z\x13\
\x92_\xb6\xff\xe0\xbe;\xccfcs\xa0\x07\xb78\xb7\
\x07BZ\xfe>\xc5\xdf\xe7?\xf5\x17/v1\xc9)\
\xae\xc4\xca\xd2\x8a\x9b21.\xae'\xdd\x9e\x8c\xa9\xa9\
)v\xec;\xb0\x97\xcd\xc19z\xf2\xc4\xcdZ\xad\xfa\
\xe5\xb2C\xa5Ss\xb3\xb3\x90\xd3\xc3\x14\x86(\x0eC\
\xfb9\xa7\xb9!\x84\xbc<)\xc8Y\x03\xfc\xdf1=\
3\x8drrs\xca\x9f}\xfe\xb9[\x0e\xd7\x1eV\x80\
\x8f\xa5\xbd\xa3\x8d\xbd\xb5Z\xcc\xc6\xc9\xc9q\xc4\x09\x95\
\x84:\xc2rT.\x18$\xa3\x09\x99\x04\x10\xf1pO\
|\x7f\xab&\x03\xc48G\xd99Y\x97\x0dF\xdd_\
\x9a\x9a\x9b\xd6\x1b\xb1\xddjw\xbb\xae\xbb\xf3H\xf2\xee\
^}\xfd\x95w\xd9\x1c\xd6\x86\xe1\xcb\xc3B\xbe>\xda\
cJn\x1f\x8f\xc7\x8bi\xefh\xf5a=\xe2\x15\xf2\
\xfd\xb5X\xaf\xb8\x1e\xb1\x8f\xf7\x1b`\xb1\x99AEu\
\xd5-v\xa7}cyU\xc5\xcc\xec\xdc\x9c\xd0w\xc7\
\xf3\x8f\xf8\xe7\x9b\xbf\xed\x11g\xee\x85\x16\x07\x01M\x02\
y\xdf\xc2\xc2<*(\xcc\xafz\xec\xf1\x87o9T\
^\xaa\x00\x1fKwo7\xc8\xcb\xcb\x05\x06\x83.a\
pp\x00\x09z\xc6B.\xa7\x14\xe4\xd9\xf5\xa1}\x0b\
rl\xfd\xd0Z\x1d\xb2\xb5\x88>q\xa8\xact\xccj\
\xb7>\xd3y\xb1k}ii\x09\xa8\xac(\xbf\xae\xce\
\xa3+\xd9\x09,N\xdbMn\xb7C\xd3\xdd}\x91\xb7\
\xe7p\xf0\x0d)\xb4\xdc\x90\xbb\xd7\xaf\xf2\xf9\x91\xb8i\
}}\xdd\xec\xfe\xfd\xfb\xfe\xeb\xd5W_\x06\xbd\xf8:\
]o\xd8\xaf\xab\xab\x05\x07\xf0\x9e\x1f\x15\xb5\xe5F\xb5\
&iCUU\xe5\xbcw\xde\xcb\x08MM\xc8\xc3>\
\xe4\xed7\x10\xf1J \x84\x9c(A\xfc\x8f\xe19\xe8\
IK-\xfa\xc5/\x7f\xba>:\xe6\x80\x02|,\x17\
\xbb\xbb@J\x8a\x1bX\xad\xe6\xdf\x1fo>\xe6\xf5\xdb\
V\x8c\x88?\x0e\x06kK\x836~\xb0\xafd\xe8:\
\x88\xb8h\x82\x8f\xa7f\xa6a\xe9\xa1\xd2Q\xb3\xd9\xf4\
\xcc\xa9\xf6\xf6\xf5%%E\xa0\xaa\xaa\xe2\xba9\x8f-\
'[\xc1\xb6m\x1b\x80A\xaf\xf9E\xd3\xd1\xc6e\xbf\
\xe9$\xc2\xbd\xd8\x07\x00E\xb9\xbf\xeci\x9b\x9c\x9cD\
\xaedw\x85\xc3i\x7fozF\xdau\xe3\x9b^\xc5\
}y\xd9!\xf0\x9f\xdf\xfd\x0ep\xb9\x9d\xeb\xd4\xaa\xc4\
W**\xca\xa6\xe7\xe7\xbdR\xb5\x8e\x1c\xe5\x13ql\
M.\xd5\x09wq\x10\xd5H\xc2\xf3\x9d\xe7 \xfe[\
\xfb\x8e\x1fi\xb8!-\xdd\xa3\x00? \x09q1 \
\xe6\xe0\xfe\x0f\xe5\xe6dux\xbds\xa2^1\xa1\x0e\
\x92\x82\x1a\xf4\xa0\xfa\x1f\xe2\x9c\x80\x82\x1a5\xce\xa2\xec\
\x9b\x9e&\xf8/\x19s\xd8-/\x9c=\xdb~s}\
}\x03(*,\x0d\xda}d\x5c\xab\x92\x9d\x95\x0d\x0a\
\x0arANN\xd6G<\xa9\xc9M\xe3cW\x10\xd7\
^\xe5\xcc_FT\xb3\xcbs\xa2\xe0E\xd5\xe7c\x1a\
\x8f6.i\xf4\x9a\xbf\x90\xb8\xfe\x1b\x1b6\x5c7s\
\xad\xb7\xaf\x9f\xcd\xd3KL\x88\x05\x05Y9\xeb\xd4\xea\
\xa4\xd7\xaa*\xca\xa7\xfd\xf3\x0e\xf1z\x19AN=\xb3\
p\x1f\x87\x88\xaf_r\xe7&\x14\xf46&\xf9\xe8\xa5\
\x87\x8a\xa7\x92\x92\x12\xfe\xbf\xed\xdb\xb7\x80\xd3g\xce(\
\xa0_\x9d\xb7\x99\xe9`\xb0\xef\xe2\x8d\x16\x93\xf1\xb5\xd6\
\xd6\x96E\xae\xde\xce\x9b\x97\x9c\xd0>\xe4]\x07\xae\xaf\
\x05R}\x82\xab\xd7ufv\x06\x1d*-\x9e\xb4Y\
\xcd/4\x1fk\xb95?\xbf\x00\xf4\xf4\xf4\x80\xa9i\
\x8c\xfd\xc9\xa9k\xfa<\x929\xfd\xec\x0b\xcf\x93\xbc\xf1\
\xa7kj\x0f\xcf/\xaf,#6\xdb\x1c2\x92{>\
\xef\xa4\xf9}\xac+\x97.u1&\x8b1W\xa5U\
\xbdw\xcf\xfe=\xd7\xd5\x5c\xfb\xc1\xf7\xbe\x03\xf6\xef\x8f\
\x02\xf9E9\xb7\xc4\xc6E\xbfQYY1\xebes\
\xc7E\xeb$\x12\xd8\x9c\xbc\x1e\x06\xc1\xdd\x9f\xb38 \
\xc4\x8d\x04\x90\x93I\x92\x7f!304\x88\xf4F]\
anN\xf6\x9d\xf9\xf9y\xa0\xa5\xb5U\x01}@2\
\xd2R\x81A\xab\x05Q\xbbv\xdfe\xb6\x992.t\
u\x22(\xdc\xfbE\xbd\xe3 \x12\xc6\xaf!\xc5\xa0\xe5\
\xaf\xd7L\xc0\xe7\x8a\xf1\x7f\xa8t\xca\xe5r\xee\xa9\xaa\
:|\x9b\xc5j\x03\x93S\x937L\xcfL_\xd3\xe7\
\x11\x92\xbcs\xab\x05\xd4\xd6\xd7\xdd\x91\x96\x91\x16\xd7\xda\
zriaq\x91\xe0\x9f\xa1\xf4\xe2\xe2\xc7\xa8\xfcY\
\xd3+\x83\x83\x03\xcb\x9e\xf4\xd4z\x9b\xc3zoL\xec\
\xf5\x93\x7f\xbe\xe4\xf3\x81\x9d;\xb6\x92\xfc'\x90\x9d\x9d\
\xf5.\xadF\xbd\xb7\xb2\xbajaaqA\xdc\x96L\
\x18\xa6\x17\xc5C \xe7\x9c\x85\x8cKn\x9e\x09D\x0c\
\x1bk\x9a_\x98\x87\x05E\x05W\xe2\x93\xe2\x7f\xb2\xff\
\xe0~\x05\xec\x14I\x8aO`\xfd.\x06\xb3\xf6\x93V\
\x9b\xb9\xb6\xa7\xb7\x1b\x058\xe6\x05\x9c\xf2\x5cG*\xe4\
5\x90\x16\xd6\xa1q\xf4[\x91\xde;;;\x0b+*\
+\xe6\x1d.\xd7\xfe\xfc\xe2\xe2\xdb\x1cN\x17\xb0X\xac\
\xd7\xf49|\x09\x8f\xff\xf7\xe9\x8f\x82t\xacG\x1d>\
|\xf8n\xbb\xc3\xbe\xb7\xeap\x95w\x0a\xdb\xee\xfe\x9c\
^\xe1\x1a\x1a\xac\xf3c\x16\x17\x17\xe1\xb9\xf3g\x19w\
\xb2\xebH\xaa'\xe5\x1bO\xfc\xe1Q\xf6;\xf1\xdaq\
]\xcc/\x83A\x03\x0e`\x1d\xe6\xc9\xff\xfd\xfd\x8d1\
1\x07\x89_\x0f\xaf\x8bK\x88\x92\x9f#\xcc\x19E\x82\
\x1e'(\xe4SFb\x1e\xc4P,\x8aYZ^\x86\
5\xb55+1\xb11\xbb\x0dF\xcd\xfa$u\x22\xb8\
x\xa9K\x01\xbb\x84\xce\xfa\xf3_?\x08\xd4\x1a\xd5\x97\
\xf0\x1c<J\xf2!\x82=&\x90\xd4\xe0\xb8W\x05\xb6\
-W?\xa3\xf9p\xe6\xe6\xe6P\xf5\xe1\xea\x05\x9b\xcd\
v\xd0\xe5r\xdf\x96\x9c\xec\x06:\x9d\x0ax\x17\xbc\xd7\
\xe4\xf9\xf3\xce\xcc\xb0clt\x94\xed\xc9]ZR|\
K|R\xc2\x13ii\x9ecMM\x8d+W\xc6F\
\xd1\xd2\xd2\x22\xf2\xf9V\xf0\xf0!<7\xd1\x04^\x17\
:N\x9dB\x87\xca\xca\xfa4Z\x95\xc6b\xb3|\x92\
\xf5\x89ML\x02|~\xd8q\xad\x8bF\x95\x04LF\
=\xa8\xa8+\xbcA\xa3Iz\xb6\xbc\xbcl\x92\xb3\xdf\
K\xd55\xd3\x02\xa2\x9c\xe6\x85\x10AQ?\x93P\x9c\
\x89\xd8\xf8\xf5\xf5\xb5\xcb\x1a\x8d*F\xaf\xd7\xbf{\xc7\
\xce\xed\xe0\xd1\xc7\x1fV@.\x89}\xc8\xe2\xff\xa1\xc7\
\x1e\x01\xee\x14\xd7W\xb22\xd3\x9bY\xfc\xb3\xf6*\x85\
~\x0e\x22a_)H)\xfaA|]\x011\xdc^\
\xb3$\xeez\xf4h\xe3\x82\xcbe?\x90\x92\xea\xba\xdd\
`\xd0\x81\xa8\xa8\xdd`\x06\xeb\xff\xab\xe3Z\xc3>\x19\
\x9b\xb6l\x02\x8f\xfe\xfe1\xf0\xc9O}\x02$\xa9\xd5\
\xff\xcff\xb7\xfc\x05\x8fC\xa9\xa9\xc9m\x87\x0e\x95\x0c\
\x94\x95\x95\x8dgfe\x5ct\xb9]G,6k\xb4\
\xc9b\xf9\x12>\x1f\xb7`;\x1ft\xb4u\x00\xac\x17\
\xddp\xadc\x7f\x12_\xbb\xe7\xff\xfa\x17`\xb7Y\x80\
\xc3d\xb9I\xadJ|\xbe\xbc\xec\xd0\x04>\xa6`\xae\
\x1e\xd75\x07\x85\xf9\xcd\xc2\x1d\x9d\xd3\xe4\x08\xf1T}\
~P\x7fii\x09\x1d9rd^\xa7U\xef\xb3;\
\xcc\xb7EE\xed\x02\xa5e\xa5\xe0\xf2\xd8e\x05\xe4\x12\
2ry\x18tv\x9e\x03g\xcfu\x8076n\x00\
n\xb7\xfd\x9b\x99\x99\x19\xad\x81\xde\x92,E\x82\x7f!\
\x08\x9aY\xab\x5c\xd4\xfc\xdc*\xc8+\xb8\xe2\xbbi\xb8\
mg9kt\xf3\xb1\xa6E\x87\xcd\x92`6\x99\xee\
2\x19\x0d\xe0\xf4\xe9S\xd74\xf6\xe7\x09n1~\xaf\
\x8c\x8e\x80G\x1e{\x1c|\xe3\x1b_\x07\xbb\xa3v\xdd\
\x92\x99\x95\xf5AW\xb2\xeb\xeb\x0e\x87\xfdG\x05\x05y\
\xf7gef\xdcA\xd6\xdb\xad\xdb\xb7\x83\xd3\xa7\xda\xd8\
\xb5\x97\xf8=Vq\x7f-c\xff\x00\xb6\xaf\xedv+\
8\x5cSuKBb\xfc\xe6\xb2\xb2C3ss\xb3\
\xe2$<\xa1\x07I\xcca\x1e\x9a@\x90\x97\x03\x15\x9c\
w>\xc8zU}\xa4\x06\xb5\xa9\xe9\xe8B\x92:)\
\xde\xeev\xbe\xfb\xc1\x9f\xfc\x08\x18\xb1\xbd1:>\xca\
\x0eE\xa4\xb1OFqi!\xa8;\xe2\xe7\xde\xc16\
\xebw\xb2\xb22N\x0e\x0d\x0d\x90\xb8\xbf\x0f\x05\x02\xd7\
\x01\x93\x8a\xe1\x87\x01\x18n\x98\x85\xc6GK+Ug\
\xc7\xca\xca2:y\xf2\xe4\x92\xc3\xe5HJH\x88\xbf\
\xe3\xa1\x87\x7f\x07ZZO^S\xd8\x0f\xae\x01\x18\xaf\
\x04\xfb\xe4v\xce;\x0b\xbc\xf3s`zv\x16,\xae\
,\x83\xb6\x8e\x0e\x90\x91\x9dI\xfax\x00\xac\x93\x82\xb1\
\x91\x11\xd0\xdby\x09\x8cc\x1d\x7fupq\x7f\xad`\
\x7fvf64\xe6\x17\xc0\xab\xaf\xbe\x04\xb0N\x03\x9a\
N\x1e\xbf\xc5b1\xef\xac\xac\xacX\x98\x9f_\xe0l\
\xdb\xa2\xb8G(Q\x8c\x96\x0f\xc9\xcb&E\xdct\x12\
\x16\xf5\x18\xfb\xc4\xbeg\x8e5\x1f[\xd4\x1b\xf5\xd1\xe9\
\x19\xe9w\xbe\xba\xe1ev-\x1d\xbd\xa2\xec\xf7k\x91\
\x13'\x9a\xd9\xf3\xb6m\xd76\x82\xffoef\xa4\xb7\
\x12\x1e\x99\x00\x81\x0f\x87.\x05R\xb8'\xa1\xa0\xd7\x1c\
\xa4\xf5\x9b\x13\xdcB\xc2\x13\x02O\x9d>\xb5\xe8Jq\
\xc7\xed\x88\xdaq[BB,H\x88\x8b\x063\xdei\
\xe5\x82\x5cC\xd8\x9f\x9a\x9a\xb9\xe1\xa9\xa7\x9e\x00\x15\x15\
\xe5\xb7h\xb5\x9a\xcd\x95\x95\x95^\xc2\xf1\xb6\xca\xb3\x11\
\xde\xb6\xe7\xc7\xfax\xe6\x80\x98\xe2\x8c\x8d\xa2\x12\xbf\x1e\
\xb6\x1d\x17UjU\x9c\xd9n\xb9#6>\x96\xfd]\
'[\xda\x94\x8b\xb3F\x99\x18\x1b\x05\xcc\xca\x12hk\
i\x05/\xbe\xfc<\xa9\xab\xfe\x8f\xac\xac\xcc\xd6\xfe\xbe\
~ntE\xec\xf7\x93\xb8~\xbc\xd4\x0b\x99\x1a6\xc2\
\x13t\xeaT\xc7\xa2\xd5j\x8e\xdb\xb5}\xe3\xed\x89\x89\
q`\xef\x9e\xdd`na^\xb9(\xd7\x00\xf6I?\
r\x22\xf5\x0du7[\xad\x96M\x87\x0fW\xcf.,\
\xcc\xf3\xcb\xc2 \x82\x92y\x8e\xb4Z'(\x8c3\x07\
\xbf\x8buB\xf9\xf5\xfc\xa6\x05\x8dF\x1d\x9d\x9a\x9az\
\xc7\x0f\x7f\xf2\x13\xf0\xcb\xdf\xfdZ\xb9(oQ\x8e`\
\xdd\x9f\xf4\x98\xfd\xe5\x0f\x7f\x0a<i\x9eog\xe7d\
\xb5\x0f\xf6\xf7\xaf\x86\xa7Vk\xf6B\xa6\x98\xb8\xb9\xa4\
\xb0N\x9d\x81\xb49\x10L\xd7\x80\x0c\xd6\xff\x99\xb6\xf6\
\xb6y\x8b\xc5\xa8\x89\x8d\x89\xbe+.>\x06\xa8tJ\
\xdd\xe5\xd5,\xf3\xf3\xf3\xe0\x07?\xf8. \xbc\x82\x05\
y\xb9\xeb\x8c\x06\xdd\x86\xc3\xd5U\xb3\x81<]\xbf\x9f\
(X\xeb-\x22\x80\x12\xf1\x96r\xf3{d\xf6\x15f\
qi\x11\x1dil\xc4s\xc5\xb2?+=\xed\x0e\x92\
\xa7B\xf4\xd5\xf9\xe5\x05\xe5\xa2\xbc\x0dB|\xa4\xf5G\
\xea\xc0\xa6\x8d[\x81'\xdd\xf3\x9d\xdc\x9c\x9c\x93\x83\x83\
\x83x\xd1\xf5\xf9)RC5\x7f\x12\xb5+\x82\xbc \
\x11\xbd\x0a\xb79\x85\x7fQ\xf1\xf9|\x18\xff\xad>\x97\
\xcbau\xb8\xec\xefu\xa7\xb8\x01\xb6\xe3\xc0\xd8\x951\
\xe5\x82\x5ce\xb2\xb8\xb8\xc8\xd6\x19\xa6gx\xc0\xb1\xa6\
\xa3\xef\xb6X-\xdb\xabY\xdc\xcf\xfb\xcd\xc2U\xfb\x0f\
\x8as\xbe){\xbeP\xdd\x87\x5cs\x91|\x85\x8f$\
=#\xc6\xb7\xb8\xb8\xc0`\xfdb61)~[F\
V\xfa\xbbcc\x0e\x82\x1f|\xfb\xdf\xc1\xe0\xe5!\xe5\
\xa2\xbc\x8dRP\x9c\x0f\x8e\xb7\x9e\x00\xaf\xbe\xfa\x1cp\
'\xbb\xbf\x95\x95\x95\xd1<8\xd8\xcf\xe6N\xc1@\xde\
j \xad\x82A\x94\xb8\xab\x98\xe3KP\x9e%^3\
X\xfd\x1f\xe3\x9fINu\xeb\xb5\x06\xc3]j\x8d\x1a\
$$$\x80\xb1\x89\x09\xe5\x82\x5c\x0d>M\xaf\x17\xef\
\xf7^v\x9f\xb5Y,\xa0\xb2\xa6j\xbd\xdda\xdbQ\
W_\xb7\xb8\xb0\xb8(\xe0!\x93\xd7\xef\xf9N@(\
\xa0\x8d\xe1\xda\xf6\xacg\xcf\x87\xed\x88\x95\x9a\xda\xc3^\
\xadN\xbd=-5\xf9\x16\x87\xd3\x06\xb6\xee\xd8\xa2\x5c\
\x94\xbf\x81\x8c\x8d\x8f\x83\x8b\x97.\x81\x83\xb1\x07\xc1\xb3\
O?\x0d\x9c\x0e\xdbW\xd2\xd2\xd2\x1az\xba\xbba\x80\
\x1e}\x95\xc3\x83A\xa2^T\xc2z\x16Z\x0a\xa08\
o\x98\x8c\x15\x9f\x0f\x9e:sz195U\x1f\x1b\
\x13{\x97\xd1d\x04\xa9\x9e\x14\xe5\x82\x5c%\xd8\x1f\x19\
\xb9\x0c\xbe\xfe\x95/\x83tO\xda\xcd\xea\xa4\xc4\xcdx\
\xbf\x9f\xc7\xfb\xb1\x9f?\x17B\x84\xa8=\x88E\xba\xbb\
\xec\x80\xdcZR<\xbc\xf3sLMM\xcd\xac\xc1\xa0\
\xdb\xe5p\xd9\xde\x95\xa4J\x00F\xa3\x0e\x8cON*\
\x17\xe5o\x84}2\x9e|\xea\xf7\xe0\xf8\x89\xe3`\xc7\
\xf6-@\xa7\xd3=\xe0p\xd8+/tv2~\xf8\
3\x90c\xceG\xe0\xc7\x11\xaf\xf9\x14\x1e&V\xc7k\
oo[v\xbb]\x86\xd4\xb4\xd4;\xab\x0eW\x83\xf6\
\xf6\x0e\xe5\xa2\xfc\x1de\xce;\xc7\xee\xf7z\xbd\x06T\
\x1f\xaeX\xaf\xd7i_\xab(/\xf3..\xcc\xf3J\
n\xb8\xfb>\xa4s\x98H\xe8\xfd\xd49\x81H~~\
CC\xfd\x94\xd3\xe1\xd8T\x90Wp+\xe1\xdfz\xea\
\xe9?\x82\x85\xa5%\xe5\xa2\xfc_\xe8\xff\x85EX\xef\
\x1e\x03\xaf\xbc\xfc*\xd1\xff?\xe9pX\xcb.t\x9e\
\xf7\xab\xff\xab\xba\xbf\xec\x1a\x8e\x04\x5c\xcaPX\x1f\xc0\
\xf5\xff\xb3v\x05i\x17@r6\xb0\xbe\xb1\x01?w\
\xd3\xb5\xd6\xfbg\xd1;\xcf\x1b\xd7\x03\xf6\x7f\xfa\xdas\
\xec}|M\x1e*;T2>?7\x17\xe4\x22\x17\
p9\xd18\xf5\xc2\xed\xfdB\xe7\x1f$q\xc2\xfa\xba\
\xda\xb9\x8c\xf4\xf4\x8d\xad\xad\x1d7\xc7\xc7$\x80\x8d\x1b\
6*\x80\xfc?\x96\xf2\xf2C\xe0b\xcf%\xf0\xcc_\
\xfe\x0c\x9cn\xc7}Y\x99\x19\xf5$\xff\x17c\x94\xa4\
W\xad^wF\xd86\x01qH\xeb\x02y\x1c\xbc\x9c\
`\xc8\xb3\xf9y\x9ck\x8c\xd7;\x87\xf2\xf3\x0b\xfa\xb5\
z\xed\x17\xa3c\xa3Y\xce\xa1\xab\x02\xd7\x0b\x8b\xa1\xb1\
\xb8\xc0\x0e<O\xd9\xba\x042\xe6g\xbd\xd7\x1d\xf6]\
.;\xc8\xcf\xcb\x019Y\x19\xdf)**\xba\x10\xaa\
W\x0a\x95\xd8\xf2\xf8\x09!\x14\xee\xe9\x9cI\x019N\
}\xc8M\xf3!}\xe0|x\x12-/,.\xf8j\
k\x0fO\x1a\x0c\xfaM-'\x8e\xbf+%9\x19\x9c\
>\xd5\x01\xa6\xa7\x14\xdf\xcf\xdfC\xbaz/\x01\x7f>\
\xea\x06\x90\x9a\xea\xfeBVfz]_o/\xf1\xc4\
\xb2\xa1W\x0e\xfe\x05\xb5\x80\x90\xe6\xeb\x85\xb4~\xf5\x02\
\xde+\xa6\xebb\x172\x18\xf5\xaa\x9af\x7f\xee\xd1U\
\x83\xfdy\x8c\xf9\xf9\x10\xf6\xe7\xbd|\xec/pp\x8f\
\xd7G\xb0\xb2\xb2\x02\x96\xf1X\x5c\xb96u\xd5\xca\x8a\
2p\xf2\xc4\xb1[\xd2\xd3<\xda\x8b\x17/\xfak6\
\x031\x1fNF\x8e\x9c\x8fG\x90\xf3\x05E|<\xd0\
\x9f\xb3\xe7\xc3\xb8g\x1a\x8e\xd4\x8dY,\xa6\x97rr\
\xb2n&\xbc\xa5olx\x1d\xcc\xccL\xb1C\x91\xbf\
\x8fLMN\xb3\x18|\xe1\xc5gAj\xb2\xfb\x0b\x99\
\xe9\xe9\x87{\xba/!\x966!\x90~\x01aH\x0f\
\xe4\xcc\x03\x86\xe2\x0b\x147\x02\xe1\xc4r\xc9\xfd\xf9y\
/*.)n\xcc/*\xf8\xc7\xf2\xbf3\xe7\x17\xb6\
=\xd9\xe1\x9d\xc7\xd8\xc6\xf8?s\xf6\x14\x9b\xab\xfb\xfa\
\x86W\xc0\xa6\x8d\x1b\xc0\x93\x7fz\x02|\xf8C\xef\x05\
\xb7\xdd~\x1b\xf8\xdf'\x1f\x04\x9f\xbb\xef\xde\x1b\xf0\xc7\
n\xf8\xea\xd7\xber\xe3\xcf~\xf6\xe0M\x1f\xfa\xe8G\
n\xbc\xe5fp\xc3\xedw\xdcr\xc3G?\xfe/7\
l|\xe6E\xf0\xf0\xa3\x8f\x81?>\xf9\x04x\xe9\xa5\
\xe7\xc1\xde=\xbb\x80\xdb\xed\x02'N\x9e\x04\xa3WF\
\xc1\xc5K\x17\xaf\x9a\xeb\xae\xd3\xaa\x81\xcdf\xfe\xd7\xca\
\xca\x8a\xbe\xc5\xc5E&\x18\xc3\x17\xf1\xeb \xfeZ\x00\
W\xed8)\x9e\x07\xfeZ\x81q\x0f\x1b\xea\xeb\xc7\xcc\
\x16\xf3\xf3j\xadn\x1d\xe9%a2\xe9\x15\xe0]%\
\xd8\x1f\xbb2\x0eJK\xf2\xc1#\x0f\xff\x0exRS\
>\x93\x96\x96Vq\xa9\xab\xcb\xbf\x0d\xf0\xe3z\xdc\xaa\
\xab\xd5\xdcma\xcf\x1a\x01\xaf5\xdf\xfe'q\xbfc\
\xcd\xcd\x13X\xf7\xfb\x0f\xc2gE\xfc\xcco+\x9e\xb1\
\x1d\xcb\x1dBimk\x03^\xef\x12\xc8\xccJ\x07\x09\
\x091\x18\xeb\xc9 !>\x1e\xbc\xf0\xfc\xf3d\x0d\x5c\
_UU\xf1\xc1\xb8\xf8\xe8\xfb\xb6o\xdb\xf2\xa5\xe8\x98\
\xfd\xffn\xb5\x9b\x7f\x96\x97\x9b\xfb\x5c^^^LF\
F\x86\x09\xaf\x0d6\xa7\xd3\xe1N\xc1J\xab\xc7\xe3q\
\xe3\x1bwrr\xb2\x09\xdf$eee\xed\xcf\xca\xce\
z\xd6f\xb7\xfe\x22*j\xe7\xb7wl\xdf\xf2%\x9b\
\xcd\xfa\x89\xb3g\xcf\xdf\xf6\xec_\x9f\x01YY\x19\xa0\
\xa80\x1fh\xd5\x09lm\xdc\xc9\x93\xc7Auu%\
[7\x80\xed!v\x0db\xc7\x1c\x7f\xfc-\xc4nw\
\x80\xb4\xb4\x94'[[N.\xac\xf6t\xe0\xad\xd5P\
P\xc3\x01\xc5<E\x12\xb8\x0f^{\x92\x1f\xd0P_\
;\xect9\x9eJ\xb1\xb9\xd7\xc5\xc7\xc5\xb1\xfb\xcc\xcc\
\xec\xac\x02\xbc\xab\x04\xfb\xd3SS`rr\x82\xdd\x9b\
6\xbd\xf1\x1a\xc8\xce\xcd\xfa\x5cJ\xaa\xfb0\xe1G\x0c\
\xf0\xa7\x88\xeb|\xc51=\x84${U\x04\xed~v\
\x7f9}\xfa\xf4\x8a\xc9l\xfa%\xe9\xab<:2\xf2\
\xd6u\xf6\xf9y\xb0\x84u\xf1\x05\xb2\x8f/\xce\x87\xb0\
\x8fqCn\x17\x97\x16\x80m\xbb\x1a\xe0\xa5\x0c\x94\x14\
\x17\x80W^~\x06T\xd7V\xde\xb2e\xcb\xeb\xefq\
\xbb\x9d\x9f1\xe8\xf4\x7f\x8e\x89\x8e\x8e\xb1\x98\xcd\xb6\xdc\
\xdc\xdc\xba\xf2\xf2\xb2\xa1\xba\xba\xba\xe9\xa3G\x1b\xbd\xcd\
\xcdG\x97Nut\xac\x5c\xea\xeef\xfa\xfa\xfa\x10\xc9\
\x89\x22\xbd;\xae\x8c\x8eB\xd2[rpp\x08\xf5\xf6\
\xf6\xa2\x8b\xd8\x96\xe9\xea\xeaZ9}\xe6\xcc\xd2\xf1\xe3\
\xc7\x17\xeb\x1b\xea\x16\x08\x9fUii\xc9\x99\x82\xc2\xc2\
\xf4\x8c\x8c\xf4\xf8\xe4d\xd7\x86\xdc\x9c\xacon\xdf\xf2\
\xc6?\xec\xdb\x1bu\xfb\xc3\xbf\xfb%\xd0\x1b\xb4\xa0\xe1\
h=\x18\x19\xbd\x1c\xc0>^\x03\x16\xe6\xfe\xe6\xd8_\
\x5cX \xfd\x9c\xb4\xdd\xdd\x97`\x00\xfb\x8c\xb8\xbf\x10\
\x94\x8b\xef Z\xcf\x92U\x1d\xcf;7\x8b\xaa\xaa*\
\xaf\xb8\xdc\xae?\xb5\x0d\x8c\xdc\x80\xd7G|\x8c#\xa4\
\xc6\xf1\x9a\xe7w\xba\x9edzz\x8a\x1dSS\x93A\
\x1b<%-\xe5\x93.\x97\xa3\xf0\xdc\xb9\xb3$\x17\x83\
\xcf\xfd\x0ba\xb8y \x88\xf2\xf0\xb9\xc1\xcfw\x9eg\
\xf0~\xf8\xe8s\xcf\xfe\x15\x0c\x0d\x0f\xbd\x0d\xd8\xf7\x82\
%\x8c\x99 \xf6\xe7Y\xcc\xdf@\xd6\x95\xf8\xd8\x83`\
\xfb\xb6M +'\x03\xd4\xd6\xd4\xdc\x9c\x97\x9b\xf9@\
\xf4\xc1\xa8Glv\x8b%33\xedtm]M\x7f\
GG\xfbB__?\x1a\xbb2\x86\xa6\xa6\xa7\xd1\xe2\
\xd2\x92p\x7f\xe3\xd4\xab\xf3{\xef \x99\xf7\xf9\xf0\xb2\
\xe9\xf5z\x11>\xb7hll\x0cuvv\xfa\x9a\x8e\
\x1e\x19)/+9_VZR\xe2\xb0[\x9e\xd1j\
U?,,\xce\x7f/\xebw\xd9\xb9\x1d\x18\xcd\x06p\
\xeaT\x1b\xb6\x83gX\xdc\xcfb\x9d`\xf6oP\x0b\
H\xfe\x9e\xd1\xa8w\xf7\xf5\xf5\x22\xca\xf1\x09cy\x10\
Q\x1ag\xf0\x1b\xe8\xf9svH\xef\xdc\xd9\xb9Y\x1f\
\xd6\x9f\xbalV\xcb\xa3%%\x87\xd6\xe5\xe6\xe6\x81\x98\
\xb8x\xb6\xb6yu(rua\x9f\x8c\xb3\xe7\xcf\x80\
\x99\x89i\xb0}\xc7f\xe0r\xda?n\xb3Y\x0aN\
\x9f\xee@\xac\xbb\x16\x05\xda\xfbB\x86\x82\x7f(e\xf7\
\x09\xf9?\x99\xce\xce\xf3K\x06\xa3\xee\xa7j\x8d\x0aL\
\xbcEn_\xe2\x93[\xf0.\x82E<\x88o\x9e\xe4\
\xa5\x93\x1ebd<\xfb\xd7\xa7AiQ\xe1\x1d\x07\x0e\
\xec\xfd7\x9dN\xb3\xd9a\xb7\x96\x94\x97\x1d\xba\xd4\xd2\
r\x02\x92\xfd\x8e\xf0\x8e\xf9\xd8\x92fn<R\xdc\x7f\
\x93\xcaC)\xea\xcf\x81\x90\x94\x0f\x14\xf1zM\xb3(\
A3\xd3S\x90\xf8U\xda\xdbZg\x0a\x0ar\xea=\
\x9e\x94\x18\x8b\xd5\xf2m\x93\xc5\xf8!r\x5c\xe9\x81>\
>\x0c\x84,\x17\xea\xdb-\xfd\x97\xfb\x09\xaf{bg\
W'\xe2\x1f7\xa4\xf8\xf6\xa4\xb8\xb8\xf8\x5c\xee\xf8\xc8\
\x96gfgV\xca+\xca\xbb\xcc\x16\xe3\x7f\x93\xf5%\
''\x1bdff\xf2p\xaf`\xff\xea\x94Y\xbc\xdf\
\x90Ad\xcb\xe67@rJ\xf2\xc7\x8cFCqG\
{;\x0c\x94[\xc2@Y\x07\xc37\x06%\xfd=\x9c\
x\x11Cj\xb6P\xd3\xb1\xa6Kxn\x7f!-#\
\x0dxg\xbdo\x19\xfb\x81\x81\xf7\xf9Q`6\xea\xc0\
\xc7>\xfc~\xc29\xf1\x0fjU\xc2\xefu\xda\xa4\xcc\
\xc2\xa2\xfc\xb1\xd6\xd6\x96\xe5\xc9\x89q\xc2\xf7\xcc\xe5\xda\
fP\xa8\x89\x09\xa7M\x01\xcd\x97\x01)=\x0d\x85\xf9\
\x0dH\xb2\x07\x22'\xfe\xc5[\x07\xc9y$q\xef\xfe\
\x81\x01\x88\xcf\xcblqI\xd11\xbdI\xbf\xdb\xe9t\
|\xc5\xe9p\xdc\xfc\xe2\x8b\xcf\xb2>\xf9\xdf\xfd\xcf\xcf\
\xdeV\x0e\xf4\xd8\xb8\x18\xe0Nv\xfd\xb6\xe9\xd8\xd1\xf9\
\xc0\xef\xa0\xd8\xfa\x82\xbc\x5cq\xfd\x0e\xb7\xb7\x033\xe7\
\xf5\xfa\xaa\x0fW\xf7Z\xed\xb6_\x13\xdcWW\x95\x83\
\xf22\xa5\x87\xce\xb5\x86}|9\x83\xfa\xbf\xdb\xed\xfa\
g\x83N\x97\xd5\xdar\x92\xec\xff\x10r\xb9\xfd\xf9d\
\x1f\xd2\xf9]\x01\x93\x7frr\x02\xb9\x1c\xb6\x9c\x8a\xf2\
\xf2[\xda\x89\xdf\xed-b?\xe1\xe0^\xb2\xb7\x83\xdf\
?\xf6\x08\xfb\xd8e\xb7\xdek1\x19\x9f\xc1\xb6u\xd3\
\x91\xc6\x869b\x9f/--q9\xa6\x18\xc4\xa9M\
A\xc2C\x08u\x8ec\x10\xc7\xd0\xe1\xc4.\x04\xfc\xfc\
\x02\xceS1Fx=\x91\x02o\x0b\xd5\xc5\x85\xaa\xe3\
\xd8Lw\xbco2\x17/]D\x95\x95\x95\xfdi\xe9\
\xe9\xce$U\xc2\x83y9\x99wi5I\xc0\xa0M\
b\xaf\x09\xd1o\xde\xaa\xec\xdd\xb7\x07\xec\xdd\xbf\xf7\x93\
\xc5%\xc5=KK\x8bB[\x0eQ9Z!\xadi\
.\x0c\xfa\xf5\x1a\x8f\x1c\x19t%\xbb\x1f>\x5cU\x7f\
cAA!\xc8\xceV\xfa\xe5^\xab\xd2?0\xc8\xce\
\xb5\xed\xdb7\xe3}\xd4\xf4O:\x9d:\xa3\xb5\xad\x95\
a\xfc\xf4_\x8c\x80k\x15\xf1{+\xf2|\x82\x8c_\
g\xf0A\x8c\xc7y\xb5:\xf1q\xe2\xe3\xdf\xbcm\xeb\
\x9a\xb0?Otz2\xbc\xf3 .\xfe \xa8.\xaf\
\x04\xe9\xa9\xc9\x00.\xf9nJL\x88\xbb\xd7`\xd0\xee\
\xce\xca\xf0\x9c9y\xbcyyrr\x8a\xbb\xee\x04\xf4\
\x15\x7f\x138\x14(^\x86\xabDE\x02J\x02\xee\x86\
'\x8am\x88\xf2]y\x1f\xa2|TT\xdc&\xe0\xf6\
F\xc1%\x80\x9cRv@\xa2\x1f-\xc3\xa1\xa1!\xc2\
_5\xed\xf1\xb8\x0f\xd9\xac\xc6G\x8d\xda\xc4\xf7\x92Z\
\xc8\x0b\xe7:\xc1\xe2\xf2\x12;\x16\x16\xdf\xdc:\x90\x9d\
\x9b\x0d\xca\xab\xca\xd7\xbb\x92]1\xdd=\xdd\x5c\xf2\x5c\
\xc8\xf7\xd3\xd0\xeb\xf4!\xa7o\xc3\xcc\xcc4\xaa\xac(\
\xbfb\xb7\xdb\x9f*\xcd+\xbe1=-\x03\xeb\xfa\xb9\
\x0a\x80\xaeq!y/D6nz\x0d\xa8u\x9a\xf7\
a\xcc\xa6v\xb4\xb7\x11\x9eZ2]}\xc1\x5c0\xc9\
xO\x90\xc7\xda\xd7\xd3\xd3\x8d\x8c&}\x9eJ\x1d\xf3\
\x9e\xd8\xb8}\xc0\xb7\xbc\xbc\xa6\xdf\xe2\x9d\x9fg\x87\xd3\
n\x06\x0e\x9b\x09<\xfd\xd4\x1f\x80\xc9\xa8\xfb\x90F\x15\
\xbf=7'\xa7\xfb\xec\xb93\x0c\xc9\x1f\xe0\xf2\xbf\xf3\
y\xe3B\xfc\x92\x90\x9e\xabL\xf3[KrT\x09z\
\xce!in3Az+\xd7W\x02\x91 wNX\
/\xcd\xa0\xc9\xa9It\xe2D\xf3BZ\xba\xa7\xccb\
5\xff4+;\xef]\xc4\xae!\xeb\xf2\x9b\xcd\x8fJ\
HJ\x04:l\x1fed\xa5\xff\x0b\xb63Z\xc6H\
\x1f\xa2\x80#'L\xfc.p\x04l\xcf\x02\xdf\xe4\xe4\
$,**\x1c0\x18t\x7f\x8a\x8e\x8e\xb9)\xd9\x9d\
\x0c\xd2<i\x0ap\xae\x13!{\x0b\xeb\x87\xde\xfa\x06\
\xe1i\xffG\xa3Q\x97\xder\xf2$$9\xfa\xfe|\
0a\x9d/\x12\xe5\x82\x8e\x8c\x8e\xa0\xb4\x8c\xf4&\xbd\
Q\xf7\xaf\x8f\xfe\xe1\xa15\xcd\xd9y\x92[\x87\xc7\xab\
\xaf\xbc\xc4\xfa\xf1\x9e\x7f\xeei`5\xeb\xee\xd2h\x12\
\x7f\x9f\xe6Injoo]\x0e\xf4\x22c\xc4\xbc\xcf\
\xe2\xde\x02P\xd4C[\xca?\x07\x91L\x9d\x0aeK\
\x97\xacy\x92\xc9\x83\x11\xe6LS}\xa7\xac\xfdA\xf0\
Y\xdfP?\x91\x9c\xec\xce\xd2\xeb4\xdf\x1d\x19\x1b\xb9\
\xc9l5\x81\xb1\xf11p\xa9\xfb\xd2\x1a\xd7Q6\x97\
\xe0\x86\x03\x07\xf7\x11^\xf5\x1f\xe7\xe5\xe5\x0c\x8e\x8d\x8d\
1\x91\xc4\xeeW\xc9\x1eI\xaf\xf2\xd2C\xa5]\xc9\xa9\
\xc9?\xc7\xcf\xdfXRZ\x0c\xac6\xab\x02\x98\xeb%\
\x06\x80m\xff\xd5Ad\xf3\xe6\x0d@\x8f\xf1\xafR'\
\xd9\xaa\xaa*\xbd\x13\xe3\xe3\xdc<pF\x18\x07$\x1c\
\xde\xe7\xce\x9d[\xc9\xc8\xca\xacv\xba\x9c_\xfe\xf6\x8f\
\xbe\xcb\xe2\xde;;\xb3&\xec\x9f8\xde\x0c4*\x15\
\xf9\xec\x8dZ\xad\xfa\xeb&\x936\xa3\xbe\xee\xf0\xc2\xd4\
T(\x0f=\xd4\xff\x0d\xca\xd5\x95Q\xea\xce\xa00f\
%\xe8\x15G\xeb3C\xf9\x1eH\xa9c\x84\xa2\xe7\x85\
|\xb6P\xdc\xd0[\xba\x96\x8a\xf8[\x06\x07\xfaQY\
Y\xe9\x88\xc3eO\xc0v\xd8\xc7~\xfe\x8b\x9f\x81s\
\x9d\xe7\x00\xd6\xdfAOOdk\x80wq\x1e\x0c]\
\x1e\x0a\xf6S\xdewp\xef\x8fSSSZ.t^\
\x80\x01n>^\xaf\x0cnm\xd6\xe2\xd2\x22<s\xe6\
\x0c\x93\x9e\x91v<%9\xf9{\xe4zVVW\x80\
\xc2\xe2<\x050\xd7)\xf6gffAc\xe3\x11\xf0\
\xdc\xf3\xcf\x00\xa3\xc5t\xbbF\xab\xfe3\xbe\xfe\x0d\xb5\
\xf55\x0b\x84\x07\x9c\xcc\x99\xa5\xc5E\xb4\xbc\xb4\x88\xa6\
\xa7\xa6Pk[\x0b\x93\x9b\x9b\xdbm\xb7\xdaw\xba\xdc\
\xae\x8f\xfc\xf8\xe7?\x07\x9d\x17/\xfa9\xb0er\xbb\
\xd8\xfc\x96\xc08{\xe64\xbbV\x1c8\xb0\x0fxR\
\x93\xdf\x93\x98\x18\xf7jjjr_oo\x8f\xcf\xc7\
:\x1e\xfd\xa62\x12\xf7\x13\xa4\xc7\x1e -\xef\x18\xc9\
\xe5-\x09\xd5v(\xd0\xd1\x19Y.s>\xc6\x85\xfa\
\x82\xe4o\x81\x88\xbaf\xac\xea\xda\x90\x9ccl\xe3\xa0\
\xac\xac\xcc\xa3Z\xbd\xee\x87\x9f\xb8\xef\xfe\x1b\xf4\x065\
\xf8\xf0\xbd\xef\x09\xe9k\x0b\xf3\xbc\xc1\xd3\xe5\xb0\xedD\
\x06\xc9),//\x03\x07b\xf6\x01\xa3\xc9\xf8\x09\xbd\
^\x17]\x5c\x5c\xdc\xdb\xd2\xda\xc2\xee\xeb\xfek\xba\x84\
\xaf\xe9\x12\x22v\xfd\xb9\xf3gW\xaa\xab+.\xd9\xed\
\xd6\x83\x9eT\xf7\xa7X\xff\xf0\xec\x0c\x89\xa9\x82Y\xef\
\x8c\x02\x98\xeb\x18\xfb\x84\xcf\xf1\x08\xc6\xff\xce\xa8\x9d\xec\
\xeb\x1a\xad\xe6\x83q\xf11?\xb3:,\x16\x9b\xc3V\
\x9d\x96\xe6\xa9MIv\xd5\xba\x9c\xf6\x1c\x8b\xc5\xfcb\
Ll\xf4\xfd\xa4fw\xd7\xee(\x00\x97\xe7\x09\xe7=\
\x8b{.\xf6W\xed\xf8\xd0\xf0\xe3\x9e\xf8\x0332\xd3\
\xc1\x0f\x7f\xfc_\xf8\xef\xa8?\x8f\xf5\xdc\xe2\x9a\xda\x9a\
\x05<\x07\x99\xd5\xb8T\x80t\x00\x22\x04\x05\x89\xc5P\
\xd4\xdc\x99\xae\xbb\xca\xe6\xa5\x22\xb1\xff\x9b\xeb\xf7\xe6\xbb\
\xbd\xa1t\xbd3\xb7\xe4\x8dR\x0b\x0d\x85\xbd\x91\xb8|\
\xd7|\xdd\x00\xf2\xf5\xaa\xe9\xe9)\xa6\xa2\xb2rXg\
\xd0ms9-\x1f\x8c\x8e\xd9\x0b\xaa\xabJANN\
zD\xd8'\xe3e\xbf-\x05\x9cN\x07\xb9]\xa7V\
\xab>c\xb1\x9a\xff\xd7\xee\xb0f\xa7\xa4$\xd7\xa4\xa5\
\xa5V\xa7&\xbb*\x9c\x0ek\x1a\xc6\xfc\x931\xd1\xfb\
>335\xb5\xeeS\xff\xfc\x11\xb0\xe4[\x02ss\
3\xecP\xe4\xfa\xc7>\xe1\x9c\x1f\x1f\x1fe\xe7\x8b\xd9\
b\x06\x0f?\xf2;\xf2\xd6\x1b\xf1X\xf7\xc0\x97\x1fX\
\xff\xb5\xaf}q=\xbe\x7f\xd3\xa7\xbft/\xd8\xb0\xf1\
up\xa6\xad\x03\x5c\x19\x19\xf1s\xdd\xcf\xc9c\x7f\x1c\
\x0fRS7ze\x04\x98\xccF`q\x98\xd7\x99M\
\xc6_\xa5\xa7yZ:/t\x22\x08\x85\xbd\xdd8\xe4\
\xef\xf2\x5c\xc3\x94v\xa3TjR\x99\xf7 J\xcfm\
D\xdb\xec\xe9k\x05\xc5\xd6\x90\xe2D\x14\xfb\x1d\xa0\xe4\
\xf7\xae,/a\x1d\xe0\xb4/=-\xb9\xea\xc0\xfe\xa8\
\xaf\xfe\xe1\x89'\xc0\xa5\xben\xf0\x93\xff}4\x22\xec\
\xaf\xfaS\x9a\x1b\x9b@\xcf\xc5K@\x85m\xab\xdf?\
\xfe\x08\xf8\xd0\x87?p\xd3\x1dw\xdc\xba\xee\xee\xf7\xbd\
{\x1d\xb9\xb6\xe4\x9az23@l\xcc\x01\xd0\x84\xd7\
\x7f\xd2\x1bo\x0e\x7fn\x0e\xdb\x0esWIM\xa6\x22\
\x7f\x1fY^Y\xf4\x8f\xe5e\xb0\xbc\x18\xf9\x5c\xe0b\
\x7f\xc1\xeb\xf7+\xc6\xc5E\x938\xd4{\x8c&\xfd\x8e\
\xc3\x87\xab\xc7\xa6\xa6\xa6\x82\xa4\x82\x12\xfe0a/\x01\
)\x8e\xa9H\xfc\xf1oe\x84\xf1\x0bR\xd7\x1dN\x0f\
J$\xea\x93@\xff\xed\x82\x18*B\xbe\xc1\xa1\x01\x94\
\x9b\x9by\xdeh\xd2\xb1\xbe\xb7\xdc\xbcl\xe0r9\xa8\
\xd8\x8f,\xc6\xb3\xc0\x1b\x8a(\xf2v\xcb*\xee\x09\xe6\
\xb1Nq\xc3\x1f\x1e\x7f\x088\x1c\x96\xcf\xa5\xa4\xba2\
\xda\xdb\xdb\xe6\x97\x96\x97\xfc\x0d\x05\x83\xa9\x84\x92~y\
(h\x0e\x09\xf9|\xb1R\xeb\x04\xa2\xb5!\xa7\xc4\xfc\
\xb8>A\x18i\x8d\x8b\x18\xffPP\x03\x00E{?\
\x13\x99\x8f\x92\xcf\x91@\xfe\xc3\xb67\xac\xaf\xaf\x19N\
\xf5\xa4\xbc\x9e\x9f\x9f{\xbbN\xabb\xcf\xf1\xc4\xa4\xc2\
\x91\xa1\xc8\xd5)\xa4\x06\x87`\xff\x8fO\xfe\x1e\xec\xde\
\xb1\xf5\xcb\xa9)\xae\xa6\xfe\xfe\xde\xd5\xfe\x01\xfe:\xb3\
\xa0\xcf\x192\xb4\xbe@\x94\x9e\xe1\x94~\xa20\x92}\
\x1b\xc9\xf1RR\xea|\xe4b|H\xa2\xb7\x19\xb7\xf6\
\x07I\xe5\x1dP\xb8\xafi=\x91|\xdcX\xcb\xd2\xd2\
\x22\xd3\xdc\xdc\xe4\xb5\x98\x8c\x1a\xbd6\xe9\x9e\x17_x\
\xd6\xbf\x8f/\xaf(\x13M\x91\xabB\x160\xde\xc9 \
\xb6\xa6J\x93\x00vl\xdf\x0cv\xec\xd8\xfa\x0d\x97\xc3\
\xde>\xd0\xdfGr\x07V\x82~\xfcP\xcbvY\xfe\
PH\xdf\xb7\x11\xd5\xce\xe6S\x90\xc9a.\x1cw\xa1\
\xc0?G\x19b\xce+Q\x10!T\x22O\xed\x8d\x82\
(k\xc0\xaa\xde\xc0p\xe3\x83$9peey\xa5\
\xa5\xe5\xc4\x8a\xd9d\xf0\xa85\xaa\x0f\xec\xde\xb5\xcd\xbf\
\xc6z\xe7\x94\x89\xa7\xc8\xdf\xc7'\xb0\xb8\x10\x1c\x04\xf7\
\xc4\x9f\xdfu\xb1\x13\xc4%\xc4\x81\xa8\xbd\xbb\xbe\xe1r\
;\xcf\x0d\x0c\x0c\xa0\xd5|wJM9W'\x8e\xc0\
\xf6\x87\x8c\x84\xad,\x85a(\xb0\x11$\xd6\x18H\xe9\
1\x05\xe9\xb9Ap-z\x06\x84\x82\x1eV\x8c\xbc\x8f\
P\x8a\x1b\x97\xac\x01>\xd8\xd6\xd6\x82\x92\x12\x13R\xb6\
l|\xfd}O>\xf5\x04{\x0d\x88~\xb5\xb8\xa8\xd8\
\xef\x8a\xfc\xfd\xb0\xbf\xb4\xb4\xc4\xce\xc3\x87\x1f\xfd-\x88\
\x8a\xda\xfe%\x8f'\xb9\x9d\xf0b\xf8\xf1\xc2H\xd8\xe8\
\xa2\xb8\x17#o\x7f\xc3p\xba\xb4p\xfd@\xc2\x1a}\
z/9(\x957\xc8\xad\x05F\x14\x1f\x04\x92\xb2+\
8$\x07\x0c\xa4\xfa.a\xa49\x83\x90\x9b\xd7\xdc\xde\
\xda\x8a\xb4Z\x8dG\xadS\xbf\xff\xa5W^\x00\x1aM\
\xa2\x82}E\xfe\xae\xd8'\xb8\xdf\xb7/\x0aD\xed\xd9\
\xf5e\x9b\xd5\xdc><4\xc8\x04mv\x08\xc3\xd8\xe6\
\x10\x0as\xf4%1\x01\xa9I:L\x98\xb5\x04\xd1j\
\xfa!ZK\x1fJj]/\x0ag\xb3@y\x7f\x01\
\xb7\x06Y\x06\xff\xa1c\xc2&\x00s\xe6\xec\x19\xc6l\
6\xa6\xc5\xc7G\xbf\xff\xf5W_\x04\xf7\xdd\xfbqe\
2*\xf2w\xc1\xfe\xf8\xe48\xd8\x13\xb5\x03\xe84\xea\
\x7f5\xe8\xb5\x0d\xbd=\xdd\xab\x8a*\xe4\x98\xf6ab\
\xedr\xfd\xa1\xb8\x15i\x01\xf8\x0buo(q_\x94\
_\x0b\xe5\xe2\x87\xfc\xbc\x02\xc8\xe5\xb7\x854?\x84\x14\
\xf6\xf9\xb9A\xa1r\x7f\xca\xeb\xa2\x1aA\xca\xda\x02\x05\
y\x0f\xd0\xd7\xda\xda\xc2h\xd4\x89\xae\xc4\xd8\xfdwk\
\xb4I@\xa5S)\x13R\x91\xffS\xd1h\x92\xc0\xad\
7\xaf\x07\xd9\xb99\xb7\xbb\x5c\xce\xb4\xb3gN\x05{\
\x01\x84z\x83\xd1\x1a\xbbQuw$\xdc\x93\xa1 6\
\x0e\x83\xf9\xbdP\x02\xfbP>6\x0f\xa9\xfc=T\xbf\
\x22%\x97P\xd6\xdf'Y\xdf'\xcd\x81\x8b\xa4}\x98\
4\xbf@\x90\x93\x80\x14\x08\xfbN\x9e<\xee\xb3\xda\xcc\
\x86\xfd\xb1\xfb\xefp\xb9\xed\xa0\xaa\xe2\x902!\x15\xf9\
?\x91\x0b\xe7;\x81\xc7\x93\x02RR\x5c7\x9b\xcc\x86\
\x1dm\xedmK\x90M\xcb\xe7\xe5\xb6G:\xcfez\
\x84AQ\xfc\x1e\x8ay\xf6\x18J\x9e\x0f\x94\xce\xc5\x83\
\xf4:7\xde\x1a\x05\xe5\xfc\x8er\xbf\x9b\xa1\xf4:\xa5\
p\x9e\xc2\xb5\xe4\x16\xf1\x0a\x03\xfd!\x00\x1fs\xe2D\
\xf3\x92\xd1\xa0\x8b:Rw\xf8\x96\xd2\xe2\x02\xa0\xd5&\
*\x13S\x91\xbf\x99\xcc\x93\xde\x17\x8bK\xc1\xda]\x97\
\xcb\xf1pM\xed\xe1I\xc2\x19\x13\xe8\x05\xca\xc8\xc7\xd7\
\xdfR~]\xc4\x03\x8a\x0b\xf3\xe1\x1a\xd6\x1c\x08%\xd6\
(i,\xcb\xd6\x0e\xcb\xe5\x01\xc3\xb5\xad\x89\xa1u\x85\
\xf0\xa6\xd5\xd7\xd7N\xea\xb4I\xbf\xde\xb2i\xc3U\xd3\
#E\x91\xeb\x17\xfb##\xa3@\xadJ\x02\x16\xb3\xf1\
\xfe\xc2\xc2\xbcS3\xb33\xab\x1c\x96\x8c\xc8\xdfM\xaf\
\x9d\x97\xf0\xd5\x89r\xea\xc3\xaf\x070\xa25\x83Y\xcb\
\xda\x02\xe9\x9c\xd6\x91\xea+r\xbe\x0cF\x92CC>\
oX\xb0\xff\xfb\xf3\xa4V\xfb\xa3\x15\x15\xe5u\xee\xda\
\xb5\xedk\xb1q\x07\x14\xfc+\xf2\xb6\xcb\xc2\xdc\x1c;\
\xc8\xdc\xf2\xa4y\x80+\xd9\xfd^\xa7\xcb\x9e\x1f\xe0\x86\
\xf6!\x08\x19:o\x0eD\xe1y\xffi:\xb3d\x1e\
\xbd\x1c\xdf\xb6\x04\x9f\x86,&\xa5p)\xf7^$\xb7\
/Cy\xeeoHC?\x14\xe7\x08K\xd5-1\xa1\
\xe1?\xbe\xd1\xd1\x11\xc6\x93\x96\x5ccwX\xff_|\
|\x0c\xc8\xce\xccP&\xac\x22o\xcf^\xef%}2\
\xbc,\xf6\xbf\xf3\xed\xef\x82\xff\xfc\xe5\xd7\x80\xd9lx\
\x81\xd8\x9bA\xae\x0fv\x88\xea\xea\xf9\x0c\xc0\xf29\xed\
\x88\xdf\xff3\xb4\x01S\xb6F\x08\xa5\xe3i\xb2qr\
\x19\xdd\x9c\xb2\xe9\xc2p}-Dy<\x82\x9c@\x0e\
\x07\xb0\x90\x13\x1f\xa2\xc8\xd7\x1a*\xc7>wme\xce\
\x9d?\xe7\xd3\xeb\xd5\x9a\x82\xbc\xecw\xd5\xd6\x1c\x06\xf5\
\x0d\xf5\xca\xc4U\xe4m\xc2\xfe<\xe1\xfd%\xf5\xbd \
+#\xfd\x8bee\xa5\x9d~~-$\x11s\xe3\xb5\
v\x95\xb3q#\xf4\x81A\x14aN\x0c\x82ac\x88\
\xc2\x1c;Y\xdb=\x12]_&\xd7P\xc4\x93\xcfq\
\xdaK\xd9Cp-\xbe\x106\x9a\xb2\xb2\xbc\x0c\xab\xab\
\xab\xbc*U\xd2\xe3_\xfd\xf2\x17A\xf3\xf1fe\xe2\
*\xf2\xb6`\xdf;\xe7\xaf\x1d\xcd/\xc8\xbd\xcb\xe5\xb4\
\xa7\xf5\xf6\xf6\xa0P\xcfG\xe1\x9c\x16t~\x93\xed\xf1\
\x05#\xcb\xf3\xa3\xad/\xbc\xd6\x82a\xed\x7fz}0\
\x840\x0c\x7f\x97T]\x01\x94\xad\xe7\x85a\xd74\xc4\
\xf7\x1d\x8a\x1b\x85H\xd6/\xd0r\x11\xf0\x7f\x13\x13\x13\
\xc8\xe3Ii\xb1\xda\xcc\xf7\xa6\xa5\xa7\x82\xb6\xd6\x93\xca\
\xe4U\xe4-\xc9\xdc,\xb6\xf3\xa1\xdf\x87\xa4\xd5\xa9\x1f\
\xab\xae\xae\x5cZ\xf1\xad\xf8)\xb3\xa5y7\xc2\xda\xe0\
P<\xaf\x11\xc5\x96\xe7\x04\xfa`\x045\xbc\xb2{\xbf\
T\x5c\x8f\xe6s\x0c\xb3\xafC\x09\x9d\x03FX\x03(\
\x19\xfd\x94\xcb\xf7\x91\xa8k\x0ceQ\x9d\xeah\x87F\
\x93N\x85\x98\x95\x9bOu\xb4)\x93W\x91\xb7,V\
\x8b\x05\xb8\x9c\xce\x7f\xf0\xa4\xa6\xd4\x8d\x8e\x8e\xf8\x15g\
\x91[_J\xe7\x15\xf6z\x87\xd4\xfa9z\x1e=\xa5\
w\x06\x94\xa8\xe1\x81\x92=%\x05vC\x04}\xc8 \
o\xcf\x8f\x9c\xb7\x17R\xf2\x00\xa1\xd4q\x09\xfd\x0d\x90\
\xda/'\x1c\xa7@ \xe6\xcf\xae\x97\x8b\x0b\xf3LI\
I\xe10\xde\xfb\xffc\xdf\xbe]\xc0b2\x05\xfa!\
,\xb2C\x11E\x22\x91\xd5^\xd2\xc4\xb7\xff\xc8\x1f~\
\x07\x0c\x06\xdd\x1f\x8f\x1ci\xf0\x86\x9a\xde@Z\xef:\
q\xc4J\xccU\x05%\xf8\xf2i\xa52\x90r\x87\xb6\
\xc7#\x99\x9a_\x8aJ-YKKw\x00r\xf1\x08\
\xf9\x0dny]\x8b _\x8f\x87\x22\xfeO\x1a\xef'\
\x948\x14A5\x83\xcc\x01qm+b\x8fy<\xa9\
\xd9)\xc9\xc9w\xe4dg\xb3|*\x0a\xf6\x15Y+\
\xf6I\xbf\xc5\x84\xf8X\xa0\xd5\xaa?\x9c\x9a\xe2n\x1c\
\x9f\x18\x13\x96\xb5\x09\xeady\xdey\xca\xbe\x06\xa1\xe0\
M\x94\x9e\xb1\xd2{3\x14\xe7\xcc\x0a\xe9}\x84\x8bG\
x\xbb\x1b\xca\xf5 \x97\x8c\xb5#\xa9Z\x1f\xc8\xf3\xeb\
AA_L$<\x17(\x0cG\x90\xb8\xbd\x88\xb8\x92\
\x90\x1fo`\x18\xd4\xdarr\xde\xe9\xb4?\xfe\xc3\x1f\
|\x9f\xf4,\xbf\xc1\x8f\xfd\x050\xe7\xf5*\x13[\x91\
\x88\xb0\x7fy\xe42\xf8\xde\x8f~\x82\xf7|\xed\xab'\
N\x1c\xf7q\xeb\xe3 \xb56\x86\xd7\xe3\x0eIs\x5c\
C\x89\xf9\x0ei<\x1a\x11\xc4\xdc \xb5&@\x1c\xbf\
\x87\xd2\x5c_\xf4`\x1fMw\x97\xab?\xe2\xe9\xe9\x90\
\xa7\xba#~\x18\x10\xc2Hr\xfa\x91\xf4\xef\x12\x85=\
\x83\x9f\x9d\x99\x99A\x05\x85\x05\x8d\x16\x8b\xf9\x03\x1a\xad\
\x9a\xed\xffMp\xaf`_\x91H\xe4H\xc3\x11`\xb7\
\xdb\x80F\xa3\xfa`\x9a'\xf9\xc4\xec\xcc\xb4\xbf\x96\x04\
\xf2\x9a\xd1\x22\xe9\xbe\xd6\x08\x8a\xfb]\x86\x8biC\xd9\
\xdaY(\xdb[\x8bV\xbf\xb3V. \xea\xba\x04\xb9\
\x5caP:G\x18Q\xf2x\x22\xe1\xfd\x14\xc5\xefa\
\xa8\xac@\xc0?\x10\x8634T\xd7\xc4t\xb4\xb7\xcd\
\xbb\x5c\xae'\x7f\xf6\xa3\xef\x83\x0b\x17\xce+\xd8W$\
\xa2\x98\x1e\x19}\xfd}\xe0\xe7?\xff\x118xp\xef\
\x93\x8d\x8d\xf5\xcb\x82X\x1e%_'t\x03E\xf3\x19\
\x8a\x1c~\x12\x5c\xd5H\xaa\x1f \xcd\xf4\x8e\xac\x06\x8e\
\xdaG\x87\xba\xbfG\xb0\xffB\xb1\xbf\x80\xda\x0b\x84A\
\xa1\x86\xdd\xfc\x1e\xbf\x90nG\x88\xd7&\x81\x0eD\xf9\
\xd5B\xf2\xef\xd0_`|33\xd3\xb0 ?\xb7\xde\
a\xb7\xfd\x93\xd5j\xf1s\xa8*\xd8W$\x02\xec\x93\
\xfcP\x87\xd3v\x0f\xb6\x1b+\x86\x87\x07\x91\xa0\xd6\x0d\
!:\xd7%o}@\xdc;b\x9d\x9d\xe1\x1b\x07<\
n\x1eA-\xbb0\x8e'\xc7\xf3K\xb5\xef\xf9~s\
\x1e'\x80,\xa1\x1e\x14\xeb\x10\x10\xca\xf8\xdf\x04\xb1\x0c\
nO0\xe1\x9a\xc5s\x07\x0a\x8fU\x8e\xdb\x0bI\xfb\
L\x10\x0a\xf5;a|\xe7\xcf\x9f[LMMy\xa1\
\xfbB\x07pg\xecP&\xb7\x22\x92\xb2\xb8\xb8\x08\x16\
\x16\xc8X\xb8\x81<\xf6xR\x1e\xac\xac(\x9b\xf6\xf9\
\x96e\xf2\xcf\xb8\xf5\xf8b\x8e\x0cH\xadi\xa3\xf1\xe5\
\xf2rnV\xd1\xc5@a|\x0cR9\x00\xd6Rg\
\xc3\x08\xfd\x84P\x10\xa3\x87\x94\x98\xe4\x9ar\xeeV\xb9\
\x02 B\xf4\xf3\x02\x11\x85\x0f@p>\xa1L-\x12\
\x0c\x93\xcb\xe4\xd7=\xbc^/\xcc\xcf\xcf;f2\xeb\
\xdf_\x5c\x92\x0f\xe6f\x95}_\x11i\xec\x93\x81!\
Gt\xc4\x9b\xac\x16\xa3\xa9\xebB'\xb5W-\xa4\xfb\
\xf1hx\xa6\xf6\xd1\xe2\xbc\x8f\x11so\xd1zZ\x8a\
q\x08\xc3sd\x84\xe3\x01\x0d\xc5\xe7\xa8\xbc \xc1\x04\
B9\xec3\x91\xae\x0b\xb4~_\x10J\xae\xa72y\
=R\xb6\x0c\xf7\xdc\xf8{}\xb4\xb4\x9c\x5c\x88\x8e=\
\xf0\x87\x9d\xbb\xb7)u~\x8a\xc8c\x7f~\x09\x98\x8c\
:\x90\x9d\x9dqoNv\xe6\xd9i\xe2\xe3\x13\xe4\xe6\
\xc2\xc882\xc3\xd6\xd5A\x8a\xaf\x8f\x1b$\x13\xe6\xdf\
E\x8eC\x1a?\x9eL]\x0eD\x11\xf2\x80R\xd7\x08\
\x86_\xc7\xe0\xd7W\xb8\xf9>\x90\x8e[F\xe0\x13\xe4\
}?\xa4\xf8\xf0$\xea\x9b\xe5\xf2~}\xa3\xa3#0\
-=\xd5\xe5r\xd9\xde\x9d\x92\xe2T&\xb9\x22\x92\xd8\
\x1f\xe8\x1f\x04\xbf\xfa\x9f\x9f\x02\xadF\xf5\xab\x86\x86\xba\
%\x96\x93\x83m\x1b+\xc7\x85\x83\xc2\xc4\xaa!\x8dK\
C\xaa\xfe\x8e\x11\xf5\xc0\x80a\xb9\xfc\xf9|_0\x0c\
\x8f^ho\x84\xfc\xbe\xbb\x91\xd6\xea\x84\x5c\x1a\x94\x8a\
\xc5\xd5<;\xc8\xf1\x8aB\x8e\x7f!2\xdd\x00J\xea\
\xf4\x0c5\xff\x09\xd2\xd6\x15H\xda\x1c3uu\xb5\x83\
&\xb3\xe9\xbe\xa4$\x85\xdbG\x11i\xb1Y-\xa0\xf4\
P\xd1\xba\xd4\xd4\x94\xb4s\xe7\xce!^\xdfX\xb1o\
\x1fJ\xf6\xa6\xa3\xfb\xdd\xc2qu\xd2\xf2qx\xfe/\
\x01\xd6y\x89\xf4\xf4\xf5\x88\x16\xb3\x83|V\xce\xf0\xb9\
=\x12\xb5\xb5\xa2\xe7\x18\x8am/0q\xa4}\x1e0\
|\x0d\x01\xb7\x87\x00B\x92\xbd\xc5\xf8uN]]\x17\
V\x9cN\xfb\xeb555\xc0\xee\xb0)\x93\x5c\x11\xaa\
\x9c=w\x1a\x14\x97\x14\xbe?77\xa7uzz\x1a\
\xc1\x80\xdf\x98\xdfc\x16\x86\xd1\xa3a\xb8\xfa\xf9\x08\xb9\
\xb8\xa0D]\x5cX\xdf\x1b\x0a[\xc3\x17Q\xef\x5c!\
\x87\x9f4\x87\x96\x98s<\xd4W\x5c\x1c\xc7\x88\xb8N\
7\x82z\xc4\xf0u\x06\xb3\xb33(=#\xb5\xa4\xfa\
p\xd5\xed\xcd\xc7\x8f\x81\xde\xde\x1ee\xa2+\xc2\xc7\xfd\
\x99s\xc0\x93\x96\x0a\x9c.\xc7/\xeb\xea\xeb\xa7\x98\x00\
\x07\x1f\x87\x87\x8f\xe1\x9b\x9d\xfcZ\x1b\xb1\xbd\x1d\xc6&\
\x85\x11\xeb\xd6a\xe3x02\xfe\x7f\xc9}\x17\x86\xe7\
\xf9\x812\xb5\xc2\x88\xc6+\x04#\xe6*\x8a\xa8?\xc0\
\x1a\xf8H\xf8\xfe\x01\x9fo\x05\xd57\xd4\x8d&\xa9\x13\
\xbf\xa1\xd6$)\x13]\x11\x91\x0c\xf4\x0f\x81\x87\x1e\xfe\
5P\xa9\x93\xde\xc0z\x22\xcb\xc7\x0595\xa2\x12:\
\xbc\x04\xf76|\x13\xfd\xf1\xc2\xe2Cn\xed\x80\xf4\xbe\
\x9e\x94\xbf\x0b\xa5\xeai!\x0a\xe3\xbfg\xc2\xf5\x12\x0c\
\x9c\x07&\xd4W3<o \x0c\xe7\x8b\x5c\xdb\xbeO\
\xd1G\x10s\xfe\xfc9\x9f\xd5fy\xe6[\xdf\xfa\x16\
(+/U&\xbb\x22\xac\xac\xe6\xf3\x10\xae\xb7\xdc\xac\
\xac{<\x9e\xd4\xc2\xd1\xd1Q(hjM\xb1\x97\xf9\
\xeeg(\xed\xd7\x87\xb4$\x18$\xae\xbf\x0dg[\x8b\
|\xdd\xe2\xfcb\x18\xae^\x9e\x96\x9f#\xe3C\x84\x91\
\xaeS\x9c\x1a\x07n_\x22\xb9~\xbc\x1cj\x02\xe9:\
\xff\xb5\xf2\x85\x0ayT\xd8\xcfLMM\xc2\xac\xec\xcc\
\xbc\x87\x1e\xfe\xd5-\xd11\xfb\x95I\xaf\x08\x0f\xfb/\
\xbe\xf8\x0c\xd8\xb1}\xd3\xc7rr\xb2\x06\xe7\xe7\xe7\xe9\
\xfe/\xc8U\xf8eyoP\x04q\x800y\xb4P\
\xba^?\xe2\xbe\x16\x11r\xed\xc8r\xe5\xc2p|\x1c\
\x91\xf2\x04\xa2\xf0\xfeMY\x9fb\x98\x1e\xe3R\x9c\x02\
\x88pz\xc3\xfc\x82\x9cS\x07c\xf6\xbd/+[\xe1\
\xf3T$\x10\xdb[X`\xc7\x1f\x9ex\x1cX\xad\xe6\
\xaf\xd6\xd5\xd5M\x09x\xb1\x84\xbd1db\xfd\x10\xc9\
\xf4\xa4\x0b\xc7M)L\xb3\x85\x14\xbeZ)\x1c\xa2\xb5\
\xeb\xc6\xd4\xdc\xdfH\xf6\xda0X\x87\x91\xfe=\x18\xbe\
\x9f\x1f\x84k\xec\xe5\x83\xc4~Y\x7f\x92os\xf3\xb1\
1\xb3\xc9\xf8#\x87\xc3\x06\x86/_V&\xbe\x22`\
\x89\xf4\xd3\xc5C\xa3V\x83\xd4\x14\xf7\xeb\x1d\x1d\xed\xcb\
\x88S\x9c/.\xaa\x81H:?'\x92\xd8\x9dd\xfe\
\x0f\x8a\xa0\xc7E\xe49\xbcP\xae\x86WR\xcfG\x91\
\xc7!$\xed\x09\x99\x98!D2\xfd\x83P\x84\xfd=\
\xd6\xe6\x1b\x08\xac\x9d\xdd=\xdd(6\xf6\xe0\xc6\xdd\xbb\
\xb7+9~\x8a\x04\xb1O\xe6BOw\x0fp8\xac\
\x96\xc1\xc1A\x84\xe4\xfbM\xcb\xee\xc1P\x9a\x97Bn\
n\xca\xe9\xb8\xcc\x1ap/\xe4\xe8\x91\xe2\xbc\xe7\xc6)\
\x99\x08\xfa\xe7EP+\x10\xf4y\xd0\xfa\x070\xf4\xda\
 \xc9\x1cdQ\x1a\xc3Z~\x0b\x84\x22\xbe$\x86\xf0\
\xad9\x1d6-\xbe\xbf\xeeXS\x13\xf0z\xe7\xaf\xbb\
\xb9<2<\xc4\x1bk\x95\xd6\x96\x16p\xfa\xd4)\xbc\
\x07\xa6\x80\x84\xf8x\xb0;j\x07\x88\x8b\x8b\x06Z\x8d\
\x1a\x18\x0dz`0\xea\x00\xe1D C\xa7\xd7\x00\x93\
\xd9\x08L&#\xe1\xb5\xc2\xaf\xe9\xf1}\x03\xd1\x9d\xd9\
\xe7\xc9{\xc9c#\xbeO\x86\x1e\xbf\x87\xf4\xb14\xe2\
\xe7Lf\x130[\xcc\xfeA\xbe\xc3\x82?g\xb3\x00\
\x9b\xdd\x86o\xad\xf8\xd6J\xfa^\x01\x97\xdb\x05\xdcx\
\xd8\x1dV`wZ\x81Z\xab\x02\xb1\xf1\xb1\xc0\x9d\x92\
\x0cZZ[X\xdcNO\xcf\xb0\xe3\xcd\xc8\xc2\x82\x17\
\xa4\xa7\x16\x80\xb6\xd6\x8e[\xf1\xdf\xcb\x9b\x9e\x9e\xe2\xf0\
\xd9\xf0\xee\xca\xf2K\xae\x81\xf3F\xb2/\x0f\xa5\xf6\x8e\
\x92\x13\x0ba\x18\xee\x5c\x19^.\xb8V>\x9ep\xfe\
\x0c\x0a7\x89\xc4g\xe1\x9a\xff\x0e\x92\x89E z\x0d\
1\x853\xcc\x7fK\xeaz\x99\xfc\xfc\xdcf\xbb\xcd\xfc\
\xe1\xd7^y\xe1Mc_\xad3\x80\xa6\xe6f`5\
[@BB\x1cHL\x8a\xc7s[\xcf\xcey\x87\xd3\
\x01\xdc\xc9\xc9\x80\xd8\x15\x16\xab\x11\xd8\xf0|v8\xec\
,\xe7\xa3\x11c\x83`\xc4h4\xb0s\x9e\xdc\xaa\xd5\
I\xf8\xfb4@\x17x^\x8f\xdf\xa3\xd1\xa9\x81\x1e\xe3\
J\xaf\xd7\xb2\xcf\xeb\x0cZ\xc2\x13\x0b\x0c&=\xfe\x9c\
\x89\xc5\x9a^\xa7%|R\x18OZ\x16G\x06\x8c\xcb\
x\x8c\x89\xfd\x07\xf7\x81\xbf\xfc\xf5i\x10\x9b\x90\x00\x8a\
J\x8bYl\xe0\xbdL>\xbe5\xd0\xcf\x8e\x8f|\xec\
\xc3 ++\x13|\xe9+_\x04\x1e\x8f\xe7\xb6=Q\
Q\x1f\xd8\xb0\xe1\xd5\x0fEG\xef\xff\xa4^\xa7\xf9\x9c\
\xc5b\xba\x9f\x0c\x8c\xf1\xfb\xf1\xdf\xbdOo\xd4}\xce\
j\xb5\xdc\x8f1\xfb\x00~\xfe\xf3\x16\xab\xe9\xf3\xf8\x1c\
|\x1e\x1f\xfb\xe7\xadv\xeb\xe7\xcd\xf81>\xfe\xfb1\
\x8e\xd9\x81\x7f\xfb\xe7\xf1q}\x16\xbf\x9f\xbc~\x9f\xcd\
n\xff\xbc\x7fX?osX\x1ep\xb8\xec\xf7;]\
\xae\x07\x9cN\xe7\xfd.\xb7\xf3\xfe\xd4\xd4\x94\x7f\xf3\xa4\
\xa5\xfe[z\xba\xe7\xdfRR\xdd\x0f$\xa7:?\x17\
\x9f\x18\xf7\xcf\x9b\xb7m\xf9\x80F\xa7\xbb\xfd\x17\xbf|\
\x10\x9fk\x17{\x8c\x87\xea\xca\xde$\xf6\xe7AT\xd4\
nPTT\xf8\x89\xbc\xfc\xbc\xd6\xf9\x05/Z\x8dQ\
A\xd1\x16\x05\xa1\xa0@?\x0c\x1f-\x8c\x80\xdfR.\
'\x9d\x97?+\xd7\xafB\x8a\xcf\x0eE\xa0\xab\x87\xe3\
\xdf\x86\x11pq\x08k\xf6(\xf1\x91\xb0\xfe\x04y\xde\
>I\x9e!\xf9xj\xc0\xe0gV\x96\x97WJK\
\x0a/o\xdc\xf4\xca\xa7w\xed\xda\x121\xf6\x17\xe6\xe7\
\xd9\xb1\xb2\xb4\xcc\xce3\x87\xd3\xce>\x1fs\xf0\xe0]\
{\xf6\xec\xfe\xd0\xc1\x98\x03\xff\x8c\xb1\xff\xaf\x0e\xa7\xed\
\xfe\x94\x94\xe4/\xa4\xa5\xa7})9\xc5\xfd\x05\xacC\
~\x1e\xef%\x9fOIq?\xe0t8\xee'\xb8\xc0\
{\xdcg-\x16\xf3g\xedv\xdb}\x16\xab\xe5>\xad\
V\xf3\x19\x8c\xef\x7f\xc5\xfb\xe2g,V\xf3gMV\
\xf3\xe70\xc6?g2\x1b>g\xc4\xb7F\x8b\xf1>\
\x93\xc5x\xbf\xc9\xa4\xbf\xdfb3\xdf\x8f\xd7\x91\x07l\
6\xeb\x03\x16\xb3\xe9\x0b&\xa3\xfe\x01\xfc\x9e\xcf\xe2\xcf\
\xe1\xf7\x1a?\x17\x17\x1fs\xef\xee=;?\xf6\xda\xeb\
\xaf\xfc\xe3\x96\x1d;\xee\x9eY^\xb8q\xe3\xc6\xd7\xf0\
^\xde\x0a**\xca%\x8f\xcf\xb7\xb2\xc2\x1e\xd7+\x1b\
^\xc2k\x8f\xee\xee\x84\x84\xf8GSRR232\
2N\xa7g\xa4ue\xe7d\xf6\xe5\xe6\xe6\x0e\xe5\xe5\
\xe5\x0e\xe7\xe5\xe5\x0ceeg\x0e\xe5\xe4f\x0f\xe5\x17\
\xe4\x0e\x17\x16\xe6\x0f\xe7\x17\xe4\x0d\xe7\xe2\xc7y\xf9\xb9\
C\x05\xf8>\xc6\xd1PAa\xfe y\x8c\xd7Z\xfc\
|\xde0\xbe?L>\x83\xbfk0??\x0f\xbf^\
0T\x88\x07~\x1f\xfe\x9e<\xf2\xb9\xa1\xa2\xe2\xc2\xa1\
\xe2\xe2\xe2\xa1\xa2\xa2\x82!\xf2\x1d%%\xc5\xc3%\xa5\
%\xc3\xf8\xf6rA!~\xbd\xa4`\x00\xbf\xa7\xa7\xa0\
\xa8\xf0lQqQ\x81;\xc5\xf5dfV\xc6\xbd\xf8\
\xb7\xdf\x98\x8c\xf5\x80o\xfd\xfb7AOo\xef\x9a\xfc\
|D\xe7\xdf\xb0q\x03Y_\xff\xbd\xa2\xb2b|y\
e\x19\x89\xf3j\xa9\xf5c\xbc|\x1fn\x01\xeb\xda\xe3\
\xd5R9\x00P\xa8\xb3\xcbq^\xac5..\xc5!\
\x8a\xd6`c#i~0\x18I\xdc\x00E\xe0'\x91\
\xe6\xe9\x14\xe7[J\xd9\x00\xec\xde_UU>\xbds\
\xe7\xd6/\xbd\xf2\xf2\xf3\x18\xcf>vH\xc6\x7fX\x8e\
_<0\xee\x1b\x1a\xea\xc1\x0b/=\x0f>\xfa\xf1\x7f\
&\xba\xed'\xd3\xd3\xd3_*).\xae(,,\xbc\
\x80\xe7\x7f\x0f\x9e\x93\x03x\xbe\x0e\x17\x97\x94\x0c\x97\x96\
\x94\x5c&s\x17?\xcf\xce\xe1\xe2\xe2\xa2\xe1\xc2\x82\x02\
<\xffs0\x16\xf2\x06\x0b\x0a\xf2\xf1\x9c/$\xf7\x87\
HL)'/\x17\xe3$o\x00c`07/w\
\x00\xe3c 7\x97\xbc\x97}\x1e\xe3,\x87`f(\
\xf0\xf9\xe1\xfc\xbc\xbc\xcb\xd9YY\xc3YY\x19\x183\
\xf9\x83\x85E\x85\x83\x18K\x83\xd9\xd9Y\xfd\x18\x97\xbd\
\x18\x0f]\xe9\x99\x99\x0d\xee\x14\xf7N\xac\xaf\x7f5z\
\xff\xfeux\xbf\x04\x95\xd5\x15\xa0\xa5\xad\x85w\x8c\xf9\
\xf9\x05\xe0\xd4\xe9\xd3\x04\xfb7$\xaa\x13\xbe\xeb\xf1\xa4\
\x946\x1dk\x9a\x1b\x18\x18\x80\xb3s\xb3\xcc\xca\xca\x0a\
\x03E1X(\xcf\xab(y=#\xcd\x1f\x83\x92\x9f\
%\xb2\xbc\xbc\x8c&&'`\xe7\x85\xce\xa5C\xe5\xa5\
g\xb0\xae\xb5\x19\xebZwj\xb0]B\xd6\xb0\xae\xae\
\xce\x88\xb1?ue\x02<\x83\xf5\xa4\xad\xdb\xb6\xfc\xb8\
\xa6\xb6f\x99\x97\xcb\x03\xb9\xf9\xe8\xd4~\x92o\xa6\x7f\
.\x92\xa9\x01D\x91\xe1\x17\xca\xf5\xd1[\xab\x7f\x10E\
\x18\xfb\x93\xc0$DP\xa4\xd3Gd\x97D\x12s\xa4\
qz\xd0\x8f\x97\x92\xaf \xc8!\xf65\x1f?\xe6\xc5\
{\xf2\xaf\x9e\xfa\xd3\x13\xc1\xfd<\x1c\xf6gfg\xd9\
\xc7\xc5%\xc5w\xe0\xbd\xf7\x99\x82\xfc\xdc\xf6\x0b\x17.\
\xf8\x08/\xa0\xcf\xe7\xe3\xf2\xa7\xa2\x08\xf3\xb9\xa4O9\
\x84\x91\xe0\x88\xce\x95\x8a?\xc60\x0c\x5cX\x5c\x84\x93\
\x93\x13\xa8\xaf\xbf\x8fil<\xd2\xe7t:\x5c\x18\xfb\
_$\xc7\xd0q\xba\x03\xe4\x15\xe4\xb1\xc7\xd3\xd1\xd6\x0a\
N`\xdb\x85\xe0E\xa5N\xfc\x99'-\xe5\x22\xc6<\
\xf9\x0e\x06\xad\xe6\xb3Bf\xb5\x9ee\xb5\x17\x02\x8d+\
UB\xf7\x83R5X~\x7f\x90\xe0\xbc\x05\xbe\x1e\x8a\
x\xd8 o/\xe4\xf4dD\x08\xeb\xecLss\xf3\
\x82\xcb\xe5\xb4TVT\xfcSBRB\xc4~\xdc\xc5\
\x85E\x16\xff\xbf\xf9\xdd\xaf\xc0\x8e\x9d\xdb~\xd1x\xb4\
1\x92\xfd\x84\xc2\x11\x176\xae\x1eIoZ\x18\x81>\
\x1cI|\x00I\xf3j!\x18\x19\xdfW\x84\x9c\x80\xe1\
c\x03(\xc2\xef\x8b$\x96@\xcd\x01\x86\x12\xb5\x85P\
\xeck\x5c9\xdfy~\xd9\x9d\xec\x8c\xea\xbcp\x1e\xe3\
\xde\xcb\x0e9\xecc\xdd\x1b\xfc\xf67?\x07ee\x87\
\xee\xc4\xbau|C}\xdd\xdc\xbcw\xd5&D\xfe\x9a\
\x05\x08C}\x98 \xa7\x8d\x0a\xe4\xbeF\xe9\xd3$\xea\
\xdeH\x09+A(\xe0S\xa1\xd4O\x05\xfeN\xe8O\
\x87\xf8\x0b\xc8\xda\xd4?\xd0\x8f\xd23\xd3\xcf%\xa9\x93\
~Jp\xd1\x8a1?2:\xc2b\x9f<6\x18\x0d\
?\xcd/(\xe8\x1a\xbd2J\x8eg\x85\xf11\xac\x10\
\xee\xa3\xc0\x12\x00)\xa1\x17\x88\x22[\xb8\xb9'\x87\xb7\
\x87B\xd9x\x0e\x9d\xabJ\xdc\xcf\x91\xad\xd5\x5c\xee\xe8\
h_IO\xf7\xa4UT\x95\x7f03+\x1d4\x1e\
k\x8c\x08\xfb\xbee\x06<\xf8\x93\x1f\x83\x83\xd1\x07~\
w\xb2\xe5$\xad\xee\x15I\xc4\xc1\xc2\xd9\xd5H&V\
%\x89;\x9a\x1e/\xcc\x03\x94\xe8\xa0\xb9\xd6\xdc\x22$\
\xe6\xe3\x94<6D'.\x81(L-#B\xb2<\
\xfdacx\xf4~\x01P\x22\xee\x0aes\x8a|\x83\
\x83\x03P\xabS9\xc8\x9c_\xc0\xb6\x1e\x19R\xd2|\
\xec(\xcb\xddf0\xea\xeeLL\x8cO\xaa\xaf\xaf[\
^ZZ\xe4\x82;\xb4\x1b\x0a(\x078\x1dU\x05\xad\
\x15 \xa4x,i\xbeY$>.A\xcf\x22>i\
{\x90i%\xc0Y\xc6\x0e\xc6\xbfQ\xaf`\x5c\xaf\xa4\
gx.\xe9\x0c\xba\x1f|\xff?\xbf\xc7b>j\xcf\
n\xe23\xffLFf\xe6\xb9\xc9\x89I~\xcd*\xa4\
\xd5J\xd2\xfa\xa7A(\xe5\x88\x92\xaf\xb3\x84\x94\x98\xb2\
\xb0\xcf\x1c\xa4s\xe2\x883b\x18R\xab}\xfc\xf81\
\xc6f5\xef%\xf6\x7fw\x7f\x0f\x98\x9e\x9e\x95\x8f\xef\
a\xec\x93\x9e[\x9f\xfa\xe4GA|B\xec\xa3\xed\x1d\
m>\xa1\xff\x1dR\xfdI\x10\x85\xcf\x87\x13\xf9\xbf#\
\xdd\x1biJ \xa4\xfb\xd3a\x849~r\xfa\xd9\x9a\
rx\x10\xdfO\x09#X\xfbd{\x8a\xa30\xf6\xbd\
\xdc\x5cB\xe2\xdaJA\xcfB\x1e\xbd?\xc3La]\
X\x9d\x14\x97A\xe6\xfe\xf2\xf2\x12\x15\xfb\xa4\xef2\x19\
\x10\xfaX\x8chuI\x9b+\xab*|\xc4\xce\x94^\
\x22\xe9\xe7-\xb0\xff\x22\xf1<\x82r<$\x88\x92'\
!:\x97\xfc\x84kH](\xb9\x7fshx\x10\xa5\
\xa4\xba[uz\xdd\xc7c\xe3b@\xf7\xe1#7\x98\
\xcd\xa6\x03\xa7\xce\x9c\x86\xab:8\xa7\xa6\x9b\x91Y\xd3\
i\xcf#\x11\xf7\x22\x0c;\x7fd\x94\x09\xaa\x8e\x80\xe4\
j\xde\xe6\x17\xbc\xb0\xa0 \xaf[\xa7\xd7>@b\x8c\
\x09\x09\xf2\xb9\xdbD\xaf[\xb5\x0f\xcc\x16\xe3\x9f\xcf\x9d\
;\xcb\xd0k`$\xb1\x12\xc9\x9e.\x15\xd7g\xc2\xc5\
\xcb\xe5\xfcWH\x9a\xfb\x17\x86\xc1\x0a\x1dZPV\x97\
G\x02\xca\x5cI~\x22H\xb5y\x22\xed\xc5\x11\x19\xa6\
D\xd8\x87\xf4\xbf\xc1/\xb8\x84\x0c\xb1\xd1\xe3c\x0f\xb0\
\x06/\xbe\xcc\x129\xde^\xe0\x9d\x9b\x03{\xa3v\x91\
\xf1\xd9\xec\xac\xcc\x0b\xdey/\x0dY\x12\xf6\x1d\x5cc\
\x9f\xe5p1\xd0p\xfd\xd0\xa1p\xcf\xa4\xc4\x5c\xfc8\
:\xde\xdc\x0c\xe3\xe3c\xb7\xd5\x1e:\x0ar\xb23?\
\x96\x9d\x9dubvv\x96]\x18Y\x1b?\xd4\xa7Y\
\xd0L\x02\x22\x99\x1cP$\xabWB\x1a\xa7-5'\
\x96B%\x8f\xb8u\xb44\x83\x83\xebK`N\x9f\xea\
\x80N\xa7\xf5O\xdf\xff\xde\xb7@K\xcb\x890\xf1=\
?\xf6\x89\x9f\xd3\xe1r\xbc\xda\xd9y>\x02\xdf\xb2D\
\x04,\x0c\xe6adu\xfe(\x02} R\xbf~$\
>\x04\x04#\xf2\xdf\xc3\xc8\xf5\x81\xc8\xfd|\x91\xc4\x1d\
!\x0dpa\xd6>\xea\xdaL\x5cass\xb3(1\
1\xaex\xeb\x96\x8d\xeb\xa0\xcf'\x89\xfd\xe7\xff\xfa\x07\
\xf0\xd4\x13\x8f\x02\x9b\xc5\xf0\xd8Y\xff\xbe\x08%\xd6\x7f\
a\x9e'\xcdL\x89\xecx!\xa44e\x83\xb4\x06f\
r\xb9\xcc\x12\xe7\xdc\x8f[\xb2\xf6%\xa7\xb8\x8f;\xec\
\xd6\x8fh5I\x0f\x1d=\xda8\x03\x03\xbe=\xc4\xeb\
\x8f.Lh\x87BN\x09$\xa8m\x09\x17\x7fb\x90\
D\x1f\xb8p9\xe8\x90g\x1f\xc8\xf7\xae\x1e\x1d\xbd\x8c\
\xf2\xf2r2UII\xb7&'\xbb\xc3\xd4\xf1xA\
\xd4\xde=,\xf6SR\x92wt]\xb8 \xca\x7f\x83\
\x94\xbf\x09\xe9\xbdp\xc2a5\x8cn\x0d\xdf\x9c\xfe\x10\
\x19\xe6%\xe7C\x849\xc4R}\xfa\x18$y]\xc4\
\xc7\x04%\xf3|\xc3\xd6\x11\xc8\xdaLP2\xa6\xc4\xe7\
\x13\x99\x9f\x9fC:\xbd\xaaD\xa3I\x5cG\xe2\xda4\
!<\xfe\x85\x85y j\xf7\xf6\x9bk\x0eW:f\
f\xa6\xa4m\x0bz\x5c\x94:/ad\xd7\x0d\xc9(\
\x16B=\x01A\x81\xca/\xd4\x83`(\xcd\x89=~\
\x96\xc3\xac\xben:1!\xfe\xa1\x98\xe8\x03/\x9d>\
}\x8aA\x1c~\x1a\xc8\xe7r\x93\xd2\xe5x\xcd\xa7\x85\
\x8b\x97\xb4}\x07\xf9],\xb8>\x10\xa1\xc9\x02\xc5\xbd\
+\xa1d\xcf\xb6\xd0i\x9a\x99\x99F%%\xc5M\x07\
\xa2\xf7\xdf\xeer;\xc3b\xbf\xa6\xb6\x96\xc5~z\xba\
g\xcb\xa5K\x17E:*\xa4\xf0g\xc1\xb0\xf9s\xb4\
\xd8\xa7l\xdfI9\xdf=\x92\xc1\x1f\x0a\x13{\x10E\
\x82$\xf4\x7fI\xfb\x1c\x86\xff\xdbt{\x82\xd3\x97W\
\xd4o \xac}!tu\xca\xac\x99<\xaf9\x84t\
+\xc6\x1f\x01\x9b\xc7\xba\xbb\xcdj:\x94\x9b\x97{\xf3\
\x9cD|\x8f`\x9f\xe8\x82\xbbvn\xb9\xbb\xb8(\xbf\
eyy\x91c\x9e\x09\xf3\xa5e\xf3\x8e\xa5\xcc)\x0a\
\xef\x18\xa2\xb8E\xa9v\xbbp2\x04\xbc{\xdclf\
\x11\xfd\x19w\x1d\xf4ut\xb4c\xbd?\xee\xd5\xb8\xf8\
\xd8\x8d\xe7\xcf\x9fg\xc2\xc4\xb5\xe4\xf2\xc9h\xf6\xa5\xa8\
\xde\x05\x86\xe5U\xe5\x1f\x06\xef\x09>\xd7\xa3\x8c\xca\xc0\
\xb0\x14[++K\xa8\xae\xbe\xf6Dt\xcc\xc1;2\
3\xc3\xd7k\x1e\xae\xa9ao\xd3\xd2=/ww_\
Z\xdd#\x84\xe9\xe7!LA\xc9kK\xd9;a8\
\xecGT\x1b/\xd4\x81D\x98\x82\x1c^O(cC\
\xf2\xb9\x07ejx\xa4\xf1F\x99\x87\x9c\xb8-\x14\xfb\
\x84y\xa5\xfc<U\x16E`\xc7\x0aQ\xce\x84\xc9\x93\
\xa4\xed\xc7\xab/A\x82\xfd\x14\xb7\xb3\xbc\xbe\xbe\xfeV\
o\x18\xec\xef\xde\xbd\xfd\x9eC\x87\x8aN1\xccJ\xe0\
\xfaK\x99pt\x8eqa2(\xa4\xe7&\x0a\xa6\xbb\
\x88\x18\x8a\xbb\x19\xcap\xb8\xf3\x9b\xa0\x8a\x13\x22\x82\xbf\
\x93\xb9\xd0y\x8e\xc1{\xfe\xb6\xc4\xa4\xb8\xd7\xce\x9e;\
\xe3\x0b\xc6\xda!\xc3\x08\xb8\x14\xf8\xd3\x03J\xb4_\xe5\
\x1f[\xe0\x099\xfe\x06\x18\xe6>\xe4\xe0\x9d\xa3\xc3\xd0\
\xfd\x8b\x9c[\x06\x92u\xba\xb6\xeep\xd3\xae\xdd\xdbn\
OIq\x85\xc5~\xfd\x91\x06\xf6\x16\xeb\xfc/\x5c\xbc\
\xd8%\xd0\xf3\xa1\x8c^\x09\x05\xc1\x18(\xd3g\x1a\xc9\
\xcds$\xd1\xc3\x8b\x9b\xd9\x10A]\xbbd\xfd\xb0\x04\
\xe7H\xc4\xf9?\xf4h\x1aU\xb1\xe1\xd1\x8c\xaf\xa5\xbe\
A&o\x0cJ\xd9(b\xfb\x1f\xf2z\x7f\x8a\x96M\
\x92\xaf\x9d\x96\x9aRV_Ws\xcb\xc2\xc2\x1c\x1d\xfb\
s~\xec?\xf6\xc8\xaf\xef\xc8\xcf\xcbn'\x9c_D\
g\x08\xeeM\x10\xf2s\x0aDk\x0f\xa4\xf0+A\x89\
\x1e\xec\x90\x92\xc3\x04#\xacy\xa0r\xb6!$\xd9\xf7\
\xc4\x8f\xfd\xb6\xd6\x16\xdf\xbe\xbdQo\x1c8\xb8\xff\xcf\
\x0d\xf5uK\xabAAn\xcb9\x18pEK\x05S\
\xb9\x1a0\x14$%\x85\xb0/\xfa\xcd\xccZrN%\
6\x01\x01\xc7\x1c\x97\x1f\x162SS\x13\xa8\xaa\xaa<\
_\xa5R\xdd\x8a\xf5x\xe0\x95\xcb\xddZ\x5c\x00MM\
M\xe0\x9b\xdf\xfe\x0ap\xba\xec\x7f\xba\xe0\xef\xc5!>\
\xef0\xbc\x0d-H+\x11\xf4\x8d\x82\xf2}+\xc3\x0f\
\x06\xae\xa9\x0e\x86\xc3\xcd\x03i\xb1U\x186\x07\x00J\
\xe7_D\x907\x08)\xc7\x19\x09g)\x94\xe1\x15\x97\
\xee\x03\x04a\xf8\xd8$\x99\xde\xc4\xdew\xb9\x1ce\x8d\
\x8d\xf5\xb7..\xceKb\xff\xb1\xc7~\x0b\xfe\xfa\xcc\
\x93\xef.,*(\x9f\x9b\x9bCa\xd64\xb1?\x03\
\x8a\xe0!\xec\xe2*eW\xf2\x93\x02\xf8\x16\xcd\xea\x1f\
g\x908\x08\xceA\x9b\x88\xd38\xf8\x16\x1f\xe3\x83\xa5\
\xa5\xc5\xd3F\xa3\xfe\x11\xbdA\xfb\xa5\xcc\x8c\xb4.\x92\
\xab\x14H\x08\x08)\xb70\xd4k\x1aJ\xe4\x1f\x84r\
\x18x\x10\x09\xe2\x94\x03Rzo\x16\xc8\xed\xc7\x10\xfc\
2\x06\x86\x92\x9aD\x05\x9d\xfc\xfd\x9f\xeb\xcb`\x89\xf4\
\x99\x8b\x17/\xa0\xac\x0c\xcf\xab\x01\xff}X\xec\x93\xf7\
<\xf8\xb3\x1f\x92\xba\xc3\xc7\xb1\x0e\xc4 \xa9\xbaS>\
o\xad\xc8\xf8\x80\xe1|}\xe2\xc2 \x86\xa6\xf3\xc9\xe7\
\xe3AJo:\xaaB\x06e0\xcd\x84\xf35A\x99\
\xb8jD\xf1\x0a~k\x9dU\x0e\xbfp\xfc;\x0c\x0a\
\xd3\x93X\xd2g\x06E\xf5FH\x9c5\xe7\xf7s\x9b\
\xcd\x86\xd2\xa2\xe2\xbc\x9b\x97\x96\x97$\xb1\xdft\xec(\
{?++\xf3\xa5\x9e\x9enJ\xccL\xca\xe7\x00\x05\
>\xadP\x89\x07\x94\xf3_\xf2{#Q\xf3\xb5B\xd9\
\x82A.\xc4\xe0\xca\xc73\xe6d\xb0?>>\x8e\xec\
N[K\xf5\xe1\xaaO\x98M\xfa\x9b5\x1aU\x1a\xb6\
s\xfd\xe91\x90M\xe6\x83\x02\xa6:\x08\xa9\xf17\xc8\
\xeb\x93JqO\xf2\x8cLZ\xce\x0e\x8f\x88\x1a\xf2\x08\
\xdcx\xdc-\xa2\xbc6\xc1\x9f\xf0\x87&![{P\
UU5\x95\x10\x17\xfb\xdd}Q\xbb\xc1\xe0\xe5\x91\xb0\
\xd8\xef\x1f\x18\x00\x7f|\xea\xf7 6>\xfa7m\xed\
\xad\x0c\x92\xe4\xe3\x14\xaezP\x22n\x1d~OEa\
8\xb0\xa0\xc8\xbe\x17\xe7\xf5@~j\x87TN\x1c\xa2\
\xe6\x92\x8b\xfb\xefR\xfb|\xd0\xfc\x81P\xcca\xc2\xb7\
;\xf8\x10\x81\x82T6\x0aW\x08\x94r\x8fE\xcaw\
D\xe1V\x13\xf9\x09\xd8=\xe5\xca\x95Q\x94\x94\x94P\
\x88/\xfd\x0d+\x8ct\x1d\x0f\xd9\x0f\xe2c\x0f\x02\x83\
^\xf3\xdd\xa6\xa6\xc6q\x06\xef\x97L`k\x14\x16y\
HxAE\xb6>\x14\xe7\xb5 D1\xef\x83p\x80\
B\xbe\x03\x81/\x05\x86\x5c{P\xa4\x1ap\x9f!\x1d\
fX\xdaY\xe6\xc4\x89\xe3P\xabS\xebg\xe7\xa6o\
\xdc\x1f\xbd\x0fhu\x9a\x1fUT\x96\x8f/./0\
\x81\xe4}&\xe4\xeb\x17\x9a.\x5c\xbb\x0e\xf1\xeaK\xa1\
\xc0\xde\x0c\xbd\x08\x19a_\xa5\x80\xfd\xc4p\xec\x0bQ\
<\x0f\xf2z\xb9\x0ax\x189I\xc2\x0c\x13\xe2\xd2\xed\
\xea\xeaBN\xa7\xc3\xe2p\xdao\xcd\xce\xc9\x02\xe3\xa3\
\x97\xc3b\x9f\xac\xff/\xbe\xf4<\xd8\xbd{\xe7O\x9a\
\x8f\x1f[\x12\xacMH\xaavI\xd0|\x02A\xe1\xbe\
\x07\x91\x5c\x0eWd\xf19\x18\xc8\x19\x97\xd7\x8f\xe5\xf5\
h\x88d\xf2\xc8\xa1\xc8\x89%\x98\x8f\xdcyH\x097\
\x09\xfb\xe1\x08.\x1fe\x1f\x10s\x14\xc8\xe5\x09H\xfa\
\x97\x85\xb9\x1d|\x9d\x81SN\x099>\xce\xcb\x97\x87\
QBBl\x0e\xc1\xb6\x1c\xf6\xbd\x8b\x8b\xe0\xf8\xf1&\
\xd0\xd0P{{Z\xba'\xad\xaf\xbf\x17qb`\x0c\
\xe2%\xec\x0b\x9b6\x08\xe3\xbf\xfc\x13\x22\xf0\x91\xf1}\
$\x90\x9b\x02\xcf\xf9N\x08\xa9|f\xab\xbf\x07JQ\
\xa6\xb1\xef\xf0\xb1\xd8'\xf5=\x1eOjgRb\xc2\
\x17\xa2v\xef\x02\x9eT\x0f(\xcc/\xbaU\xaf\xd7\xed\
?z\xb4qiyyi\x15\xfb(h\xffC~\xdf\
F\xf1\xbc\x80\x10QH\xd2\x82y\x82\xc1,c\xce\xf6\
\xce]?\xb9\x8doBi\x05\x0c\xc7q\xcd@Qo\
\x87\xd0\x1cb\x02\xc9\xcb\xfe\xdek\x9e\xb3F\xb3\xe9\xfe\
\x98\xb8\x18\x96\xcf \x22\xae\xce\x85Ep\xe0\xc0^\xb0\
g\xcf\xae\xef\x1fi\xa8\xf7\xfa\xd3\x1c\xa8=\xe2$j\
\xee\xc2q\xca\xc1\x08\xb8\xf4y\xfd\xb7 \xbf\x90\x03R\
zT\xcb\xdb\x9d\x125u\xb4\xdezr\xb9\xf8b\xfd\
\x05\xca\xe6zs\xd6=\x86\xb3/\xf0\xfb\xf5@q\x5c\
G\x8a7\x90V\xe3!\xd8*\xa4z \xf3r\xda\x82\
\xef\xed\xc5\xfa\xbbA\xa7I#\xd8_\x5cZ`\x87\x94\
\xb8\x9dvp0z?\xe1\xcc\xf8\xa6\xc7\x93|\x91\xe8\
\x0c\x94\xfc\x17A\xee\x09\xdf\xd6\xe7&\x17Cjo\x22\
H\xed\xb3\xc8\xc9\xcf\xa7\xc6f\x10\xe2\x96\x12 J\xcf\
\x98`\xc9+\x01\x07\x9a\x9f\x9fg\xca\xca\xcaf\xf5\x06\
\xc3s\xe4\xd8O\x1eo\x06i\x9e4@\xd6\x80\xe8\x03\
\xfb\xee\x88\x89\x8dN\xaa\xab\xaf]\xc0\xef\x0b\xe5\x22s\
\xda\xa7C\x9e\x9f\x93\x83e\xbe\x84~\xf1j\x01`\xe8\
\x03\x81\x9cA\x18\xac\x1b\xe0\xe6\x14p4\x98\xd5<h\
ne\x12\x1b\xa0\x85<bg\xbf\x1dI^\x19\x1e\x1e\
Bx\x9f\xbf\x10\x9f\x10\xfb\xfd;n\xbf\xd9\xbfv\xcf\
\xcdE\xc6\xcd\xb0\xb8\x04\x92T\x89@\xa3U}\xb5\xa6\
\xa6z\x18\xdb\x0dr\xbeRi\x1d\x94\xdas\x1a\x09\xcc\
\x18\xb9>\xdc\x14\x1b\x16R{x\xac)\x7f\x10\x86\xf3\
\xe1\xc3\x08\xfb\xfc@\x18I\x7f1J\xed\x05\x14\xfa\xba\
\x91@7\x97\xe3\xff\x85\xd2ki8\x1eP\xb1\xfeq\
\xfaT\x07r\xbb\x1c\xba\x5cK^X\xec\xcf\xceb}\
q\x9d\xff~t\xcc\xbe\xff\xca\xce\xce\xe8\xbere\x84\
\xe7\x93\x0fU\xb6\x8a\xaf-\xe4\x02\x10q\xfb<p\xd7\
A(h\x5c\x06y|\xd0\xab\x18\x14\xc6\xf4\x04{?\
\xc3/(\x0a\xe2\x87\xc5\xd0\xf4\xcc\x0c\xaa\xa8\xac\xf4j\
\xb4\xda(\xbc\xef\xdf\x9a\x96\xe6\x01\xd5\x15\xe5\xa0\xfbR\
78y\xe2\x04x}\xc3\xab`\xeb\x8e\xcd\xb7\xa9u\
\xea\xd7\x08\x0f\xc1\xa5\x8b\x17\xd1\xd2\xd2\x22\x12\xcfQ\xbe\
\xbe#\xee\xc1\x16\xf4%1\x94\xc7>\xc4\xef\x95\xc8}\
_\xa0\x8f\x93\xf0\xb3<\xe7\x03\xcfWL^YX\x98\
G\xe7\xce\x9d]\xc9\xc8J\xaf\xd4\x19\xb4\xdf\xb9\xf3}\
\xb7\x82\xde\xee\x8b`jj2b\xec\xe3\xe3\x04\xf9\x05\
y\xa0\xb8\xa4\xe8c\xa5\x87JN.,, \xc9\x9c\
3HY\x5cE\xb18\x89\xbe]\xa2\xdc+\xc8H\xe4\
\xb5\x09m\x05F\x18\xd7\x8f(\x1f\x12\xf2\xfd\x89\x90\xeb\
S\x83\x5c\x13\x8d\xd5\xcf(~'Q^6\x83\xf8\xfb\
\x17-\xd6!\x88%@\xca\x1a\xca\x9d\xda\x92\xfaPp\
\x12#\xd9\xba\xc4\xe0\xa2\xc2\x88\xd6:\xbe\xe9\xc8\x1eg\
\xcb\xc9\x13\xcb9\xd9Y\xcf>\xf7\xcc\x9f\xc2b\x7f\x0e\
\xcf\x9f\x99\x99ip\xf6\xecY\xf0\xb1O\x7f\x14\xe8\xf5\
\xea\xff((\xcc\xab=\x7f\xfe\xacojr\xd2?[\
\xe5\xebr\xe4x\x0bi\xfeVF\xea}\x82 \x00\xc3\
\xbb&\x90W\x0b\x0fW\xf3\xf4H.\xc3\xd9\xb3\xa7Q\
ZZj\xaf\xcdn}\xa1\xa8\xfc\xd0\xbbm.\x078\
\xdat\x14t]\xecb\xb1O\xc6\xaf\x1f\xfa\x15\x88K\
\x88\x05\xad\xa7O\xdf\xa4\xd3&}\xddf\xb3\x9a\xb3r\
\xb2.\xd6\xd4\xd5\xcd\xb5\xb4\xb6\x90\x98 jk=\x81\
\xc7I\xd8\xde\xd6\xca\x8e\xd6\x96\x13\xb0\xe5\xe4q\xffh\
9\x89Z[N\xc2\x8e\x8e6\xd4\xd1\xd1\x8eNut\
\xc0\xf6\x8e\x0e\xf6>\xc9#jooC\xe43mm\
\xf8\xb6\xbd\x8d\xac\xbfl\xde\xfd)|\x8b\xdf\xcb\xe0\xf7\
0\xe4\xf9\xf6v\xffw\xb7\xb5\xb5#\xb2F\xe3\xdf\x0e\
\xcf\xe0\xdf\x7f\xe6\xec\x19x\xfa\xf4ix\xf6\xdcYt\
\xfe\xc2\x05\xe6d[\xebreu\xe5hqI~\x0d\
\xbe\x1eO\xe6\xe6d\xbf\x7f\xcf\xbe\xddl~\x9ewf\
\x06\xcc\xcf\xceF\x8c\xfd\xb9\xd99p\xf6\xfc9\xd0q\
\xaa\xe3\xf6\xd4\xd4\xe4\x12\x96\xafO\xb25\xa48\xd7\x89\
R{$]\xdbD\xd5\xada\xb8\x9c\xbe\x88\xfa\x02\xd1\
\xe3\xfd\xe2\xda\x13\xa1\x97\x94\x92\x8aI\xd5\xb3\xa1|\xec\
\x19Qb\xce\xc2\xcfQ\xccBQ\xa1\x08\x84\x12:\x05\
\x94\xcc5\x16\xe4\xd6A$LE'*'!\xd9X\
\xae\xa9\xa9\x9aJJ\x8c\xfd\xe6\x1b\x1b^\x8a\x08\xfb~\
\xfc\xcf\x80\xaf\x7f\xfd>\x90\x94\x14\x0f\x92S\xdc\xffd\
\xb7\x9a\x9f\xce\xca\xca\xac\xab\xad\xab\x1d\xe98uj\xe9\
BW\x17\x83\xf7\x1f<\xaf[\xc9\xdc\xc6\xf3\xbd\x83\xcc\
w2\xb7\xf1h'\x98`\x1f\xb7\xe1y}\xca?\xef\
\xc9\xdc\xc6\x188\x15x\xdd\xff\x1e?N\xf0h\xc3\xf7\
O\xb1\xb8a\xbf\xaf\xb5\xad\x15\xb5b\xfc\xad~?~\
\x0f\xc6\x92\x1fG\xfe\xcf\xb4\x22\xfc\xdd\x88`\xf0$\xc6\
d\xf3\x89\xe6\xe5\x9a\xfa\xda\xb9\x8c\xcc\x8c~\xfc\x9b\xb3\
\xd4\xaa\x84o\x90\xba\xd6\x8c\x9c,\x10\xafQ\x81\xae\xae\
\x0b,\xf6\xb9R\x5cZ\x0c\xea\x1b\x8f\x80}\x18C\xd1\
\x89\xf1\xeb\x8d&\xc3\xc7\xf1z\xf1\xa8N\xaf{C\x95\
\x14\xbf#1!fwb|\xf4\xae\xc4\xf8\x98\x9d\x09\
q\xd1;\xc9->\x8f\xecmb|\x1c~=v\xbb\
:)a\x97:)q\xb7*1~wbB<~\
o\xdc.Ub\xc2\xce\xc4\xc4\x84\xdd\x09\xf1\xb1\xbb\xe3\
\xe3bv\xe1\xdb\x9dz\xadz\xa7^\xa7\xd9e\xd0k\
\xf0\xadv\xa7V\xab\xda\xa9\xd1$\xed\xd2\xe2\xa1Q'\
\xedR\xa9\x92\xc8\xeb;\xf1\x12\xb4\xdbl6\xec6\x1a\
\xf5\xbb\xf0\xef\xd8\x89G\x94\x0a?\xaf\xd1k^q\xa7\
\xb8\xfe}\xd7\x9emwny\xfd\x15PZR\x04~\
\xf3\x9b_\x00/\xc6\xfc|`D*\x04\xfb\x8b\xf3\xfe\
X\x9f\xc1\xa0M!\xfe\xa0\x90\x1f\x92\x9a\xeb(\x0e\xa1\
\xf0\xf3\xdd\x18\xfe\xfc\x8b\x84\xb7^T\xdb\x8c$\xea\x09\
%\xe3jP\xb67\x15\xa4\xe9$\xb4\xe3\x92\xa8\x1b\x09\
\xd6u\x86\xe3*`\x10/\xa9\x8b\xab\x1b\xca\xd7\xff\x89\
s\xf6(\xb5i\x90\xd6oLp\x0c|\x93y\x15\xfb\
\x8c\xcf\xe7[.(\xcc\x1f\xff\xf3\xd3\x7f\xfc\xeck\x18\
\xfba\xe7E\x00\xfbd\x90\xdc\xef\xbd{w\x83\xf4\xcc\
t\xf0\xe8o~\x84m\x80\xe8;S=)_7\x9a\
\x8c\xcfY\xed\xb6MV\x9be\x9b\xd1\xa0\xdb\x81\xe7\xec\
\x0e\x83N\xbb]\xabU\xe3\xfb\xea\xedx\xec\xc0{\xe9\
\x0e<\xa7\xb7\xab\x92\x12v\xe0\xf9\xbe\xddd\xd0\xef\xf4\
\xcf{\xfc\x9aF\x85_\xd7\xe0\xa1\xde\x89\xe7\xfeN\xad\
Z\xb5\x03\xbf/\x80\x0f\xf5n\x82\x89$\x8c\x9f\xa4\xc4\
\xb8]z\x8c\x11\xf2\xbdZ\x8dj\xa7Z\x95\xb8S\xa5\
J\xd8\x89?\x87\xdf\xa3\x8a\xc2\x8f\xa30\xb6\xa2\xa2c\
\x0f\xee\x8a\x8e\x8f\xdbh\xb6\x98\xfe\xe8r;\xee;p\
p\xef\xbb\xa2\x0f\xee\x03\x93\xd33\xe0\xf4\x993\xb2\xc7\
k\xb3\xda\xc1\x13/?\x01\x9e\x7f\xf1E\xa0\xd5k\x80\
+\xd9\xc5\xf2\xed\xe2\xbf\x07b\xa2\xf7\x81\xe8\x03{A\
\xcc\x81}@\x8d\xd7@2\xe2b\x0f\x00\x8c}\x80\xf1\
\x0d4\xeaD\x90\x10\x17\x03\x92\x12\xe3ARB\x1c\x1e\
\x09@\xadJb?Kz\x9f\xc7D\x1f\x00\x09\xf1q\
 \x11\xbff2\x10\xfe^=0\x9b\x0c\xec\xc0\x98c\
\xf9{\xf1\xf1\xb0C\xab\xd5\x00\x93Q\x0f\x0e\xe2\xdfM\
\x1e\xeb\x08w\xa9A\x0f\x9e{\xe1\x05\xb0e\xe7v`\
0\x1b@Vv&\xb0;\xcd\xe0\xe8\xb1\xa3\xa0\xb4\xba\
\x12\x8c\x8d\xbc\xb9~\x0b\x04\xfb\xcb\xd8\xe6o<z\x84\
\xf8\x07\xf7\x05\xeax\x05\xbez.g\x18\x12\xb8\x1c\x22\
\xe8\x83\x01#\xec\xb3\x07#\xf5\xd7K\xee\xa5\xb4\xfe\xdd\
\x12\xb5\x9d\xfc\xdc3\x08\xa5r\x0ax:\xacT>\x16\
%\x8f\x87\xb7^D\xda\xe7\x9b\x1f\xe7\x84\x92y\xc7\x0c\
}\x9f\x17\x84^V\xed\x14,^\xaf\x97\xc9\xc9\xcd\xee\
\xdc\x1d\xb5\xfd\x13\xd1x\xde\xaeUf\xb0\x1d\xb9\x9a3\
\xf2/\x9f\xfc\x17\x90\x99\x9d\x01\xf0^\x04\x9c.'\xcb\
/m\xd0\xfb9\xa9\xcd&#\xc0\xeb\x00\xc0\xd8e\xe7\
\xb9\x11\xcfm\x03\xe1\xdc\xd5\xaa\x81\x11\xdf\x1a\xf1\xfb\x08\
V4\xaaD?\x0e\x08\xb75\x1ez\xc2\xbb\xab\xd3`\
\xbc$\xb1\xaf\xe3\xfd\x1ac%\x16\xe3,\x11h\xf1c\
\xf2=\x18\xe3\xec\xf7\xe8\xf0\xfb\x92T\xf1`\x1f^\x8f\
\xf6\xec\xd9\x056m\xda\xc0\xd6\x1c\xef\xc6\xe3 \xc6 \
\xe95\x9e\x80\xf1\x99\x90\x10\x03\x0a\x0bsAVVz\
\xd8\xe3\xeb\xe9\xed\x0e\x8e\xfe\xbe~v\x90c\x9d\x9d\x9a\
\x06\x93\x93\x13`dx\x18\x8c^\xbe\xcc\x8e\xc9\x89q\
01>\x06\xc6\xc7\xae\x80i|^&&&\xd81\
5\x8d\xc7Th\xac\xf2gOc\xdb\x89\x8c\xa9\xa9\xa9\
\xe0\x08\x9d\xd7)\xfc\x1dS`f\x92\xbcg\x86\x1d\xfd\
\xe8Bp\xdd\x9d\x9c\x9c\x04W\xc6\xc6\xf0wO\x82\x99\
\xd9)\xbc\x8e\x8d\xbd\xed\xdc\xe6X\xbf\x00)\xa9\xee\x07\
\x8f\x1f?6\x8bx\xb9(b\x9b_\x90\xb1\xc3\x88\xd6\
\x86\x08z\xe9@Y\x9e\x80\xb0\xfa\x01#\xc1\x85@\xab\
\x09\x95\xd1\x19 z\x93\xd8\x94\xcdA\xe4\x9e?\xc8\xd1\
\x9f\xa0\xc8\x7f \xc9c&\xd1\x9b\x00\xca\xf1\x9f1H\
\xaaO\x10\xde\xf8\xaf\x8c\x8e\xa2\xd4\xd4\x94\xcc\xc6\xa6\xc6\
;+*+\xde\xd4\x1c\x99\xc5\xfadp\xcc\xcc\xe2\xb9\
9\x1b\x9c\xa3\xb3x\x0f\xf1z\xe7\x82~f\xee 2\
=3\x19\x1c\xc4\x8f\xb0:\xd8\xd7\x02\x18\x99\x9a\xc68\
\x9b\x9eb\xc7\x04\xc1\x17\x9e\xf7\x13\xec\xdc\x1f\x05c\xe3\
W\xd8\xe1\x1d\x9f\x06\xe3\x04wx\x10L\x8e\x8e\x8e\x82\
+W\xae\x80\x11|;::\x02\xae\xe0\xd1\xdf\xd7\x0b\
z\xba\xbb\xd9\xf1v\xc8\x95\x91\x11\xde \xb8\xe7\x8d\x00\
\xf6\xc9x;dlv\x0c\xe3|&x\xae\xff\xd6B\
t#<>Uv\xa8\xe42\xe9\xdf\x86\xe4\xb9\xe2#\
\xef\xb5\x1d.\x17\x96\xcb\xf6F\xd7\x87e\xf3\xf0`\x04\
5\xd04\xee'\xb9\xbc9\xc8\xf5\xc3Gp\x1c\x90\xb7\
&Aq/N\xc8\xe3m@<=\x82\xea[\x84(\
\x82\xbe\xe0\x88\x16G\xe7\xebO\xa1\xfa5\x8c\x07\x94\x18\
\x17\xb3\x8f\x5c\xeb\xc9\xc9\xe975G\xb8\x98]\xc5m\
\xa4\xd8\x8fDVq\xbf:\x82X\x08\xe0~u\xacb\
\x7fu(\xf2\xd6\xc4n5\x03\xb3A\xfb\xfe\xfc\x9c\xec\
z\xac\x930\x88\x9f\xbb$S\x1f\xce+m[C\x0f\
:\x18\x09w\x01\x82\x11r}@:\x1f\x1a\x8c\xacN\
F\x9e/\x03\x85\xc9\xbf\x91Y\xb7\x84\xe7\x88\x16\xb3\xa4\
\x158\x0a\xfcu\xe1\xf6~\xa1J\x85\xb8\xe9H\xc4\xd5\
\xe7kmk\x99\x8f\x89=\xf8\x14\xc9\xe5\xd8\xb6c\xc7\
\xdb\x86}E\xae}9s\xea\x14\xb1ont\xbb\x9c\
\x07\x06\x07\xfbWc_L0\x7fZ\x9aw8\x8c\xbd\
\x0f\x19\xb1_\x1f\x0ay\x8b\xa18G-d3C^\
\xda\xa4\x9c/\x01\xca\xe8\xcf\x90\xa2K\xc30u\x95a\
\xeb\x8c\x19\x11\xf7\x18\x14\xf6\xc2\x96\xe3<\x86\xe1|\xf9\
\x11\xf8P _\xdf\x10\xe5RA\xb8\xe2[f\x0e\x95\
\x95\xf6X\xec\xd6\xfb\x1e\xf8\xda\x97\xf0\xfe\xecU&\xbc\
\x22\x9c\x1c\x9fEp\xf0\xe0\x01\xa0\xd3i\x9fnom\
]^\x8d\x93B(\xa7\xbf\x87\xddc\xe5l\xe2\x08\xf3\
{\xa9\xb8D295H\x82\xe3\x14\xad\xc9\x0e\xe1r\
&\x84\xcdC\x12\xed\xe7L\x849\xc8r\xbe\x0c^\xcd\
W\xa4=\x85iq\x0al;2\xeed\xe7\xd1\x0do\
\xbcz\xa7\xdf_\x07\x95\x09\xafHP\x86\x87\x87AA\
Q\x01HNu\xdf_Vv\xe8\x12C\xfa.\xf0\xcb\
\x06%8\xb5\xa1T2@\xa4\x9cZ\x91=\x07a$\
>6a\xfd\x8c\x14W\xbd\x0c\x9f\x1a\xbf\x1aF\x9e\xcf\
O\xa8\xd3p}n0\x92\xe3\xa7\xd5\xee1\xd2\xf9\x12\
\x12:\x0e\x94\xe2w\xf7\xebW\x17.t\xfal6s\
TG\xeb\xb1\x1bW\xf3y\x15Q\x84+\xb5\xb55\xe0\
\xb1\xc7\x1f\xb9%%\xc5UG\xb8\xbf$\xfc]\xd2\xb1\
\xb2\xf0<s\xe18\x17\x995\xf8\xfc\x91$\xf6%\xfb\
\xd9\xf3\xe3\x85P\x14\x13\x14cR\x9c(\xce\x8b\x0d0\
\xe2u\x10B(d\x1e\x11\xac_P\x10\xd7\x84\xc2x\
\xa3\xa4=\x22\xc3\xf5\x07i\x5c.\xfe\xcf6\x1c\xa9\xf7\
n\xd9\xf2\xfa\x8f\x7f\xfb\xdb\xff\x06\xf3\x0bs@\xaav\
_\x91w\xaex\xd2=lL\xd3\xe5rn:{\xf6\
\xec*\x8f!\x83\xa8u/4\x8efH\xe5\xca\x88,\
6 \xc5c\x0e\xe5\xf8\x01\x84\xdc\x1e\x90\xea\xf8\x92\xa9\
G\x10\xd5\xa2\x84\xe5\xfd\x97*\x17\x10\xd5\xef#Am\
\x1d\xa2\x14\x87\xd2)\xed\xa4m\x1b$\xd1G\x9cS\x9b\
\xc4\xcf\xe5\xf5z\xe7PaA~\xbdN\xaf\xfe \xde\
\xfb\xc3\xe6\xf3)\xf2\xce\x14\x82\xfb\xfd{\xa3H\x8e\xd2\
\xb7\xaa\xab*\xa7\x97\x97\x97\x03}\xc9\x900\xa7\x15I\
\xe4\xd4\xac5\x16\x1e)\x87\x11\x14\x03\x0f\xca\xec\xedP\
\x86/\x1b\x86\xe1\xea\xa5\xe1_\xc2G\x07\x91(OP\
\x82\xa7CP\xcf\x10.6*\x99\x83\x80\xe8yM\xd2\
\xbf\xad\xb7\xb7\x9b\xb1\xdb\xcc\x07\x8a\x0a\xf3@$\xf5{\
\x8a\xbc3eqi\x09\xe4df\x80\x92\xc2\xc2\xbb\xdc\
N{\xf1\xd8\xd8X\xa8\x12\x95n?3\x14\xfd\x1a\xad\
1_\x07\x85\xf7\x15\xf0t\x0f9\xbf7e\x8f\xa6\xe5\
\xf8J\xf3\xaaC)\x0e\x12(\xe5\x13\x14\x13\xb7\xa0\xf0\
\xb9\xffH\xa2\x96A\xc09\x0a\xc3\xf98\x91$o\x9e\
\xbf\x06\x9d9|\xb8z*I\x95\xf8\xad\x83\xd1\x07\xd8\
\x9c5E\x14\x91\xc2~\x7f\x7f?\xb0\xb39\x9a\x9aW\
H\xdd\x17\xa4\xf3\xc9J\xf9\xd2h\x81\xf3p\xbd\xb3\x22\
\xf0\xddC)\xce{\xc8\xa9\xe7\x92\xd1\xd1#\xf0\xb7C\
I\xae^\x84\x84$\xe5\x82c\x13\x90)\xf1mz\xc8\
\xcd\xbf\xa7\xd20\x86\xf7\x93@\x18Y\xafr\x1e\xed\x1b\
b\xa6\xa6\xa6`zF\xda\xd1\x83\xd1{>@r`\
\x15QD\x0e\xfbdDG\xef\x03\x89\x89q\xff\x92\x95\
\x95\xd1=?\xef\x85o\x12\xbfk\xb7\xed\x83\xbc\x05\xe1\
>\xcb\xe57\xa4\xe7\xf4B\xea^-\xd3\x8b\x83\xc6\xec\
#\xef\xabDT\x1b\x9d\xdf\xc3\x1c\xd1y\xb3\xe1Z\xfa\
\xfeB~\xb9.-\xbe/XK\x02\xd8?w\xfe,\
LH\x8a\x7f\x83\x5c\xdbK\xdd]\xca\x04W$\xac\xb8\
\x93\x9d 9\xcd}\x8b\xc3a5\x0d\xf4\xf7\xd18\xb7\
\xa5\xfa\xa41(\xa2>U\xd2\xbe\x03(\xca\xe5\x8b(\
\xff\x8f\xce\xa9\x09#\xe9\x05\x00\xc3q\xe5A$\xdfg\
\x0aQb\xfdH\xcc\xa7\x8a\xc2qo!\x89c\x10\xf0\
\xa0\x0b\xc9n\xf9uJ\x01\xaa\x0c\xdf\xd2\xf2\x92//\
/\xa7\xd7d4|%#=\x0d\x9c>{J\x99\xd8\
\x8aD\xe6\xf3\xdb\xbf\x17\xa8\xd5I\xdf?\x5cS=F\
8\xda\xe9\xbc\x1c\x10\xd1\xfdN\x22j\xe3Hr[\xb8\
\x06t$\xf5\x01\x91\xe5\x11@\xd9\xda\xde5\xe4\x18@\
\xc9~\xca\xb4\xfd\x97C7I\xe1\xa6D\x92\xbd)\x22\
\xe0\xe4\x14\xafOb^|\xa6\xbb\xa7\x9b\xb1ZM\x06\
\x93I\xb7\x0e\x9b\xfd`zN\xc9\xe5S$\xbc\x9c8\
\xd9\x02._\xbe\x0c23\xd3o\xc5\xf3'{p\xa0\
_H\xcf)\xe7\xafC2uq<\x22\xff0y\xb7\
\x08\xca\xe7\xb9\xa2\xf0\xf92\xd2yv\xf0\xad\xc7\x22d\
\xb8\xbba\xb8\xde\xdb\x91\xf6\x10\x94\xeb\xd3\xc9H\xe8R\
\x84\xaf\xd9WQQ6\x9a\x90\x18\xf3\xedm\xdb7\x02\
fI\xc9\xe3S$2!}\xd9I}\xe6\xab/?\
\x8f\xed\xfe\xd8\x9fVT\x1cZ\xc4{?\x87\x9aMT\
;+\xd3S\x93\xc6\xc3\x03\xc3\xe5\xfarmya\x0d\
\xbcD\xbd*\xa4\xf5\x04\x80\x12\x9fE\xb4\xdeC\x02\xee\
[\xcao\x83\x02\x8anjlS\xc8\xad&\xe6<Y\
{\x9e#\xad_\x08\x14\xebT\xecc_\x7f\x7f\x1f4\
\x99\xf4\xee\x86\xc6\x86[\xea\x1b\xea@\xff@\x8f2\xa9\
\x15\x89\x18\xfb\x84\xc7/I\x15\x07l\x0e\xd3=x\x1e\
\x15\xf4\xf5\xf5\x84\xa8\x17#\xca\x81\x09ggK\xc6\x0c\
\xf8\xd8\x85\xc2\xe7a\xa4\xf9\xb2az\xfcA\x01O\x0f\
\x8c\xf47\x8a\xc8\xb2hk\x1a\x97\xe4|\x8d\xfc\x04\x22\
\x97\xa5\x8c_\x80\xdb\xae\xc0\xdf{\xc6\xb7\xe2+)-\
\x1c\xd1h\x13\xbf\xab\xd6&\x02Oz\x8a2\xa1\x15Y\
\x93\x10\xeco\xda\xf4\x0a\x88\x89\xd9\x0f\xf4z\xcd\xf7+\
*\xcbF\x97\x97\x97Y\xbe`\x01g)\x92\xe7\x91\x15\
\xfa\xebd\xb9n\x11\xa4\x94\xd2\x8b\x1d\x8d\x10\x0a:@\
\x85\xcfy\x15\x14\xf1#J\xbb3\xa9\xbe\xa9\x10A\x09\
\xcc\xc9\xf6\xce\x106\xea\x08\xa7\xc7#\x99\xde\x83\x08J\
\xfa\x1c\x83\xedhX\x9d\x03\xef\xf9Kf\x8bA\xad\xd2\
\xc5\xdf\xac\xd2(q=E\xde\x1c\xf6\xc9\xfe\xaf\xd5&\
\x81\xbc\xc2\x9c\x9bSS\x5c\xc6K\x97.\x22~\xbc]\
\x94V\x07\xc5\xb5?\x91\xf4\xde\x0d\xc7\x8dM\x8b\xbd\xd3\
8\xdf\xe9\xfd\x8f\xc2\xe8\xdc\xb2\xdc\xe3P\xd0\x93em\
|>\xd4ZBA\x8c\x0fJ\xe5$\xd0t\x0dz\xae\
\xa0?\xb7\x80\xed\xb1]RZtQ\xa5J\xf8\xb7\x03\
\x07\xf7*\x93X\x917\x8f\xff\xc5E\xb6\xd6\xfb\xe5\x17\
\xff\x0a\xec6\xd3g\x0b\x0br\xcf\xcf\xcd\xcd\x0a\x9b\xbc\
2P\xdc\x83>\x92\xde\xb3\x12\xf9\xfb\xfc\xbe\xa3\x88\xde\
\xd07\x12\xcc!\x19?\x19\x94\xc9;\x8a\x04\xd32\xf9\
y\xfc\x86n\x820\x9fT\x1f\xddp\xf5\x0ar<\xc2\
\xc1\xfa\xfd\x13'\x9a}\x1a\x8dj\x1b\xb9v*]\x22\
\x1b\xafQD\x917\x87\xfdev<\xfc\xeb\x9f\x81\x9f\
\xfe\xf7\x0f\x80\xc5dx\x0d\xcf\xafe\x08EugH\
\xc4E\x156\x9f5\x92}_\xd4\xbf\x8a\xc6\xb7#\xf7\
7(\xf97B\x1eOj?QF\x82\x83\x1f!j\
\xde2\xaf\xa7\x04C\xf9}a\xf9\x0a\xc4}\x7f!\x8c\
\xc0G\x1a\xfc\xe8\xc4\xc48JIq5:\xed\x96\x0f\
[Lz\x96+kaA\xa9\xd7S\xe4\xcdb\x7f\x89\
\x1d\x9b6\xbd\x06\xf4\x06\x0dH\xf1$\x7f\xc0\x9d\xec\xac\
\xbc<<\x84\xfe\xff\xf6\xbe\x03\xbc\x8d\xebJ\xf7P\x94\
-o\x9a\xec\xd4}\x9b\xb7\xab\xec&\xd9\x94/\xd9\xec\
{\xd9\x92\xf2\x12%v\x92}I\xdc\x12\xaf\xe38\xb6\
\x93\xb8;\xb1\x1d\xdb\xb1\x1c\xd9\x96m\xc9\xeab\x07\x08\
\x12\x85\x00A\x00\x04@\x12\xec\x1d\xecb\x11\x8b\xa8B\
\x91\x92\xacB\x12l\x00;\xc1\xde0w\xf6\xdeA\x9b\
\x19\x0c\x00\xca\x96\x14\x8a\x9a\xf3}\xf7#\x89C\xb4;\
\xf7\xcc=\xe7\xdcs\xfe\x9f\x97;\x0f\xcde\x15\x1a\xeb\
\x8f\x0e\x8a7\x1d\x08\xf2\xcf\xa5:\x14\xac\xd3C\x82\x5c\
\xe6k\xcb\x9bq w\x10\xaf\xda\x17\x05>\x11\x05\xc1\
\x0c\x0ch\xf0[\x03\xaf\xb6PMD\xc83B\xda\xcb\
\xed\xe8\xa2\x5c\xae\xa6\xa6\x86\xd9\xe4$\xc9\xa3\xf7\xdf\xfb\
3f\xbf'v/\xda\xbe(WC\xc8z\xda\x7f`\
\x0f\x89\xff\xb7WT\x94\xf5/.\xceS\xee~\x11\x1f\
\xaf(\x85\xe8\xe0\xdci\x02\xf0\x9aB<{t\x08l\
o\x9aW/C\x0b`\xfa\x08aw\x06\xe4\xc5\xc2\xd5\
\xd3\xad\x01\x1f\x93\xcb\xee!\xe0\xef\x08\x9cK\xf0{\x03\
\x82g\xf8\xb8\x1c\x85\xc2Q?\xf3B\x14\x9esj\xb5\
\xb7\xb7g%3\xc3(-.*\xbc\xad\xac\xb4\x18\xec\
C\x03\xe2\x82\x15\xe5\xea\xf9\x00+K\xd0P_\x0bS\
C\xb6Mr\x85\xec\xcd\xf6\x13\xed\xcbn\xc6r\x8a\x83\
\xe9\x87\x84c\xfe \xbd\xb4\xc2\xd8\x19\xa1\xf19\xd1Z\
8\x00\x82\xd4\x19\xa0 \xf1v(L=\xee\xe1@`\
\xed<-T\xeb\x1c2\xeeA<\x5c\x0f\x14\xd4\x9f\x0f\
\x9bo\xa0&&'PQQa\xbb\xce\xa8\xff|\x92\
<Q\x5c\xa8\xa2\x5c\x131\x99\xf4\xa0M\xd3\x80,I\
\xfa\x91t\xa3A\xd7gc\xce\xfc\x09\x150\xc5\xe7\xb6\
B\xa1sVac\xdf\x10\xf9\xee \xfd\xba\xc2\xfd\x84\
\xc1\xb0xy\x87\xe3\xc1\xb8$\xd7\x92\xa3\xa0\x83c\x08\
\x09\xf1\x03!\xe1~`\xc1\x98\x09\x05\x89\x13\xdc\xff\xbb\
\xbc\xb2B\xd5\xd6\xd5\x8e\xa4j4?OV\xca\xe1p\
\xeca\xe8\xee\x11\xfbtE\xb96B\xb8\x99\xa2c\x8e\
\x80N\x97\xf6\xe5\xbc\xbc\xbc\x8e\xc9\xa9I?\xcf\xaa\xaf\
\x87T\x90\xd7\x83\x16\xec\xc1E\xa1q@C\xe2o!\
!\x9c\xcep\xb6\xca\xb3=$\x10\x87\x10\xcec\x14\x14\
\xe7O\x00_\x8bS\xc0O\xa1\xe0\xf9J\xa1:&\xe1\
|\x880>\x8f?\xd4\xc0\xee\xd6\xe9S'W\xb4\xa9\
)\xfb\x1c#\x8e\xcd\xa5%\xc50='\xc6\xf7\xa2\x5c\
[\xc9\xc9\xc9\x06\xa9,\x01\x12\xa4q?;\xdaP7\
\xb4\xb4\xb4\x887\x7f\x0a!.\xb7,M\x87\xc4\xac\x17\
\x8a\x0d\x02\xfb\xfd\x10\xb7%\x0f\xa1\x9093\x14\x0cg\
\x9f\x12\xe0\xf4\xe0\xd7%\xd1!|\x10z\xed\xe7\x15(\
X\xed`\x88\xfc\x22o~P\x10\xbc\x1f\x0f\x1e\x07\xf9\
c`\xa0\x9f\xd2\xeb\xb4\x19\x8ad\xe9\xed\x05y9P\
[[-.LQ\xae\xa9`;\x87[n\xdd\x0c\xb5\
Gka\xd7\xab;\xc0\x94\x91\xfe\xc4\xe9S'\x9c.\
\xd7\x0a%\xdc\xeb\x83P\xb8\x9a\xb70\xbc}\x02\xbc\xed\
\x01\x98\x1eajk\x02ji\x82\x9d\xa3\xd1k\xc5\x02\
\x17\xd6\xa1\x90\xb5\x00H\xb8%/\xe8\xb9\x1d\x9b\xec\xd4\
\x9dWq\xe7V\xa6\xa6&\xe9\xca*kSN\xb6\xe5\
\x9f\xe3b\xa3\xc5E)\xca\xf5\xc9\xf9--1\x83\x9c\
\x1f\xe5\x16\xe6\xc2\xd1\xa6\x86-f\xb3q\xef\xf9\xf3]\
\x8b\x1e\x1a\x0d\xca[g\xe6\x19tx\x8e\x8c0\x18\xda\
H\x00\x872\x90\x0c8T\xafm\x88\xda9\x14\xa4\x96\
\x90\x17\xf7\xa3\xb5\xd4\x22\xf8\x18\x0d\x10\xfb\xef\xd0\xb9\x01\
\x14pV*\x88;\xca\xd0\xa4 zzf\x9a\xae\xa8\
(\xefMQ\xab~\xa8P\xc8\x98\xf3\x97~\x9b\x18\xe3\
\x8br\xed\xc5{nLFM\xc3Q\xc8/\xcc\x87t\
\x93\xe1\xf6\xc2\xa2|\x8d\xad\xaf\x97\xf23O\x85\xe4\xac\
\xf6\xf7\xbb\xa15\xf0\xee\x22\xde\xfd\x80\xc5\x85\x83Bq\
\xe6\x84\xee\xfbg\xf3\x0f\x04\xc1\xe6\x0b\x85\xaf\x83\x04k\
\xecXU\x01\xc1r\x19\xf4\x1a\x1f\x0b\xf8\x0c\xb3\xb33\
\xb4\xb5\xa2|066\xe6\xfe\x86\xc6V\x88\x8e\x8d\x12\
\x17\xa4(\xd7\xcf\xe7_\x5c\x84\xc5\x85\x05X\x98w\x8f\
\x97_~\x01,9Y`\xce2\x7f63\xd3T\xdc\
\xdd}\x99\xc9D\xb1\xfa}\x83\xf9\xc3Tx|\xee \
\xe7x\x88\xf7{\x08\x9f\x1f\x09\xe2w#\x16\x05(\x1b\
\x13\x0f\x85\xe1\x0b\xe4\x82\x06\xd2a9\x82y\xb8b\x81\
\xafI\x07\xc30\xe1\xcf\xd7\xfc\xfc<]Qi\x9d\x8c\
K\x88}\xf8\xad=\xaf\x82N\x9f\x06\x09\x928qA\
\x8ar]\xc5k\xf7\xde\x11\x1d\x1f\x03\xfb\x0f\xed\x07\xbc\
.\xff\xd1hJ\xaf\xec\xef\xef#\xc6\xc4\xe2\xa3Ek\
\xed\xb3\xe3\xf2\xd4\x22\xc13\xba`\xad\xbf!j\x09\x84\
\xfa\x05\x83\xd6\xf5\xb2\xfb\xf6\x02r\x0c\x5c\xfc\xac\x00\xde\
o:\xb0f\x18\x09a\x81\x0a\xe0\x81!\x0e\xbe\x89\xbf\
f\x82F\xcb\xcb\xcbTuu\xd5\x8c,I\xf6'\xe2\
\xe3+\xe4r\xf8\xda\xd7\xbe!.DQ\xfe\xea\xb6O\
\xf2\x7fDv\xbe\xbe\x03d\xc9\xd2\x7f2\x9a\xf4\x95=\
=\xddd\xcbuy\xe3TO$@\x09\xf0\xcd\xd1W\
\x82\xa3\xc3\x22\x98\xa5\x04\xf0\xc2B`\x83\xa0\x90=\x03\
(\xa0\xfe\x8f\x16\xc4\xe9\x0d\xccA\xb0\x8f\x0d\x10\xe2\xf5\
\x19\x07\xc19B\x01\xb8\xfe\xec{\x9c;K\xc0\xd4\xec\
\xa1\xa5\xe5%\xba\xf9X\xe3\x94Z\xad\xd8q\xe2D\xdb\
\xdf\x14\x97\x14\xc2\xe8\xc80\xac\xae\xae\x88\x0bQ\x94\xbf\
~\x0e\x00\xdb\xfe\xa2\xc7\xfe\xdfx\xe35\x88\x8e>\xbc\
M\xadN)9\x7f\xfe\xac\xbf\xee\x87)\xf9\xa5\xa8\xb5\
\xe4\xcdQ\x08\xfbEk\xa8\xfd_#?\xb0\x00\x87\xde\
Zz\x83\x82p\x04 N^>\x18\x86W\x08\xae\x0f\
\xc4\xe5\xf5\xc1cvv\x9a\xae\xad\xad\x1eK\x94\xc6?\
129vKyE\x19\xbc\xb3{\x97\xb8\xe0D\xb9\
j\xb2\xba\xea\xe2\x8c\xf7k\xfb$\xffw\xe9\xd2\x058\
p`/\xbc\xf3\xee\xdb\x9fM\xd3j\x8c\x9d\x9d\x1d\xcb\
\xae\xd5U/v\xf4\x95b\xd7\xac\x99\xb7\xe7\xca\xfa\xea\
\xd7|n'\xb0\xef\xa3\x10\x1c\x19\xde>>A\x9e\xc1\
p5\xba\x9c\xdfI_^II\xe1P|l\xf4o\
~\xf9\xdd\x07 '\xcf\x02\xdd}=\xe2b\x15\xe5}\
\x8b\xd39\xc5\x0c\x22\x95U\x15\x10\x9b\x10\x03jM\x0a\
\xd8\xfal\xe0\xe6g\xa6\x99\xfeOKN6\x1c8x\
\x10\x8c\xc6t\xf8\xd6\xb7\xbf\x0b\xab\x14\xb5&\xdb_\x5c\
\x5c\x84\xee\x9e\x1ex\xfb\x9d]`\xce0}R\xaf\xd7\
\x1dlin\x9e\xc4\xaf\xe9\x8d\xe1\xa9 \xb9\xbe`{\
+\xb5\xc6<;\x0a\xc0\xb6\x088\xccG\x88Fk\xc3\
\xf8\xe6\xd5\xd7\x85\xc5\xd6F\x01\x1ca|\xfc^$\xf4\
Z4?\xb7G!\x17=44H\x97\x95\x16u\xc4\
\xc7\xc7\xfc\xdc{M\x1c\x0e;s\xb6\xca\x16r\x9d\xd8\
\xc31lg\xfe7'/\x0f\xe2\xe2c@\x93\xaa\x81\
\xf6\x93'\xf0\xfd\xf82\xb4\x1f?\x01\xc5EE\xa0T\
$\x83B\x9e\x0c\xf5\x0d\xf5PQY!\x1a\xc4M \
\xb3s\xb3\xcc8\xd9\xdc\x06c\xe3\xa3\x11\xef\xee{\x97\
\xd8\xfb-q\x92\xd8\x7f\xcc\xcc\xcc\xfcun^^l\
~A\x9e2#\xc3\x9cb0\xe8\x93\x0c\xe9\x86'c\
\xe2\xe2\xbeZ\x90\x9fw[lB\x1c\xb3\xa6.^\xee\
\x0en\xff\x9es\xbf\xf9\x85Ef\xbc\xf8\xd2\xf3 \xc7\
\xeb\xec\xbd\xb3\x176'\xc9\x12\x7fURZ\xdc\xe3p\
8|}?,\x0eLJ\xb0\x0e\x06\x05\x16\xfd\x05\xc4\
\xcaH\xf8,,\x00\xe1&h]?\xa2\xc3c\xe5#\
\x14\x06\x9f\x8b\xf5b\x88W3\x8c\x10\xf7x\x82\xf3\xb5\
\xbc/N\xe6\xc4\x85\x1fwa\xa1\xba:;\x97\xd2\xd2\
\xb4\x99fs\xfa\xd7\x8f\x1c\xd9\x0fQQ\x87\xc09\xed\
\x04\x1c\xf73#\x98\xed\x9f:}\x1a\xfa\x07\xfaa\xd7\
[o@Qq\xf1\xedJ\x95\xe2k\x99Y\x99\x0f\x9b\
\xcc\xc6#Y\x19\x19r\xb3\xc9\xa4\xc8\xca\xccx\x17?\
v_j\xaaf\x1b~\xefM9\xb99\xf0\xca\xab\x7f\
\x86\xce3gD\x03\xd9\xa8v?\xbf\x80\xc7<LM\
MBE\x85\x95y,M\xaf\xfbz\x9a.567\
?\xf7\xf2\xf1\xf6\xb6\x85\xc1\xa1A4\xe5\x9c\xa2''\
'i\xbc\xc7\xa0\x8e3\x1d\x8bx\x0d\xd9U\xaa\x14\x95\
&-\xf5?\x89\xed\x97WT@\x99\xd5\x1a\xf4}\xbc\
vO\xc6\xf2\xe2\x12X\xcb\xadx\xaf)\x04\xbdV\x0f\
Ri\xc2\xff\xcb\xcc4\x1f={\xae\x0by\xf1\xfe\x91\
\xbf\xfe\x87]\xc7Fq\xf7q\x84B\xf4\xf7\xd3A\xb9\
{\x11\xbb\xe57(\xdeN\x88\xf36\xb4\xd6\xf8$\x08\
f0\x0aR\xbf\xcc\xc9\xed\x91Bh\x17\xfe}un\
~\x96jmk\x99T\xab\x15G\xdez\xe7\xcd\xdb\x0f\
\x1e\xdc\xcf\xdcoW<6/d\xfb+\xf3\x08\xe6f\
g\xc0a\xb7C^\x01\xc3\xb5\x19a4\x19\xee5\x18\
\x8d\xc5E\xc5E\xa3\xed'\x8e\xcf_\xee\xbe\xec\x22=\
W\x97.^\xa2\xcfvuQ\xc7\x9a\x9a\xe6rs\xb2\
;S\xd3\xb4\xef\xa4jS\xff\xf7\xdb{\xde\x81!\xec\
/447\x8a\x86\xb2Am\xbfo`\xd0\xeb\xd3o\
\xc2\xd7\xfd\x17%\xa5\xa5\xa7.^\xbc@\x11\x8ef\xef\
\xb9\xb4\xb7*\x8dI1\xe3\x1f\xe4l\x09\xfb\xef\xa8\xbc\
\xb2\xf2\xb2%'\xe7\xc9\x9a\xba\xba-%eePw\
\xb4>|\x0e`n\x9e\x19_\xfe\xfa\x17@\xa5Q\xc0\
[\xbb^\x874\x9d\xf6s*\x95RV__\xe7$\
u\xa9\x9e\x5c=\x15\x18\x1b\x07\xc7\xd6Y\x13^\x17\x0a\
\x8a\xb5K\xaf\x01\x13\x9b_\x83O\xf3\xf0\x82\xd7\x80\xa5\
-X+ \x88%H\xe1\xc9\xb6\x0f\x0d\xadZ\xad\xe5\
\xed\xe9f\xc3/\x0b\x0a\x0a\xb6H\x13\x13\x98ku\xe6\
\xcc\xe9\x10g-\xf3\xb00\xb7\x00\x03\xfd\x03\xf0\xc3;\
\xbf\x0f\xc7\xdb\x8f\x7f8M\x9f\xb6\xc3Zi\x1d\xb3\xf5\
\xf7\xd1KKK\x94?\x8f\xe9\x7f\x7f\xd2w\x8dc>\
\xfa\xf4\x993.S\x86\xb9\xca\x9ci\xfe\x0f&\xfe\xab\
\xae\x82\xc2\xe2\x22\xd1X6\x98TWVAyY)\
\xcc\xcc8oQ\xa5(~Wn-\x1f\xc2{\xbc\x7f\
\xcf\xf2 \xbd\xfa\xcf\xe2\xbd\xa5\xa9\xcczq\xcd\xcd\xcf\
Q\xed'NLffY\xdel;y\xfa\xd6\xde\xbe\
A\x98\x99\x9d]\x93\xed\x93\xd1\x80cK\xb2\x96I\x1d\
\x9a6]w+\x8e\x05\x1e6\x99\xd2;.]|\x8f\
&\xb8\xff\xa1kt\x900\x976\x0a\xca\xd9E\x07\xc1\
\xad\xa7C\x9f\xf9\x87\xdf\xe7\x91\xb7\xe6\x00\x09\x14\x19\xa0\
\xd0\xdc\x1f\x81\xf8\xa64\x85c$\xba\x13\xfbWy9\
\xd9jY\xb2\xf4\x8bO<\xfb83Ou\xd5VX\
\x9a\x9f\x09s\xce:\x07\xc6\xb48x\xf1O\xcf@k\
k\xcbG\x0c\x06\xdd\xa1\x9a\xda\x9a%\x82\xa7\xc8\xc7;\
\x09,Op\xff180@\x17\x14\xe6w\x18\xd2\xf5\
?\x22\xafi\xad\xac\x04\x8b%[4\x98\x1b\x5cfp\
\x8cH\x06YK\x95\x95\x15\xe4g\xa4F\xa3~\xba\xac\
\xacttzf\x9a\xf8\x99.a\x1e)v\x1d\x9c\xfb\
\xe8\x0a\xef\x15\xabd\x1f9\xdaP?*\x97'\xdd'\
\x95\xc4CcS\xe3\x9am\x7f\xd1\xc3\x07\x95a\xc9\x80\
\xda\x86:\xf8\xf6\xb7\xfe\x13\x92\x92\xa4_I\xd3\xaaS\
\x1b\x8e\xd6MO;\x9d\xb4\x00.\xaf\x10\x1e\x97@\xec\
\x1e\xb2^^\x18\x15'\x0cv\x18Z\x8b\xaf\x81B\xe2\
\x87\x06\xb9\xb7\xb8?+\x89y\x86\x06\x07\xe9\xfa\xfa\x9a\
\x0b\x96,\xf3K\xa5%%\x1fU\xaa\x92\xc01:\x02\
\x8b\xcb\xcbx`\xff~!\xf4\xbdu\x81\xd4V\xae\xac\
0~\xbeF\xadz\xb9\xfeh\xdd\x22\xbe\x97P\xbc\xb4\
#-\xc4\xa1\xc4:tq\x0d\x8f\x0cS\x85E\x05\xef\
a\xff\xff\x9eW^\xfb\x13s\x9f.--\x81\x16\xbc\
n\xbcC\x94\x1bC\xb0]3\x83\xd8\xfd\x18^K\x05\
\xa5\xc5\x8c\xfdk\xd34\x8fTTZ\x87\xa7gf\xd8\
\x00\x12\x019)N~\xdag\xfd\xee\xbd\x03\x1b)m\
\xb1du\xaaRT\xff\xbc{\xf7;L\xfe\xe0Jl\
\x9f\xc8\xe5\xeeK\xd0\xd9u\x86`\xfeCEU\xe5\x87\
R\x94\xc9\xbf\xca\xce\xb6\xd4\x9f?\x7fn\x85`L3\
\x01\x07E\x85\xe1\xfd\xe0\xf0\xdc\xf1\x02\xea\x80:\xba5\
\xec\xf9\xe1\xb8/B\xd6\x0b\xf2\xfa\x7f8\x94<\x94\xb7\
\xb0\x81\x8cU\x97\xcb5:6\xb2\x8a\xe3\xfa\x81\xbc\xdc\
l\x89\xd9d\xf8*\xb96\xc5\x85\x05\xf0\xbdo\xfe=\
\xac\xb8\x5c\x1e\xdb_\x0e{\x9d\xb1\xaf\x0099\x160\
\x9b\x8d?\xc0\xb6\xda?;;\xeb\xdb\xe3y7>\xa1\
:e\x1a\xb1\xea-\x87\x87\x87\xe9\x82\xfc\xbc\x0bF\x93\
\xe1G\x91\xb7o\x06\xec?\xc0$9\x0f\xc2k\x88\x0c\
Qn,\xdb\x1f\x1f\x9f\xf0\xc5\xf7rE\xd2\x03UU\
\x15v\xec\xa7\xd3\xc1{\x5c\x11-\xc0\x81\x1bP7{\
\xee\xdcY\x84mu\xb7\x15\xc7\xfd\xb5x\x8d\xbc_I\
IQ@~~.\xc4\xe08 !Q\xfa)\xb5Z\
\xf5Riq\xe1\xf9\xcb\x97/\xad\xe2\x0d\x0c\xb1r\x80\
l\x1c\xea \x9c\x9a\x02\x5c\xd4H\x88\xef#(f(\
\xcd\xc7\xdb]C\xad\x01\x0f\x83\xd7_\x93\xe35{\xe4\
\xc62$\xf9{\xd7\xc4\xc48\xc21\xf9DQQ~\
\x9a\xd1\xa8\xfb~~qq\xa4\xc9\xa8\x03\xdb\xe5\x0b\xd0\
z\xac\xe1\x8a\xe7\xaf\xb1\xfe(\x0c\xf4\xd9n\xc5\xbe~\
rOO\x0f\xed\xc6\x0cA\xc1\xf8\x85\x83p\x06\xf8\x7f\
\x1f\x1d\x1d\xa1K\x8a\x8b\xce\x9b32~\xfa\xd1\xad\x1f\
f\xd6\xce\xd4\xf44L\xcd\xcc\x88Fu\xa3\xd8>\xb9\
^SN0\xa5\x1b\x19\x7fP\x9e\xa2x\xb8\xb8\xb4x\
hfvF\xe0\xfc\x19!\x14\xb4\xae\x96}\x0e\xe7\xab\
{E\xb38\x9e\xc4>\xa2\xb5\xa2\xc2\xfa\x91\xb6\xb6\xd6\
\xf7\xfd9\xa7&\x9d \x93\xc6B\xba\xd9\x04\xb2\xe4$\
\xe61\xa5\x5c\xf6ye\x8a|\xaf\xd5Zv\xe1\xc2{\
\xe7]\xc4\x0f\x08\xce\xf3+\x94;\x0b\xc4\xd3\x0e\xd3\x8b\
O\x0b\xe3\xf9\x0ba\x8b\x0a`s\x08q\xed\xf9\xa7\x8d\
\xc2\xbe=ew\xd8Q\xf3\xb1\xa6\xd9\xbc\xbc\xec\xf2\xfc\
\x82\xec\xbbSRU\x1f\x8a\x89=\x02#\xa3\x13\x80\xaf\
\x09,\xf2\xce\xec\xd7*RI\x1c\xa8S\x14_.+\
/\xed_\x5cZ\xa4\x84y\x0a\x85\xf3\x9b(H\xdd\xd2\
\xc8\xc8\x08\x8e\xff\x0b\xcea\xfb\xff\xfe\x9bo\xee\x82\x8e\
\xceNhhj\x12\x8d\xea\x06\x91\x13'Oz\xf7\xfb\
\x08\xb5F\xfd\x109\xa7#\xb8Z<\xbb\xa7\x85\xedH\
\x08\x8f\x92\x8b\xa7\xb3\xba\xbaB7\x1dkt`\xff\xf0\
\xdb\x19\x99fp~\xc0}ai\x11\xfb\xb8\x0bK\x11\
\xe43K%\xb1\xcc\xe7\x8e\x8b\x8b\xf9\xb2F\xa3z#\
''\xab\xfd\xd4\xa9\x93\x0b\xc3\xc3v\xf2\xbe\xac>9\
$\xd4#K_!.~H\xce\x10~\x82A\xc0\x17\
@,\xc7\xd9\xd3\xb3\xec\xc6.\xc4\xb1\x11\xd5\xdb\xdb\x8d\
\xea\x1b\xea\x1d\x99\x99f\x8bR\x99t\x1f\xbe\x9f}\xc2\
\x9ca\x04Cz\x1as}\xb6\x7f\xe7+\x8c\xdd\xbf_\
\xdb?p\xe8\x00\xe0\xf8\xeb\x91\xd6\xb6\xd6\x05\x12\xb7_\
\x01\xa7o\xc8\xfe&\xfb\xd0 ]PPp\xc2\x9ca\
\xfe\xce\xb6\xbf\xbb\x03\xea\x1b\x1b\xa0\xa8\xa8@4\xacu\
*S\x13\x13\xccXu-C]]-\xe3\xe7\xa7\xa8\
S~U\x5c\x5c4\xe0\xc6\xd3\xf3\x1c\xda\xd1l\x90\xeb\
 \xb87\x9c\xb3\xac\x80|9\xe3\xcb\x9e\xe9\xe8XN\
Q\xab~N\xea\x01\xaf\x86\xed//\xae`\xfb_\x04\
'\xf6Wz\xfa\xfb\xe0\xf0\x91\x83\x8c}\xa8T\xf2\xcf\
\xc4\xc6D?\x96\x96\x96\xaa\xaf\xa9\xaa\xb4\x9f?{\xd6\
\xe5t:i\xd7\xaa\x8b\xe6\xd7\xe2\xa3\x00\x8a\x1bA\x84\
k\x14\xa6>\x87F\xc2\x98|t\x10,O\xdfX^\
^\xa2\x07\x07\xfa\xe9\xe3m-\xf3%E\x05gRS\
S\x0e\xa6\xa8\xd5?H\xd3\xaa\xb7\xec|\xede\xa8\xa9\
\xa9\x86\xc4\x84x\x98\x0d\x93\xc3[\xab\x1cml$\xb6\
\x1f\xfd\xde\x85\x0b\x94\xc0Y\x86\x00e\xcaZ\xea\x96\xdd\
\xdfmh\xc8N\x17\x16\x16tX\xb2-?\xfa\xe1\x8f\
\xef\x84\xca\x0a+\x14\xe4\xe7\x89\x86\xb6Nm\x7fld\
\xc4\x17\xdf''\xcb\x1e))-\x19\xc2v\x82\xfc\x80\
\x12B<\xd5(\x18\xbf\x14o\xc1\xb0\xf9 \x11:\xd3\
yfU\xa9R\xdd/I\x94^\x15\xdbg\xb8$\x16\
\x16\x99196\x06\xb6\x1ew}1\xd9o\xf6\xef\xdb\
\x8b\xd7]\xc1\x87b\xa2\x0e\x7fE\xadV\xbd\x81\xd7{\
i\xd3\xb1&{WW\xd7\x0a\xf6\xa7]sss$\
\xa0f\xc0\x82<\xfb\x1f\xb7\x7f\xde\x87!\x14\xba.O\
\xa8V\x07y\x12\x8f^,B\xcf9(\xd9\xdb].\
\xcaE-,. \xbb\xddN\x9d;\xd75_[[\
\xdd\xa4\xd7k\x15&\xa3\xe1\x81Ls\xfa\xdf\x13\xffE\
\xa7\xd3CW\xe7i\xc8+\xc9\x87\xf6\x13\xc7\xaf\xea5\
\x1f\x9f\x98\x04\xad6Uy\xe9\xd2%!\xfeN:\x8c\
oC\xa3\xa0g\x1f\xeeu211IW\xd7V_\
0\x18t?\xdf\xb9w\x17dff\x80\xc9d\x14\x8d\
m=\x9d\xe5\xcd\xcd0vRX\xcc\xd4um\x92H\
%\x0fc\x9b\x19v\xba\xcf\xcd(!?\x1e\x85\xc7\xd0\
\x13\xe6\xba\xf1\xc4\xb7]]\x9d\x8b\xb2$\xd9O\x93\x15\
r\x98\xbd\xca\xb9\xa0\xd9\xd99\x98\x99\x9e\x85\xb9\xf9y\
X\xa5V\x99\xc7232 .&\x1aJ\x0a\x0b\xa0\
\xb5\xad\xf9#\x9a\xd4\x94\xffL\xd3i\x9f\xc8\xcf\xcf\xd3\
\x15\x15\x15\x1e\xaf\xaf?j\xc3\xf7\x82\xc5\xbe\xbe^z\
dd\x98\x9e\x99\x99A\xab\xab\xabl[\xe6\xfa\xc4~\
h-_\xfe\xd0\x9b\x9c\xf3\xe0a\xfap\xf6\xdd\xb5\xb6\
\xab\xae\xd9\xd9\x194::L\x13l\x02l\xeb\xb3M\
\x8d\x0d\xdd%\xa5E\xcd\x85E\x85\xfb\x95*\xf9O3\
-\x19\xff\xeb|\xc79HOK\x05\xa3!\x0d\xda\xda\
Z ?/\x07\x06\xedC\xd7\xe4\xbaWX+H\x8e\
\x7f\xdf\xb9sgY\xf5;\xc8\xc5\xe1\xf4\x08\xcf\xf1\x1d\
\xac.\x82\xf9kzf\x86\xae\xaa\xaa\xbc\xa0M\xd3\xde\
\xef\xb8|1\xc2\x9ca\x02\x1d\x8eYDY\x1f\xa2\x96\
$\x83\x01\xaf7\xb2\xcf\xc4'\xc4?\x8c\xe3{o^\
\x8f\x16\xc6\x99A^<-J\xa0n]\xa0\x97\x86s\
\xd4\x8f\x5c\xab\xabtK\xf3\xb1>\xadN\xf7o\x9a4\
-\xcc\x5c\x87<\xf0\xd2\xe2\x123H\x1e\xf3XK#\
\xa4\xa6i\xe0\xee\xbb\x7f\x02q\xf1Q\xb7\xee\xda\xf5\xc6\
G\x0b\x8b\x8a\xbe\x8a\xfd\xd3\xa7\xd4j\xe5\xbe\x0c\xb3I\
n\xb5\x96\xd7\xe01P]]\xe5lni\x9e;\x7f\
\xfe\xdc\xd2\xe0\xe0 56>F\xe3\xd7\xa0\xe7fg\
i\xd2[\xb40?\x8f\x7f\xce\xd2\x04\x0b\x0b\x7f\x0f\x9a\
\xd44\x0f\x8f\x0c\xa3\x9e\xde\x9e\xd5\xae\xb3]Kmm\
\xad\xf3\x8dM\x0d\xd3G\x8f\xd6\x0dTWUT\xe1}\
=1Q\x96\xb0;3\xcb\xfcHAA\xfe\x17w\xbe\
\xf1\xdaG\x8a\xf3,\x9bb\xe3\xa2\xa1\xb0\xa8\xc0\x8d\x9d\
7\xd0w]\xae{|B\x1cdY2\xefomi\
a\x0eF\x91\xcf\xf6Q\x08\x5c\xc0+\xe2I`\xf4x\
\xbeP\xb9\xb5\xbcW\xa9R\xfc\xf2\x9d?\xbf\x8em_\
\x07)8\xd6\x13\xe5\xfa\xc9\xc4\xc48g8\x9d\x93\xcc\
Zk8z\x94\xd1'J\xe2\x1f\xc4{\x10\xa9\xd7\xa3\
\x03\xb9\xe88\xe7t\x14\xef\x1c\x08\x059\xe6\x16\xc2\xb9\
b\xce\xf8\xf3\xf2s\x8b\x0b\x8bK>TSw\xf4\xba\
\xda>3p\x5c@\xbew\xe7\xd9\xb3\x90n\xd4\x83\x14\
\xc7\x1d\x85E\xc5\x90\x87\xe3\xd1\x17_|\x8e\xe86\xe3\
\xfd\xf0\xd3;w\xee\xf8\xe7?\xefx\xe5\x1b\xd87\xf9\
^Nn\xeeo\xb3\xb3\xb3\x0f\x9b\xcd\xa6\x94\x8c\x0c\xb3\
\xd9\x9c\x99\x91\x93\x95\x95U\x84\xfd\xd8R\x931\xbd\xd8\
`\xd0\xe7\xeb\xf5i\x16\xec\xdf\xa6\xeb\xd3u\x89YY\
\x99\xbbrss\x1e\xd5\x1b\xf4wE\xc7F\xfd\xfb[\
\xbbv~\xc9\xa0\xd7~\x8a\xf8U/\xbd\xfc<\xb6\xb9\
\x0cx\xe1\x85\xe7\xe1\xe9g\x9f\x02\x0d\xb6\x83i\xa7\x93\
\xe9\xa7\xb9\x9e\x22\x95J\xc8\xf8\xa7\xe2\xe2\xc2K\xf3\xf3\
\xf3\xc8{bOs@\xbd\x03yLP\xd0\x9eH$\
\x94\xff`\xce(\xa7\xa6&W\x8bK\x8a{\x93\xe4\xb2\
_}\x0c\xbfw\xaaF\x03\xf11\xb10\xe1\x9c`\x86\
(\xd7\xcf\xf6\xc7\xf1\x98\x19w\xf88\x96e2\xe9\x7f\
\xe3}\x88\xe4\xf5h\xca\xed\xb2\xb2\xb0\xe5P@\xb3h\
@\xdf\x19\x17\xb82(n5\xf1\x91;:N\xad\xe8\
\x0d\xba\xe7sr-\x10+\x95^\x7f\xdb_\xf4\xe7\xc5\
\x17\x97\x16|\x83\x89\x11\x5c.\xb8\xf8\xde\x05P\xa9\x14\
\xb0w\xdf\x1ex\xe9\x95?\xc1\x9f_{\x15\xb0m\xfb\
\xe6\x0a?\x1e\x99\xacL\xde\x5c{\xb4\xe6\xb6\xc6\xc6\x86\
\xbf\xa9\xa9\xa9\xb9\xad\xb8\xb8\xe8V\x99T\xb2\xf9\xa9'\
\x1e\xdfD\xfeor\xc6\x09\xf1\xd2xx\xe87\x0f\xc1\
\xeb\xbbv\xc2\xbb\xef\xbeM\xce\x1f\xa1\xbe\xb1\x1eV\x96\
Wa~~\x16\x16\x16\xe6\x99\xc1\xee\xa5\xbb\x9eR\x8c\
\xfd\x8c\xf1\x91\xa1H\xfc]\x0f]x\xef\xbc\xfb\x9e\x8e\
\xfc\xd8\xa7(\xb4\x7f\x1f&\xff\xc9\xc1@bb&\xbc\
\xffSE\x85\x05\xfdRI\xc2\xa3E\x96\xc2M\x89\x92\
D\x18\x9b\x1c\x13m\xff:\xdb>\xa9\xa7\xf3\xaee\x95\
Rq_Aa~\xdf\xc4\xe4\x04\x9b\xea\x8d\x9f\x9f\x0e\
\xe0\xa2\xe4\xe2\xd2!\xc4-P\x13\xe4\x8e\xa4\xf0\xbd\x85\
\xb2dg\xd7I\xa5\xf1\x7f\x9b\x90\x10\xbb\xee\xe6\xc8{\
\x1f \x18b\x0b\x8b\xa4wq\xce7\x08\xae\x00\x19\xc4\
^g\xb0mOOO\xe1\xe1d\xce\xd8\xc9cn\xec\
\xf1e\xecW,0\xf5\xb2s\xe4y\xb3\xb3L>c\
\x9e\xb1\xf3\x05\xdfX\x0fRUe\x85}\xfb\xf7@V\
v\xe6\x97JKK:&&\xc8\xf5G\xab\xac\x1a\xa8\
\x90\x9c\xa3\x81\x89_A\xdca\x0eo\xe2\xd4\xe4$]\
\x90\x973\xaeR\xca\x1f\xff\xe57?\x07\x12|\xef\x8f\
\x8d\x13\xf1B\xaf\x97\xed{\xb1\x1cH|\xbfw\xef\x9e\
{sr,\xd8\xee\xc7\x91\xb7\xae\x0b\x05\xf2:\xf0\xf6\
y!\xae8>\xb6L \xce\xf5\xdc\xdc<]U]\
3\xa0JQ\xdcy\xcf/\xee\x05\x9ar\xad\xeb\xf9b\
\xdb=\x19k\x95\x05\x01\xdb\x9f]\x87\xb5m\xf3s\xf3\
\xe0\x18r\xc0+/\xbf\x04\xda\xb4\xd4{\xcb\xade\x83\
\xf8>\xe6\x12\xa8Kb\xd1\x86\x85\xe2.\x13\xc0+D\
\x01x\x82$\xfe\xa7\xcb\xca\xcaF\x92\xe4\xc9O\xb6\xd4\
\xd5G(S\x94\x10#\x8d\x83\xd5e\x11?\xf0\x9a\x9d\
\xe3M9\xb1\x7f\xe5\x84\xf4\xd4T\x80On%\xb5\x1d\
\xf7efe\xf6\x8fO\x8c\xb1}\xf2`>~pN\
;\xb6O\x8f\x0412\x10\xdeC\xe9\xea\x9a\x9a\xc9\xe4\
$\xf9S@\xff+\x9c:\xd9\x0eg;;\xc4\x8b\xf2\
\xd7\xb4}\x1c\xe3\xcc\xe18\xc3\xeb\xff%\xca$\xbf.\
\xb7\x96\xdbI\xfe\x92W\x9a\x80\x84\xf3\xb9\x01\x0c\xe0\xa1\
\xfa\xa38k\xc8I\xec\xbf\xbclD\x96\x94\xf8\xdbg\
\xd5oE(5)\xd0u\xf6\xacxQ\xae\x81\xcc8\
\xa7`u\xc5s_\xdd\x04\x10u\xf8\xd0=\x19\x19f\
\xdb\xf0\xe80\xe7\xbe\xcc\xebb\xf1\x1dn#aP\xeb\
5a\xd6\x91\xb5TS[=.W(\xfe`H7\
E\x92\x8f@\x8b\xbd]\xeb\xc2\xf6\xc9 \xbe\x89%;\
\xcb}\xce\x13\x1f\xfb`CC\xfd\x08\x8e_h\x1fv\
\x09\x17\xb2\x8c\xe7\xeb#\xe1\xfaf\x14\xacg\xc1\xbd\xca\
\x5cL\xed\xe24e\xad\xa8pH\x12\xa5O\xd6\xd7\xb7\
l\xd2iS\xe1\xf0\x81\xfd\xe2\x85\xb9Z{\xfd\xe4$\
3\xbc~\xfe]?\xf8\x0eD\xc7F\xff\x12_\xeb~\
\xd2{A\xb0\xddXe\xa5B\xe9\x9d0u\x9e\xbc\xe7\
 \x7f3\x0a\xb9\xde\xa4\x9e\xbe\xaa\xaar<%E\xf9\
BuCY$\xe9\xbb\xd1\x19\x0c\xb0\xb20/^\x9c\
ud\xfb\xaf\xecx\x09J\xcbK\xdcy\xdf$\xe9S\
\x0d\x0d\x0d\x93\x8b\xc4\xfeY=\x98\x02\xb5\x9bB\x1c\xc9\
a\xf3\x03n\x92b&\xa3L\xe18\x10UTT\x8c\
\xc7DG?oJ\xd3lN\x88\x8bez\xb3\xe6\xa6\
\xe7\xc4\x0bt\x15m\x9f\xc8\x81\x83{\xef\xcb\xce\xb1\x0c\
Nz\xf2z\xc19\xdeiV\x09\xaf\xc0>\xef\xab\xdb\
\xf5\xe3ey\xaf\xb1\xa7\x86\x8d\xd4\xacQ\xd8\xcf\x1f\x95\
H%\xcf\xd4U\xd6E\xc4'\xc6\xc0\xbf}\xfb_\x98\
Z\x222DY_b\xb7\xdb!;'\x0bzz{\
7\xa7\x19\xd2\x9e\xadoh\x98 5\x8f\xa4\x06\x91\x93\
\xffCB\xf5\x1b\x9c\xfaMA<d\xc4\xc1\xfd\xf0\xd7\
y\xe1\xf7\xa0+*\xac3I\xb2\xc4\x97\x1a\xeb\xea\x22\
c\xe3b\xe0\xe5\x1d\xaf\x88\x17\xe4\x03\x8a9\xd3\x04\xb9\
yn\x1c\x95\xbd\xfb\xf6\xdcG\xf6\xfb\xc9\xc9I\xfe\x19\
=\x0al\x22\x0b\xce\x85\xe3\xc1\x86\xf4\xc7\x09\xbe\xb3=\
?v&Y3\x15x\xbf\x97&%>S\x90\xa5\xdf\
D\xfam\xbb{\xbaaeI\xcc\xe7\xacWihl\
\x82\x92\xb2b(*)\x86a\xc7\xd8\xe6Tm\xeaS\
\xb5u\xb5c\xf3\xf3s\xfc\xbd!H\xfdf0>B\
!\xfe\x13\xf6r\xc3q\xe1\xc2\x02\xaa\xa8\xac\x9c\x8c\x8b\
\x8f{\xe1\xd9'\x1e\x898\x1c\x1d\x05\xaf\xee\xfc\x8bx\
Q\xde\xa7\xe4\xe4fCk{\xab\x1b\xeb*\xe6\xc8\x83\
Y\x96\xac\x81\xc9\xa9\xa9\xe05\xb8\x025\x1cH\x90\xa7\
6\x186\xb6{/\x98\x99\x9bu\x95Y\xcb\x87\xe5r\
\xf9sE\x95\xe5\x91\x0a\xa5\x1c$\x928X]\xe7y\
}QH=\xf44\xbc\xb3g7\xd4\xd6\xd518M\
)\x9a\x94'\xea\x8e\xd6\x8e\xccy1\x19\x91\x80\xdd\xa3\
+\xe1\x16GH\x08[\x9148L\xcf\xceRe\xe5\
\xe5\x13\xd8\xff\x7fAi\xd0m\x8e\x8es\x9f\x01\x9f<\
}B\xbc0W \x17\xbbm\xf8\xfe]\x02\x9f\xfb\xf4\
\xa7 &*\xea\x17Y\xd9\x96\xc1q\xb7\x9f\xef\xc5d\
\xa2<=\xa3\xbe\x04\x8c?V\x0f\xd6k\xc6\xbeG \
\xc1\xfeVR\xdbZV^\xe6\x90%'\xfe\x96\xe4\x8e\
\x9e{\xfeyx\xec\xf1\xc77\xc4\x9c\x12<[\xf6 \
}\x03d\x90\xb3\xb2\x05\xfc\x93\x8c\x8d`\xfbd\x10\xfe\
\x85r\xab\x95\xc9\xff)S\x94\x8fTUW\x8d\xce\xcc\
\xcc\xd2\x5c\x0cc\xfe\x1e\x1f\x04{\x10q\xf1GY\x0e\
\xbfo]Q\xa4\xd4\xdb\xe5Z\xc5\xf3\xe9\xb2VT8\
\xa3cc\xfe\x94\x9ei\xd8\xfc\xcc\x93O\x8a\xc6\x1c*\
Ns\x0cp\x86R\xa5\x80\x82\xa2BF\x17\x17\x1f\xf3\
\x8b\xcc\xac\xcc\xbe\xd1\xf11\x17\x0b?\x93\xe2\xf06\xb2\
\x12:\x5cL\x09N\x89'\x9f\xd3\x8a\xe5\xe7\xbbk\xfb\
g\xb0\xddWVX'\xd4\xea\x94\xa7\x0bK\xf27\x99\
2\x18\xec\x0fXZ^\xbc\xb1sb\xc4\xbe\xf1\x98v\
L\xf8\xec~iy\x05\x1cC\xfd0<\xd8\xe7\xb7\xfd\
\x99YXX\x5c\xdc\x10\xb6OFv^.\xb4\x1dg\
\xfc\xc6\x08U\x8a\xea\xf12k\xd9\xb8{\xff\xf7B\x89\
\xad\x09\xb3L\xe88\xd8\xef\xec\xb3\xe2H\x0aQ.\xd2\
\xf3\xb8\xb8H\xfc\xff\x8a\xa9\x84\x84\xb8]\xcd\x0d\x0d\xb7\
\x90\x1a\xcb\xa8\x18\x91+<\x9c\xed\x9f\xee<\x03\x8d\x8d\
n\xfc\xa6\xa8\xc3\x07\xef\xb7X2\x87FFGC\xd5\
b\xb3h[\x91\xbf\xa0/H\xbc\xcf\xc7\xec\xa0\x90\x8b\
\xe1\x84\x98\x9d\x9dE\x95\xd5\x15C\x1a\xb5\xea\xc9\x8b\xe7\
/nJ\xd5j Y\x91t\xc3\xcf\xed\xb1\xe6FX\
\xf0\x9c\x81\x93\x91\x9b\x9b\x03\xb1\xb1Q\xf0\xdak\x7f\xf6\
\xfd\xcf\x0b/\xfe\x11\xeey\xe0\x1eF\xdfc\xeb\x81\xa6\
c\x8d0??w\xc3\xdb>\x19\x06\xa3\x1eJ\xcbJ\
au\x99\x8eT\xa6(\x1e\xaf\xaa\xae\x1c\x9b\x9eq\x12\
J\x00\x97\x1f\x1b\x1d\xf1cC>u\x01\xfb\xb1\x10q\
\x00\xab\x1eda\x81\xae\xaa\xaa\x98JL\x94\xfe!Q\
!\x8d\x8c\x89\x8d\x06\xad.M4\xf6\x10\xb6_\x5cR\
\xc4\xac\xc1XI\xcc\x7f\xe7\xe4Z\x06&''\x02\xea\
\xf0<\xbb9\xc5\xab\xb7\xf4zj\xdeX\x00\xb10\xee\
(\x14P\xeb\xe5s\xdb\x5c\xa4\x7f\xad\xb2\xaarH\xa7\
\xd7\xfe\x86|\x9e\xbc\x1c\x0bd[\xb2n\xe89%\xdc\
\xc0\xd4\xaa\xcb\x93+\x89\x82g\xfe\xf0dDfF\xc6\
'\xf3\xf2r\x7f\x9e\x94$}Y\x9a\x98\xf0\x17\xec\xdf\
\xecM\x90&\xbc\x1b\x9f\x10\xf7\x92\xd1d\xfcv\xaaN\
\xb3\xe5\xdd\xbd{\x98\xfb\x03\xd6m\x8c\xf8\x7f~\x16.\
^\xbc\x04\xf9\x05y^\x5c\x87G\xf1\xfe?233\
\xcd\xee\xfb\xe5\xf42\xf3\x89\xd1hv\xee\x18\xd1\xc1x\
\x13\xf8\xfc\xe5hqa\x11\xe1\xb8\xc3\x19\x1b\x1f\xf7<\
\xf9,\xeaT\x0d\xa4jSE\x83\xe7\xd9\xfe\xf0\x88\x83\
`\xd6\xc2\x8e\xd7w\x80D\x12\xff_\x96\x1cK\x1f\xa9\
\x9d\xe7\xf3\xd2\x22V\xdd\x05\x0a\xac\xbfd\x17sq8\
]\xf9\xf9>\xcfs\xa9i\xbc\x06jjjz\xd3\x0d\
\x86\x87\xcetvm\xca\xc80\x81)]\x07+!\xb8\
\xf7n\x04\xf1\x9e\x89~\xfb\xbb\xff\x0erE\xd2\x97\xd2\
\xcd\xc6\xddee\xa5\xcd\xe7\xce\x9d\x1d\xef\xeb\xef\xa3\x06\
\x86\x06\xd0\xe0\xe0 \xb2\xf5\xf7\xd3\x9d]\x9dTuM\
\xf5`n^\xaeE\x93\xaa\xbe\xd7l4}X\xa9\x90\
\xc3\x0b\x8f=\x0b2\xa9\xf4\x86\xb7}2\xa6g\xa7#\
H\x1f\x12\x99\x97\x04I\xc2\xaf\xf1\x5c\xd8Im.\xed\
\xdbLP\x10\xccBZ '\x88\x04\xfa~\x10\x9b\xcb\
\xdcW\x1f2;7G\x95\x94\x95\x8eI\xa4\x92'\x07\
\x06\xfb\x22\xb2s\xb2arb\x5c4z\x96<\xf7\xd4\
\x13\x90\x9c$\x03\x8dF\xf3%\x83A\xd7n\x1f\x1a\xa2\
\xd9x\x13\xbc\xfe\x1a\xeeA\x1e\xa2Yx2~\x07\x8e\
G\xca\xe0\xef\xdf\xf5pa\x8e\x8d\x8d\xd1\xd6\x8a\xf2~\
\xec\x17>\xf0\xf6K\xaf\x02)\xd8\xc3k\xe2\x86\x9f\xcb\
f\xec\xb3wuv0\xeb\x5c&\x93\xde\x95\x93m9\
\xdd\xdd\xddM-/-\xd3\x84\xef\x0e\xb9\xf1-\xbc\x83\
\xc1\xce&\xfc \x04\xa7\xb2\xb9\xa5y\xd6h4h\x15\
\xf2\xe4/\x1a\x8c\x06\xd0\x1b\xf4P\x11\x82\x83\xecF\xb0\
}\xe7\xa4\xbbgib|\x9c\xe9s&\x22\x95\xc6?\
X\x5c\x5c\xe8`\xf0]\x90/^\x14\xca\xfd\xd1\xdc\xda\
P^\xbf\x0f\xab|\xc4\xb3\xf6(\xd6>\x85\xe3Ij\
\xd59\xed\xa4rrs\x06T))w\xfd\xe1\xd9\xe7\
\xc4\x9aP\x9e\xa4\x1btPZXp\x8bR%\x8f;\
}\xa6\x83\xa2\xbdg\xf0(\x90w\x9eS\xb4\x83X\xb1\
\xbe/\xb7\x87h6\xd7\xac\xf7\xc6\xe0\xc6\x9fr\xaf\xfb\
\xb1\xd1Q\xba\xa8\xb0\xa0'-M\xfb\x10\xb9\x16\x7f~\
}'sM\x16\x96\x97n\xf8\xb9\xac\xad\xa9\x02\xbc\xec\
6\xa7\xa5\xa5>\x5c^^\xd6Cz\xcf\xdc_\xdd}\
\x16\xe5\xe5\x02\xa5\xfd\x9c\xa0\x94\x07K\x9b\xe1 \xe9\xee\
\xe9\xa6\xcc\x19\xa6\x1a\xb5F\xfde\xd2\xa7r\xa3\xafU\
\x82-\xe0\x1d\x8eQ\x07TV\x963\xf9?\xec_>\
XV^6\x88}?\x0f3\x98\x0b\x85\xe2\x07\xf6\xd7\
\xf4\xfa\xfdPV\xcb\x0f\xf2%\x9c\xfc\xb7\x0f\xdf}v\
pp\x80\xd6\xa5\xa5Uf\x9b3>\x93\x9be\x81\xf7\
\xde\x13k\xff\xbd\x22\x97\xcb@\xa9L\xfebaa~\
\xdf\xfc\xfc<\xc5\x0a\xec\x05\xea0X~<bCi\
sx\x9f8u~\xe4q\x97\x9bdoe|r\x82\
*++\xeb\xca0\x1b\xff\x8b\xe1\x85(-\x81\xfd\x07\
\x0f\xc0\xe2\x06\xa8\xd3%8\xb8\xda4\x0d\xc1\xd3\xf8~\
Iiq?\xc1\x19\xf1\x1f\x83\x04\xa6\xb2\x11\x87\xb3\x0b\
yY\x88\xd0\xe5\xee\xcb\xc8\x92m\xc9-**\xbc\x83\
\xe0T\x8d\x8c\x8en\x08\xdb'C\x9d\xa2\x80\xf6\xf66\
\xe6\x9e\x96\xa8\x90\xdd\x8f\xaf\xbfmbb\x1c{D\xab\
.\xe4\xcd\xff!Z\x00\xba\xdd\xcfb\x8e\xbcS\xe5'\
<\xe5\xe4\x09\x11\xcd\xed\xff#\xf7\x95\x86\x86\xfa\xc5$\
\x99\xe4\x87\xa4\xf7{t\xd4.\x1a=\x96q\xec\x8be\
e[\xc0\x90nx\xba\xfdD\xfb\x02\xcd\xf8J\x5c~\
Z\x16\xc4\xae@m\x06\xe2\xe0\xe7\xf3\xea0\x11\x0b\xa4\
\x0ba\xbbG\xd6\xca\x8a\xce,K\xd6]\xbf\xfd\xfd\xe3\
\xd0\xda\xd6\xb2a8\xd8\x87\x87\x1dP^Q\x06\x05E\
\xf9\x1f5\x19\xd3\xb3\x87\xecC\xb4\xc7\x7f\xa2PPN\
O\xc4\xc3\xf7v\x9f\xa1\x92\xd8\x00\xfb\xff\x8bi\xfa\xd4\
\xa74\xa9j\xf8\xfdo\x1f\xd9Pkn\xa0\xbf\x1fr\
\x0br!:\xf6\x10$$\xc4\xfd\xac\xb8\xb8\xe8\xd2\xe4\
\xc4D\x10>a\xce\x8d\x12\xb1\xda\xc1\xf9u\xa4B\xfd\
c^\xec\x0f\xca\xd6\xd7\xeb\xc2{\xdb\xceo}\xe3s\
\x80\xfd1\xd1\xf0\xb1\xe0\x98\x0btz\x1dhR5\xd2\
\x81\x81\x01/>$\xc5\x99[\xc4\xc7\xcebs\xbd\xb3\
n\xbf\x019\x1b\xdf\x9e\x87\xc6'&\xe8rk\xf9\xb9\
\xdc\xdc\xdc\x1f\xff\xc3\xe7\xff\x11l\xbd=p\xec\xd8\xc6\
\xe1]\xc0FN\xfa\x1d@\x22\x89\xdd\xde\xd8X?\x8e\
\xfd\xf7`|\x15\x82=\x8d\x88\xf6\xb3\x10\x13?u|\
b\x9c\xc6q\xaa\xb5\xaa\xaa\xf2\xe3\x04\xf7|lxt\
C\xad\xbb\xb1\x89\x09\xc8\xcb\xcb\x86\xbb~\xf23\xc2\x8f\
\xfe\xe3\xa2\xa2\xa2Kx\x1f\xa2\x859\x8fxu?\x88\
\xc3A\x22Xk\xca\xaf)\x9d\xc4\xf3Y\x5cT\x98\xf7\
\xfc\x0b/\xdc\xa2\x13\xcf\xfb\x18\xe9\xe9\xee\x86\x99\xe9\x99\
[\xf4z\x9d\x81\xf0R3-\x92\xfeu\xc8\xca\xd3\x07\
ri ~\xa9\x15\x0a\xa8\xd7d|\x87\x91\xe1a\xba\
\xb8\xa4\xe8\x929\xc3\xfcS\xf2\x9e\xdb\x7f\xfc]\x18\x1c\
\x18\x80\xd9\xe9\x8d\xd1\x93Cp\xc3\xac%n\xdeA\xb3\
\xc9\xf8\x97K\x97.\xba\xfc\xfc\xde\x88\x9d(\x0d\xd8\xe7\
\x03\x9cZ\xf7>\xb5\xeaZ]u\x1dkn\x9eJQ\
+\xbfG\xf6\xfe\x8d\x98\xa3J\x92%\x80\xc5\x92\x01\xb1\
1Q\xa0P(~\x9a\x97\x97k#\xdc|\xac\xf5D\
\x09\xe7\x008\xdc\xc2\xfc| B4\xbf\x16\x1015\
\xa3\xc5E\x05\x95\x8f<\xfc\xd0\xad*\xa5\x5c4|,\
g:N\xc3\xf9\xf3g?\x9cnL\xb7LNy\xf2\
R\x1c_\x8a\x1f\xd8\xfb\x93\xb2\x9c\xe3WN\xe1\x15\x13\
\xdf\xbb\xb0\xf3\xe0\xb2;\x1c(/7\x87\xf0\xac\xde\xfb\
\xd4\xef\x1e\x86\x0e\xfc~\x03}}\x8c\xddo$\xdbW\
*\x92 .\xf6\xc8m\xe9\x86\xb4\xe2\xa1\xa1\xc1\x80\xb5\
\x17\xb0\xef#!\xccz\xdf\xf1\x08\xe3/\x9c=w\x96\
\xd2\xa6\xa5>\xf6\xfb\xdf?\x06\xa7\xcflL\xac\x92\x89\
\xe9i()-\x85/\xfc\xd3\x17@\xa9T\xdc\x9di\
\xc9\xea!g\x1ed\x0e(\x1f'*\x87\xab\x95\x16\x86\
\xff\xe1\x83\x7f o\xbc\xc5\xdc\x7f\xc9\xbeV\x90\x9f[\
\xf6\xd4\xef\x1e\xbdE-\xda>#\xe7/\x9c\x87ej\
\x99\xf0ck\x1d\x0e\x12\xa3R\x94\xb7LR0\xcf\xc7\
;\xbaC\xdc|\x00\xf3\x90\x8br\x11\xdb_\x1d\xb2\xdb\
QaQ\xd1)S\x86\xf9N\xf2^\x95U\x95`\xb5\
Z}v\xbf\x91l\x9fHll\xd4\x875je\x93\
\xc3\x1d\xeb\xf3\xf2U\xc1\xb8\xbb\x91 7\x05\xf9\xbd\xb7\
\xb7\x87\xca\xcd\xcdy\x83\xe4\xc5\xeb\xeaj6\xec\x1a\xb4\
\xf5\xda\xa0\xb5\xfd8\xfc\xe67\x0f\x83$)\xf1'\xf8\
;w\x8f\x8e\x8e\x92\x0c\xb1\xcb\xefWR\xc8_V.\
\x00\xeb\xc7\xe5sF\xbe\x9a2\x0f\x1e\xfc\xc0\xe0\x00J\
O\xd7g\xeex\xe9\xf9\xcd\xca\x0dP3z5dd\
l\x0c\xb0\xddC\x9a.\xed\xcd3g:V\xdc\xe6L\
y\x8eJ\x05\xfa\xa9\x10\x0a\xd6\xbb\xef;[q\xd1\x94\
k\xd0>Hx\x95NfY\xb2\xbew\xe7\xdd?a\
8\xa1H\xdd\xe0F\x14\xc2\xe5\xb1\xf3\xad\x1d\xa0R+\
\xb7b\x7f\xb2\xdd\xe1\xb0\xd3\x02\xbe\xbd\x00\xaffP\xee\
:\xc6\xd7\xed\xeb\xb3Qy\xf9y\x07\x8fwtl*\
\xd9\x00\xb5\x0f\xa1Dg4@nA\x1e\xc4J\xe2!\
A\x12\xff_\x05\x85\x05\x17\xc6\xc7\xc7(nk8\xcd\
v\xedi$\xd0\xf3\x878\xe7(>\xec \xaa\xebl\
\xd7\xaa&5\xe5M\x12;ef\x99E\xc3'\xf9\xe9\
\xf1Q\x06k=)Y\xf6\xb5\xc2\x82\xfc\xa1\xa5\xa5E\
\x8f\xddS\xac#\x13^\xef\x15\xcd\xe7\xcc\xe3\xd6\xf6\x11\
\xee\xd7\xec\xdc\xec\xd3&\xb3\xf1\xbb\xbf\x7f\xfc\x09\x18q\
\xd8\xe1xk\xdb\x86\x9dCb\xfb\xb5G\xeb E\xa3\
\xbe=%Eurx\xd8\xe1\xc1\x96\xa7\x83a\x18\x04\
\xf6\xac\xa0\xc0{\x01\xb1}\xbc\x07FUW\xd7l\xc2\
\xf7\xd1\x0d\xbf\x16\x09F\xa9*E\x011G\xa2A\x22\
\x95\xfc\xa8\xac\xbc\xec\xc2\xe4\xe4$\x8b\xc8\x08\xf9O\xf9\
C\xf5\xfdz\x16\xa6\xa7\x9e\x02-//S\xe5\xe5e\
\xa3QG\x0e}g\xcf\xee\xb7\xe0L\xe7\x19\xd1\xf0\xb1\
tww\xe385\x1a\xd2\xf5\xba\xdb\xd4)J\xf5\xa5\
K\x17i\xef\xb4\x05\xda\xb8@\x0d/\x17_\x0d\x11>\
H|_\xbd\x90\xaa\xd3\xdeE^\xbf\xf3\xdc\x19h=\
\xde\xb2\xa1\xe7\x90\xd8~s\xf31\xd0\xe9\xb4w\xe09\
\xf4\xd8>\xa2B\xf3\xd0\x0a\xe0\xd9\x22n\x9fJ_\xbf\
\x0d\xe5\xe6ZbK\x0aK#\xf3o\x12.J}\xba\
\x0e*\x08\xfe\xf7\xe1\xfd \x93\xcb\xfe\x7f^A\x9em\
|l\x8cf\xa7\x9f\xfd=\xe0\xfe\xbc\x1e\x8b\x8f\x9c\xb5\
n\xdd\xa5\xa6\xfdxM\xca\x15r\xbd%\xcb|[n\
\x8e\x05ZZ\x9aE\xc3\xf7\xd8\xfe+\xaf\xfc\x09b\xe3\
\xa2 A\x1a\xf7\x15\xbc_\xe3\xb5;L\x91<\x1d\xfb\
\x5c\x1fq\xe7\x97\x93Oq\xb9\xd9\x22\xa9\x91\xd1Q*\
33\xe3\xbdD\xa9\xe4\x9e\x9d\xaf\xfe\x11\x8e6\xd4A\
cs\xc3M1\x8f\xc7\xdb\xda\xc0d2}\x5c\xa3N\
9Ar\xd5(\x0c\x17%\xafnM0\xde\xef\x1f\xe8\
C\x96\x9cL\x996U\x13y3\xf9\xa9Fc:\x94\
\x94\x16\xc3c\x8f\xfc\x16\xa2\xe3\xa2\x7f\x80\xfd\xffcv\
\xfb\x10\xc5\xe4\x8f\x05\xceN\xf9\x98\x11\xee=\x9fZ\xa5\
\x90ky\xca9\xb5ZPTp&&.\xfa?$\
\xd2x\xd8\xbfo\xb7h\xf4<\xf9\xfa\xbf|\x1e\x1e}\
\xf4!P\xa6(\xee!\x5c\x1b\xa3c\xa3\x9c\xde=\xe4\
\xe7\x93\xf5\xe1\xef\xb0\x09$\x1d#\xc3tNnv\xa7\
F\xab\xb9\xf3C\xb7\x00\xe4\xe6\xe5\x13\x9e\xd6\x9bf\xfe\
\x9a[ZH\xfd\xfd\x1d8\xa6l\x1f\x1e\x19\xa6\xb9\xfd\
\xca4\x8fN;\x14\x1f\x9d\x7f\xff\x1a\x18\xe8\xa7,\x96\
\x0c\x85B!\xdbl6\xa7\xdfT\xeb\xd1E\xad@S\
\xeb1\x88\x89\x89\x02\xb9B\xf1\xcd\x9c\x1cK}oo\
7\xa9{Z\xe5\xd4\x9d\xb1z\x81\xbd\xc1\x01\xd9\x89\xf0\
}be|b|\xb9\xa4\xa4\xa8\xefH\xd4\xa1\xbb\x1f\
x\xf0>\xe6u/^\xbc(\x1a;OZ\xdbZ!\
=\xd3\x08\xa6\xdc\xccH\x852\xe9\x01\x9dA\xd7\xd1\xd9\
\xd9I\xe3X\xc9\xe3n\x91\xfb-\xe5\xafEw\x97\xa0\
Q\xcb+\xcb\xd4\xd9s\xe7PVV\xc6Q\x83\xd1\xf0\
\x1d\xf2Z\xd6\x0a+dee\xddT\xf3w\xfcx\x1b\
\x98\xcd\xa6O\xa8\xd5\xaa\x13##\xbe}\x9f\xe2\xe5\xf9\
P`S\xba0\x1e\x82\xcf\xf6\xb3\xb3\x92e\xc9\xc9\x9b\
Mf\xd3M\xb7&5\xba4\xd0\xe7fBbR\x22\
\xe8\xf4\xda/\xeb\xf5\xba\xac\xd6\xd6\x96e\xa7s\x92\xf6\
\xf6\x84\xd1\xb4\x0fC\xcak\xf6\x84\xb8\x98\x1a\x1c\x18X\
\xcd\xc9\xcd\xb9$\x91\xc4?@\xceIj\x1bj\x99\x1a\
\x09\xd1\xf6\x85Ek\xd0\x82\x01\xef/\x0f>\xf4\x0b\xd8\
\x7f\xe8\xe0\x97dI2I^^\xde\xc8\x993gh\
\xc2!K0Q\x17\x17\x17\xd1\xc2\xfc\x1c=\x8e\xff>\
w\xfe\xdcjIi\xd1\x80V\xab\x91\xa8T\xf2m[\
?\xfd)f~\xbb\xba\xce\xc0\xe0`\xff\xcde\xfb\xed\
\xc7\xc1\x9c\x99\x81m\xdf\xe3\xf3{\x12\xa6(X]\x1a\
7\xcf\x17\xe0\xf43>\x7f?\xd9\xf73\xa5\xc9\x0aU\
\xa4\xd9|s\xe6\xa6\xb3\xb3-\xd0\xd1\xd1\x05\x87\x0e\xed\
\x83\xc4\xc4\xc4O\xc6'\xc4\xfd!#\xd3\xdc\xde\xda\xda\
\xba\x84}Szii\x91&}\x90\xcb\xcbK\xd4\xcc\
\xcc4\xdd\xdf\xd7G\xd7\xd5\xd4\xcc\x18t\xba\xc2\xd8\xd8\
\x98o\x91\xd7\xc8\xca\xce\x80f\xecC\xf4\xf6t\x8bF\
\x1eBN\x9c:\xc5\xfc|\xfa\xd9g\xa0\xaa\xbar\x8b\
B.\xff.\xf6\xbb$\xc9rY\x9d\xc9\x94n\xcf\xc9\
\xc9\x1e/(\xc8?+W$[\x8eD\x1d\xdc\x95\x98\
$\xf9\x86\xb5\xac|\xcbk\x7fy\x05z{/G8\
\xec\x83\x11\xc4\xeeo&\xdb\x9fr:\xe1\xd4\xa9\x93\x80\
\xfd\xd2O\xa6\xa8\x94'\x1c\x0e_\xae\x8f\xe6\xf75 \
N~\x14\x09qR\xfa\xce\xf8\x88\xedgeeJ\x94\
\xc9\xcaH\xb3\xc9t\xd3\xaeI\xd2\xcb\x94\x95\x99\x09*\
\x95\x8a\xf9;!Q\xf2YI\xa2\xf4\x8f8\xbe\xcc-\
))\xee&x\xa0\x15\xd6\xf2>\x8b%\xab*)9\
Q\x91$\x93\xfe:1Qr\xc7\x1b\x7fq\xf7\x87\xd6\
T\xd5\x88\x86\xbdF\xe9\xe9\xed\x81\x8b\x97.\xc2\xf2\xd2\
B\xc4\xe1C\x07\xdd\xf3W[\xf3\xe9\x84\xf8\x98\x7f=\
xp\xef\xbf\xcbd\x92/\xb66\x1f\xfb\x9b\xa8\x98#\
 K\x96\xc2\x8b\xcf\xbb\xfb\xa2\x1d\x8e!\xc0\xb6\x0f\x83\
\x037\x9f\xed\x17\x16\xe7\x03\xde\x8f>\xa1R)\x8f;\
\x1cv\xc4\xdb\xdcQ8\xdc3V\xa9\x9f/\xa7j\xb3\
\xf5Q\x19\x19f\x99*U\x19i4\x1boj\xdb\x1f\
r\xd8\xa1\xa7\xaf\x17ffg#n\xfd\xd0\xad\xb0\xff\
\xe0~\xa8\xa8\xb0~\xe4\xc0\xa1\x03_\xdd\xbd\xfb\xedo\
\xe2\xfd\xe9\xeb\xe6\x0c\x13\xe1)\x8f\x88\x89>\x02\x8f\xff\
\xfew\x0c\xcf\xe9\xc5K\x17\xe0r\xcfe\xd1\xa8\xaf\xc0\
\xf6{z\xbb\xe1\xf2\xe5\x8b0h\x1f\x82\xa1\xc1\x01\xa8\
\xac\xac\xc0>W\x02DG\x1f\x22\xfd\xbePW[\xc3\
\xd8\xfb\x00\x19\x03\x83\xcc\xb8Y\x85\xd8>\x11\xb9<y\
+\x8e}\xda\x86\x87\xed\xbeB\xb4 \xb5\x91\x02\xf5Q\
^\xeb\xa7|\xf8U6\x9b\xcd\x95a6%\xa9\xd4\x9a\
\xcdF\xa3\xf1\xa6^\x93\xcc:\xc4{\xcb\xc0\xe0\x10\xd8\
\x1dn\xfew\xd2\x8fG\xb0\xf8\x0e\x1e<@\xfa\x81\x00\
\xc7G\xd0\xdd}\x09\xc6F\x1dx=\xda\xe0\x22\xfe\x9d\
\xd8\xbdh\xfb\xa2\x5cK\xdbojn\x04uj\xca\xed\
*\xa5\xfc\xf8\xb0\xc3\xc1iz\x0e\xd1\xbb\xcb\xcf\xf1{\
\x95\xcc\x19V_\x9fm\x15\xefe2\x85*us\xfa\
Mn\xfb\xa2\x88\xb2^\xa5\xa1\xa9\x01p\xfcy\x87J\
\xa5h\xf7\xf8\xfc\x94\xb7)\x82\xe7\xf7S(\xb0\x9f\x87\
\x8fu\xc8\xc4\xfb\xb6>\x9b\xcbl6\xc9T*q\xdf\
\x17E\x94\xf5\xb9\xefOAkk\x0b\xa4\xa7\x1b>\x8e\
m\x9f\xe4\xfa(\x8f\xed\x0b\xd5\xf1\x06\xc15\xe55G\
\xb8kz\x91\xd9lLR\xc8\x15\x9b\xf1k\x8b\x13-\
\x8a(\xeb\xd0\xf6I\x8f\xa2\xc9l\xfc\x04c\xfb\xc3\x0e\
\x14\xa4\xae\x8f\xc7M\xc4\xef\x87\xf6\x97\xaez\xf6}\x84\
_S\x96$M\x8a4\x18\xf4\xe2D\x8b\x22\xca:\xb4\
\xfd\xb2\xf220\xe8u\x1fW*\x93I=\xbf\xb7\xe6\
$\xa0f\xcf\x93\xc4\x17\xca\x03\xfaP'\xbd\xfd\xfb}\
}\xbd.\x939=Q*\x91E\xea\xf5:q\xa2E\
\x11e=\xfa\xfcm\xd8\xe77\x1a>\xa1T\xca\xf9\xbd\
<\xbcFs\xc4\xc3/G,\xc0IN\xd9\x9f\xc7\xf6\
\x8dRi\xa2L\xdc\xf7E\x11e\x9dJ\xd3\xb1&H\
\xd3iI\xbc\x7f\x12\xfb\xfc\xa4\xd9\x81\x0a<\xc3\xe3\x80\
\xcf\xb0C|\x8a\xa6y\xf7\x03\xc6\xe7\xefs\x993L\
\x92DYr\xa4A\x8c\xf7E\x11e\xdd\xc9\xe4\xc4\x14\
477C\x9a^w\x87\xd2\x8d\xdd\x81\xb8y>\x14\
\x80\xc9\x8b\x029\xe5h~?O_\x9f\xcde4\x19\
\xa4Q1q\x91\xf8\xbe\x22N\xb4(\xa2\xacC\xdb\xcf\
\xc9\xcd\x01\x9d^\x7f\x87B\x91|\xdcn\x1fd\x93\x94\
\xb0q\x8d\xd9\xad\xbc\x5c\xee2V\xd0\xef\xc5\xf7\xeb\xef\
\xb7Q8\xde\x8f\xdf}\xe8pd\xaah\xfb\xa2\x88\xb2\
.m\xbf\xbc\xc2\x0a\xda4\xed\xedJer\x9b\xc3>\
\xe4\xe1(Ct\xf0\x1e].\xbe\xa9\x9f\x91\x82\x95\xeb\
\xeb\xb7\xb9\xd2M\xe9\xf1\xef\x1e\xc0\xb6\x9f&\xf2H\x8a\
\x22\xca\xba\xf4\xf9[[@g\xd0\xdd\xaeR*\xda\xec\
\xd8\xf6\xbd\xf8\xb0l\xf2\xd8\xc0\x9es!4\x0f\x7f=\
\xbf\xd7\xf6\xf7\xed;\x14)r\xc8\x8a\x22\xca\xfa\x94\xc6\
\xa6&\xd0h\xb5[U*e\xab\x9d\xe0\xf4\xba\xb9\x07\
\x11\x0f_\x8e\xe2\xf0\x19!\x0e/9\xdb\xeb\xf7\xd8~\
\x1fEl\xff\xd0\xbe\xfd\x91Z\xd1\xf6E\x11e]J\
sK3\xb3\xef+U\xf2V7F\xb7\x8f\x8b+\x80\
O\x92\x85\x81\xca\xc69e\xf3Nxpz\xfb\x5c\xe9\
\xc6\xf4\x84#\x07D\xdb\x17E\x94\xf5*\x9e3\xbe;\
\x14\x0a\xd9q\xbbc\x88\xc18\xe2\x92J\x06\xf2\x95\xf1\
\xb8:XtG\x1e|~[/\xa57\xa4\xc9\xe2b\
\xa2#\xb5\xa9jq\x92E\x11e\x1dJCc\x03\xe1\
\xdf\xbdC!\x97\xb5;\xb0\xed#\x1f\xd6\xa9\xd7\xe0\x03\
j\xfc\xb8%\xfc\x88f\xd1\x95\xd3\x9e\x1e\xde^\xca\x90\
\xae\x93EG\x1d\x89L\x15m_\x14Q\xd6g\xbc\x7f\
\xac\x01R\xb5\xea;\xe4r\xd9ql\xfb^\x18\xd3P\
\xbc\x06\x02\xfd\xfc>8t\xe4\xe1\x8e\xc5\xb6\xaf\x97\x1d\
9\x12#\xe6\xfaD\x11e\x9d\xca\xd1\xfa\xa3\xa0R)\
\xeeHNN\xf4\xe0\xf6\xf818X\xe5\xfa,\xaeH\
\x7f>_\xa8\x97\x97\xb1}[\xaf\xcb`\xd0'\xc6\x1c\
\x89\xc2\xfb\xbeF\x9cdQDY\x8f\xfb~S#\xe1\
1\xffxRR\x22S\xd7\xc7\xe7\xd9E\x1c\xde\xd8\x80\
\xf8\x9f\xc7/\xeb\xf1\xf9\xfbz]$\xde'y~\xb5\
:E\x9cdQDY\x87b\xb5\x96C\x5c|\xec\xc7\
\x12e\x92\xb6!R\xdb\x13X\xa7K\xf3\xb98\x11\x07\
\xda\x87\xcb\xcb\xed\xce\xf3\xf7\x22b\xfb\xef\xee\xdf\x1b\x99\
\xa2Q\xc1\xd8\xe8\xb08\xd1\xa2\x88\xb2\xce\xa4\xb4\xac\x14\
\xa2\xa3\xa3\xb0\xed'\x1c\x1f\xb2\x0f\xfa\xebw\x10\xa2\x04\
\xf2||\xceX\x16\x01\x12\xf2\xd4\x05\xb9\xe3}\xbdA\
'\xdd\xbf\xef`dRr\x92h\xfb\xa2\x88\xb2\x0e\xa5\
\xaa\xaa\x92\xe0En\x95\xc9$\xc7}u}\xc8\x07\xce\
\xc1\x86\xe8\xf6\xd5\xeb\x07\xde\x0b\xb8q\x7f/\x8e\xf7\xf5\
\xe9\xfaxi|R$y\x0f\xd1\xf6E\x11e\x1d\xfa\
\xfc\x15VHH\x88\xff\x98,Q\xda644\xe8\xc5\
\xeb\xf3\xb3G\x0b\xf5\xf5q\xce\x01\x02k\xffm\xb6\xde\
UC\xba>&\xe6p<\x8e\xf7\xd5\xa2\xed\x8b\x22\xca\
:\x94\xba\xbaZHN\x96\xdd\x8e\xf7\xfd6\xbb\xbb\xae\
\x8f]\xb4\xc7\xaf\xeb\x09\xc6\xcf\xc9\xba7\xd0\xa8\xa7\xb7\
\xdb\x95\xa6\xd3J\xe5*U\xa46M\xec\xe3\x13E\x94\
\xf5(\x95\x95V\xc2e\xbc\x15\xc7\xfb\xedv\x87\x9d\x05\
\xd1\xe1\xf3\xf1)?\x0e7\xb7\xa6\x8fU\xe8\xcb\xf6\xff\
\xa9\x0b\x17\xdeC\x1aMJrUe\xf5f\x93I\xc4\
\xe9\x15E\x94\xf5(\x05\xf9\xb9\xb0g\xf7\xae\x8f\xc5\xc7\
E\x9f\xf4\xef\xfb\x88\xd5\xca\xc7\xef\xe3c\xf3q\xf0\xf4\
n\xcc\x1f\xea\xfc{\xe7]\x9aT\xcd\xa1\xc5\x95\xe5M\
\xb9y\xb9\xe2$\x8b\x22\xca:\x14\x85\x22\x09\xfe\xf8\x87\
\xa7?\x1c\x1f\x17s|h\xc8g\xfb\xc4\xf2)N\xed\
\x8e\x07\x8b\x13\x09\xf4\xf5#n\xde\x8f:w\xaes5\
U\xab~\x91\xbc~m]\x9d8\xc9\xa2\x88\xb2\x0e%\
::\x0a\x9e{\xee\x99[\xd4)*S\x7f\x7f\x1f\xab\
p\xcf\xdb\x9b\xc3\xcd\xe5\xfb\x1eC4\xaf\xd7\xcf\xfd8\
!\x93n>\xd6\xb8 K\x8c\xbf\xe7\xb5\x1d/\xc1\xa5\
K\x97\xc4I\x16E\x94u(M\xcd\xc7`\xd7\xceW\
A\xabU?|\xb6\xabc\x95\xe1\xdf\xf1\xd4\xf4\xb3q\
<x\xb5=\x1c\x97\xdf\x0b\xf6Cp>ggg\xe8\
\xec\x1c\xcb\x09\xfcz\xdb\xd2\xd3u\xf0\xf4\xd3\xcf\x8b\x93\
,\x8a(\xebP\xdc\x9c\x5cjHV$}!77\
\xbb\xd3\xe9\x9c\x22\x96LL\xd9Esm\x9f\x95\xe4G\
\x1ctn\xd2\xf5\xeb\xc2\xcf!O:\xd5q\x9a\x92+\
\xe5\xfb~r\xf7\xcfabb\x1cp\x1c!N\xb2(\
\xa2\xacC\xe9\x1f\x1c`\xb8a\xb7DF\x80R\xa1|\
\xb1\xa6\xb6vyee\x95\xc4\xf5.\x9a\x87\xd5\x8f<\
\x9c|\xfe2>\x0fD\xbfGF\x86GPj\x9a\xe6\
\x5c\xa2L\xf2\xc5\xa8\xe8C\xd0\xd6\xd6\x22N\xb0(\xa2\
\xacc\x19\x19\x1da~f\x98M\xb7'J%\xe9\xad\
\xad-\xd8\x7fwQLn\x8f\x95\xefge\xffY5\
@\xeex\x7fjj\x8a\xce\xce\xcevDE\x1d\xbe\x9f\
\xbcV\x85\xb5L\x9cXQDY\xe72d\x1f\x82\xee\
\x9enx\xfe\xd9g@!\x93}F&\x93\x9a\x9b\x8e\
5\xa0\xb9\x859\x16\x16\x97\x9b\xab\xcb'\xeex\x80\x22\
-\xbf\xf6!;\xb1\xfb\x01\xa94\xe11\xfc\xbf\x9b\x1c\
\x03\x83\xa0\xd7\x89}\xfb\xa2\x88\xb2\xde\xc5\x81\xf7}\x87\
g\xef\x7f\xf3\x8d\xbf@\x92<\xf1\xd3\xc9\xf2\xc4\xd7s\
\xf3\xb2/\x9d=\xdb\xe5\x9a\x9c\x9c\xa2\x96\x96\x97W]\
.\xd7\x0a\x19\xab\x94\x0b\xc7\x05+\xcb\x13\x93\x13\xae\x13\
\xed\xc7\x97\x0c\x06]\x9dD\x22\xb9\x13\xdb}DNV\
\x16\xd8\xfal`w\xd8\xc5\x89\x15E\x94\x1bD\xc6'\
\xc6`\xe7\x1b;@\x95\xa2`r\x00\xc9\x8a\xa4\xff#\
\x95I\xf7\x19\x8d\xe9\xc7JJK\xc6\xeb\x8e\x1e\x9dm\
im\x99omkqVUW\x0e\xe3\xc7\x8f&\xca\
\x12^\xd3\xeb\xb5\x7f\x97\x9c\x98\x0c\xdd\x97/\xc1\xc5\xce\
\xb3\x8c\xdd\x8b\xb6/\x8a(7\x9e\xa4\xa8\x14`6\x1a\
@\xa7w\xd7\xe2\xab5)\x9f\x8d\x8d\x8b\xf9\x8fdy\
\xd2]\x1aM\xcaO\x92\x92\x13\xbf\x17\x13\x1b\xfd\x7fu\
\xba\xd4\xcf|\xed_\xbf\x0e\xa9\xa9*0\x98\xf4\xa0P\
%\x8b\x93'\x8a(\x1b@\xb0?\x0f\xb7\xe2\x9f\x04w\
k\xef\xbew\xe1\xad\xb7\xdf\x827\xdf|\x03\xf6\xed\xdf\
\x0b\x87\x8f\x1c\x02\xec\xeb\xc3@_\x0f\x9c;\xdb\x05\xbd\
=\xbd\xe2\x84\xdd\x04\xc2\xeb\xe1Z\xda\x16\xd8\xd3\xc5\x96\
=[B\xeb!\x22\xa4~\x09`w\x18\xfd\xf6\x0f\xa2\
w\x02l\x0b\xa5\xaf\x0b\xaf\xdfz-\xf5\xb6k\xfc\xfa\
\x1b\xfd\xf3m\xf4\xf9\xfd\xeb\xe8\x91\xcfjY\xfa%\xc6\
\xd2\x90\xdb\xaa\x04\xf4ua\xf4nK\x0b\xa5\xdf\xe2\xd5\
\xdb|\xb7!a}\x9d\xfbw\xce\xfc\xe2;A\xc4\x07\
\xd1\xdbX\xfa=k\xd6\xdb\x82\xe9#xz\xfc\xf6W\
\xa4\x87p\xfa\xdd!\xf4\xf8S{>\xa0\xcd{\x7f\x0b\
\xa2wz\xef\x9f\xe1\xf4\xf8\x85 \x92u}B\xea\x9d\
\xe0\xfd\x82>\xbd\xf7%}z\xf7\xe3>=\xbc?\xbd\
\xcb\xf3\x93\xbc\xbd\x7f}!\xef_\xecu\x0e\xfe\xf5\xc9\
\xe8\xb7\x06\xe8\xfd\xf6\xb1'\x8c\xbe\xce\xf3m\xd9v\xee\
\xfe\xc6\xc8\xf7\xef\x9c\x8d\xcf\xfb\xf1\xaf@\xcf\xde\x89\xfd\
\x1f\xd8\xadw\xf9\xf4}~\xfdv\xbf\x9e\xf9\x9b\xac\x90\
\xba\x08A=\xed\xd3{\x1e\xe5\xeb\xbd+\xcc;\xeb\xbe\
\xcf\xcb\xd2o\xa7\x97^\x07\xf7\x13\x83\xe8\xeb \x98\xbe\
\x8e\xad\xdf\x16L\xbf'\xa8~\x89\xad\xdf\xc2\xe8\xb7\x07\
\xd5G0\xfa\xdd\x9c\xfb\x1f\xd1;\xbd>\xcfv\xe4\x9b\
n\xaf\x1e?u7G\x1f\xc1\xd5\xe3\x0f\xe8\xfd\xf8\xf8\
\xca \xdfr`=\xdf\xaf\x8fD\xbe\x1b\x06K\xef\xf2\
\xf9\x5c\x91\x1f\x13\xd2\xd7\xf9\x9d\xb2\x8f\xf9\x96\xe3Z\xf5\
\xb4\x93f\xe9\xb7\xd2[\x03\xef\xff\x1c\xbd\xc0\xfe`\xf3\
\xeb\xb7\x08\xe9YNc\xa4\x80~I\xd0\xab\xbcF\xfa\
\xdd\x81z\x17[\xbf=\xcc\xf3\xb7\x05\xeamW\xa2\xdf\
\x1a\xa8\xdf\xc3\xd6o\x09\xd4s\xbc\xee\xc8\x0f\xa8\x8f\xf8\
\x80z\xdf\x17D\x82\xd3\x17^\xbf\xf5j\xeb\x9dW\xa6\
\x0f\xf8|\xb60\xcf\xbf\xd6z\xde\xe7\xdb\x12F\x1f\x19\
\xe6\xf5\xafX\xbf\xe7\xea\xea#>\xa0\xdec\xc1N\xb4\
\xe4\x99\xae\x00\xbd[\xf1\xfd\xba`z\xf7\x03\xffP\xe7\
\xf9\xb8\xfc\xb8\xf5\x1d\xf7\x8f[\xf7x>N\x10\xfd&\
\x08\xad\xf7\xbd]\x18\xfdn\xbe\xfe\xf50\xfa\xa5\xeb\xac\
\xdf\xf3\xc1\xf4\xdb\xe1*\xeb]W\xa6\x0f\xb8\xfe\xef\x5c\
'\xbd\xcd\xb3>\xf8\xeb\x1byvZ\xa7\xf0\xfa\x8c\xf0\
\x18\xe4?\x10=\xf1\xbal|\xbds\xf3\xe7~\x80\xdf\
\x86\xb6E\xd2h\x9b\x90~\xffvg\xdd\xf6`\xf6\x8d\
\xf5!\xed?\x22\xcc\xfd\xe1\x8a\xf5\xce\xeb\xab\xdf\xf2\x01\
\xef\xff[\xaf\xf1\xfe\xf4A\xf7\xc7\xed|=\xe2\xd9\xe3\
\x95\xea\xe9k\xad\xb7\x85\xf1\x1fla\xfc\x13g\x18\xfd\
R\x18\xff\xc8\x15\xc6\xbf\x0a\xe7\xbf]\x91~\xf7\x07\xf4\
/\xe9+\xd7\xb3\xfdo\x01\xff\xb9\x81\xad\x0f\xf4\xbf\x97\
`+[\xef\xfb\x84\xc8wu\xb6\xd88\xfam\xfc\xf8\
%\xd2\xc9\xd1o\xe5\xeb#\x10\xe7\xe6\xb8% \xfea\
\xe9\x03\xe2\x1f\xa2C\xb7\xb3\xf5\x81\xf1\xd9;\x7f\xcb\xb9\
\xb9\x06\xe8w\xfb\xde`[\x18\xfd\xf6\xd0\xf1\x9f[\xbf\
-h|\x19\xc9|\xdc\xadA\xf5[\x19\xfd\x16\x81\xf8\
\x97\x1d\xdfF\x06\xea\xdd\x97020~\xf6\xa6#\xea\
<k\x9b\x1f\x7f{\xf5\x0d\xa1\xf4\x1e#\x8b\xa4C\xe8\
\xd16&\x81\xcf\xcf\x1f\x84\xcb/\xd4\xf1\xf2\x13\x88\x97\
\x9f\x00!}Dp\xbd?\xe1\x81\xb8\xe9\x0e\xe1\xfcJ\
`~\xc6\xc9\xc9\xdf\xb8\xfcwT\xdbV\x01\xfd\x1e\xbf\
~\xcf\x16\xbf~\x1bG\xcf9\x9fpz\xdf\xd1\xa7\x8f\
\xf0\x18q\x04\x1d\x98\x7fb\xeb=\x86\x07\xec\xfc\x97?\
\x7f\xb6\xc4\xce_\x85\xd2\xef\xe1\xe7\xdf\xb6r\xcf/\xf6\
\xf0\xf3\x7f\xdb\xb9\xf9=W\x98\xfc \x12\xd6\xfb\xf3\x9b\
\xe1\xf4{\xc2\xe8\xeb\xae,\x7f\xba\x95\xafwr\xf5\xdb\
B\xe5o\xf7\xf8\xf6S\x7f\xfe\xd5\xc5\xcdO\xee\xe6\xeb\
\x11W/\x94_f\xe7/\x03\xf5{\xfc\xd7\x7f\xc9\xa7\
\xafc\xe7\xbf\xb7\xb1\xd6g\x18\xfd\xd6@\xbd\xcd\xaf\x17\
\xcf\x8fn\xee\xf3\x97\xab\xaa\xdf\xf2W\xd6o\xf4\xf9\xdd\
\x16\xe6\xfcy\xfb\xb5\xd4\xbb\xc2\xe8\xc3\x9d\xbf\xd3u\x91\
<\xfd\xff\x00Ar\xe1\x9f\
"

qt_resource_name = b"\
\x00\x07\
\x0a\xc1O\x7f\
\x00s\
\x00u\x00n\x00.\x00i\x00c\x00o\
"

qt_resource_struct = b"\
\x00\x00\x00\x00\x00\x02\x00\x00\x00\x01\x00\x00\x00\x01\
\x00\x00\x00\x00\x00\x00\x00\x00\
\x00\x00\x00\x00\x00\x01\x00\x00\x00\x01\x00\x00\x00\x00\
\x00\x00\x01\x98Y1\x86\xed\
"

def qInitResources():
    QtCore.qRegisterResourceData(0x03, qt_resource_struct, qt_resource_name, qt_resource_data)

def qCleanupResources():
    QtCore.qUnregisterResourceData(0x03, qt_resource_struct, qt_resource_name, qt_resource_data)

qInitResources()
