# Resource object code (Python 3)
# Created by: object code
# Created by: The Resource Compiler for Qt version 6.6.3
# WARNING! All changes made in this file will be lost!

from PySide6 import QtCore

qt_resource_data = b"\
\x00\x00~\x8e\
\x00\
\x02\x9b\x92x\xda\xec]\x05@T\xc9\x1b\x1fD\xc4F\
\xa5a\x9b\xb4Q\xec\xc2\xc0\xbe\xff\x89\xddqv\xdey\
\xb6\x9e\x0avw\x17\xa8\xd8\xad\xa7\x9e- %v\x07\
*\x08\x8a \x06v!\xfb\x9f\xdf\xbc}\xb0.,,\
\xb0\x94\xee\xa7\x8f\x9d\xf7\xde\xcc\x17\xbf\x997of\xde\
\xcc7\x84\xe8\x91B\xa4D\x09B\x7f%d`~B\
V\x12B,,\xb8\xf3\xd9\x85\x08I\xa0\xd7$\x12\xee\
|\x07\x8d7\xb38!NN\x8as;B*\x88\x09\
\xa9_\x9f;wlH\xc8mWB\x9a5S\xa4o\
G\xd3\xcf$\xa4W/E\xfc\xe54}(!\x1e\x1e\
\x8a\xf8\x05\xf5H\x85\xe1z\x04\x84\xf3:6\x84t\x18\
\x97\x8f8\xd2s*\x8a^\xe1\xae3\xa2z\xf8\x15\xe7\
\x0ee\xfas\xe8_\xa4_\xdf\x01d\xc5\x8aU$\xe2\
q\x04\x89\x8e\x8e&r\xb9\x9c\xd8\x89\xec\xd8\x810\xae\
\xe1\xdeJ\x1a\x07q\xff\x1c6\x9c\xa5\xed\xd6\xb5\x07\xfb\
E\x9ci\xd3f\x18^\xbbv\xbd\xd2\xad\x9b\xb7*|\
\xfa\xf4)1=\xc2\xb8\x86{\xd3i\x1c\xc4\xe5\xd3\x22\
\xfc\xe5\xcb\x17r\xff~h\xf5\xa7O\x9f\xae\x7f\xf4\xe8\
\xd1\xfa\xa7O\x9ez\xe0\xba\xad\xb5-;\x10\xc65\xc5\
\xbd\xf5w\xef\xde\xad\x0e\x9e\xb8~\xe0\xc0A\xb2e\xcb\
\xd6\xc2o\xde\xbc\xf9\xef\xc3\x87\x0f\x91aaa\x9b\xa3\
\x9eFMQM\x8fk\xb8\x878\x88\x8b4H\xeb\xeb\
\xebK\xce\x9d\xf3\xb7\xa6\xfc\xc2?~\xfc\x18\x96Vz\
\xc4\xa1G8\xd2\xf8\xfa\xfa\x91\x07\xa1\x0f\xc8\x8d\x1b7\
\xabP\x1b\xde\xe0zZ\xe9\xdf\xbf\x7f\x1f\xfe\xe9\xe3\xc7\
77o\xde\xaa\x82\xb4\xcc\xb6\xa7OG\xbc~\xfd\xfa\
RLt\xcc\x01j\xe3&z>5\x99\xfd\xf4\xda\xa3\
Ga\x9bh>\x1cx\xf5\xea\xf5\xa5\xa7O\xa3F\xe0\
:\x9771\xab#\x22\x22F,_\xb6\xa2\xf8\xd5\xab\
\xd7\x5c)o\x97\xaf_\xbf\x12\x1bk\x1bv \x8ck\
\xb8\xb7|\xf9\xca\xe2\x88K\xd3\xac\xe2\xd3\xc7\xc4\xc4\xac\
z\x12\xf9d\x04\xc5\x86\xf0\xd7p\xf0\xe9\x95\xaf!\x0e\
\xe2\x22\x0d\x7f\x0d\xfa?\x7f\xfe\xdc\x13Em\xd2Dw\
be! b\x914\xb1|!\x8ck\xb8\x878\x88\
\x8b4H{\xe7\xce]\x8a\xdf\x8dr/_\xbe:\x7f\
\xf7\xce\xdd\xaa\xcf\xa2\x9e1\x9e\x7f\xf4\xec\x9d\x98\xbe\x17\
\x0d\xe3\x1a\xee!\x0e\xe2R\xcc\xcb!\xed\xd4)\xd3Y\
\x1c\x8a\xc7?/_\xbe<~!\xe4\x82\x94\xe6\x039\
t\xf0_ban\xcd\x0e\x84q-\x84\xdeC\x1c\xca\
\xe7\x1f\xa4A\xdaM\x1b7\x93\xa0\xc0 \xf2\xef\xbf\x87\
\x8bP\xbd\x16\xbdz\xf5\xca\x97\xe6\x93\xdb\x91\xc3G\x8b\
\xf3\xf6!\x8ck\xb8\x878G\x8e\x1c-\x824H\x0b\
\xba}\xfb\x0e\xa1\xd8\x92\xad[\xb7\x17\x8c\x8c\x88\xecC\
\xe3\xf9P9')F\xebp \x8ck\xb8\xb7u\xeb\
\xb6\x82\xd7\xae]cix\x92\x88l\xc8\x85\x0b\x17\xc9\
\xe9\xd3g\x98\xbc\xf3\xe7CL\x1f>|\xd4\x8c\xda4\
\x14\x07\xc2\xb8\x86{\x88\x83\xb8H\xa3J\x1e\xeeS\xd9\
op\xf0yB\xcbRb\x9e!\x8ck\xcaq\x12\xd3\
\xe8\x914I\xcf\x83;\x94\xd3\xe0\x087$\xac\x9e\xa1\
U\x1dqR\xaeg\x0a\xa5\x5c\xcf\xa8\x92\xbdM\x19b\
\xa7t\xe0<#qT\xc9\xadU\x1b\xd2\xbe]G2\
f\xf48\xf2\xf8\xf1c\x86\x01}\xee\x08_\xef(\x93\
\xf2=\xc4E\x1a\xa4\x05\x8f\x94h\xc5\xf2\x95d\xc6\xf4\
\x99,~\xcf\x9e\xbd\x0d\x8f\x1f;!\x0b\x0d\x0d\x9dz\
\xe6\xf4\x19\xb1\xbf\x7f@\xb2\xf8\xb8\x86{\x88\x83\xb8H\
\x83\xb4\xe3\xc6N \xd3\xa7\xcd\xfc!\xaeSEg2\
\xc5c\x1a1)e\x96\xef\xe6\x8d\x9b]P\x17\xf8\xf8\
\xf8\xf6y\xfb\xf6\xed\xfb\x90\x90\x90\xe6\xf7\xef\xddO\xc6\
\x1f\xd7p\x0fq\x10\x17i\xae_\xbf\xd1\x85\xde\xca7\
r\xe4\x18\xc6S\xd9V\x1c\x97/_i\xf5\xe9\xe3'\
\x9a\xe4m8M3\xe8\xdd\xbbwo(\x8f\x16\xb4\x0e\
N\xce\x9f^\xc3=\xc4A\x5c\xa4\xa1\xcf\xd2\xdbK\x97\
.\xb7\xe2\xf9\xf14g\xf6\x5c2b\xc4\xe8B\xb4\xcc\
\x1f\xa5\xd7\xe54\xee\x83\x0c\xf0\x7f\x80\xb4\xe01\x92\xf2\
\x9a3g^b\xdc\xed\xdbw\x90]\xbbv[\xbfy\
\xc3\xc5\xc9\x0c\x7f\xf0\x00/\xf0d\xcf\xa0X\xca\xf8\xef\
\xd8\xb1SL\xdf\x0fa\x99\xe1\x9f\x90\x90 \xa7\xf5y\
\xd8\xce\x9d\xbb\xc4\xe0\x09\xde\xbdz\xf5&\xb4\xee \x17\
/^jE\xdf\x15\x9f3\xcc\x9f\xea\x1d\xff\xed\x9b\xfc\
3\xa5K\x97.\xb5\x02\xcf?z\xf5!\x0d\x1a\xb8\xb2\
\xbc\x88\x88\x88\x5cE\xcbs\x1c\xb5\xe1q\x5c\x5c\x5c\x18\
M3\x98\xa6}\x0b\x1e\xb4\x0c&\xe3\x8fk\x0a\xfeo\
\x11\x17i\xe8\xf1\x18<\xc0\x0b<\x1bR\xde3f\xcc\
B}Y\xf4\xc5\x8b\x97A4o\x0e\x1f?~\xc2\x99\
\xd6y\xc3h}\xd4\x91\xd6m\xb1AA\xc1\xae\xb7n\
\xddN\xc6\x1f\xd7p\x0fq\x10\x17i\x90\x16<^R\
^S\xa7N/:s\xc6l\xb2z\xd5\x1a\xb2a\xbd\
\xa7\x19\xc5\xed~xx\xf8j\xbel\xd1<*q\xce\
\xcf\xbf\xf9\xde\xbd\xfbJ\x1c<x(\x19\x7f\x5c\xc3=\
\xc4A\x5c>\x1dx\x80\x17x\xae^\xbd\x86\xacY\xbd\
\x96xn\xe0\xf9?N\xe4O\x9fI\xf2\xe0\xc1Cr\
\xe2\xf8IV\xb7\xaa\x12\xae\xe1\x1e\xe2 n\x12\xff\xc7\
\x8c\xbf\xe7\x06/3\xf0F9\x9d>}f\x11Z\xd7\
\x07\xd2<9Z\xabf]\x83\xde\x7f\xf4%\xe9%\xa4\
\xa1i\x0b\x80\x07x\xd1\xba\xa6\xc8\x5c\xca\xbbv\xadz\
|\x1d\xb5\x8c\xe6\xedS\xfa\x0e\xb2;q\xe2$\x99<\
\xc9]c\xde\x88\x8b4\xf4}f\x07\x1e\x8f\x1fG,\
\x03O\xf0F\x9dG\xdf3\xe4|\xf0\xf9\xc64\xef\xdf\
?|\xf8p\x22\xee\xb5l\xf1?\xd2\xa0~\xa34y\
#\x0e\xe2\x22\x0d\xd2\x82\x07}g5\x06\xcf\xf6\xed:\
\x11\x99\xd8\x86\xcc\x9e5\x87\xf4\xef7\xb0 }\xa7\xed\
\xa2\xe5-\xda\xff\x9c\x7fm\xd4\xbd\xa0\x1e\xdd{\xa9\xe5\
\xcd\xdfC\x5c\xa4AZ\xda\x9e\xda\x05^\xb3g\xcde\
\xbcA4\xff\xc9\x95+WacyZ\x86Ci\x99\
\xbb~\xe6\xccYg\xe8\xb4t\xc92r\xe5\xf2\x15R\
\xa9b\x95D\xbe\x08\xd3\xba\x90\xddC\x1c\xc4}\xf5\xf2\
\xd5u\x8aM\xe8\xd9\xb3>\xe5i\x9b\x95\xf1\xe4\xc9\xc1\
\xa1lb=J\x9f\xe3&T\x8f\x08\x1a\xf7\x01-\xd3\
\x9d\x06\x0e\x1c\x5c\x90\x9e\xb3\xb2\xb2h\xe1\x12v \x8c\
k\xb8w\xf5\xea\xd5N\x88\x8b4H\xcb\xd7\x9b<O\
\x9e\xfe\xf8\xa3\x0fqsk\xc3d\xd0\xf6J\xed\x17/\
^\x04\xd16\xd7G\xda^\xfb\x97\xb6\x93:\x1f;v\
\xdcn\xd9\xd2\x15\xa5p \x8ck\xb8\x878\x88\x8b4\
H\x0b\x1e\xe0\x95\x12\x8d\xf8{$)[\xba<\xc3\x93\
\xb6\x83-h\x1e\x8d\xa7\xf5\xe1\x1d\xf0\xa0u\xd23Z\
\xeen\xe2@\x18\xd7p\x0fq\x10\x17i\x90\x16<R\
\xa3&\x8d\x9b1\x1b\x0e\x1f>\xc2~\x0f\x1d:lI\
qr{\xf8\xe0\xe1\xb4g\xcf\xa2=q \x8ck\xb8\
\xa7\x1c\x17i5\xa5Q\xf4\x1dW\xa1|%r\xf4\xe8\
\x7fh\xc7\xfe\xd0VU\xb4m\xd9=\xc4A\xdc\x8c\x92\
H$&62{\x22\x93\xd2>\x8d\x8d#=J\xd3\
\xb0=\xbb\x86{i\xd1\xe7:b\x12^\xc7\x90\xf8\xd4\
\xd1'\x1eu\xf4~8H\x1d\x92\xe2\xa1/\xf7!z\
r\xda\xf0BQ\x99L\xdb\x5c\x164>me\xf9\x10\
}\x12N\x0cI\x1c1\x22\xf1\xc4\x85\xde\x96\xb3v\x18\
Z_\xf5\x95\xdba%4k\x87\xe5\x16\x92\x8al\xc9\
\xc6\x8d\xded\xf0\xa0a\xec@\x18\xd7\xb4\x15_\x1d\xd5\
\xacQ\x9b4\xa4\xf5W\xcf\x1e\x7f\x90m\xdb\xb6\x93\xc6\
\xae\xcd\x0a\xe0\xa0\xcf\x17\xa1\xefp\xb5\xe9p\x0fq\xf8\
\xf8H\x0b\x1e\xe0\x05\x9ei\x91\x8d\xc0\x96x{o!\
\x0b\x17.fe\xb5Y\xd3\x96\x86\xe3\xc6\x8e/v\xef\
\xde\xbd\x958&Mr\xa7\xef\xc6Yj\xd3\xe3\x1e\xe2\
\xf0\xf1\x91\x16<\xc0k\xe1\x82\xc5d\xeb\x96mD(\
\xb0W\x9b\x1em\x13\xda\x1f!c\xc7\x8c/F\xeb\xc1\
\xbf\xe8\xbb\xda{\xe1\xc2E5\xe8{-\x92\xd6\x9dO\
\x96.Y*\xa6\xe7j\xd3\xe3\x1e\xe2 .\xd2 -\
x\x80\xd7\x88\xbfG\x15\xdb\xb1}'\x95\xb13\xc5\xb4\
e\xcbT \xb3f\xce\xc1XB!\xda\x17ZN\xfb\
\xa8r\xca'b\xc9\x92\xa5.\xb4\x7f\x1bN\xeba\x84\
\xc5\x0b\x17\xa4\x22\x9f\xdeC\x1c\xc4E\x1a.\xed\xab\x88\
/_\xbe\xca\xaf_\xbf\xbe\xbcw\xef~\x85f\xd1w\
N\xd9\xb2\x15RL\x0f\x9ch\xfb\xbc+\xed\xfb\x7fA\
{\x8c\xd6y\x8f(\x8fzL\xfe\xabt\xc8\x7f\x95(\
\xbf\x1ex\x80\x17x\x82wJ}\x0eP\x9f\xde\xfdH\
\x9d\xda.\x86\xf4}~X\xae m\xca\x07\xd1\xf7\xfb\
a\xc8\x80,U\x9a?o\x01Y\xb4h\x89\x15}g\
\xdc\xcf*\xf9\xe0\x0d\x19\xf3\xe7/H.\x9f^[\xbc\
h\x89\x80\xc6y\x98\x85\xf2\x1f.^\xbcD\xa0*\xdf\
\xd1\xbe,{\xeeh\xdb\xad4m\xcf>\xcd\x0a\xf9_\
>\x7f\x86\xfc\xa7\x9e\x9e^\xa5!\xab\xb4C\x99de\
\xefB\xc8\x85\xe1\xdfh[^\xbb\xf2_=B\xff\x00\
\x07x_\xb8pq\xb8j\x19\xec\xdb\xa7?\xdak\x05\
i\xd9\xfb\x0fq\xa8\xdcX\xc8\xa7|\xc22+\x1f<\
\xd0\xff\x01O\xf0\x86\x0c\xc8\x82L\x9eV\xd3\xf62=\
\xa44M\x04m\x0f\xc5\xec\xdf\x7f\xa0-\xedkl\xa7\
m\xf6\x10Z\x87\xd4\xa5uID\x06\xea\x9f\x08\xa4\x05\
\x8fH\xca\x0b<\xc1\x1b2h\xfb\x5c\x8a6:O~\
~\xe7\xc8\x7f\xff\x1d\xabM\xfb\xb1\x1fi;\xfb\xf2\xd0\
!\x7f\x1a\xfd\xf5\xe7\xf0\x82\xb4\x9f`;\xf1\x9f\xc9V\
\xb4m\xefC\xf9\xf8\xd2\xb6\xb71\xfa\xfa\xea\x08\xf7\x10\
\x07q\x91\x06i\xc1\xe3\xaf?\xff.\x08\x9e\xcfc\x9e\
_\x86\x8cc\xff\x1d\xaf}\x8e\xca\xe4\xe9\xd2\xc5Kh\
\x93\xb4\xa0u\xc4\xf7\xb0\xb0\xb0S\xa5\x1d\xcb\xd2\xf8\xc3\
\xc8\x9a5\xebX\xb9X\xbe|\xa5\x08\x07\xe2ZY\x89\
\xd4\xca\xe7\xef\xf1\xf1\x91\x16<\xa8l\x02\x9e\xe0\x0d\x19\
\x90E\xfb\x8aI\xf2/\xfd(\xdf\xd1\xbeL\xc1F\x0d\
\x1b\x93\x96-\xff\xc7\xee\x83\x07\x0e\x10\x7f-%R\x17\
\x1f\xbc\xc0\x93\x97\xff\x9f\x8a\xfc\x00\xff\x00\xb4\x8dkQ\
h>\xc4\xc6\xc6^\x992eZ)\xf7\xc9\x1eZk\
GL\xa6\xbc\xc0\x13\xbc!\x83\xf6\x07j\x05(\x8d\xcd\
\xa0\xafI\x0f\x94\x9bp\xda\xc6}A\xdf\xdb\x15i\x1f\
\x92T\xadR#\xd3\xb2\xc1\x03\xbc\xc0\x13\xbc\xf1<\xd0\
\xb2.^\xadT\xfe:\xb4\xefD,\xcc\xac\x0b\x84=\
\x0a;\xf0\xed+{F\xffR\x1dK\xc9(\xf1|\xc0\
\x13\xbci\x1e\xec\x87,\xc8T\x8d\x13\x18\x18\xf4\xc7\x97\
/_\xe4\xd1\xd1\xd1\xe7i\xff\xdet\xf9\xb2\x15\xa4{\
\xb7\x9e\x19\x96\x8d\xb4\xe0\x01^\xe0\x09\xde\x90\xa1j\x9b\
Lj\xcb\xde?\x1e\xeeS\xcci_0\x04\xf5\xc4\x95\
+W\xc6#N\xbd:\xf5I\xcdj\xb5\xd3\xdf\x86\xa3\
i\x90\x16<\xc0\x0b<\xc1\xdb\xc3}\xaa9dAf\
J8\xf9\xfa\xfau\xa2]\x1c\x0c\x86\xbd8u\xea\xf4\
\xffp\xcd\xb9r5\xd2^\x09\xaf\xb4\x08q\x91\x06i\
\xc1\x03\xbch\xb9\xfb\xe4Gy\xab\xcbW\xc4\xffs\xd8\
_\xc4\xc4\xd8\xdc\xe0\xc6\x8d\x9b\x8b\xe2\xe3\xe3\xe5\xb1\xb1\
/\xc2O\x9e<\xd5\x02\xf1\xa7N\x9dN\xfe;z\x8c\
\xd8\xda8\xa8\x95\x8b{G\x8f\x1c%S\xa7Lc2\
\x90\x16<\xc0\xeb\xce\x9d\xbb\x8bh\xbb\xc7\x80\xb6\xed\x98\
,u\xed\xc7\x1d;v\xd1w\xf1\xc2\x92\x0f\x1e<\xdc\
\x82tT\xf7\x98\xe0\xe0\xf3Ci^\x16\xbds\xfb\x0e\
\xa1mJ\x16\xb7r\xa5*\xb4\xaf\xea\xc0\x0e\x84A\xb8\
\x87ql\xc4\x0d\x0e\x0e\x1e\x8a\xb4\xe0\x01^\xf3\xe6-\
(\xb9g\xf7^\x92\xda\xfb\xc3\xc6\xc6\x0e\xdf\x85\x08\xed\
k\xa3<\x18\x87\x86>XI\xcbL<=\xbe\xd3\xfa\
\xf4\xd0\xf1\xe3'\x9a\x0d\xe8?\xa8\x18l{\xf4(\x0c\
u6;\x10\xc65\xdcC\x1c\xc4E\x1a\xa4\xa5<V\
\x81\x17x\x827d\xa4F\x02\x81\x98\xd0\xb6\x22\xd9\xb7\
o?\xc6\x19\x0a\x06\x05\x05\x0fB\xbb\x01v\xa0\xee~\
\xfa\xf4\xa9\xcf\xf5k\xd7\xdd\xcf\x9d\xf3w\xdb\xb3go\
m\x1c\x08\xe3\x1a\xee!\x0e\xe2\x22\x0d\xd2\x82\x07x\xd1\
\xfb\x8c\xb7&$\x91\xd8\xb1\xbe\x04\xda)\xb0\x8b\xb6\xdb\
\x1d\xef\xde\xbd7\x97\xbe\xd3\x1e\xa0]\x8c\xb2\x8cg\xe9\
\xdd\xbb\xf7\x9fp \x8ck\xb8\x878\x88\x8b4H\x0b\
\x1e\xe0\x05\x9e\xe9\xa5\xb6m\xdb\xb3\xdf#\x87\x8f2=\
\xb6l\xd9&\x0e\x0c\x08\xecBq\x5c\x8a\xf78\xadO\
\x83q \x8ck\xb8\x878\x8ao$?\xf0\xc8x?\
[J\x06\x0c\x18Lj\xd7\xae\xc7\xec\x88\x8b{\xc3t\
\xb1\xb7-m8j\xd4\xd8\xe28\x10\xc65\xdcC\x1c\
\xc4E\x1a\x91\xd27'm\x90DhC\x5c\x1b7#\
2\xda\xc7\xff\xfd\x7fn\x84\xf6i\xd8\x810\xae\xe1\x1e\
\xe2\xe4%B;/\xc10\xdc\xfd\xb3a\xb88\xdc\x90\
\xfb\xe7c\x18\xae\xafzx\x18\x86\xeb\xa9;\xa6\xc8\xe5\
S<\xe4r=v\xb8'\xe8y\xb8\xc4\xeb\xf9\x88?\
\xb3t\xe1\x84\x18\xe2\x88#\xc4\xe83!\xe2\x04B\xdc\
\xe5\x10\x1bn\xc8\xda\xb8\x8e\x8aoE\xbd\x94\xc7)l\
\xf3\xd68\x85\x8e~>j\xdd\xaa-i\xda\xb899\
x\xe0\x10;\x10\xc6\xb5\x9c\xe2\x93\x16\xc9$2bo\
_\x9a\xd8\xd99\x12;[G\xda\xf6i@\xaaT\xae\
n\xb0a\xbdWm\x1c\x08\xbb6lB\xec\xc4\x9a\xbf\
\x07\x10\x17iT\xf9\x807d@\x16dBvf\xa8\
b\xb9J\xecw\xe5\x8a\xd5|\xdb\xc8\x80}\xeb\xd9\xb9\
\xbb5\xed\x8f\xbd\xc4A\xeb\xf5\xd6QQ\xcf\x88\xbd\xd4\
^c\xbe\x88\x8b4H\xcb\xf3\x01Oe\x19+W\xae\
\xe6\xbe\xb5\x96\xaf\x94!\xdd\x9b\xb86%e\x1c\xcb1\
\xbdi\xbb\xcb\xde\xd7\xc7\xcf\xc3\xc7\xc7wCU\xe7\xea\
&\xc7\x8e\x1d\x9f\x8c\xb6\x00\x0e\xdaN\xe1\xe6\xb0\x084\
\x1f\x8fD\x5c\xa4AZ\x9e\x0fx\x827d@\x16d\
\x22N\xb1\xa2%\x93};H\xf3}&\xb6!\xf9\x88\
\x01\x93\xe1\xe5\xb9\xb1UXX\xf8\x9d\xf8o\xf1\xf2\x08\
\xda\xf9n\xd9\xe2\x7fB*w\xf27\xc5\xb8\xc1\xd1\xa3\
G\x13\xe7\xe0h\xac\xbfb\xae\x0a\xd2\xf2|\xc0\x13\xbc\
!\xe3\x1b\x95\x15Ne\xd2\xbe\xd7\xef|\x9bX\x22\xd6\
\xfc\xfd\x894Tg\xb2f\xf5\xbaFQO\xa3\x12\xc7\
m(\xef\xf0\x16\xcd\x7f\x13PY\x93\x92\xf4\xff/\x13\
\xfa\xff\xa7\xac\xff$\xf0\x86\x8c\xc4q\xb5\xf0\xc7Oi\
\xd9m\x14\xaa\x98\xbf\xa3\x09\x09\x04R2r\xc4h\xcc\
e1\xbd{\xe7\xae\xbf\x5c\x89\xb2[\x7f\xd0\xdd\xbbw\
\xfd\xa1\xcb\xc8\x91\xa3\x89P(\xd2\x88\xff\xd7/_\x09\
m\xd3\xf7\xfe\xf0\xe1C|N\xeb\x0f\x1dh[\xfc\x8f\
/\x9f\xbfh\xc4\x1b\xdfiP\x07\x5c\xb9ru\xb7\x5c\
\x85rB\x7f\x10t\x81N\x0a\xddR\xa5\xae]\xba\xe3\
0\xa5}\x9f\x1b\xb9E\xff0\xaa\x0bt\xeaBuK\
\xf3\xbbv\xef\xbed\xe0\x80A\xe2\xc8\xc8\xc8\xb0\xdc\xa2\
?t\x198p\xb0\xb8O\xef\xb4\xbf\xd3\xe3[j\xff\
~\x03\xac(\x9f{\xb9E\x7f\xe8\x02\x9d\xd4}\xe7\xe5\
I,\x92\xb1\xefR\x9d;u\x13\xdd\xbbw?4\xa7\
\xf5\x7f\x1b\xf7Z\xfe\x9d\xbe\xdb\xee\xdf\xbf\x1f\xda\x85\xea\
\x04\xdd\xc4\x22\x9bT\xeb}\xcca\xa4\xfd\xea?\xde\xbf\
\x7f\xff-'\xf5\xc7;\xf9\x1b\xedw\x83\xa0\x0bt\xfa\
\xfa\xe5K\xaa\xef\x01\xfa\xfe\xc6O\xc1\xcb\x97\xaf\x1c\x92\
\xa7@\xd9\xa9\xff\xc7\x0f\x1f\xe4\x9f?~L\x94\x0d\x9d\
\xa0\x9bB\xc7\xe4\xdfX%vl\xde\xc6\x94)\xd3\xca\
E\xd1\xc6\x95\xe2\xdbV\x02\xc6 r\xaa\xfc\xe0\xfb\x1e\
t@\x18:A7\xe8hc\x93\x5cVy\xc7\xd2$\
2\xf2\x09\xde[=>~\xfc\xf8\x1din\xdf\xbes\
>  p3\xff\x1e\xa3\xf5@x\xcb\x16\xc9\xf4w\
\xcf\x84\xfe\xee\xca\xfa\x837d\xf0\xef-\xc8\x86\x0e,\
?\xa8N\xf4=\xd6\x83\xde'\xd5\xea&\x1f\xeb\xb30\
\x130\x9eg\xcf\xfa,\xe4\xdb\x84\x81\x81As\xe8\xad\
\x22'N\x9c\xfc\xfb\xe9\xd3\xa7\xb7\xae_\xbfq\xabQ\
\x03W\xebc?\xb4\xdf\xb4\x83?x\x827d@\x16\
dBv``\xe0\x1c^\x1f\xe8\x86t\x16\xe6\x82\x14\
\xc6\xc3Y\xb9*p\xf5\xca\xd5\x83\x0a{\x13vl\xdf\
\xd9\x13\xf3\x22\xd9<\xc8q\x13\xac&Mt\xc7\x80\xa2\
\xc1\xa1\x83\xff\x0e\xa7\xf9\x8a\xbc\x95\x1f<x\xe8o\xdc\
\x97\x094\xefk .\xd2 -\xcf\x07<\xc1\x1b2\
 \x0b\xf7)\xfe\xf8.\xdd\x13\xba@\xa7\xabW\xaf\x1e\
D\x9c\x94\xc6\xff]\xea5\xc4|\xac\xe2\x0f\x1f>\x0a\
\xe4\xe6\x0d\xbe\xf9\xb8y\x93w\xe3#G\x8e\x92|\xf9\
\x0c\xd8\x9c*\xccA\xc2\xfc\xb8\xe9\xd3g\x0aO\x9e8\
\xb5\x0c\x07\xc2k\xd7\xae'\xf2\x82\x9a\x8f\xe9#.\xd2\
\xa8\xf2\x01o\xc8\x80,\xc8\x84l\xe8\x00]\xa0\xd3\xa3\
G\x8f\x02k\xd7\xac[\xac>\xd5U\x95\xaaW\xabA\
\xaa8W3\xbe}\xfb\xf6\x15\xc4}\xf6,\xfa\xcd\xf8\
q\x13jxxLI\x8ccii\xc9\xc6T\xbd\xbd\
\xb7\x126,C\x0f\x84q\x0d\xf74%M\xf9@6\
\xd5\xa1&t\xe1\x9e\xc7\xdbW\xa0c\xf5j5S\xd0\
\xbffJ\xfa\xd7T\xd6\x9f\x1b7\xb4%\x12\x91\x94\xcd\
5\xc7\x81\xb0(\x03sA4\xe1\x93\xa2\xfeUR\xd6\
\xbf\xbeKCR\xbbV\xddb\x14\x83\x00E\xf9\xf9\xb4\
i\xe3\xe6\xc6\x98\xeb$\x16\xa7\x7f\x8c6\xb3\x04\x99\x90\
\xbd\x91\xea\x00]\xb8\xf2\x13\x16\x00\x1d\xa1k2\xfc\xab\
2\x9b\x0c\xae_\xbb\xbe\x9f\xaf\xfb\xe9\xf3\xd5\x1b\xf3\xaa\
\xec\xedl\xb3]\x7f;*\x13\xb2\x0f\x1e8\xd4\x9b\x7f\
\x07\x5c\xbf~}?tT\xe8\xfa\x03\x99\x9bZr\xdf\
y||\xe7\xa2\xae\xfa\xfe\xfd\xbb\xdc\xcf\xd7o\xb16\
\xbe\xb5e\x8c\xf4\xf8\xefN\x8b\xa1\x0bt\xa2\xfd\xfa\xb9\
\xb8ff\x9a\xc2\xb3V\xd2\x88\xcdi\xdc\xbc\xd9\xbb\xe3\
\xbbw\xefX\xdb\xe7\xf6\xad\xdb\xc1\xf5\xeb7*\xd9\xa6\
u;\xda\x7f\x96e\x9b\xe6\x90\x05\x99\xf5\xeb7,\x09\
\x1d\xa0\xcb\xbbw\xef\xbfm\xde\xbc\xa5#t4\xad^\
$\xf9\x98\x8c\xc4\x9e\xcdu\xa7}_\x9b\x88\x08\xae\xed\
\x1f\x17\x17\xf7\xdes\x83WS\xcc\xad\xed\xd3\xa7_\xb6\
\xe9\x0fY\x90\x09\xd9\xd0\x81k\xbbD\x86\x8d\x1a9\xda\
\x86\xbe\x1b\x88\xcc\xact\x8a\xe9\x1c\xb9q\x16\xfd\x90\x90\
\x0b^\xc83\x1c\x97.^\xda\x82\xf7Z\xad\x9au\xe8\
3%\xcd\x86\xe7VJ \x0b2!\x9b\xd7\x83\xea\x84\
u7\xfa\x8e\xa9\x8c\x05\xb5vk\xcb\xd6I-Y\xb2\
\xac\xf1\xf3\xe7\xb1o\x15sM\xde\xac[\xb7\xbeYH\
H\x08+\x8fVV\xd6Y\xa6;xs\xf3YC\x08\
dB6t\x80.K\xa9N\xd0\xcd\xcdM\xfd\x18\xa9\
P(\xa1\xef\x81Z\xac\x0d\x1d\x1c|~\x07\xe6\x97\x80\
\xee\xdd\xbb\xe7\xd7\xbd[O\x8b\xd9\xb3\xe7\x12\xcc\x91\xb6\
\xb5\xd5~}\x04\x9e\xe0\x0d\x19\x90\x05\x99\xec\x1b\x0a\xd5\
\x01\xba@'\xe8\x06\x1d\xd3\xea\xbf\xef\xdb\xbb\x1fs\x8d\
k\xd06k\x14x|\xfe\xfc\x19m\xa7\xe5\xe5\xcb9\
\x15\xec\xd7g\x00i\xdc\xa8\xa9\xd6\xf5\x07O\xf0\x86\x0c\
\xc8\x82LE\xbb9\x0a\xba@\xa7\xae\x1a\xf4\xdfQ\xfe\
\x0c\xf4\x0b\xb2|\xdc\xbf\xef\xc0(Z\x17\xc5+\xdas\
_h\xfeMB\xfd\xdb\xabg\x1f\xfan\x9cF\xb1\x10\
gZo\x81\xc0\x1e}\x0e\x02\x9e\xe0\x0d\x19\x90\xa5\x90\
\x19O\xdb\xa8\xa3\xa0\x0bt\xd2\xf4\xf9s\xa9\xdb\x80t\
\xef\xde\x0bc\xd9Ei\xdemD\xdd\xcb\x9e\x85\x17/\
?Ql<\xec\xecJ\x17F^\x83oz\xc6%\x93\
\x7f\xcf\xe5\xd6\xcc\x81\x17x\x827d\xf0\xfdG\xfa\xcc\
n\xa4\xf5w\xd1\xbf\xfe\xfa\x9b\xe9\x94\x1e\x9a4\xc9\x83\
\xcd\x9f\xfag\xc2D+\xfaN>\xcc\xcf\x1f\xa3\x98|\
\xa3\xed\xda\x0dC\x06\x0f\x13\xe1\xfd\x88\xf9\x1e\x0b\xe6/\
\xa4m\x18\x89\xe6u\x0c\x8d\x8b4H\x8bu%\xe0\x05\
\x9e\xe0\x0d\x19\x90\x05\x99\x13\xc6O\xb4\xa2\xedO\xb2~\
\xbdg\xfa\xbf[\xc8d\x84>;l\xdd\xc6\xd0!\x7f\
\x8ao\xde\xb8y\x88\xb7\x01\xdf\xb3\xef\xdd\xbb\x7fa\xe3\
\xc6Mm\x8c\x8d\xcd\x0a\xd2~\x0e\xa1}?n\xfcN\
jG\x9c\x8c\x9c\x92\xf1\xc35\xdc\x03!.\xd2\x98\x18\
\x9b\x17\xdc\xe8\xb5\xa9\x0d}V/|U\xf4\xd5!\xe3\
\x06\x955t\xc801dC\x07\xe8\x92\xb1o\xd4\x5c\
?\x03\xdf\xf9\xc7\x8f\xfb\xc7\xe2\xfc\xf9\x90u\xb4_\xf7\
\x95\xef\x9f\xd2v\xd5{\x9a\xc7\xbb\xd6\xaf\xdb\xd0\xb4B\
9'6\x7fa\x0bm\x07\x0f\x1e4\x94\xe57\xbe\x1f\
\xe0@\x18\xd7p\x0fq\x10\x17i\x90\x16<\x94\xc6:\
\xbfB\x06dA&\xe2B\x87L\xbd\xcbE6\x84\x96\
E\xb4+H\x8d\x1a\xb5\x0bSL\x86\xd1>h\xc4\xf7\
x\xd6Ef\xef\x16\xfa\x8e|w\xeb\xd6\xad\xd3\xc7\x8e\
\x1d\x1f\xb3|\xf9\xca\xba\xb4<XWu\xae^\x14\xef\
 \x1c\x08\xe3\x1a\xee!\x0e\xe2\x22\x0d\xd22\x1e\x94\x17\
x\x827d@\x16dJD\xda\xf9f\xeeT\xd2\x89\
,^\xbc\x94\x0c\x192\x8ca2s\xc6\xac\xca\xe7\x83\
C\xbc_\xbf\x8e{\xc3\xbf#\xb8\xf1\x82/\x98\xdb\xf8\
6\x22\x22\xe2>\xed+\xf9\xd12}\x18\x07\xc2\xb8\x86\
{\xca\xe3\x19\xdc\xfa\xad\xb87\xe0\x05\x9e\xe0\x0d\x19\x90\
\x05\x99\xda&\xda\xbfd\xbf\x98\x8f\x9dO\xcf\xd0p\xd3\
\xa6\xcd\xae\xd7\xae]\xf3\xa6\xcf`\x94\xb2^i\x11\xe2\
\x22\x0d\xd2\x82\x07x\xf1\xeb\xdbx\x19Y\xd7>\x91\xd1\
6\xde\x18\xf2[\xcbVh\xdb\xb2:{\xc9\xe2\xa5\xe5\
\x8e\x1d;1\xec\xc2\x85\x8b\xbb\x1f>|x+::\
\xe6\xc5\x9b7o?\xd1\xfa\xe4+\x0e\x84q\x0d\xf7\x10\
\x07q\x91\x06i\xc1\x03\xbc\xc0S\x9c\x8dm\x5cKK\
\x01i\xdb\xa6=qrrf}q\xfe\xdba\xa7N\
]-\xdc'Oq\xf2\xf6\xde\xd2x\xf7\xee=n\xbb\
w\xefuC\x18\xd7p\x8f\xff\xbe\x884H\x0b\x1e\xe0\
\x95\x93$\x11s\xed\xa1\xb2e*\x92.\x9d\xbb\xb1\xf5\
\xa6X\x0bs\xf1\xe2%v`~\x19\xae\xe1\x1e\xe2(\
\xa7\xd1\x91\x8er\x92\xb8\x1a-\x85\xdf8\x97x#\xfc\
\x12\xf1g\xac\x8bJ\xc0\xaf;!\xf1\xf8u!\xe43\
~\xc5I\xbfq\xf85\xd2\xfc7\x1c\xbf\x86\xc9\x7f}\
\xf0\xab\xaf\xc1o/\xf1\xe7\x02\xf8\x1d\xee\x12_\x1c\xbf\
.\xb4\xcd\x97\xd2\xaf\x98\xb6\xff\x95~\xc3\x8dh\xbf\x18\
\xf2\x0c1U\x8a\xfe\xea\xcb\xe5>\xf47\x0e\xbfL?\
j\xbd\x11\xecrO\x80]\xbc\xbd\xf1D\xdf\x07\xbf\x09\
\x00\xcd\x9d[*\x86?X6\xa6\x87\xdfpB\x0c\x19\
n\x840\xdc\xe2i;\x98\xe1\xe9\xa1\x97\x22\xbe\x8a_\
\xcc\xd3\xaa\x8f\xb1.\xa24O\xab\xben\x9e\x96\x8et\
\xa4#\xed\x92ThG\xec\x84\xf6DL\x7f\xc5\x8a0\
\xae\xe5\x15\xfe\x99m7\x83\xf6\xec\xd9\x8b\x9f|8\x14\
a\xad\xb4{\xb3\x9a\x7fz\xc9\xcc\xcc\x8cH\xc5\xf6l\
N\x82XhC\x8c\x8c\x8c\xc9\x83{\xa1d\xdc\x98\xf1\
UN\x9d:\xbd\x0e\x07\xc2\xa1\xf7B\xb5&34\x05\
\xfe\x90\x09\xd9\xd0\x01\xba@'\xe8\x96U$\xb3\x96\x91\
\x9a5\xea\x10+\x0b!\x1bKT\xf4+\xf4\xcf\x9e:\
E\xca\x95\xad`D\xfb\xf7\xa7\xf9\xef\xa9\x08\xe3\x9aK\
\xbd\x06\x99\x96\x0b\x1e\xea\xf8C6t\x80.\xd0\x09\xba\
AG\xe8\xaaU\xdbi\x7f\x7f\xf1\xd2\xa5\xa4]\xdb\x0e\
8\xcd?b\xc4\xa8\xea\x87\x0f\x1f\x99\xb2s\xe7\xee\xa5\
5k\xd46qm\xd4Dt\xe7\xce\xdd\xc4\xef\xfb\x08\
\xbb6j,\xa9\xef\x92y\xfb\xc1\x03\xbc\x92\xf3o\x22\
\x82l\xe8\x00]\xa0\x13tk\xdf\xb6#Y\xbatY\
\xa2O\x89\xcc\x8fc\x8a\xc9\xa7\xcf\x9f\xb0N\x9bT,\
_\xc9\xfc\xc0\x81\x83\xf3\xc2\xc3\x1f?\xc7x\xd4\xed\xdb\
\xb7#\x1b5l,j\xd4\xd0UD\xc3\x89\xf3\xa2\x10\
n\xd4\xc0U\xe2R\xaf\xbe\x16\xf2\xbf>\x01\xafd\xfc\
\xa9L\xc8\x86\x0e\xd0\x05:\x1d<ph\x9es\xa5\xaa\
\xe6\x03\x07\x0c&\xeb\xd6n\xd0x\xfdJj4\x7f\xde\
B2o\xde\x02\xd2\xa9c\x17\xc1\x99\xd3g\x0e\xbc\x7f\
\x9f8\xac\x85y\x18\x0a=`\xff\x9d\xb0\x1f\xaek\xdd\
~\x15\xfe)\xc8\x85nG\x8e\x1c=P\xbdZ-\x01\
\xfc\xdb\xcd\x9f\xbf(S\xb2\xe93\xc6\xc6R\x9d*:\
\x17\xfb\xf7\xdf\xc3\xde\xfc\xd8{n\xb5\x9f\xc7\x80\x96Q\
o\xe7\xca\xd5\x8bu\xe8\xd0\x99\xdaP1\xc3\xb2\x0d\x0c\
\x0a\xb1zn\xe5\x8aU\x83\xe2\xe2\xde|U\x1d\xaf\xca\
\x8d\xf6+\xc6o\xbfR\x9d\x07B\xf7\x02\x06\x0538\
FlCZ\xfd\xde\x1a\xbe!\xac\xaf]\xbb~5\xa5\
\xf1\xba\xdcj?\x08:Cw\xd8\x90\x91v\x82\xb5P\
\xca|&-_\xbe\xa2\xe7\xeb\xd7\xaf\xe3\xf3\x9a\xfd\xaf\
_\xc7\xc5/_\xbe\xb2'\xe6x\x0bE\xa2\xf4\xd7\xfb\
\xd6\xac\xee\xd4?q\xe2\xe4&~<</\xd9\x0f\x9d\
O\x9e8\xb5\x096(lI\x17\xd5\xa9]\x8f8\xd8\
\x95.y\xf1\xe2\xa5\x10u\xe3\xd5\xb9\xd9~\x10t\xb7\
\xb7/]\xb2Nm\x97t\xcb\x85?\xb6&\x8d\x9ba\
\xbe\xed\x83\xbcj?to\xd2\xa4\x99\x10\xb6dHn\
\xc3\x1f\xe5\xe65\xfb\xefp\xf1$\x19i\x87\xc3\x07\x02\
=,h[\xf3f\x9e\xb5\x9f\xea\x0e\x1b`K\xfa\xde\
}2R\xa9\xa23\xfa\x13f\xbe>~W\xf3\x92\xfd\
q\xaf^\xca\xdf\xbda\xd3S0/\xeb*l\x80-\
\xe2t|o\x9d0f\x02\x9b\xeb1m\xea\x0c\xb7g\
\xcf\x9e}\xc8K\xf6\x7f\xfd\xf2\x85\x1e\x5c;\x15\xbaO\
\x9b6\xc3m\xdf\xde}d\xe4\xf0Q\x9a\x8f\xb7pk\
\xcf\x0d\xce\x9c>\xbbU\xdd\xbb/7\xda\xff\xe1\xdd\xbb\
\x1f\xe6\xc6C\xf73g\xceb2\xab\x81L\xaa\xd9x\
\x11\xdaJ\xf0W\xd8\xb1C\xe72\xf7\xee\xdd\x8bL\xed\
{m\xae\xeb\xff\xbc}\xcb0\xf8\xf1\x1dp/\x12\xb6\
\xc0&M\xda\x81\x96V\xd6\xe4\xc9\x93'\x98\xe7\xd4\x9f\
\xb6\xa3\x13\x94\xb1\xcc+\xf5\x9f\xb2\xae\xb0\x01\xb6\xc0&\
+\xcb\xb4\xe7\xc8\xd9\xd8\xb0\xb5\x5c\xfa'O\x9e\xf2\xe6\
\xf9\xa0\x7f}\xea\xd4\xe9\xab\xb1\xb1/^\xe5v\xfb\xa1\
#t\xe5\xe7\xe4\xb0v \xb5\x056\xd9\xda\xa4\xbdN\
\xadv\xad\xba\xa4\x8asu\xf3\xeb\xd7\xaf_K\xacS\
\xe3\xe2>\xcf\x9c9\xbb\x9d\xa7\xa7W\x9f\x87\x0f\x1f>\
\xe3\xe7f\xd0\xf7KX\xd2\xf8GN\xd8\xdf\x18\xe3N\
a\xfc\x9c\x8f\x87\x0f\x1fEyym\xec\x0d]\xa13\
\x1f\x1f\xb6T\xa9R\xdd\x0c\xb6\xa5E\xf0\x0f1d\xf0\
0\xe7\xc7\x8f\x1f\xbfH\x5c'\x17\x16\xfe\xb8_\xdf\x01\
\xb6\x0a\x1f\xf9u\x83\x02\x83vFEE\xc5\x04\x04\x04\
\xde\xa7m\x0b\x91+\x1b\x87I\xa6\x9f\xf6\xeco\x98\xdc\
~\xc8\x84l\xe8\x00]\xa0\xd3t\xaa\x1bt\xec\xd7\xb7\
\xbfmXX\xd8\xe3$?r\x8f_\x0c\x1d\xf2\xa7\xf3\
\x88\x11\xa9\xbf\x03lm\xcb\x12/\xafM\xc4\xc3cj\
\x9b\x17/^$\xf6\xf7\xfd\xfc\xce\x9d\xd3\xd73,\x8e\
w\xe8\xbf\xff\x1eF\xd4\x82cF\x8f\xab0\xa0\xff \
W\x07\xfb2\x85\xa8\x1e\xd6\xb7n\xddJ\x5c\x97\x86p\
\xbd\xba\xf5\x05\xda\x1a\xff\x04/U\xfe\x90\x09\xd9\xd0\x01\
\xba@\xa7\xc3\xff\x1ea\xefy\xfd|\x86\xc5\xa9\xce\xfe\
J~\xe4\xbeR\x9bZ\xc36;\xbb\xf2\xa9\xb6{\x80\
\xdf\x9e=\xfb\x86(\x8f\xf5\x04\x07\x05og\xfd(\x81\
\x98\xcc\x999\x97\xad\x89\x81\x8f*\xf8\xc3W\xf8\xe76\
\xd8\xbbg\xdf\x9c\xc8\xc8\xc8\x0f8\x10\xc6\xb5JN\xce\
\x99\xb6_\xc1#E\xfe\x90\x0d\x1d\xa0\x0bt\x82n\x8a\
1?}\xe8\xcc\xeb\x0f[\xf6\xee\xdd7\x84\xcd\x8b\x94\
\xa6\xe6\x8f\x93\xb3\x7f\xd3\xa6\xcd\x93\xf9yK\x98\x7f\xb7\
m\xdb\xf6\xa5,m\x0am(\xccKj\xd9\xe2wR\
\xb6l\xc5\xa2C\x86\x0cs\xc5\x810\xaeic\xceR\
z\xf9cn\x1at\x85\xce\xfc\xdcA\xd8\xb2y\x93\xf7\
$fC*\xfe^\xa4\x02)K\xbbf\xf5\x9a\x99|\
\xfe\xe3w\xe5\x8aU\xb3p]*L>OU*\x95\
\x92\xa6M[\xb0uF\xee\xeeS\xd8\x810\xae\xe1^\
\xa6\xbf}\xa5\x93?tT\x8c\xd9\xcdR\xb6\x0161\
\x1b\x04R\xad\xda\x9f\xfb\xbeE\xcax\xfbg\xa7d\xbf\
$\x15\x1b\xc4Bn\xfd\xdc\xe6\xcd\xde\x93T\xca?\xf3\
\xb3-\x15\xc9r\xbf\xfdI\xe5\x7f\xd9\x0f\xe5\x7f3W\
\xfeS[\xa7k#p\xe0\xe7\xc5\x0eV\xae\xff\xe8\xbb\
\x05\x93\x10\xf3gd\x1c)\xbbI\xa1c\xfe@\xaa\xb3\
r\xfd\xb7\x7f\xdf\x81\xc1\xdc\x9e(\xea\xfd\xb1I-\x1c\
\xd9\x9e \xf4=\xda\xea\xe5\xcb\x97\x89\x137/]\xba\
\x1c(\x95\xd8\x1a\xe1\xdbZn'\xe8\x08]\xa1\xb3\x92\
_\xd2/\xb0\x89\xd6\xeb\xcc\xc6\xd4h\xcc\x98qd\xf8\
\xf0\x11N\x11\x11\x91\xcf\xf9\xf4\x8f\x1e=zJ\xfb\x0f\
\xa5\xb1\x8f\x8bD\x90{\xeb\x00\xe8\xd6\x93\xea\x08]\xa1\
s\xa2\x9f\x00j\xcb\xdf\xc3GV\x84/\xbd\xb4\x08k\
Hi_\xd18$\xe4\xc2\x85$\xfc^}\x9b>}\
f\x17\xda\x8e&\x9bvx\xe7Z\xfb\xa1\x1bt\x9c>\
}F\x17\xe8\xcc\xeb\x0f[h\x9f\xde\xb8\xaas\xda\xfe\
1\xad\xac\x84\xf8\xd1;x\xe0\xd0j\xbe\x0f\x81_\xda\
\xee\xf3B\xbbBJ\xfb\xd1bq\xee\xab\x07\xa0\x93\x94\
\xeb\xe3\xebCWe\xdd\x0f\x1e<\xb4\x0a6Y[\x0a\
\xd3\xe4\xd3\xd2\xc0\x84\xa0\x1d9c\xc6\xacv\xb4\xdd\x98\
X\x07<x\xf00\xbc{\xb7\x9e\x8e\xfd\xfb\x0f\x22\x8e\
\xe9\xf4\xdb\x93\x1d\x04\x9d\xa0\x1bt\x84\xaeJm\xdf/\
\xb0\x056\xfd\xee\x9c\xf6\xfc\x08|\xebo\xd5\xaa\x0di\
\xd2\xa4\x85\xd5\xad[\xb7\xaf\xf3|>~\xfc(\xdf\xb1\
}\xe7$~\xdd\xa54\x17\xd5\x03|;\x08\xbaA\xc7\
\x8fJc@\xb0\xa1)\xb5\xc5\xadU[f\x9b&T\
\xb2\xa4)\xe3\xe5\xbdy\xcb\xd4\x0f\x1f>*\x8f\xa7\xde\
o\xdf\xae\xa3\xfd\xa0ACH3\xda\xfe\xca-\x04]\
\xa0\x13t\x83\x8eI\xebN>\xca\xbd\xbd\xb7\xb0\xbd\xc8\
J\x950\xd5\x98_\xe9\xd2\xe5\x98\xbf\x94\xd6nm\xcb\
^\xbf~#\xb1,a=\xfe\x81\x03\x07\x97\xe2\xfd\x8a\
\xef\xcabQ\xce\xfbN\x84\x0e\x8ao\xdc\xf9\x0f\x1e8\
\xb8\x04:&\xf5\xfbo\x84\xc3\x06\xec\xaf\xe3X\xa6\x9c\
\xc6<\xad\xac\x1c\x89\xbe\xbe!\x0b\xd3~\xc3\xd4O\x1f\
\x93x\xc6D\xc7\xc4\xcd\x993\xaf\x0d\xff\x1c\xe4$\x06\
\xbcl\xe82g\xf6\xbc6\xd0-1\xaf\xa8\xce\xd0\x9d\
U\x88\xd4\x16{K\xfbt\xf1\x86\xbf8\xf8\xa1\xee\xd8\
\xa1\x8b\xe8\xf2\xe5+\x97~\xf8\xaev\xe1\xe2\xcdn]\
{\x94_\xb0`\x11\xe1|Td\xff\x5c<\xc8\x84l\
\xe8\x00]\xa0\x93\xb2\x8e\xd0\x19\xba\xc3\x06\xd8\x92\x91\xf7\
\x09\x8f\xed\xcc\x19\xb3\xda?}\x1a\xf5\x96\xe7\x0d?h\
\x94\xffIZ\xb6D\x13'N&g\xfd\xfc\x884\x1b\
\xe7\xe2A\x16dB6t\x80.\xd0\x89\xa7g\xcf\x9e\
\xbd\x85\xce\x89e4\x83\xefk\xf4\x87\xca\x95a{/\
\x18l\xf4\xda4\xef\x9d\xd2\xd82\xda\xd4;w\xee>\
X\xd9\xa9\xaa\x00{\x9e\xb1\xf6\x978\xeb\x9f\x05\xb1b\
}\x0bdB6tP\xee\xab\xbc\x7f\xffA~\xe8\xd0\
\xbf\xd8t\xcc\x00{T\xc0\x86\xccP\xa3F\x8dI\xc7\
\x8e]\xb0\xfe\xd6\xc4\xd7\xd7\xef@|\xfc\xf7\x1fd]\
\x08\xb9pt\xd0\xc0!\xf6\xa1\x8a\xbd\xbf\xecR\xf1\xf7\
\x9cY\xe2y?\x08\x0d%\x90\x09\xd9\xd0\x81'\xe8\x06\
\x1d+\x94\xafd\xd2\xb1cg\xa6{\xa6\xdb\xd4\x12\x09\
Y\xbel\x15Y\xb2x\x19\xf9\xeb\xaf\xbfm.\x5c\xb8\
\xe8\xc7\xaf\xbb\xe5\xc7\x97i\xfb2d\xc2\xf8\x89\x0dP\
\xdeZ4\xfb\x8d\x5c\xbexE\xab~\x0d\xc0+$\xe4\
\x22i\xde\xac%{\x1e!\x0b2\x95\xc7\xf9\xa1\x13t\
\x83\x8e\xd0\x15:Cw\xed\xb4/d\x89{!\xd1\xbe\
E\xb9\xe0\xe0\xf3\x01\xca\x18pc\xcf\x0f\xa3\xd6\xad]\
?R$\x94\x96\xc4\xda\xb72\xa5\xcb\xb3}\xb32\xe3\
[\x00i\xc1\x03\xbc\xb0\xcf)xS\x19\xa3 Ky\
}$t\x81N\xd0\x8d\xdf\x83\x09:k\x93\xf8\xf5\xaa\
X\x7f\xd6\xaf\xef\x00\xc7\xabW\xae\x9eP\x9d\x0f\x17\x17\
\xf7\xe6\x9b\xcfY\xdfcs\xe7\xce\xc7BxC\xacu\
\xe5}\x8d\x8b\xd3\xe1\x07\x88\x8f\x8b\xb4\xe0\x01^\xe0\xe9\
s\xd6\xe7X\x5c\x5c\xdc\x0fs\x91\xa0\x03t\x81N\xf0\
-\xae\xac\xab\xb6I\xa4\x18;\xda\xb0\xde\x13>\xe3\xe1\
o\xca\xf3\xed\xdb\xb7?\xcc\x8bC\xbe<{\x16\x1d\xb7\
\x7f\xff\x81ms\xe7\xcco\x92?\x9f![?<f\
\xf4X\xe6\x0b\xc7\xdaJ\xc4\xf2\xb5@\x01=bbb\
\xc2\x0e\x84q\x0d\xf7\x10\x07q\x91\x06i\xc1\x03\xbc\xc0\
S9\xcf\x15\xfb\x0f~\x85\x0e\xd0e\x83b-\xb7H\
 \xc9\xda\xfaW1\xbe\x84\xf9\xc6\xa5\x1d\xcb\x15\xf1\xf4\
\xf4\xfa\xfb\xfe\xfd\xfbO\x95\x9f\x07\xbeL>\x7f\xfe\xfc\
\xed\xb9s\xfe\xa76o\xf6\xfe{\xd8\xd0?\xabH%\
\xb6%)\x8b|l/\xd8g\xd1d\xd1\xa2\xc5\xec@\
X\xf1\xae\xca\x878\x88\x8b4H\x0b\x1e)\xf1\x86L\
\xc8\x86\x0e\xfc|\xec\xecj\x8b\xd9[:\x90\xb9s\xe7\
\xb1\xf9\xd0\x90;l\xd8_5O\x9d<u06\xf6\
\xc5\xe7\x94\xbe\x13\xa3?\x12\x11\x11\xf1\xe2\xd2\xa5\xcb\xc1\
\xb4\x7f\xee\xb5m\xeb\xf6\x89\xdb\xb7\xed\xe8;l\xe8_\
\x9dq \x8ck\xb8\x878\x88\xab\xdc\x87Q\xf9\xbe\xf7\
\x19\xb2 \x13\xb2\xa1\x03t\x81N\xd9M\xd8G\x0d\xb4\
x\xd1R\x92O\xcf\xa0\xd8\x8a\x15\xabz\x5c\xb9|%\
\x00\xf3/\xd5}3G\x9d\x8d\xf1\xc8\x0f\x1f>$D\
?\x8b\x8e\xc7\x810\xae\xa56\xd7\x00<\xc1\x1b2 \
\x0b2\x95u\xc8\xb9\xbe\xa7\x8ct\xe9\xd2\x83T\xa2u\
\x15\xf2\xa3f\x8d:&^^\x9bz\xd0\xfa\xf8\xbf\x98\
\x98\x98\xd7\xe9Y\xff\x9d\xd2zp\xf0\x00/\xf0\x04o\
\xc8\x80,\xc8\xd4v\x1d\x9f\xa9w\xb4\xe2\xd9k\xed\xd6\
\x8e\xbc\x7f\xf7\x8e\xd6i\x85\x8bL\x9f>\xb3\xf6\x81\xfd\
\x07=\x02\x03\x83\xce\x84\x86>\x88\x8a\x8d\x8d\xfd\x82\xfe\
\x19?.\xfd\xc3\xbc\x95\xaf\xcc'\xa0\x1cq\x10\x17i\
\x90\x16<\xc0\x0b<\xc1[YVn$\x91B\xb7Z\
\xb5\xea&\xee\x07D\xbb\xa6\xc5\xbau\xedY\xd6}\xb2\
Gk/\xcf\x8d\xa3\xe9\xf3\xbe\x8c\xb6U\xb6\xfa\x9f\x0b\
\xd8\x87\x03a\x5c\xc3=\xc4A\x5c\xa4\xe1\xf7\x03\xaa\xa5\
\xf8n-\x12\xe5\x9d\xbd\x0a\xd0\x87F\xf94*a\xc2\
\xf6n\xc4\xb8,\xad\xaf\x89\xd2~*\xfah\xa3+\x0e\
}\xfe:\xe2 .\xd2 -x\x80W^'##\
\x11\xa9VQF\xcb\xae\x1d\x9b\x87\x83w\x95\x94\xf6M\
p\xa0\x8f\x82k\xb8\x878\x88\xab#\x1d\xe9HGY\
Mi\xb7B\xa6\xb0\xff\xaczFl\xce\x91\x81\x5c\xee\
\x83_Zm{\xe0W\xe1\x8a@\xe9H\xe0~\xdd\xf9\
\xdfx\xee\xd7%\xbd\xbf\x9f\xb9_\xb1\xeao\x1c\xf7k\
\xa4\xee7\x9c\xfb5L\xf6k\x84\xdf8\xa5_\xd6s\
U\xfb\x1b\xc7\xb6\xbd\x097J\xfc\xc5\x9bJ\xee\x93\xf4\
\xab\x87_\x0f\xa3\xcf\xdc/\x9cZ\xb0\xae\xc8g\xe2N\
;\x83D\x1cO\xe00\x02\xf6\xc0Q\x04qI\x00v\
q\xd8S\x07\x8e\x22\x14\xd8\x01C\x0f`\xa5\x07\x5c\xa9\
\x0d\xfa\xb8\x87n/\xe2\xe2\xed\x81\xb4\xe8}\x81'\xc1\
\x96<\xdc+\x94\xe9\xc0\xbd=9\x07\x11\xe8\x1d\xc1A\
\x04\xbb\xa1\xafA\x1b\x13oV\xec\xd6\xbc\x98(\xf9\x89\
h\xad\xf3\x13\xa1#\x1d\xe9HG\xbf\x22\x95/U\x81\
T\xa8^\x898\xda\x97#\x0e\xf4\xc0/\xceq=/\
\xcb\xd2\xca8\x87\xc27\xe8\xba\xf5\x1b\xd8\x0b\xbal\x99\
\x8a\xf8\xb0n\x88s6\xbfPb\x93'ee|\xbc\
CD,\xcb\x9a\xd3>\xac\x8c\x88\x046\xc4\xdaZD\
\xa6zL\xc3w\x12\xd9\xc1\x03\x876\xdd\xbe}\xe7:\
~q\x8e\xeb\xe5\xcd\xb47o\x04\xbcR\x93\x05]\xa0\
\x13t\x83\x8e\x22Q\xf6\xf5\xab\xf1\xcd\xb5j\xd5\x1aD\
(\x90\x90Y3\xe7$\x8eo+n\xeb\xed\xd9\xb3w\
\x11?W\x01\xbf8\xc7u\x99\x16\xf3T\xc1K\xad,\
E46\x1e\x0f\x1d\xa1+t\xce\xea\xf9]R\xc57\
\xdc\xf1\xe3&\xb0r\xfd\xe7\xb0\xe1u\xf6\xee\xdd\xe7\xbe\
~\xbd\xe7\x82\xf2\xe5\x9cP\xc6\x0b\x1c=r\xf4\x88r\
;\x15\xe7\x88+\xd3\xe2~\x9d\x0a^\x86jd\x15\x80\
.\xd0\x09\xbaAG\xc4\x9d0\xfe\x1f.\x7f\x05Y3\
\xe7A*L\x9a\xd3\xd1\xadk\x8f\xd2\xb4<{\x85\x85\
\x85\xbf\xc4\xf8\xe8\xd5+W#\xaaT\xae\x8aF\xba\xc1\
\xe1\xc3G~\xd0\x19\xe7\xd0\x0f\xf3\x9f\xb5\xa7\x0b\xe3e\
\xa8F\x96\x01t\x81N\xd0-,,\xec%t\xed\xde\
\xadGi~\xde\x81H\xcb>\x9a\xf8\xf5\x07\xe0?v\
\xecx\x17\xac\xef\xe4\xe7\xf9q\xfb\x80\x5c\x0b\xcbu\xf8\
P\x9d\x92\xe6\x8d|\xc3\xf7\xf9\xab\x03\xfa\x0frI\x9a\
\x9b\xa1\xbd\xf2\xec\xeb\xef\x875\xab\xa4m\x9b\x0eU/\
_\xberG\xf5{an\xc7\x87\xff~\xea\xe3\xe3{\
\xdb\xcd\xad]\x95iS\xa7\x93\x13\xc7\x8fi\xa7>\xa6\
e\xa7y\xb3\xdf0\xael\xea\xe7w\xee\xa4r\xb9\xc9\
K\xf8\xf0\xe5\x88\xdap\xa2B\x85J\xa6\xcd\x9b\xff\x96\
\xae\xb5\xcd\xea\x89\xdb\xd7b\xd9\xd2\xe5#_\xbf~\x9d\
\xe2\x87\xb8\xbc\x82\x0f\xe7\xff\xe3\xf5\xf7e\xcbV\x8c\xe4\
\x9e3\xbdL\xb6\xc3\xecH\xc3\x06\x8d\xb1\x0f\xbb\xf0\xc2\
\x85\x8b\xd7\xd5\x8d\xa5\xe4%|@\xb0\x85\xda$\x80m\
Ri\xc6\xe7I\x09h\xf9\xbbt\xe9\x12\x993g^\
\xb7\x97/_~\xfbY\xf0\x81-s\xe7\xce\xeb\x06_\
\xcbBI\xc6\xdbDBn\xaet\xbe\xfd\xfb\x0f\xacW\
\x9d\xcb\x90\x97\xf1\x81-\xb0\x09\xb6\x0931\x1f\x9c\xb6\
\xb3H\xd1\x22FF\xb4\xde\x0fHm\xac2\xaf\xe1\xc3\
\xf9\xa0\xf0\x0d\x80m\xb01\xa3\x04\x7f\xe4\xd5\xaa\xd5\x14\
\xdc\xbau\xfb\xde\xcf\x86\x0fl\x82mN\x99X+[\
\xa1\xbc\x13\xad\x9b\xabJi[4\xfcg\xc3\xe7\xea\xd5\
\xaba\xce\xceU\xa5\x15*d\xa2\xfcT\xacL\xcbO\
\x0d\xe1\xad[\xb7\xee\xff|\xe5\xe7\xd6\xfd\xea\xd46\xd8\
\x98Q*\xedX\x8e\x9402.I\xeb\x9f\xf3?\x03\
>\xcc\xff\x8b\xa2\xed\x0f\x9b`\x1bl\xcc\xd88\x86\x0d\
i\xec\xda\x94T\xabR\xc3\xee\x9c\xdf\xb9\x07y\x1d\x1f\
\xf4/\xc2C\xef\xcb\xbf~\xe5\xe6e\x9d\xf3\xf3\x7f\x00\
\xdb`cF\xe7\xaf\xa3\x8d\xb9|\xf9\xca\x11\xca\xfeR\
\xf2r\xf9Q\xee7\xc2&\xd8\x96\x91\xfd\xf6$\x02\x09\
\xa9\x5c\xa9\x1a1.e^2  \xf0\x5cZ\xdf\x22\
s;>h\xef\xc4<}\x22W\xedW\x07R\xdb`\
#mK3\x9b5~\xb6\xa422y\x92\x07\x81\x0f\
\x8b\xc7\xe1\x8f\xdf\xe6u|0\x7f\xf3ull2|\
`\x1bl\x84\xad\xe2t\xccY\x14\x89%\xec\xd9Z\xbb\
f\xdd,u\xf3a\xf3\xfa\xfb\x8b\x9f\x1f\x0c\x1b\xd9\xc4\
\x01\xb1\xe6\xe5\x07\xf5\x95A\xfeB\xc5\x03\xfc\x03\xfc\x94\
\xf9]\xbf~\xe3\xe5\xc3\x87\x8f^\xe4U|\xa8\xee\xb1\
\xb0A\xf9\x1a\xb5\xd1\xb7@\xfe\x82\xc55\xad\xa3\x8d\x8c\
\xc4\xa4W\xaf\xdelmXh\xe8\x83g\xcae\xf4\xc0\
\x81\x83\x9eS\xa6L\xebt\xef\xee\xbd\x08\xe5\xfeX^\
\xa8\x7f\xee\xdd\xbb\xf7x\xea\x94\xe9\x9d\xa8\x0d^\xca\xf3\
\xa5ac\xb7n=\xca\xc3f\xd8\x9e\x165\xae)\x22\
kV\xaf%cF\x8fk\x1f\x13\xf3<qB\xee\xbb\
w\xef\x12\xd6\xacY\xd7\x0fe\xb1o\x9f\xfe\xf5\x02\x03\
\x83N\xbe~\xfd\xfa\x0b\xe7S\xf6ZD\x15\xe7\x5c\x84\
\x0f\xd5\x05:)\xc6{\xbe\x04\x05\x06a\x1dH=\xce\
\x87\xc9\xda~\xb0%q\xdd&\xb5q\xec\x98\xf1\xeda\
3lO\xf3\xd9\x12\xda(|\xa1\xac\x9d\xa8\xbc\xa6\xf4\
\xf1\xe3\xc7q\x83\x06\x0e\xa95l\xe8\x9fd\xed\xdau\
\xa4J\x95\xea\xa5\x16-Z\xd2\xe9\xf8\xf1\x13\x1bW\xae\
\x5c\xbd\xa3\x5c\xd9\x8a\xd8\x04\xd6\xe0\xc8\x91\xa3G\x95u\
\xc6yV\xe1\xa3F\x96\x01t\x81N\xd0\x0d:B\xd7\
uk\xd7\x93\xa1T\xf7A\x03\x07\xd7\x86-\xcak{\
\xd7\xac^7\x91\xd5A\x1a|cQ\x8c\xc5\xe7\xdb\xb5\
k\xf7z\xe5\xb1\xd4K\x97.?\xa0}]1\xd6,\
EEE\xc0\x87*\xa1\xcf\x19\xe2b\xbeo\x11K\x0b\
!\xdb\xc3`\xe7\xce]\xeb\x94\xd7\xe8\xe3\x1c\xd7\xc5Z\
\xf41\xa3\xe0\xa5V\x96B\x17lz\xab\x0f\x1d\xa1+\
t\x86\xee\xb0\x01\xb6(\x8f\xb9\xc2V\x0c&j\xe2G\
O\xb1\x16\xc5\xf0|p\xc8!\x15\x9fq\xc1\x8e\x0ee\
K\xf0\xedq\x89DF\xa4R\x1bn\xbfj\xa1\x8c\xfd\
\xee\xdc\xb9\x9b\xfc\xf9\xe7\xf0J4\xdfN\xd3\xe7?\x06\
\xbf8\xdf\xb9c7\x11I%Z\xc3\x07\xbc\xc03E\
YT\x07e\x9d\xa0#t\xe5\xfbK\xb0\x01\xb6(\xdb\
v\xfe|\xc8!\xd8\xac\xc9\xfc|E\xf9)z\xf2\xe4\
)_\xe5v\xe7\xee]{0\xe0_H\xa6f<R\
\x22\xe1\xcaGd\xc4cbjbQ\xaaF\xf5Ze\
\xf1\x8bs\xe5\xfb\xda\xf9\xfe\x9e1Y\x8a\xfd,\x0b\xed\
\xde\xb5\xfb\x98r[\xe8\x14\xb5\x156K4\x18\xaf\xc7\
\xbe\xe5x\x8d\xfd\xf7\xdf\xb1 \xe5w\xd7\xb6\xad\xdb\x0f\
\xe0\xdbdj\xbe\x98\x84\x8a\xe7\x17\xfe\xc1\xaa8W\xe7\
}\x94%^\xd7&eD\x96B\xf7\x02\xb0E\xf9\x1d\
\x06[a\xb3\xc2\xf6,\xc3'\xb7\x93\xa2^\xa7\xf8l\
S\xc5'PS|\x14\xdf\x84\x8a\x9e:u\xda'\xa5\
\xe7\xcbFb\x97g\xf1\xb1\x910_\x06\x85h}|\
\xfc\x87\xe7\x8b\xda\x0a\x9b\xc5\x1a=_\x5c\xfd\x1c\x12r\
\xe1\xa0\xcax\xd2y;\x1b\x87\x92\xf6\xb6yw\xcd\x09\
t\x87\x0d\xb7n\xde\xfaa<\x0b\xb6\xa6\xb3~\xc6\xdc\
\x91\xb5\xca\xef\xf7\x1b\xd7o<jP\xbf\x91\xd4\xc5\xa5\
a\x9e\xc5\x07\xba\xc3\x06\xd8\xa2\xfc~\xdf\xbbg\xdf\x1a\
\xd8\xacI\xfd\x8cw\x22\xdaJ\x1b\xd6{\x8eSn\x1f\
>{\x16\xfdv\xc4\x88\xd1.\xb4\x8d\xae\xd5wQ\xb6\
\xd5=\xb4\x7f\x0e\xdda\x03lQn\x1fn\xd8\xe09\
\x8e[g\x9b\xb6]\x02\x0b\x19Y\xb9b5\xf6Wn\
\x15\x13\x1d\xf3Yi\xcd\xb2|\xe1\xc2\xc5\x7f\x82\x8f@\
$\xc8s\xf8X\x0b\xadY\xbe\xc3\x06\xd8\x92\xd4\xbf\x88\
\xf9\x0c[a3lO\x8b\xb0/}\x93\xc6\xcd\xb1\xbf\
\x88\xc3\x8d\x1b7\x22\x94\xfbx\xb4^\xdb\x8d\xfa\xdf\xa4\
\x94Y\xb6\xceY\xcbt{\x92\xea\x0a\x9d\xa1;lP\
\xee[\xdf\xb8q3\x02\xb6\xc2f\xd8\xae\xd9wS\xd6\
\xd6-t\xfc\xd8\x89#\xca\xf5\xfc\xad[\xb7#\xbat\
\xeeV\xba\x7f\xbf\x81\xbc\xcf\xaf<\xf2l\xd9\x11\xe8\x0c\
\xdda\x83\xf2{\x99\xb6\xbb\xd1\xa7-$L\xc7\xf8\xa1\
\x95\x89\x05W\x16\x17,\x1a\xa1\x5c\x16\xdf\xbf\x7f\x9f\xb0\
l\xd9\x8a\x0c\x8d\xd9\xe64\xb19(Tw\xd8\xf0C\
\x9dAm\xc4=+SK\x8dya~\xdf\x80\xfe\x83\
0\x06T\xe1\xc1\x83\x87OU\xfa*!U\x9dkX\
\xa0<J\xc4\xb9\xbf\x9e\x86\x8e\xd0\x15:Cwe[\
\xa8mO\xbau\xedYa@\xff\xc1$=\xf3#\x1d\
\x1c\x1c\xe8\xc1|\xd9\x19\xec\xd9\xb3o\x93\xf2\xbal\xf8\
\xd9X\xb4p\xf1\x90\xbcT\x86\xa0+tV\xf6\x11\x02\
\x9b\xe8{\x1d\xfb\xe0\x18\xc0G\x1elN\x0f\xb5m\xeb\
F\xa6L\x99F\xfe\xe8\xd5\xa7q\xe8\xfd\xd0\xb8\x1f\xdb\
S!7\xff\xf7[+[\xec\xb7V\xa1\x5c\xa5\x5c\x8b\
\x0bt\x83\x8e\xd0\x95\xb6\x01\x7f\xf0\x93\x05\x9b\xa8m\xae\
S<\xa6\x92\xff\xb5o\x9d\xfe\xf7\xa1\xb5\x03\xb1\xb4`\
~\x15\x0bn\xdf\xbes\x9br[Q\xe1wz\x05\xde\
\x07\x02k\x89\x96\xe6\xa9i\x97\xa0\x13t\x83\x8e\xd0U\
\xd9\xa7\x0dl\x81M\xb0\x0d6\xdaY\xd9gH\x86\x93\
SU\xb2`\xfeB\xf8\x95\xaf\xfd\xf0\xe1\xa3he\xfc\
\xa3\xa2\xa2\xdeO\x18?\xb1'\xff\x9cI$\xb9g\xff\
v^\x17\x85\xcf\xa5\x9e\xd0Ue\x9c>\x1a6\xc16\
\xd8\x98\xf1v\x83\x0d13\xb3bcukV\xaf\x9d\
F\xeb\xfb\x04\x15_na#G\x8e\xa9\xbbs\xc7.\
\xae\xffg\x9d\xf3\xef|^\x07\xe8\x04\xdd\xa0\xe3\x8f\xfe\
J\xde&\xc0\x16\xd8\x04\xdb2\xeb\xbb\xc1\xd9\xb9*\x1b\
\x9f\xacP\xce\xc9\xe2\xc4\x89\x93gU\xe7\xaf^\xbf~\
\xe3r\x8b\xe6\xff\xab\xb8b\xd5*\xae\xad!\xce\xb9g\
\x8d\x97\x0d]\xa0\x13tS\xfd\xbe|\xf6\xcc\xd9\xb3\xe5\
\xcaT\xb0\x80M\xb0M\x1b\xe4\xef\x17H\xe6\xce\x99\x8f\
\xbd*\xeb\x5c\xbbv\xfd\xb1\xaa/\x15\xfa\x1e\x08j\xd6\
\xa4E\x05\xfaL+\xca\xb7]\x0e<S\x9cL\xe8\x00\
]\xa0\x93\xaa\x8f\x98\xbbw\xef>\x1e;v|\x1d\xf8\
\xf2\x0a\x0a\x08\xd2^]'N\xf2\x93:m\xea\xf4\x9e\
11\xcf\xdf\xa8\xfa\xd2\xa2yuq\xec\xd8\x09\xb5\x11\
G\xc4\xbe\xdfWM\xb7\xef\xc8\x0c\x8dYP\x19\x90\x05\
\x99\xdc\xfc\xfe\x09\xb5\xa1\x8b\xaa\x8f1\xe8<u\xea\xb4\
\x9eI\xf3\xe7\xb5[\xce1\xdf\x05zP\xd2\xf7\xf2\xda\
4\xe6y\xcc\xf3O)|G}0i\xe2\xe4N4\
N~\xcc)gk\xb1\xb2\xf0y\xe3\xf7\xa5\x80\xff;\
\xc8\x9cHeC\x07U\xbd\xa0+t\x86\xee\xb0A\x9c\
E\xfe\x18\xf1\xcc\xd6\xa9\xc3\xf6\xd43\x5c\xb1b\x95\x07\
\xed\xfb&\xc3(222n\xdd\xda\xf5\xb3+9U\
\xb1<}\xfa\x0c)S\xa6<|Uj\xcd'\x1f\xf7\
,I\x18O|\xaf9s\xfa,\xf6\xca\xb0\x5cKe\
B\xb6\xaa>\xe8\x9fCW\xe8\x0c\xddaCVR\xad\
Z\xf5x\xbf=\x05\xd7\xaf\xdb0\xfe\xe5\x8b\x97\xefT\
u\xc2\xf7I\x9f\xb3>\xfecF\x8fm\x85x\xf0O\
^\xb1|e\x96\xd7\xb2L\xb4\x95d\x8a\xf2\x02^\x0a\
\x9f\xe7\x05!\xe3,\x95\xa5\xfcM4q\x9e3\xd5\x8d\
\xea\x88\xc5X\x05\xb1\xa7\x06t\xcfj200 \xb5\
j\xd6a\x07N\xe9\xbb\xb2\xff\xbd\xbb\xf7\x9e\xa5\xe4/\
\x0c\xfeLi]\xb8\xads\xa7n\xd8P\xa6\xe0\xfe\x03\
\x07\xd9\xbe0\x85\x0d\x8b\x12\x81\x8d\x88T.R%\xd5\
v=\xee!\x0e\xe2\x22\x0d\xd2\x82\x07x\x81'xC\
FJ\xfe\xc7\xa0\x13t\x83\x8e\xbc\xbe\xd0=\xbb\xa8a\
\xfdFx\xe7\xb3\xb0\x87\xc7\xd4&\x17/\x5c\xbc\x98\xd2\
\x5c\x18\xbcCh{\xec\xd5\xe9S\xa7w\x8f\x1f7\xa1\
C\xf5\xaa5\xd1\xa0\xd2;y\xe2$\xfa\xbfl\xcc\x13\
\xfe\xcf\xd1\xde\xc5\xb7m\x89b\xdft\x5c\xc3=\xc4A\
\x5c\xa4AZ\xf0\x00/\xf0L\xc9\x87\x19t\x80.\xd0\
\x89\xebc81]\xb3\x9b\x84B\x07\xb6\xe7\x05(,\
,\x1c\xbe\xb0e\xde\xde[\xd6DF>y\xa7\xce\xff\
\x1c\xea\x82+W\xae^\xa7m\xb7\x95\xd3\xa6\xcd\xe8\xd2\
\xa5s\xf7\x0a\xb4\x0e\xc1\xbaCl\x16\x8co\xc2z\x8a\
\x03\xe1\x82\xb8\x878\x88\x8b4H\x0b\x1e\xea\xfc\xd5A\
6t\x80.\xd0\x89\xb5\x89\xa8\x8e\xd05'\xfb9\xa0\
~\xfd\x06\xb0z\x9b\xbeC\xda\xd3z9\xe8\xed\xdbw\
j\x9d\xee\xa1\xef\x8c5\x10\x8f\x1e\x85E\x07\x07\x9f\xbf\
\x12\x18\x18t\xf8\xe8\xd1\xff6\xcd\x9d3o\x15\x0e\x84\
q\x0d\xf7\x10\x07qS\xf2\xed\x964\x8e\xf3\xee;d\
B6tP\xe8\x92\xab\xfa\x85e\x1c\xcb\x11\x0bs+\
Bu%U\xab\xd4\xb4X\xbbf\xdd\xdfW._\xb9\
J\xeb\xcd\xef\x9a\xf8\xec\xc3\x98'\xda,8R[\xeb\
\xa1\xf2\x1e\xf8\x0e\x19\x90\x05\x99\x90\x0d\x1d\xcadp\xce\
n\xd6\xb7a\xb9\xfcj\xd3\xa6={\xcf4j\xd4D\
\xe8\xe5\xb5q\xb0\xbf\x7f\x80\x0f}.\xde~\xfd\xf2U\
\x9eY\x02\x0f\xf0\x02O\xf0\x86\x0c\xc8\x82Le\x1dr\
3\xf1\xe5\x1a{\xc8Cws3\xab\x12\xee\xeeS\x1a\
\xed\xd9\xbdwN@@``\xe8\xfd\xd0\x17\xaf^\xbd\
\xfa\x8eo+\xaas&U\xfbK\x88\x83\xb8H\x83\xb4\
\xe0\x01^\xe0\x09\xde\x90\x91\xdb\x9e\xa5\xf4\x96'\xbc[\
\xd7\xad\xe3|\x1b\x94,aZ\x92\xf6\xe3\xaaN\x992\
\xad\x97\x97\xe7\xc69\xbbw\xed\xd9\xe5\xeb\xeb\xe7{\xf7\
\xee\xbd\xcb\xb4_p\x13\x07}7_\xc65\xdcC\x1c\
\xc4E\x1a\xa4e~\x13(/E\xfb\x22O\x94\x974\
\xc7\xfb\x99OE)11\xb1\xa4m\xdd*\xa4g\x8f\
?\x88\xff\xb9\x00\xde\xb7\x80A~}\xc3b\xe5\xcbW\
2)[\xba\x82\x05\x0e\x84q\x0d\xf7\x10\x07q\x91\x06\
i\xc1\x03\xbc~\x06\xdf\x8a\xea\xa8l\xd9\x8a\xb4_&\
$B\x81\x1d\xfb\xdeoo_\x86\xed\x93\xe2@\x7f\x1d\
\xec\xcb\xd2p9v\x0d\xf7X\x1c\x1a\xb7,\xb7\x97\x84\
\x8et\xa4#\x1d\xe9HG\xfc\x98)G\x19\x0a\x87\xbb\
\xc8\xe3\x0d\x15a\x1f\xb1\xfc\xb3>\x17\x86S\xc8\xcf\xc4\
\x85\x85\xe3X\xd8\x88\x85\xc3Y\xd8\x90\x85}XX\x9f\
\x85=XX/Y\x98\xb00~I\x82\x22\xec\x9e\x0d\
\xe1xE\xd8E%\xfcY\x11\x16k\x18\x8eS\x84\x8d\
4\x0d\xe7ga\x09\x0b\x1b2<\xc3\xb90\xc3Y\x11\
\x96s\x0e;S\x0bs\x0e2}R\x0d3\xbf\x9er\
\x0f\x84?+\xc2b\xd50\x97\xdbD5\x1c\xcf\xfct\
&(\xf0qa\xbe9]\x18\x86b\x8c\xb6+\xf04\
b\xbe;\xddY>B\xb9p\xc2\xe5/\x94\xf0\xe1\xf3\
Z\xce\x1c\x85r\xe5\xc1\x9d\xb2\xd4OVN\xe2\xe8o\
\xb8\xa2\xfcP\xb0&\x13E8\x9e\x15_\x97da\xb9\
\xa2X\xb3?\x18\x16\xd5\xe3\xcb*a~GY\x18N\
G\xc5\x8ap<K\xaa(\xdb\x1e\x88\xae\x08\xc71\x13\
2\xf9\x8c\xa0\x15\xda\x8b\x1e>D\xc9\x0f\xe9b\x9d\x1f\
R\x1d\xe9HG:\xd2\x91\x8et\xa4#\x1d\xfd:T\
\xc6\xb4\x0c\xd9Ej\x11\x89Eiv \x8ck:}\
\xb2\x9e\xb8\xf9<\xf9\xc8\xa4\x89\xee\x89{\x16!\x8ck\
\x92\x1c\x98[\x97\xdb\xf4\xc9J\xe2\xf6od\xae\x92\xf3\
w\xec\xd0\xa5\xc1\xf2\xe5+\xa7\xe3@\x18\xd7pO\x94\
\x8d\xdf\xb9r\x9b>\xda&\x07\x13G\x22.%#B\
K\x1bbfnN\xc4\x0a\xbf\xe3c\xc7\x8c\xeb\x1a\x18\
\x18\x14\xf3\xe5\xf3\x179\x0e\x84q\x8d\x8dod\xa3\xef\
qM\xf5\x81\xee\xb0\x01\xb6\xc0\xa6\xdcL\x98\x8b\x99\xdf\
\xa0\x00\xe6\xac\x91\xfe}\x07$>\xd3\x83\xd7\xf6f\xcf\
\xb3\xbe\x9e\x81\xf1\xb1\xff\x8e\xf9\xab~\x0b\xc65\xdc\xcb\
\xceg^S}\xa0;o\x07l\x82m\xb0Q\x9c\x8b\
\xd6\xd7`\xbf\xb5\x8a\x15\x9d\x89\xb5\xa5\x88D\x84?!\
\x06\xf9\x0b\x96l\xdf\xaec\x83\xd5\xab\xd7\x8e\xfa\xfb\xef\
Q\x13\xac,\x85\xc6X\xffijl.=s\xe6\xec\
#U{q\x0d\xf7$\xd9\xf8\xbck\xaa\x0ft\x87\x0d\
\xb0\x056\xc16\xd8\x08[a\xb3L\x94\xb3\xf3\xe6\xf9\
}\xe2\x1b5\xc2\x941\xbd\xa2\xbdz\xf6\xe9\xba}\xfb\
\xce\xd3\xa1\xa1\x0f\xe20\xbf\xe1\xf8\xf1\x13\xe1\xd4\x16\x19\
g\xaf\x99\xf4\xf4\xe93\xc9\xec\xc55\xdc\xd3d\x0d\xbc\
\xf6\xf0\x97j\xa0\x0f\xcb#\x19l\x80-\xb0\x09\xb6\xc1\
F\xd8\xea\xcal\xa6\x18X\xe5L\x1e\xc8\x04\x5c}\xbd\
c\xe7Nbfji\xeb\xb9\xc1k\xd3\xe3\xc7\x8f?\
(\xcfQR\xc66\xef\xe1\x9f<\x0el\x83\x8d\x9e\x9e\
^\x9b\xccM\xacl\x16,Z\xc4\xbd\xcf\x85\xd9\x9b\x07\
\xe6\xe6\xdc\x9a\xc5]{\xf6\xc2\xa7R\xa5\x0d\xeb=\xcf\
\xbd~\xfdZ\x9e\x1e[\xf2\x22\xfeI\xbe\xb8\xe3\xe4\xeb\
\xd7o\xf0k\xd1\xfc7\xa7M\x1b\xbd\x14\x98Xe\xd3\
{VLV\xaf\x5cKZ\xb7jK\xccL,\x1d\x0e\
\xec?\x18\xa0n\xde\xe6\xcf\x8a?\xbf\xb6\x83\xb6Y\x03\
\xcc\xcd\xac\x1d\xdcZ\xb5#+\x96\xaf\xc9\xf2}>\xb8\
g\xcd\x86\xd4\xad\xed\x02_u%\xd7\xad\xdb\xb0;\xa5\
r\xff+\xe0\xaf\xf0Q&_\xbf\xces\x97Xl[\
\xb2n\x9d\xfaD,\x92d\xa9\xde%K\x9a&\x86G\
\x8d\x1c=\x22666\xd5\x89\x99?;\xfe\x8a\xfd\xd3\
\xbf\x8e\x1a9fDJ\x18i\xfd\x9d+\x91\x91n\xdd\
z\x92&M\x9a\x979q\xe2\xe4\xfd\xb4\xe6\xbc\xfe\x0a\
\xf8\x83\x80\x050\xe9N\xb1\x91e\xe1\x1e\xe6%\x8a\x1b\
\xe3Go\xe2?\x93\xa6\xbe}\xfbN\xae\xc3?q\x1e\
\xbe\x1c\x98\x00\x1b#\x0e#\xed\x8f)88\x90\x9a5\
\xeb\x10\x99\xccNp\xf4\xc8\x7f\xd74\x99\xf3\xfd\xab\xe0\
\xcf\xf6\x98:\xfa\xdfU`\x03\x8c\xd2\xeb\x93@\x13\xb2\
4\x11\x93\x993g\x91>}\xfa\xb5\x89\x88\x88\xf8\xa4\
\xc3\xffG\x02&}\xfb\xf6o3s\xc6,\x86\x95\xd6\
\xc7\x19\x14k\xe7\xe7\xcf[8O\xd9?\x94\x0e\xff$\
\x7fR\xc0\x86a%\xd6\xbe\xcf\x03\x09\xe7C\xaf\xf0\xca\
\x15\xab\x8e\xa6\xb4\xd7\xd3\xaf\x8e?0\xa1\xd8\xc0\xe7P\
\xe1\xacX3\x02\x9e\xc5\x8b\x954\x0f\x0a\x0a\xbe\xa2\xe9\
\x9a\x9f_\x09\x7f\x10\xb0)F1\x12e\x11\xfe\xc6\xa5\
\xcc$g\xce\x9c}\xa0\xc3?e\x026\xc6\xc6f\x12\
q\x16\x8c\xa5c<\xdc\xd4\xc4\xdc\xe6\xd4\xa9\xd3a:\
\xfc\xd5\xd9{\xfa\x91\xa9\x89\x99,+\xfco\x81\xa7I\
)S\xb1\x8f\x8f\xef}\x1d\xfe)\x13\xb0\x01FY\x81\
?\xea\x9f\x82\x05\x8b\x98\xf8\xf9\x9d;\xaf\xc3?e\x02\
6\xc0H\xdb\xef_\xf8\xa9\xb2\xb4`\xbe5\x8b\xce\x9a\
9\xfbDjk\xb2\x7f\x15\xfc\xbfQ\x0c\x9eGE%\
\xae\xb3\x05&\xc0\x06\x18\x01\xab\x8c\xfa\xf6J\x89\x04\x12\
\x09[wZ\xa6ty\xa7\xff\x8e\x1e{\xac+\xffr\
\xf9\x17\xf8\x16\x0a9O\xdb\x9dIe\x11\xd8\x00#\xf8\
\x1c\x11h\xd1W\xaeP1\xae:q\xe2\xe4\xa9/_\
\xbe\x94\xeb\xf0W\xbb\xbf\xa5\x1c\x181\xcc\x84\xda\x19\x8b\
\x86\x9f3\xa9\xd4\x1e>\xf5\x04\xbe\xbe~\x1a\xb7\xfd\x7f\
f\xfc\xe3i_+A\xcd7'`D\xb1\xb2\x96I\
\xed\x88X\x9c\xf9\xef\x92\x22\x89\x1dY\xbdj\x0d\xe9\xde\
\xadW\xe7\xf0\xb0\xf0\xcf:\xfc\xe5\xf2{\xd7\xaf\xc9#\
\x1e\xa6\xdc\x0d\x02F\xc0j\xd5\x8a\xd5D\x22\xcb\xfc;\
\xc0\xd2\xdc\x1a?\x05\xe6\xcd[\xb0Y\xd3q\x9f\x9f\x1d\
\xff\xaf_\xbe\xb0C\xfd8\xd0\x82\xcd\xc0L\x81]\xc6\
\xbf\xb7\xc8d\xd8\xa7\x90\xc8\xa4\xb66\xc7\x8f\x9d\x08M\
\xaf\xcf\x91_\xad\xfe\xe7\x09X\x013\x86\x9d,\xe3m\
Q\x81@F\xa6O\x9fI\xfe\xf8\xa3O\xfb\xf0\xf0\xc7\
\xc9\xea\x9e\xe8\xe8\xe8\x84\xd4\xf6q\xfb\xd9\xf1\x87\xed\xc0\
 Y\x1dD\xb1\x02f\xc0\x0e\x18f|\xae\x03\xb7g\
\xc3\xbc\xb9\xf3\x17\xa6T\xf7\xac]\xbb.h\xfb\xf6\x1d\
\xc7U}*\xfe*\xf3\x1f\xb6o\xdfy\x0c\x18\xa4T\
\x07\x013\xa2\xe1\xdeNi\xe0ot\xe0\xc0\xc1\xb3\xaa\
\xfe|\xe2\xe2\xe2\xd0\xdf\x18'\x14H%{v\xef\xdd\
\x17\x15\x15\x95\xf0\xab\xe0\x1f\x15\xf5\xec\xfb\xde=\xfb\xf6\
\x8a\x84R10\x00\x16\xaa\xfe\x8d\x80\x19\xb0\xcb(\xfe\
\x12IY\x826\x94\xa5\xb9\xc0\x91\xea\xf08\x05\x9fl\
o\xfb\xf7\x1f\xd8x\xf4\xa8\xb1\xc4\xb0@a\xf3I\x13\
\xdd\xe7<|\xf8\xf0\x85\xf2\xb7\x016\x97\xb2T\x1e\xc6\
\x9f\xea\xae<G\x14\xb6\xc1\xc6\xc9\x93<f\x1b\x1a\x14\
6\x83\xed\xfd\xfb\x0dl\x1c\x19\x19\x99l\xaf\xd13\xa7\
\xcf\x86\xd3~\xb0#0\x04\x96\xe9%+K{2a\
\xfc?\xa4g\xcf\xdeM\x1f>x\xf8^\x95\x7f@@\
\xe0=\x89\xc8FR\xaeLE\xa2\xd8\xfb\xcc\xa0w\xef\
\xbe\xae;w\xec\xdcr\xf9\xf2\x95\x88\xd8\xd8\x17\xdfv\
\xef\xda\xf3\xc8\xcc\xc4Bi\xfe\xe7\xe9G)\x8e\x19\xe6\
\x18\xfe\xa9\xe9##\xd0\x1d6\xc0\x16\xd8\x04\xdb`#\
l\x85\xcd\xe5\xcaV\xc0\xb8\xb0\xd4\xdf?\xe0~\xf2=\
/\x1f\xbe\x07v\x13\xc6OdX\xa6\xfb{#\xedw\
\xed\xd9\xb3\x0f~\x1c\x07={\x16\xfd]\xd5'\xdd\x86\
\xf5\x9el\xacC,\x90\x92\xfa\xf5]\x89\x0dm\xeb.\
_\xbe\x12I\x0d\x1b5l\x5cn\xd0\xa0!\x9d\x9a6\
i\xd1\x87\xf6EJ`<\xca\x84\xdat\xf6\xac\xcfC\
U=q\xcdDao\xf6\xe1\x9f\xb6>\x0a?\xee%\
`\x03l\x81M\xb0\x0d6\xca\xa8\xad.\xf5\x1a\x12\x11\
\xb7'XQ`\xa1\xea\x9b\x0f\x98\x01\xbb\xdd{\xf6\x12\
I\x06|uc\xafA\xcc{\x9f;g\xde\xcc7o\
\xde$\xf3\xcd9s\xc6\xac\xb54Z>\x89b\xdd\x84\
\x83\x83#1-f\xcc\xf6K\x81\x0f\xdb\xf5\xeb<\xc9\
\xe2%\xcbI)c\x01\xef\xc3\xad\xc4\xb6m\xdbO)\
\xbfG\x10\xc65\xdc\xcbN?o\x9a\xea\x03\xdda\x03\
l\x81M\xb0\x0d6\xc2V\xae\x8ef\xb6\xe7\x03\x16\xaa\
>E\x81\xd9\xdc\xb9\xf3g2\xbf\xd3\x19x\xb6\x15\xbe\
\x8e\xf3\xed\xdb\xb7\x7f\x83\xea\xbb\x17\xf5\xe0\xc6\x8d\x9b'\
\x81\xb7\xa3\xe3\x8f\xebB,-\xb9\xb9\xb9\x18\xff\x90\xd0\
<\x94\x88$\xcc/\x1a\xe2\xf6\xeb;\xa0\xc5\xa9S\xa7\
\xef=\x89|\x92\x80\x03a\x5c\xc3=\xc4\xc9.\xd2T\
\x1f\xe8\x0e\x1b\xf8\xb1\x1c\xde6\x9e`;\xe2\x02\x0b\xd5\
o\xe2\xc0l\xff\xbe\x03\xd8\xdf2\x9f4\x03{\x10(\
\xf6\x0c-\xe0\xe9\xe9\xb5Ou~\xed\x93'O\x13\x86\
\x0d\xfbk\xd0\xb1\xe3\xc75\xda\xfbGi\xdf,\xbdJ\
\x95\xaa\x94\xef\xdc\xa9\xeb`\x1c\x08\x13\xce/k\xb6\xee\
\xad\xa5-}`\xfbq\x8a\x01\xc5b00Q\xf5K\
\xeb\xe5\xb9q\x1f0\x94d`\x9fF)\xf7\x8c\x16Y\
\xb5r\xf5qU\xfc\xef\xdc\xb9\xf3\xad\xbeK\xc3\xae\xed\
\xdauH\xd78\x1e\x96\xb65j\xd8\x84\xbdWp \
\x8ck\x99\xdd\xcb \xa3\xe3\x8a\xda\xd0\x07\x18\x00\x0b`\
\xa2\x8a?\xb0\xc3|\x08I\x06\xf6\xe8\x95\x0a\xb8w\xcb\
\x8a\xe5+N\xa9\xd6?\xf7\xee\xdd\xfb\xd2\xd8\xb5i\xfb\
\x0e\x1d;\xa5\xb3?- Bk\x01\xb7\x0f+=\x10\
\xc6\xb5\x9c\x22m\xe8\x03\x0c\x80\x050Q\xad\x7f\x80\x1d\
0T`\x99\xe3\xf8\xff\x8c\xa4\x11\xfe\x19\xd8;\x95\x9f\
o\xb5j\x95v\xea\x9f\x9f\x95\xda\xb5e\xf5O\xb7\x14\
\xeb\x9fU\xab\xb17k\x86\xe6c\x89\x85\xec\xbdZ\xc0\
\xcbk\xe3\xde\x14\xdf\xbfC\xff\x1a|\xfc\xf8\x89,\xdb\
\x13\x22/\x90\x90\x96k`\x00,R|\xffR\xec\x80\
\xa1X\x94\xfe\xf6\x8fL\xc0\xbe\xdd\xe4;\xb0\xff\xe0:\
\xd5\xfa\x07\xdf\x9a\xe9\xbb\xdd\x9d\xed\xeb \xb3\xfde\xf1\
\x97(\xd6q\x03\x0b\xd59\x09l\x0c\x88b\x07\x0c\x15\
X\xa6\x8f\xb7\x98k#\xcf\x9f\xbfpZJ\xfd\xaf\xd9\
\xb3\xe6l\xa0\xd1\xf43\x92\xb7?\x0b\x898\xdb\xf5\x81\
EJ\xfd\xaf\x05\x14\xbb\x8c\xeee\x83:k\xeb\x96\xad\
\xf0/\xdd7:::^5oO\x9e8y\x86F\
+.\xd2\xd2w\xe6<\x89?g{q`\xa1ZG\
\x003`\xb7u\xcb\xb6\x0c\xf9p\x17K$d\xe2?\
\x93\xb1\xbe\xb4\xd1\xa3GaoS\xf8\xce\x1cF\xf9\xda\
\x97.]^\xe3\xfdW\x7f&B\xdf\x17\xb6\x8bE6\
\xf6\xc0B\x15\x1f\x8a\xd9\x9b\xbe}\xfb7\x9c4q2\
\xc32\xfd\xe3\x0fb\x22\x93\xda\xc3\xc7\xbf\xec\xcc\x99\xb3\
\xa1\xc9\xbf\xf1\x84\x7f\xec\xde\xad\xa7\xdb\xb4\xa93\x88e\
\x19\xc1/\x87\xbf\xb9\x83%\x81\xed\xdd\xba\xf5p\x03\x16\
\xc9\xc6\xf1\xce\xf8\x84\x9a\x99Z\xc9\x80aF\xd7\xa5*\
\xc6\xed\x8a\xacZ\xb5\xe6\xc8\xb7o\xf1\xc9\xd6^\x8e\x1b\
;\x9e\xad7\x10X\xfcz\xf8\xf36\x03\x03\xd55\xb8\
\xc0\x8abv\x18\xd8I2\xd1\xb7\x17\x89\xb8\xbd\xdb<\
<\xa6N\x8e\x8b{\x93\xec\x1b\xdc\xf6\xed;\xcec;\
D\x81@B\xe3\x8a\x7f\x19\xeca\xab\x80\xed\xeb\x9c\xcf\
\x0c\x18\xa8\xe2\xf2\x86b5\xc5c\x1a\x1b\x9f\x94Xe\
|\x5c\xd7\xde\xbe4i\xdf\xae#i\xda\xa4y\xc3\x1b\
7n\xc4\xa5\xf0\x9d\xf9\xdd\x80\x01\x83~[\xb4h\x09\
1-\x95\xff\x97\xc1\x1f\xb6\xc2f\xd8\x0e\x0cTq\xb9\
q\xe3f\x5c\xb3&-\x1avh\xd7\x89\xd8\x8a3\xb7\
\x16\xcf\xd1\x81\xf9C3\xd9\xbdkO\xa0\xea;\xfe\xd3\
\xa7\xcf\xf2E\x0b\x17{\xa2\x8f\x819\xa7\xd9\xb1\xfe>\
\xa7\x096*\xe6\x22\x17\x80\xed\xc0@\xb5m\x08\xac\x80\
\x99\x02\xbbL\x91\xb5\xb5\x98\xab\x83\xdc\xa7NV\xde\x13\
=q/\xd9KW\xa2\x9a6n^\xad{\xb7^|\
{\xf8\xa7o\xf3\xc3V\xd8\x0c\xdb\x93\xaf\x05~+\x07\
V\xc0\x0c\xd8e\x96\xec\xed\xedH\x87\x0e\x9dI\x8b\x16\
\xffs\xbe|\xf9\xca\xd3\x94\xe6\xc0,]\xba|9\x8d\
\x9a\xbfh\xb1\x92?\x9d\xef\xba\x1f\xfb\xa42\x02\x1ba\
+lNi\xee\x130j\xd9\xe2w\xe7\x0e\x1d:\x11\
\xda\xf8\xc9\xb4\xcc\xe2\xc5\x8dI\xc9\x92f\xecy\x9b;\
g\xde\xc6\x0f\x1f>$\x93y\xf1\xe2\xa5gu\xeb\xba\
\xd4\xe9\xfdG_R\xb1R\xd5\x9f\x16\xffJ\x15\xaa\x12\
\xd8\x08[a\xb3*\x0e\xc0\x06\x18\x01+c#3\xfa\
\x8e\xd6\x8e_\xa0\xd2\xa5\xcb\x90\xce\x9d\xba\x92zu\xeb\
\xbb\x06\x07\x9d\x7f\x95\x5c\xeeG\xf9\xbau\x1b\xb0\x99u\
1KsA\xb6\xfb#\xca\x9e\xbe.\x9b\x8b\x83`\xb1\
\xf5\xd4V\xd8\xacJ\xc0\xa6^\xdd\x06\xae\x9d;v%\
\xa5\x1d\xcbj\xef\xb9\x93\xc8\x88\xb1\xb19\x82\x85f\xcd\
\x9a\xb3%\xa5g 22\xf2\xd3\xe8Qc\xfb\xf3\xfb\
\x08k+\xefsE[_a\x0bl\x83\x8d\xd4\xd6\x8f\
)\x95}`\x03\x8c\x80\x95\xb6\xc7\x85%\x22G\xf6\xde\
i\xd8\xa0q\x9d\xcb\x97.?S\xb3\xfe)\xb4a\x03\
\xd7*\x83\x06\x0e!G\x0f\xee\xca\xd0w\xff\xdc\xf7\xbe\
\x952[`\x13l\x83\x8d)\xd9\x0eL\x80\x0d0\x02\
V\xda\xd7CD\xcc\xcd\xd8\xf7\x7f\xfdy\xf3\x16\xccI\
i\x1d\x0c\xe6D.Y\xb2\xec(\xed\x97XTq\xae\
N\x9c\xe9\xbb 3\xf3\x7fs\x9a\xa0;l\x80-\xb0\
\x09\xb6\xa54\xd7\x15X\x00\x13`\x03\x8c\x80U\x96\xb4\
}i_\xba\xb4C9Z\x0f\x0a%\xfb\xf6\xed?\x9f\
\xd2~\xa0\x98\x0f\xbch\xe1\x92\x154zQ\x07\xbb2\
y\xfa\xfb\x0ct\x87\x0d\xb0\x056\xa54\xd7\x19\x18\x00\
\x0b`\x02l\xc4Y8\x97\x00sb\x0cI>r\xfc\
\xd4)\xf4\x8b[\xd3~\xde\xab\x94\xd7A\xbd\xfaL\xcb\
\x0a\x9c)\x1b\x9a\x99Xr{\x05f\xc3\x9e\xf7\xda\x22\
\xe8\x0a\x9d\xa1;l\x80-\xb0)%[o\xde\xbc\xf9\
\x0aX\x00\x13`\x93\xd5\xf3\x98$\x02\x09_\x0f\x19\x0c\
\x19<t\xc6\x93'OS\xdc\x14\x97\xb6\x83\xdf\xb7i\
\xddn,\xdabeK\x97'U\xabV\xcf\x91y&\
\xe9\xafgm\x98\xae\xd0\x19\xba\xc3\x06\xd8\x92\x92\x8do\
\xde\xbc\xf9\x8e\xf9\x81\xc0\x02\x98H\xd8\x98P\xd6\x93T\
b\xc3\xfc\xbf\x96(ab\xbaj\xe5\xea\xfd\xaa\xdf\xc7\
x\x0a\x0c\x08z\xf7\xd7\x9f\x7fc\xc3\xf8B\xf0K\xf4\
\xfb\xefn\xa4L\x99\xdc\xeb\xdf\x1d\xbaA\xc7\x9a\xdc\x1e\
\xaf\x85\xa0;lP\x83\xbd|\xcd\xea\xb5\xfb\xed\xed\xcb\
\x98\xd6wiH1\x91d\x9b\x9e\x98\x87\xb7o\xdf\xbf\
\xb4O\xfc\x1b\xb1\xb3s(\xed\xeb\xeb\x17\xa2n\xbf\xdf\
\xd8\xd8\xd8\x8fk\xd7\xae\x9bM\x93\x95D|\xf6\x0c\x09\
s\xdfs\xc0\xeb\xd4\xa29\xd3\xb1$t\x86\xee\xea\xf6\
/\x86\xcdv\xb6\x0e\xa5\xff\xf7\xbfV$ \xe0<1\
7\xaf\x90\xad\xfaJ\xa5\xdcX\xcff\xef\xad\xa4G\xf7\
^u\x02\x02\x02\xef\xa6\x92\x07\xdff\xcf\x9e\xeb\xed\xe8\
X\xd6f\xe2\xa4I\xa4Xa#bo\xe3\x90+\xda\
F\xd0\xc1^\xe6\xc0t\xfa\x87\xea\x06\x1d\xa1+tV\
\x87=l\x85\xcd\xb0]\x19\x8b\xec&\xa9\xc2\xd7\x1f\xfa\
%nnm\x9b\xf9\xf8\xf8\x86\xa9\xcb\x03\xac\x119r\
\xe4h`\x03\x97F\x8d\xd1\x98\xc3\x1aq\xfe\x9d\x9eS\
\xc4\xcb\xaeY\x83\xd57\xf9\xa0\x1btT]\xcf\xa2\x8c\
=l\x84\xad|?S*\xcd\xd92\xc4\xf7\xb1\xa0\x0f\
\xad;\x7f\xf3\xf3\xf5{\xa0.\x0f0G\xe3\xc2\x85\x8b\
\xcf\xc6\x8d\x1d?\xc9\xd4\xc4\xc2|\xf3\xa6-\xcc\xaf\xd9\
\x80\xbe\xc3h\x1f;\xfb\xeaO\xc8\x82L\xc8\xde\xbcy\
\x0b\x81.c\xc7\x8c\x9f\x0c\xdd\xd4\xf9\xb6\x80M\xd4\xb6\
\x87\xb0\x91\xc7>\xb7\xf4/\x95\xf3\xa0]\xdb\x0e\xae\xc1\
\xc1\xe7o\xa6\xb6\xff{L\xcc\xf3\xf8\x8d^\x9b\xcet\
\xea\xd8\xe5\x7fx\xcf\xb96jJ\xcc\xd0o\xa1u\x81\
(\x0b\xf7a\x00o\xc8\x80,\xc8\x84l\xe8\x00]b\
bb\xe2S\xdb\xaf\x1e6\xc1\xb6\xdc\x86}\xd2\xf8\x84\
Mb\x1e\xf4\xeb;\xa0\xda\xa1C\xff\xfa\xc1Ouj\
\xfe\xd2\x1e\x84>\x88\xdb\xe2\xbdu\xb3\xb3s\xb5zh\
g{xL!\x02K!\x11Y\x88\x88L\xa0\xbd\xe7\
\x1a\xbc\xc0\x13\xbc!\x03\xb2 \x13\xb2\xa1Cj\xfe\xec\
`\x03l\x81M<\xf6\xb9\xb1\xfd\xc0\xf7\x17A\xeb\xd6\
\xac'&\xa5\xcce\x9b6n\xde\xf2\xe2\xc5\x8bT\x9d\
\xd5`\x0c\xfd\xcc\x19\x9f\xe7\xabW\xaf\xdd\xd8\xfb\x8f\xbe\
(\x94l\xf7\xd1\xe6\xcdZ\x12\x11mOK\xc4\xb6\xa4\
x1\x8bt\xf9\xd4D\x5c\xa4AZ\xf0\x00/\x05v\
F\x90\x01Y\x90\x99\xda\xdae\x10t\x87\x0d\xb0\x056\
)\xdb\x98[I\xa2X\xebA\xdfQD \x10\x97\x98\
\xf8\xcf\xa4q\x17.\x5cx\x96\x96\xcf \xdc\x0f\x0d\x0d\
\x8d\xf3\xf4\xf4:1z\xf4\xd8a\xf5\xea\xd6G\x07\xa8\
\x08p\xeb\xd9\xa37\xb1\xb3u$\xb6\xf4\x10\x0a\xc5\xd8\
\x97\x02\xfe\xbfY9d\x07\x0d\xe3\x1a\xee!\x0e\xe2\x22\
\x8d\x02\xf3\x22\xe0\x05\x9e\xe0\x0d\x19\x9a\xe8\x02\x9d\xa1;\
l\x80-\xca\xb6\xe5\xfeq\x13[2w\xf6\x5c\x8c\x17\
\xb2v\x05\xadk]7o\xf6>\x13\x1d\x1d\xfd=\xad\
\xb5\xfb\x98\xb7J\xdb~\xdf/]\xba\x1c\xb9y\x93\xf7\
\xbf\xe3\xc7\xfd3\xa1M\xeb\xf6\xcd*V\xa8\x0c\xe3K\
\xa0\xaf\xc9\xd7s\xb1\xaf\x9e\xb3\x83\xaf\x17\x14\xf7J \
.\xd2 -x\x80\x17x\xaa\xf3\x93\xaf2~\xf5\x1d\
\xbaBg\xe8\x0e\x1b`\x8bX\x9c\xb7\xbe\xadb\x1d\x83\
\xbd-mW\x171\x22C\x87\x0c#\x85\x0b\x15\xb3\x98\
4q\xf2?'N\x9c\x0cO\xe9\xfb\x81\xbaw\x04\xbe\
\xa7\xde\xb9}\xe7\xfd\xf5\xeb7\x1eyo\xder\x8e\x1e\
\xdbi}\xbcx\xd0\xc0!S\xda\xb5m?\x01\x07\xc2\
\xb8\x86{\x88\x83\xb8H\x83\xb4\x9a\xfa*\x85N\xd0\x0d\
:BW\xe8\x0c\xddaCN\xae\x11\xc9|\xdb\x88{\
\x8f\x96-\xc3\xc6S\xf4*9Uq^\xbfn\xc3\xba\
[\xb7n\xc7\xaa\xf3[\x90Z;\x04\x07\xc6\x1ci{\
\x05\xf3\xe0\xd9\x810\xae\xf1\xf7\xd3C\xd0\x01\xba@'\
\xe8\x06\x1d\x15\xba\xe6\xe9=\xc0\x92\xd7I2R\xacX\
\x09\xd2\xaci\x0b6\xae\xd5\xda\xad\x9d\xcb\xba\xb5\xeb7\
\xde\xb9s':\xbd~m\xb4A\x90\x09\xd9\xd0\x01\xba\
@'\xe8\x06\x1d\xc5?\xe9\x1c\x02\xa9\xc4\x9e\x94v(\
OJ\x18\x99\x90!\x83\x87\xb1v`\xb7\xae=k,\
Z\xb4d\x9e\xaf\xaf\xdf\xad\xe7\xcfc\xbfhZ_d\
\x84\xc0\x1b2 \x0b2!\x1b:@\x17\xe8\x04\xdd\xa0\
\xe3\xcfN\xe8\xbb\xe0\x9die%$\x7f\x0fg[G\
\xe4\xabR\xa5\xbad\xe4\xc81\xddi\x9f\xd8;$\xe4\
\xc2\xfd\xfb\xf7C?\xa1\xfe\xd6\xe4\x9d\x99\xda\xbb\x1c<\
\xc0\x0b<\xc1\x1b2 \x0b2!\x1b:dt\x8d\xf4\
\xcfQ/\xd9\x90\x22E\x8a\x91\xa6\xf4\xd9\xf7\xf5\xf1c\
u\x93\x83CY\x9bN\x1d\xbb\xb6\x193f\xfc\xec\x1d\
;v\x1d\xdd\xbbw\xdf=\x9a!/\xb1\xc6\x0d\xf5\xfd\
\xd7\xaf\xdf\xd8\x1a\x90\xa4\xe3++\xdb\xb8\x878\x88\x8b\
4H\x0b\x1e\xe0\x05\x9e\xe0\x0d\x19\x90\x05\x99\xbf\xf2\xda\
)\xd5\xb6\x92T\xea@\xf2\xe7/Bd\xf4\xd7F\xe6\
@F\x8d\x1e\xcb\xdf.R\xa2\x84\xb1\xd8\xadU\xdb\x1a\
\xae\x0d\x9b\xb4\x1b2d\xd8\xd0\x8d\x1b7M^\xb6t\
\xf9<Z\x87,\xc6\xb1l\xd9\x8ay\x1b7n\x9e\x8c\
{\x88\x83\xb8H\x83\xb4`\x00^\xe0)S\xc8\x80\xac\
\xbc\xdc\xa6\xc9jr\xb0r \x15M\xd8\xda\x06\x22\x14\
\x88i\xdb\xa9\x02\xe9\xd8\xb1\x0bi\xdb\xa6\x039s\xfa\
l\xe2\x9e\x8c<\xf1\xe7\xb8\x878\x88\x8b4H\x0b\x1e\
\xe0\x05\x9e:\xd2\x0e\x09E\x0e\xb4\xdfK\xfb\xb9\x96\xf6\
\xec\x90Z\x94&\x22kG\x1d0:\xd2\x91\x8et\xa4\
#\x1d\xe9HG:\xd2Q\x1a\x94EC]\xe1\xeer\
y\x82\xa1b[\x14\x17\xb9<^\x9f\x0b{\x88\xe5\xf2\
\xcfz\xdc\xc8/\x11+\xfe\xd0(\x5c\x98E\x22\x5c\x18\
\x9a%\xf0a\xca-\x9e\x0f\xbb\xb0\xbfb\xfeo\x1c\x1f\
6\xfa1\x1c\xce\x87\x0d\xd5\x87}\xf8\xb0~\xd6\x87=\
\xf8\xb0\x9e\xfa0\xe1\xc3Dm8!)\xec\xae.\x1c\
\x9f\x14v\xd1,\x5c\x9f\x0b\xe7Cx8\x17.\x8e\xb0\
;\x97_\x09\x08\xf3\xf9\xc8\xc2\x8a\xfcea\x05\xa9\x86\
\xdd\x15\x1f\x0dR\x0b\xbb(&1\xab\x0f'$\x85\xa9\
\x8db\xc5G\x03\xd5\xb0\x91b\x92\x13e\x9e\x14\xa6j\
(J`\xb8J\xd8CQ\x1a}\x80\xbf\x9e\xa2d\xea\
!\xbf\x14\xea\xb3\xbcs\xe7\xd4\xd4G\x1aE\x98\x95\x1f\
1'\xd6\x102\x8c8QF\x8a\x0b\x8a\xdb\x8a\x92\xcc\
Ju<\xf7\x8c\xb1r\x9b\xc0J2\xf7W\xb9\x9c\xd3\
B\xc08\xebq\xa9X\xa9\xd0\xe7\xb8\x111WTY\
\xe1\x06\x19q\xd2\xb9\xc1;\x0e\x18F\x1cL\xca\x0f\xb5\
\x0f\x82\xfa\xbc\xd5\x84\xf0\x08|NL\xaaH\xc0\xe7\x9a\
\x07!z\x89\xdfe\x92\xa2\xd0\xd4\x86Y6&\x8e^\
\xbb\x07\x94\xd0\xc3\x7f\x89\xa2V\xd2#~\xc5\x09;t\
\xa4#\x1d\xe9HG:\xd2\x91\x8et\xa4#\x1d\xe9H\
G:\xd2\x91\x8et\xa4#\x1d\xe9('\xa8\x8ci\x19\
R\xd1\xb8,\x11[\x94f\x07\xc2\xb8\xa6\xd3\xff\xe7&\
\xac\x19\x17\x96r$f\xa5,\xc9\x9f\x7f\x0e'\x8f\x22\
\xef\xb3\x03a\x5c\xc3\xbd\xdc\xec\xf7'\xaf\xeb\x9f\x93\x04\
_\xdf!AWH\x83zXFO\x0a\xb5h\xfe\xbf\
z]\xba\xf4\x18\x82\x03a\x5c\xc3=\xc4\xc9\x8d~\xc1\
\xf3\xba\xfe9M\xd6\xd6R\xd2\xa0\xbe+\xa9\x5c\xa9\xaa\
q\x87v\x9d\xe6\xf9\x9c\xf5\x8d~\xf1\xe2E<\x0e\x84\
q\x0d\xf7\x10\x07qu\xfa\xe7]b\xfb\xc0\x99\xd8\x13\
\x81\x95\x8c\x98\x98\x18\x13\x0b\x0b\x8b\xc4}\xf1\xfa\xf6\xed\
?\xf2A\xe8\x83/\xaa\xfb\xf7\xe1\x1a\xee!Nn\x5c\
\xdf\x90^\xfda3l\x07\x06\xc0By\xde\xfb\xcf\xf8\
^\x1fu\xb7\x02\xdb\xfb\xcd\xcaR@\x06\x0f\x1aJ\x8e\
\x9d:Nv\xed\xdeA\x8c\x8bY\x91\xf2e\xaa\xf0\xfe\
u\xcd\xb7xo\x0dT\xf7M\x1b\xf7\x10'7\xfa\xe2\
M\xaf\xfe\xb0\x19\xb6\x03\x03`\x01L\x80\x0d0\x02V\
?C;\x01>\xb5%\x22{bafM*9U\
\xc1%\xecAh\xde\xbc\xf9ou\xfb\xf4\xee\xd7\xd3\xa5\
^\xc3\xde\x96\xe6\xd6%\x80\x07\xf6N\xd5#\xfa6\x9b\
7{?P\x87\x1f\xee!\x8e$\x17\xae_M\xaf\xfe\
\xb0\x19\xb6\x03\x03`\x01L\x80\x0d\xe1\xd6\x123\xcc\x80\
]^\xf5\xbd.\xe5\xf6\xf9\x22\xb5\xaa3\x1fD\xfa\xe6\
fV\xe5\xbbw\xeb5\xd9{\xf3\x16\xff\xf3\xe7Cb\
\xe3\xe2\xe2\xbe._\xbe\xe2\xbeA>C\x0e\x0f\x91\x94\
\xe4\xa3\xd8l\xda\xb4Y-~\xb8\x97\x8f\xe1'\xcd\x85\
\xf9\x9f>\xfda3l\x07\x06\xc0\x02\x98\x00\x1b`\x04\
\xac\x80Y-\xce\x7f\x13\x91\x89\xf2\x96\xcf_\x89\xc8\x96\
\x98\x94\xb0 \xcd\xff\xd7\x92\x08\xad\xc4\x16={\xf4\x1e\
Gm\xbb\x17\x11\x11\xf1]\xf9\xbd\x98\xf4<H\x7f\xc1\
\xfc\x97&\xab/\x80\x0d0\x02V\xc0Lh-\xb6h\
\xfe[KbR\xdc\x9cH\x84y\xa3\xcf\x80z\xadx\
\xd1\x92\xac=cjlQu\xce\xec\xb9\xffFEE\
}\xd5\x04\x8f_-\xffS\x8b\x0f\xcc\xe6\xce\x99w\xc8\
\xb4\x94\x853\xb0,R(\xf7\xfb\x0f\x80M\xc5\x8a\xb0\
\xc9\x85z\xf5\xea\xd4o2y\xb2\xc7\xd5\xd8\xd8\x17r\
m\xe0\xf1\xab\xe5?\xf3\xd3D\xb1s\x9f<\xe5J\xc3\
\x06\xae\x18T\xd037\xb7\xce\xb5\xbef\xb1\xce\xbfT\
qc\xf6\xdc\xd7\xab[\xbfqPP\xf0\xdd\xb4\xfc\xd1\
\xe8\xf2?\xf5\xf8\xbc\x1f1/\xaf\x8dwM\x8c-\x5c\
\x97\xcc\x9fC\x8a\x177\xc9u\xf5\x00\xdfFm\xde\xf4\
7b\x5c\xca\xbc\x92\x87\xfb\x94\xcb\x9a\xf8\x22\xd2\xe5\x7f\
\xda\xf9\x0fz\xfe<V\xfe\xcf\x84I\x97LL,+\
5k\xf2\xdb\x0f\x98\xe7\x8a\xfc\xa7u\x12|\x8d\x0a\xad\
%\xe6\xf3\xe6.8\xf0\xe2\xc5\x0b\x8d\xe6\xa8\xeb\xf2_\
\xb3\xfcW\xf8\xec\xc3^\x00\xfb\xad)\xc65k\xd6\xcd\
\xd0\xde\x9bY\xd2\xcf\x93J\x89\x85\x85\x15\xeb\xe3\xf5\xe8\
\xdek\x82\xba\xb6\x9e.\xff3\x97\xff\x5c\x9b\xf0\xd9W\
`\x0c\xac\x81yN\xfa\x18\xe6\xc9\xbe\xb4\x90\x94/\xeb\
\x84z\xbf\xdaF\xafM\x8f\xd2\xb3FE\x97\xff\xe9\xcb\
\x7f\x1006.eV\xad|9'\x86}N\x12|\
\xddX[\xb1=I\x0c\xe7\xcf[\xb8*\xb5\xb6\xbe.\
\xff\xb5\x93\xff\xc0\x18X\x03s`\x9fU{\xc2hB\
\xc5iW\xcf\xa9\xa2317\xb5\xaa\xb6k\xe7\xee\x88\
\xf4\xaeQ\xd3\xe5\x7f\xfa\xf3\x1f\xb4k\xd7\xee\x08`\xee\
T\xc1\x99XY\xe9\xe5h\x9f\x0f\xdf\xb3\xbav\xed>\
\xf5\xf1\xe3\xc7\x09\xba\xfc\xcf\x9e\xfc\x07\xd6]\xbb\xf6\x98\
\x0a\xecs\xca\xbf\x1e|Q[Z\xb2\xf7\x8f%\xb5!\
0\xbd\xfeIu\xf9\x9f\xf1\xfc\x07\xd6\xc0\x9c\x8a\xb5\xb0\
\xb4\x14\xa4\xcb\x87\xb8\xb6\xc8\xa9r9\xd2\xbf\xff \xd2\
\xb8q\xb3FAA\xc1/3\xb2FY\x97\xff\x19\xcb\
\x7f\x100\x07\xf6\xc8\x03\xe4E\xb6\xf7\xfb$\xb6\x8a}\
!:\x8ez\xfe\xfc\xf9w]\xfego\xfe\x03s`\
\xcf\xe6\xd2\xe4\x80\x0fs\x89\x90\x8d?\x18vh\xd7\xc9\
\xeb\xd9\xb3h\xb9.\xff\xb37\xff\xa3)\xe6\x1d\xdaw\
b{\xb4\xe7\xc4X\x90\x98\xcb\x83\x92\xb4\xdd\x7f\xea\xfb\
\xf7\x04]\xfegs\xfe'P\xcci?\xe0\x14\xf2 \
'\xfc\xb9+\xbeA\x08v\xee\xdcu5\xa3>Jt\
\xf9\x9f\xf1\xfc\x07\x01{\xe4AN|\x0f\xe2\xea\x1c\xa6\
\x7f\xa8.\xffs&\xff\x81=\xf2 '\xea\x7f\xcc\xf3\
\xd0\xcfg`\xb7q\xe3\xa6\x87\xba\xfc\xcf\xb1\xfc\x7f\x90\
OO\xdfV\x22\x96\xe6H\xfekE\x7f]\xfeg\x0a\
?6\x7f.\x07\xf2_\xcc\xc9\x14\xee\xd8\xb1\xf3\x9a.\
\xffs&\xff\x81=\xf2@\x9c\x13\xf9\xcf\xbdsJ\xee\
\xdc\xb9\xfbtF\xc6\xfet\xf9\x9f\xc9\xf6?\xc5\x1c\xd8\
#\x0fr\xe4\xfd\xcf\xc9,\xd8\xda\xad\xdd\xd6g\xcf\x9e\
\xe9\xf2?\x0b\xf3\xff\xd3\xc7\x0f\xc9\xf6\xeb\x01\xe6\xc0\x1e\
y\x90\xdd\xeb!d\x22[b\xcd\x8d\xfd[\x8d\x1e5\
\xd6\xff\xdd\xbbw\xba\xfc\xcf\xc2\xfc?s\xe8\xa0\xfc\xfa\
\xf9\xa0\x1f\xae\x01s`O\x88\x9e\x95\xb5\xa5\x88\xe5I\
v\x91\xad\xd0\x8eL\x9f=\x93T\xafZ\xb3\xbb\x9f\xdf\
\xb9\x0f\xba\xf7\x7f\xd6\xe6\xff\xbb\xb7o\xe4\xef\xde\xbcI\
v\x1d\xd8\xd3<\xe86c\xce,\x96'\xd9AVV\
6\xc4\xdc\x9c\xcd\xf72\x9a\xe21\xf5\x80\xa6{N\xea\
\xf2_\xfb\xed?`\x8f<@^`n\xb8@\x90\xf5\
e\xc0\xa8\xa4\x84\x0c\x192\x944j\xd4\xb4AH\xc8\
\x85\xe7\x99\xf1Q\xac\xcb\xff\xcc\xe5?\x08y\xe0\xea\xda\
\xb4\xfe\xe0AC\x88\x89y\xd9\xecj\xf7c\xae\xe7\xbc\
\xd8\xd8X\xb9.\xff\xb3.\xff\xef^\xbd\x22\x7f\x1e\xf5\
4\x8d\xf9`\xb1r\xe4\x05\xf2$\xab\xfb\x01\x12k\x09\
\xb1\xb2d\xf3\xce\xc5\xeb\xd7m\xb8\x9c\xd1~\x9f.\xff\
5\xb3\xf7jp\x10+\x03i\xf5\x03\x91\x17\xc8\x13\xb4\
\x03\x91GYE\x22\xda\xe6\xff\xeb\xaf\x91\xa4N-\x97\
\xf6\xb4\xed\xf1>\xb3>\xeau\xf9\x9f\xf9\xfa\x1ft\x8e\
\xe6E\x9dZ\xf5\xda\x0d\x1f>\x92\xe5Q\xd6\xd9\xc8\xd6\
\x9e\x19t\xed\xdcm\xe5\xf3\xe7\xcf\xe5\xba\xfc\xcf\x1d\xf9\
\x8f\xbc@\x9e o$Y\xb4>\x10\xfe(\xac\xadX\
\xd9\x12l\xd8\xe0y1\xb3u\xbf.\xff\xb5\x97\xff\xc8\
\x0b\xe4\x09\xf2\x06y\x94\x15\xbeC\x1c\x1cd\xa4_\xbf\
\x01\xc4\xb5Q\xd3&\x81\x81A\xaf\xd5\xe9\x12\x1c\x1c\xfc\
\xed\xdc9\xcd\xde\x0d\xba\xfc\xd7<\xff\x81)\xb0Uw\
\x1fy\xd2\xb8Q\xd3\xc6\xfd\xfa\x0ddy\xa5\xfd\xef=\
6l\xbe\x9f[\xab6\xe3cbb\xd4>\xfc[\xb6\
l\xbdY\xbbv\xbdq\xc1\xc1\xe7#u\xf9\xaf\x9d\xfc\
\x07\x96\xc0t\x8b\xf7\xd6\x9b\xea\xe2 OZ\xb7j;\
\x1ey\x94\x15\xfe\xb1\x14sL\x0a\xcf\x981s\xd7\xdb\
\xb7)\x8f\xf7bLr\xde\xdc\xf9\x9bh\xbc\x22mZ\
\xb7\xeb\x16\x10\x10\x18\x9e\xda\xf8\x90.\xffS\x8f\x0f\xec\
\xe8s\x1d\xde\xb6M\xfb\xae\xc0\x14\xd8\xaa\x1bkG\x9e\
 o\x90GY1\x1fH(d\x98\x8bv\xee\xd8u\
-\x95\xbe\xe8\xb7\x0e\xed;\x0d={\x86\xedw\x9f\xaf\
v\xad\xba-\xa6L\x99\x16\xf2\xf2\xe5K]\xfe\xa7\xd3\
\xde\x97/_\xc9\xa7N\x99~\x9e\xb6\xeb\x9b\x03K\x9f\
\xb3\xe7\x08\xb0\x05\xc6\xa9\xcc\x07\xc3\xf7`\x91H\xa8\xdd\
>`\xe5\xca\xae\xc4\xa9BeB\xfb\x97u\xbd7o\
Q;\xe8\x13\x1ct\xfeE\xb3\xa6-\xeb\x0d\x1c8\x84\
\x940\xe2|A\x98\x99X\x96\x9e7o\xfe\xca\x0b\x17\
.<W\xad\x0bt\xfe\x7f\x92\xfb\x0b\x03F\xc0j\xde\
\xbc\x05+\xcdL,\x1c\x81a\xc9\x12&d\xe0\x80\xc1\
\xa4Y\xd3\x16.AA\xc1j\x17Yz{o}n\
e%\xaa\x835y\xc83m\x91\xa5\xa5\x03\xd9\xbci\
#\xe9\xd2\xb9[\xf7\xc8\xc8\xc8\xcf\xa9\xccG\xc0|D\
!\xc6!\xa4R[bdT\x8a\x96\x9bJ`Q\xa8\
^\xbd\xfa\x8d\x17.X\xb4a\xdf\xbe\xfd\x0f\x9e<y\
\xf21&\xe6\xb9|\xe9\x92e\x8f\x0c\xf2\x19\xda\xfe\xc2\
\xfe\xbfl\x81\x01\xb0\x00&\xc0\x06\x18\x01+`V\xa9\
bebT\xbc$\x91Il\xf8\xbe\x97h\xfb\xf6\x1d\
\xd7\xd5\xf1G\xdet\xa6y\x84\xbcB\x9ei\x8b\xe0\x93\
\x10\xe5\xb0\xd5\xefm\xdc\xd5}\xeb\xc7\xfb\x87\xd6W\xf8\
\x16Q\x94\xef\x83\x8aDv\xa4\x94\xb9+11\xb1$\
\xa3G\x8da\xf3\x05,\xcc\xad\xcbt\xeb\xda\xa3sk\
\xb7\xb6S\xaaW\xab\xedai!4\x15\x8b\x94\xfc\xff\
\xa5\x82\xdff~\xbeSn\xf6\xff\xa7\xa1\xfe\xb0\x19\xb6\
\x03\x03`\x01L\x80\x0d0\x02V\xc0\x0c\xd8\x89\x14\xbe\
\xdf$\x5c\x9b\xae(0V\xd7\xfeB\xde \x8f\xf8<\
\xd3\xf2\xb8O\x01\xac7P\xb7\xd6\xe3\xe9\x93\xa7rZ\
?-\xc28\xb4D\xa5\xfd)\x91\xd8\x12\x99\x8d=[\
+^\xc5\xb9\x1a\xf1\xde\xbc\x8d\xf7w\xaa_\xc6\xd1A\
O*\x14\xf1\xdf\x15\xac\xbc<7\xa68\xb6\x80k\xb8\
\x878\xe2\x5c\x98\xff\xe9\xd5\x1f6\xc3v\xc2m%\xca\
0\x016\xc0\x08X\x01\xb3\x1f0\xe40\xd5\x07\xc6\xc0\
:\xe5\xfcgkB6 \xaf\xb4\xd9\x06T<o\xc5\
\x0e\x1c8xXu\x1e\x8aR\xff#\xbec\x87\xce\xc3\
\xbf}\xf9Nll\xecRiG\x0a\x89\xb5\xb55\x11\
\xd1\xf6\xa4\x94\x1e\x12!|\x84J\x88b\x0ec~\xfa\
\x8e\x99A\xeb\xc2dBp\x0d\xf7\x10''\xe6;\xa6\
\x89Q:\xf5g6S\xdb\x81\x01\xb0\x00&\xc0F\x1d\
\x01S`\x0b\x8c\x81uJy\x80\xbc9x\xe0\xd0\xbf\
\xc8+m\xf6\x01\xc5\xdc\xf3ov\xe0\xc0!\xb5\xbem\
_\xbf\x8e\xfb8p\xe0\xe0\x8e[\xb6l#e\xca\xa4\
\x7f\xaf\x83:-\xecH\xed\xda.\xb0S8u\xea\xf4\
-\xe7\xce\xf9\x7f@}\x86\x03a\x5c\xc3=\xc4A\xdc\
\xdcFY\xad?0\x05\xb6\xc0\x18X\xab\xcb\x87\x83\x07\
\x0f\x05\xd0\xe8\xa6\xda|G*|\xce\x89\xb6n\xdd\xae\
v\xfc!\xc0? \xce\xb5Q\x93&\xbd\xff\xe8K\x1c\
\x1d\x1d34\xbe\x0c\xaaY\xa36~Lj\xd7\xae\xd7\
\xa5e\x8b\xdf\x17\xe2@\x18\xd7\x14\xf7r\xa5o\xe4\xac\
\xd6\x1f\x98\x02[`\xecO\xb1V\x97\x0f\xdb\xb6m\xbf\
\x81\xbc\x12\x8b\xb4[\xff\xeb\xeb\x15\xb0Om\xad\xc7\xea\
\xd5kb\x0a\x17*VS(\x10g\xaa\x9cY\x0bl\
\x89\x85\x85\x80L\x9d6\x93\xbd\xefp \x8ck\xb8\x97\
[\xfd\x1ff\x87\xfe\xc0\xb6H\xa1b\xb5V\xafZ\x13\
\xa3\xb6\x8fA\xf3\x88\xe6\x95\x9dD\xab\xf9/%\x05\x0b\
\x14*\xef\xb9\xc1S\xad\x8f\x97\x0d\xeb=\x9f\x146,\
\xe2\xa4\x0d\xb9bj\xa7H bkLq\xb0\xb0 \
\xef\xf8\xc1\xce*\xfd\x81-0\x06\xd6\xea\xf2\xc1s\x83\
W\x04\xf2J\x9b}dE\xfeW\xd8\x90Z\xfe\xd3{\
\x88\x93\x1b\xfb\xe6?\x0b\xe5T>\xe8\xf2?\xaf\xe5\x7f\
\xe1\xac\xc8\xffl\xab\xffu\x94J\xfd_\xb0h\xa5T\
\xeb\x7fO\xaf\xc7\x864\xaf\xb4\xb9&\x0cc\x09\xf9\xf4\
\x0c\xec6m\xdc\xac\xbe\xfdG\xdb$E\x0a\x15\xaf%\
\x14Ht\x19\x95E\x04l\x811\xc5\xfay\xaakB\
\xf5\xf2\xdbj3\xff\x15\xcf\xb4p\xfb6\xf5c\xcf\xb4\
O\xf2\xc6\xb5a\x93\xa6\xe8\xa3\xd8\xd8\xd8\xe82K\xcb\
\x04_\xaf\xac\xffG1\x06\xd6\xea\xf2\x01y\x84\xbc\x92\
h\x7f\xfc\xd7\xf4\xd0\xa1\x7f\xfd\xd5\x8f\xff\xbc\xfe4\xa0\
\xff\xa0\xceT>\xb1\xb5\xd5\xe5\xbf\xf6\xc7\x17\xa4d\xc7\
\xb6\x9dd@\xbfA\x9d\x81\xb5\xba|@\x1eq\xe3?\
6\xda~\xfe\x8bR\xde\x87\xd4\x8d\xffFGG\x7fo\
\xd7\xb6\xc3(n\xfe\x89\x9d.\xc3\xb4>\xb6\xc0\xf9[\
k\xdb\xa6\xc3(`\xadn\xfc\xf7\xdfC\x87\x0f\x22\xaf\
\xc4Z\xee\xffS2\xe8\xd4\xb1\xcbj*[]\xfe\xcb\
\xbbt\xee\xb6\x8c\xc6\xcb/\x16\xe9\x9e\x7f\xad\x8f)p\
\x98\xe2\xfb\xc2\xb2\xd4\xf2\xa0s\xc7\xae\xab\x09\x9b\x07\xac\
\xc5\xf1_!\xf7\xfd\xb7M\xebv\xe3\xa9\x8c\x04ue\
o\xdf\xbe\xfd\xff\xd1\xe8Fb]\x1f \x0b\xf2\x9fa\
j\x04\x8cS\xa9\x83\x13\x90G\xc8+\x91P\x8b\xcf\xbf\
TB\xd6\xac^Gzt\xef\xd5\x11\xf3\x14\xd4\x7f\xdf\
\xf6\xbeK\x88\x9e\xad\x95\x95\x88XYY\xe92MK\
\x84\xbdB\xad\x98\x9fu=[`\xac\x0e\xff'O\x9e\
~\xa4y\xd4a\xed\x9a\xf5,\xcf\xb4\xd7\xff\x13\x13'\
'gbi!\xa8\xbam\xdb\x8e\xa8\xd4\xfa\x00\x0d\x1b\
\xb8\xb6\xe8\xdbw\x0012*\xa6\xcb8-Q\x91\x22\
\x85\x09\xe6u7\xa8\xef\xda\xd2\xff\x9c\xfa\xb6?\xf2\x86\
\xe6Q\x15\xcc\xff\xd2\xf6\xfe0\x22\x01k\x03\x98o\xda\
\xe4\x1d\xa4n\xedGttL\xc2\xef\xbf\xbbMfe\
F\xa2\x1b\x07\xd0\xde\xf3\xc7a\x09l\x81\xb1\xba5 \
\xb4n\x08B\x1e\x09\xb3`\x7fi~\x0e\x10m\x03\xae\
\x8f\x89\x89Q;\xff{\xd2\xa4\xc9\xc7h\xbc\x12Bk\
\x1117\xaf\xa0\xcb\xbcL\x120\x04\x96\xc0\x14\xd8\xaa\
\x9b\xff\x8d<A\xde \x8f\xb2b\x0d\x18\xca\xe0\xf5k\
7\xd1\xff\xe8\xff\xf8q\xc4\x17\xb5s@\xb7\xef\x8c2\
7\xb3\xaa\xe1T\xb1\x12\x194H\x97\x7f\x99%`\x08\
,\x81)\xb0U\x87;\xf2\xa4m\xdb\x0e}C\xae\x5c\
$\x12K\xed\xb7\xbf[\xb4p\xc3\xde\xf6h\x03TN\
m\xaf\x0f\xec_\xda\xabW\xef\xf1\x5c\x99\xd1\xf5\x033\
\xff\xdcq\x18\x02S`\xab\x0ew\xec\x09bE\xf3\xc6\
\x99\xe6Q\xd5\x0a5\xb3D\x17\xa15kS\x14\xf7p\
\x9fzH]=\x84\xf7\xd0\x96-[}QuYY\
b-\xa2n,(\xe3c~v\xc4\x8a[\xcfm\x0e\
L\xd5\xb5\xbb\x90\x17\xc8\x13\xe4\x8d\x22\x8f\xb2\x84\xa4R\
n\x1c\xe0\xb7\x96\xbf\x0f\x0f\x0b\x0b\xff\xa6~\xad\xa2\xff\
\xdb\x9a5\xea\xb4\xfb{\xf8(bkg\xaf\xcb\xc8\x0c\
\x12\xb0\x03\x86\xc0\x12\x98\xaa\xc3\x1by\x81<A\xde \
\x8f\xb2\x8a\x8a\x16-A\xd8\xde\xf4\xe6\x02\xa7=\xbb\xf7\
\x86\xa5\xb6nm\xda\xb4\x99\xbbi\x92b\x16l\xcfZ\
\xddxP\xba\xfb[\x143`\x07\x0c\x81ej\xeb(\
\x91\x17\xc8\x13\xe4\x0d\xf2(\xab\x08sP\xad\xacX\xfd\
Rp\xde\xbc\x05\x1bS\xd3)8\xf8\xfc\xcb:\xb5\x5c\
Z\x8e\xa0\xe5W\xa4\x9b\x13\x92\x81\xfc\x97\x12`\x07\x0c\
\x81ej\xcf\xda|\x9a\x17\xc8\x13k\x9a7\x19\x99{\
\x9d\xae6\x80PBF\x8c\x18Ej\xd5\xac\xe3\x16\x10\
\x10\xf8&5\xbd\xa6O\x9b\x81\xf5\xa8\xc5-,\xac\x99\
\xbfh\x1di\xd8\xd7\xa6X\x013`\x07\x0cS{\xce\
\x02\x03\x02\xe3j\xd5\xac\xeb6r\xc4h\x22\x14I\xb2\
\xa5^R\xec\xfbe2\xf1\x9fI\xc7\xdf\xbfOE\xb7\
\xc0\xc0\xb8jUkt\xd8\xbb\xf7\x00)hX\x90\xed\
\x17\xa9\xa3\xd4\x09\x18\x15,P\x90\xec\xdbw\x80\x00;\
`\xa8\x0e_`\x8f<\xa0\xc9\x8c\xd1N\xcc\xae\xf7,\
\xda\x18;\xb7\xed\x83~\x7f\xf8\xf9\x9d\xfb\xa8^\xbf\xf7\
\xf2Y\xb3f\xfbX[\x8a\x04\xd5\xaa\xd6$2\x89\xae\
/\x90f\x9b\x9fb\x04\xac\xac\xadD\x02`\x07\x0c\xd5\
\x11\xb0\xafZ\xa5F\xaf\x8d\xeb7\x10Q6\xee\x01%\
\x91\xc8h\xbf\x84\x8dI\x99\x8f\x1f\xff\xcf\x99\xd4\xea\xa7\
\xa7O\xa3\xbeu\xe9\xdc\x0dc\xc2\xf9\xb1\x8eY,\xd4\
\x95\x01\xb5}}\x8a\x0d0\x22\xdcw\xdeI\x14\xbb\xaf\
\xa9\xbd_\x81=\xd7\xcf\x16e\xfbX\x8bH,!\xbb\
\xb7\xa3\x0e\xa8\xd9\xcd\xff\x9c\xff\xbb\xd4|\x13\xd1\xbeK\
d\xbd:\xf5\x1b\xaf[\x87mk\x0bf\x8b\x9f\xd2\xbc\
W\xef\xdb1l\x80\x11\xb0\x02f\xa9\xf9\xd8\x02\xe6\xc0\
\x1ey \x12K\xb2\xbf\xac\xd26\x8a\xa59{\x9f\x97\
\x9c:e\xda\xbe\x8f\x1f?\xa6\xea\xa7v\xf6\xec\xb9g\
h\xfbT\x5c\xd5\xb9\x1a)k/\xd1e\xb8\x0a\x01\x93\
\xaal\xfd\xafX\x0c\xacR\xabS\x8150\x07\xf6\xc8\
\x03q\x0e\xb5\xad\xa52\x1b2n\xec?\xa4~\xfd\x86\
\xae\xbe\xbe~Q\xa9\x95W\xac\x7fm\xed\xd6n9\x86\
\x11\xccL\xach\x1b\xd7V\x97\xe9\x89\xed}[\x02L\
\x80\x0d0Ji\xfd\xb0r}\x0a\xac\x819\xb0G\x1e\
\xe4\x98\xde\xb4\x1d`ll\x81`\x81\xf6\xed:\xcdI\
K\xefS\xa7N\xbfk\xd6\xb4\xe5p\xbc\xdf\x8a\x17/\
E$\xba\xef\x03\x0c\x03`\x01L\x80\x0d0J\xeb9\
\x02\xd6\xc0\x1c\xd8#\x0fr\x92\xca\x95\xb3 \xd5\xaaT\
#\x02K\x91t\xc6\x8c\x99\xe7\xd2\xf2\x07\x1f\xe0\x1f\xf8\
\xac}\xdb\x8e\x1diR\xbd\x92\xc5M\x88T\xf4\xeb\xd6\
\x03\xb0\x1d\x18\x00\x0b`\x02l\xd2\xf2\xf7\x0e\x8c\x815\
0\x07\xf69MVV\x8e\xa4p\xbeb\xe4\xdc\xc5@\
R\xabF\x9d\xdf}||\xd3\xdc\x0c\xf6\xfc\xf9\x90\xd0\
:u\xea5\xc5x\xb5\xb5\xa9\x80\xc8\x84\xbf^\x19\x80\
\xcd\xb0\x1d\x18\x00\x0b`\x92\x96\x8f\xcf\xb3g}\xa2\x81\
1\xb0\x06\xe6\xc0>W\x94c\x81\x8c\x98\x18\x9b!h\
\xd0\xa8Q\x13w\x7f\xff\x80/i\x95\xe3I\x13\xddo\
Z\x98Z7Z{\xd6\x9bX\xd36\x8c\xf4\x17z\x17\
\xc0V\xd8\x0c\xdb\x81\x01\xb0H\xab\xde\x8c\x8az\xf6\xb5\
s\xe7\xae\x1e\xc0\x18X\x03\xf3\xdcD\xb66\x0e\xfc\xf7\
\x0a\xb3I\x93<v\xa9\xf3\xf9\xa7\xec\xb7~\xfc\xb8\x7f\
n\x98\x942o\x84g\xa0\x90aQ\xf2+\xcc\x1b\x87\
\x8d\xb0\x156\xc3v`\x90\xd6>\x0a/^\xbc\x94/\
\x5c\xb8x\x97\xb5\xb5\xd8\xacV\xadZ\xc4\xde\xce2\xd7\
\xd9eiiID\x12\x1bR\xa1\xbc\x1313\xb5*\
7e\xca\xb4\xf3i\x95\xe9\xe7\xcfc\xe5[\xb7n\xbb\
\xdd\xabg\xef\xdfX{\xa0\x84)\xb1\xb6\x96d\xf97\
\x8c\x9c \xd8\x04\xdb`#l\x85\xcd\xb0\x1d\x18\xa4U\
W\xd2\xbe\xde\xf9R\xa5\xcc\xca5i\xd2\x9c\xf1\xca\xad\
\xf3\xea\xe0\xb3\xaa\xb8Q)r\xf9\xd2UR\xb7\xae\x8b\
kp\xf0y\x8d|\x1b\x87\x84\x5c\x08ssk\xdb\x03\
u\x9b\xa9\xa9%M\xfb\xd7O\xb5\x86\x08\xb6\xb8\xba\x0e\
%\xa6\xa6\xac\x8fg\x00[a\xb3&\xd8\x00C`\x09\
L\x81\xad\xaa_\xb0\xdcW\x06lH1\xee\x1b\xb4^\
\xdb\xb6\x1d:\x07\x04\x04Fib\xa7\x9f\xdf\xb9X\xd7\
FM1o\xac\x04\xea\x90b\x05K\x10\x89 \xef\x7f\
3\x84\x0d\xb0\x056\xc16j\xe3\x04\xd8\xaa\x09&\xc0\
\x0e\x18\x02K`\x0al\xf3\xc6;NF\x8a\x17+\xc9\
\xfa\xb4-[\xfc>\xc0\xd7\xc7\xef\x85\x86\xf6~\x9c1\
}\xa6\xa7\xa9\xb1\x85\xbd\xff\x85 \xbc\x1fi\xbfR\x96\
+\xfd=\xa5\xd9\xbe\xa7:\x0b-l\x88)\xb5\xe1\x5c\
H \x81M\xd46/j\xe3'M\xb0\x00f\xc0\x8e\
\x8d\x95P,\xf3\xda\x9a*\xb1PFJ\x95d\xef\xba\
\x02\xcd\x9a\xb5\x18\xee\xe3\xe3\xf3J\x13\xbb_\xbdz\x95\
0m\xea\x8c\xa0Z5\xeb\xfc\x8e\xb4U\x9d\xab\x93\xc2\
\x85\x8b\xe6\xa9\xb9\xa4\x18\x8f\x85\xce\xce\xce\xd5\x98\xfd\xe8\
\xb3\xc1&\xd8\xa6\x09\x06\xc0\x0a\x98!-0\x14\x0b\xf3\
f=(\x95\xd8\x11\x13\x13s\x04\x0d\xa9=\x7f\xf9\xf9\
\xfaiT\xef\xa1\xcd\x83\xben\x87\xf6\x9dg\x0a\xacD\
\xe23'\xce\xb0\xbe\x85\xa9\x995\xef\x87<W\x12t\
\x83\x8e\xd0\xd5\xdf\xd7\x9f\xb6\xf7D\x92\x0e\xed;\xcd\xa2\
\xb6\xc4h\xbaO\x220\x02V\xc0\x0c\xd8I\xf3\xf87\
s\x1b\x1b{bb\xcc\xca\x80\xc1\xffZ\xb6\xea\x17\x18\
\x18\xf8T\xd3=M\x9e<y\x1a?s\xc6\xacs\x98\
\x07A\xd3\x17\x1b\xf1\xf7(\xc6\xcbZh\xaa\xf5\xf5M\
\x99{\xde\xc5L'\xe8\x06\x1d\xa1+t\xa6\xf5\xbd\xff\
\x93'O\xe25\xdd+\x07\xd8\xfc\xef\xb7V\xfd\xf0\xdc\
\x83\x17\xb0\xfb)\xc6\xbah\x19V\xbc\x0b\xf4\xdb\xb7\xeb\
\xd8\x81\xb6}\xefk\xfa<`\x8e\x0b\xf66\x99=k\
\xce\x96\x86\x0d\x1b\xbb\xe0\xb9p\xaaX\x05\xdf\xc9HY\
\x93J\xc4\xc6:\xe7\xc6\xc0 \x1b:@\x17\xe8\x04\xdd\
\xa0#t\x85\xce\x1f\xdekf#\xb0\x00&\xc0\x06\x18\
\x01\xab\x9fm\xae\x0c\xe6\xb4\x15\xe3\xda\x84z\xf5\xea5\
h0m\xea\xf4\xa0\xb4\xc6\x88T\xbfy\xfa\xfa\xfa=\
uk\xd5v\xb5\xb9\x99u\x1d\xca\xa7\xe0\xc0!\x83\x88\
\x95\x85\x80\xb6\xb1\xa5\xa4Ry\xe7l\xb3\x05\xb2 \x13\
\xb2\xa1\x03t\x81N\xd0\x0d:\xa6\xf6-<\xf9>\x0f\
/\xe5\xc0\x02\x98\xb0v>\xc5\xe8g\x9d+)\x16\xdb\
\x92\xa2\x85K\x92\xe3\xfe\xa7Q\x1f\x94Y\xbcx\xe9\xf6\
g\xcf\x9e}\xd1\xb4~D\xbc\xf0\xf0p\xf9\x8e\x1d\xbb\
\x9e\xc0O~\xdd\xda.\xcd(\xdb\x92\x18K\xabB\xdb\
\x89\x02\xf8\xce\x16\xd0vbkB\x5c\x88\x8b\xd6\xf4f\
\xbc(O\xf0\x160\x1f\xe6\xd5y\xff\xe5%\xa1\x03t\
\x81N\xd0-=\xb6\xc0v`\x00,\x80\x09\xb0\x11\xff\
\xe4\xdf\xc5\xb1Oyqjg\xb3&\xcd\xe1\xcf\xd4\xb4\
K\x97n\x93}h[/\xbd\xfbH#~p\xd0\xf9\
\x97\x13'N\xfe\xef\xf7\xff\xb9\x0d\xb54\x17\x94\xa3\xec\
\x0b\x87GE\x10\xa7J\x95\x99\xaf,\xe6g_\xe8@\
\x9a\xb4\xaa\x91\xae1E\xc4E\x1a\xa4\x05\x0f\xf0\x02O\
\xf0\x86\x0c\xc8\x82L\xc8\x86\x0e\x19\xd1\x1d6\xc3v`\
\x00,\x80\x89\xec\x17\xf9\x16\xca\x97\xf1Z5\xeb\xb2v\
!\xfaz\xd3\xa7\xcf\x0c\x88\x8c|\xf2=\xbd\xfb\x0a\xbe\
{\xf7\x9e\xd6\x09\x8f\xbf\xee\xdb\xbb\xff\xe1\xac\x99\xb3\xb7\
\xb7\xfa\xbd\xf5 KKAU\xca\xd7\x18}\xe7{\xf7\
o\x93\xbe}\xfa\x13\x81\xb5\x98\xf5\xa3\xd8^\x13\xb4/\
\x895\xb2\x12\xa1\xe2@\x98^\x13\xb3\xf2\x22cq\x91\
\x06i\xc1\x03\xbc\xc0\x13\xbc!\x03\xb2 \x13\xb2\xd3\xbb\
O\x1fl\x84\xad\x8a\xfe\xad\x81\x02\x83\x9f\xfe\xb9W%\
\xccs\x96J\xed\x88q)3\x12r5\x04m(\x9b\
v\xed:\xcc?{\xf6l\xcc\xc7\x0f\x1f\xe5\x19!\xbe\
,l\xdf\xbe\xe3)=\xce\xc2WN\xd7.\xdd\x074\
vm\xdaX_\xaf\x00*\x00|0/N\x8fBh\
c\x03\x7f\xc5Q@q\x0d\xf7,\x10\x17i\x90\x16<\
\xc0\x0b<3\x92\xe7\x89\xed\x17j\x13l\x83\x8d\xb0\x15\
6\xc3v`\xf0+\xcf\x8b\xc7\xf3W\xa4@1R\xb9\
\x12\x1b+1\xac[\xd7\xa5\x05\xadW\x8f\x05\xf8k6\
N\x96\xda\xb3\x16\x1d\x1d#\x7f\xf1\xe2\xc5\xd7\x80\x80\xc0\
\xd7\x9e\x1b\xbc\xc2\xf6\xec\xde\x1br\xfa\xf4\x99c3g\
\xcc\xde\xe9\xda\xa8\xc9\x86fM[\xac\xc1\x810\xae\xe1\
\x1e\xe2 .\xd2 -xdv\xafS\xd8\x02\x9b`\
\x1bl\x84\xad\xb0\x19\xb6\xeb\x88\x10[[[R\xaa\xb8\
\x151\xa5}\xdeY31\xb5\x89\x98\xff\xf6\x9b\xdb\x90\
\xdd\xbb\xf6\x5cz\x12\xa9y\xffYSz\xfb\xf6-\xe6\
Q\xc9\x9f>}\xca\x0e\x84qM\x9b\xc4\xc6/\xa8\xee\
\xb0\x01\xb6\xc0&\xd8\x06\x1ba+l\xd6Q\xf2oG\
2\x99\x0d[\xfb\x84\xf6\xb5\xa9\xb1\xa5M\xcf\x1e\x7f\x8c\
\xdf\xb1}\xe7\xb5\xf4\x8c\xa3\xe4$q\xe3VO\xe2\xa1\
3t\x87\x0d\xb0\x056\xc1\xb6\xbc\xf2\x0d'G\xc7\x0c\
e\x0e\xf4\xddhN\xaaT\xae\xc1\xc6\x0bLM,\xec\
{\xf5\xea=v\xef\xde}!\xb4\xfd\xf4)\xb551\
9E\xd0\x09\xbaAG\xe8\x0a\x9d\xa1;l\x80-\xb0\
IG\xe9\x1bS\x15\x0b\xec\xb1\x7f$q\xae\xcc\xda\x06\
z\xe6f\xd6\xc2\xb6m;\xfc\xe1\xe11\xf5\xc0\xc5\x8b\
\x97\xa2\xe9\xfb9!'\xeb\x04\xc8\x86\x0e\xd0\x05:A\
7\xe8\x08]\xa13t\x87\x0d\xb9i\xac:/\x96\x03\
\xa1\xd0\x96\x18\x1b\x9b\x91\x9a\xd5\xeb\x90wo?\xe2r\
\xf1\xa6MZ\xd4\xa1}\xb4)[\xb7l\xf3=\x1f|\
\xfe\x05\xf6?V\xb7/\x9ev\xdb\x0e\xef\xd8^\xcb\x90\
\x09\xd9\xd0\x01\xba@'\xe8\x06\x1d\xa1+t\xd6\xe5\xbb\
\xb6\xcb\x82\x94\xf9\xa127\xb7\x22C\x86\xfc\xc9\xea\x04\
z\x98R\xfc\x1b\xb8\xb5j;a\xca\x94i\x077m\
\xf2\x0e=w\xce\xff\x1d\xf2\x08\xfb\xe1e\xa6~\xe0\xc6\
\xe8\xa2Y~\x83'xC\x06dA&dC\x07\xe8\
\x02\x9d\xa0\x9bX\xac\xf3u\x90\x1dc\x07\xc6\xc6\x86D\
$f{h\x92\x81\x03\x86\xf0\xe3\xb1\xc5\x08\xc9\xefX\
\xdf\xa5\xd1\xefm\xdb\xb4\x1f\xd7\xbe}\xc7\x8d\xb4\x1dv\
v\x8b\xf7\xd6\xbbkV\xaf\x8d\x86\x0f\x15\xf8\xce~\xfe\
<\xf6+\xcd\xd3\xef\xb4o\xc7\x0e\xec\xa7\x17\x1b\x1b\xfb\
\x15\xf7\x10\x07q\x91\x06i\xc1\x03\xbc\xc0\x13\xbc!\x03\
\xb2 \x13\xb2\xa1\x03t\xd1\xadm\xcf\xb9\xbe\xa3\x93\xb3\
-\x9b\x17\x87q<kk1\xe9\xdfo _\x1e\x0c\
\xe9Q\x8a\xe6\x9bM\xe1\x82\xc5\xaa7l\xd0\xb8E\xff\
\xfe\x03;w\xed\xdac@\x87\xf6\x9d\xff\xa6\xc7\xc8\x0e\
\xed;\x8dD\xb8[\xd7\x1e\xfdq\x0fq\x10\x17i\xb8\
\xb4\xc4\x10\xbc\xc0\x13\xbc\xd9X\xa1\x84\x93\xa9\xeb\xc3\xe5\
>\x82\xaf\xdc\xe2\xc5\x8b\xd1<\x92\xb2\xefh\x98o\x8d\
<\x13ZK\xc8\x1f\xbd\xfa\x90\x1d;v\x92\x8b\x17\x82\
X\xf9P>\xce_\x0e`\xf7\x10\x07q\x91\x86\xa5\xa5\
<\xc0\x0b<\xc1[Gy\x9b\xb8vY\x19\x22\xb5v\
 \xf6\x96\xf6\xec\x90Y:\x10\x89EYvOG:\
\xd2\x91\x8et\xa4#\x1d\xe9HG:\xd2\x91\x8et\xa4\
#\x1d\xe9HG:\xd2\x91\x8e~\x16\x92\xe7\x01\xfa,\
N\xfa\x0b\x0a7L\xfa\xcb\xd6\xcb\xea'\xfdM\xe1<\
\x8ep\xe7\xc4\x88;\xf7\xe0\xcf\xf5\xb8\xaf\xbc\x84?'\
\xee\xf8\x8dO:war\x93\xce\xc5\x1c\xbb\xc4s\xc6\
0<\xe9\xdcP\xf1\xab\xaf\xfc\xeb\x91t\xae\x97\xd29\
I:')\x9c'(\x9f\xbb\xa7}\x1e\xaf|\xee\x92\
\xf7\xce?+\x9f\x8b\x93\x9f\xc7)\x9f\x1b\xa5}\x1e\xae\
|n\x98\xf6\xb9\x8f\xf2\xb9~\xfa\xcf=\x94\xcf\xf54\
8\xcf\x97t^\x1f\xe7\xfaI\xe5\xd3\x87\x9d'\x95_\
\xee<\xa9|\xa7xn\x98\xf4|\x84s\xe7\x89\xcf\x8f\
\xe2<\x912t\xae\xaf\xb4P]\x1b\xe7zI\xe7\x1e\
)\x9c\xfb(\x9f3\xbc\x93\xce\x89F\xe7\xee\x89\xf39\
p\x1e\xae|\xce\xf2\xdf\x85?\x8fO\xe9<\x8e$\xd6\
;\x9f\xb9\xf2e$O\xacX\x8c\x14\x17\xf9sV^\
\x13\x01\x0b\xc7y<I\xaa\x97\xb8\xf2\x9eh\x90\x07\xce\
\x13\x94\xcf\xb9\xe79Q}\xa6*\xe1\x15N\xe0\xeb\x07\
\x17^=\xc2\xa5\x12\xf3\xea\xe9\xfdP\xcf%\x96\x1b}\
^\xbc>\xa7\x95\x1e/\xcePQ\x9f\xf1\xe2\x8c\x14\xf5\
\x9d\x8b\x82\xbdX\xf9\x97\xbf\x9e\xa0\xa8\xe7\xc2\x15\x8a%\
$\xd5k\xee\x0a>|\xbd\xc4\xcbU<\x97\xfa<,\
\x8a\xe7\xc0\x90\xd7\x93J\xf8L\x08\xaf\xf7g\xfe\xdd$\
N\xb4\x93#\x97D\x5c~|wyp\xa7zI\xb8\
32L\xca\x17FFI\xf9\xfa\x03;\x9e\xa1R9\
\xff!\xb9B#\xb1\xd2\x1bI\xf5\xcd\x19\xa7\xc4]\xfe\
\xe3\xcb(\x97\xd3\x1c\xb7\xdf\x9b\x16+lU\x98\x1aT\
\xacy3\xd76\xdc\x94*=R\x10+b\xba\x8d\xd8\
\xd1\x1fg\x7f\x8d\xf8\xbd\x9d\xde\x95\xcdc\xd7\x12\x22\xfb\
\xd8\xdc\xb5A\xbbq\xf7_>\xfcg\xb9\xe0\xd6$\x87\
\xb8\xd7\xaf;|:\xdc\xa4Y3\xc9\xf4\xca\xbdO\xfc\
\xd9~ts?\xfd\xd5\xf9\xef\xd5\x11>\x99\xe1\xbfp\
\xda\x06\x8bo\xfe\xd6\xffT/W\xfcY\x0d\x07\x87E\
\x0b\x22\x8d\xff\x12\xc5\x8e>t\xf4]\xad!\xfb\xff_\
\xaaw\xff\xc3\xf1}\xff\x8f\xd5Cb\x85\xe8\xac\x1aB\
^z\xf4\x1e!V\x17QW'\x125zg\xd5\x88\
\xb2X5\xacH\x88\xde\x82\xe8=\xc2\xea\x22\xc2\x22b\
\x89n\xf5\xde\xc2g\xf3\xfe\x13\xbe\xdf\xf9a\xe6\x9e{\
\xcf<\xe6\xcey\x9e{\xee\xf3\x9c\x19\xbf\xb1\x01\x0d\x17\
\xf4\xf47\x91\xee\xe4\x05R\x92\x08zY\xbax\x0e8\
\x01a\xc3\xf0S\xf9\xbf\x06=\xecGJ\xb6\x9f\x02|\
0\xbb\x8daO]\xecM\xe1E\xe5\xe5\xee\xa7G\xbb\
\x87\xf4I\x1b\xe6\x9dA\xad\x9b\x98\xc6\xb2\x1dB=\xe8\
\x83\xc24\x83\xff\xa7\x93\xa1Q\xbf\x0f\xc0\xef\xf5\xc2\xd6\
\x963\xf3W\xa7b\xe7g\xdf\xca\x8f\xef\xdeQg<\
\xe7\xfd;\x7f\x9b\x95n\xc2\xac5Y\xec\xb2\xb0\xdd\xcd\
\xc2\x19\x8d`u\x05\xb6Z@\xfc\xb2\xd9\x00\x09\xa4\xdd\
\xb7'&\xbd\xae\xdc\xb8zY\xda\x12\xb7\x12\x90\x10.\
b\xe3\xc2\x8e\x14#6Q\xe7,g4\xa1\xc8\x02\x85\
\x8f\xb1sz\xd5F\xa8F\xbd\x1dV\xa0sc^\xf8\
\x00\x1e\x01\x7f\xb6\x8a\xba\x93\xdc\xcdF\xa8\xc5\xfb\x9f\x98\
\xab\xdaHw\xba\x98X\x9d\xee\xce\x8c\x18\x85\x12L\x12\
\xbe\x89\xba\x0f\xef\xfec\xeal\xccl7*1\x9cB\
\xe6z\x1f\xf9\x14\x9elR\xc1P\xf7\x9eA\x80\xa0\x02\
\xae\xfc\x11V\xee\xbbr\x99\x18\xa9\xd7e\x02\x08\x0b\x91\
\xd4}k3\xa6\x9c$/\x89\xd3\x8b~\xea[+r\
\xefEh\x87e\xf5\x18\xf0\x14&\x99&\xf3(\x1b\xb8\
\x98\x96p\x19z\xf4\xb5O\x06\x8a\x9c\x06[\xf4\xab\xac\
\x11\x04+\xf4\x7f\xfb\xda6\xcbPWfN\x1fP\xfc\
\x87\x9d\xf6\x85\x82V\xdf\xb0R\x13e\xd6.3\x12\xf2\
\xb9\x9f\xe6O\x80C\xe7\xe6.\x16\xb1\xed\x8aq-\xd5\
\xd1\xa1Q\xca{\xbbt\xe6\xedT\xcfI\xd7bBF\
Os\x88\xb3N\xa0Z8\xf2\xac\xdclF\xec\xa6m\
\x82\xa3\xc8\xe1\xf4\xdds`\xbb\x0e\xcd\x887\xb7\x07z\
\x90c\xc6\x83+\x07\xf1UK\xcfn\xd4h\x94 R\
~K}>\xf1\xcds\xd1\xaa\xde<p\x81.O\x02\
f3\xe3\xd2I\xcf*;\x5c\x0c\x1f\xd9l\x8c\x83\x22\
\xa5<\xf1\x82,\xa7'\xf6i\xeb\xdfo\x13c\x0a\xad\
X\x1f\x97\x1e\x1d\x1a8\xd7\xd2\xd2\x92#\x9d\xdc\xae\x0a\
`,21I\xe2\xaf\xdd\xaco\x81\x93\xa9\xb2\x8c\xfd\
\xbb\xc7N\xa8(\xae\xd6A\xbe`N\xa1q\xa0Z7\
#\xb7 Se\xf3\x89\xfc\xc3\x9b>4Z\x9d\xa2\xaf\
\x8dD\xd5\x9dd\xef\xd0Z&\xccD\xf0\x22\x93\xe6r\
Q\x99\xe1\x5c\x01\xde\xca\xee9\x06:\xa4\xca\x19YE\
\xe1\x9ab\xa2\xef\xc3\xd9\xf6B\xc2\x1e\xba\x0f\xa7\x0f\x07\
Wrx94\x1b\xb1z\xb1>S\x8c\x8b|\x9d\x1d\
\xbd+\xd6\x17\xdc\xdc\x1blU0\x9e\xe5\xcb:\xe1Y\
L\xce.kYj\x22G\xdfw\xc5\x09w&\x90\xa9\
\x86\x95#Z\xee8\x81\xbf)K\x91\xf6S\x01\xc1\x8c\
\xc3V\xb9\xb3\xed\x97\xaf\xd6\xcb{\xb5^\x82\xd6E\x9d\
\xb7o\xe9\xda\x0b\xc4\x86\xbe\xcb\x9a7s3$\xc4\x88\
\xdc\xae\x9d\xa6r\xb6]\xc6\x81\x9by8\x02\xbf\xe0\xb1\
iE\xbc\x92\x1e'\xfa\xce\x83\x16\xbc\x12\x88\x1d\x0eb\
<X\x85V\xfaf\xe0\xb22R\xf9\xc8N\x18\xbf\xcb\
s^5G\xad\xcbf\x93\xb5<\xa6Q\x82\xde\xdc|\
\xa5?,\x17\xf6\xd7l6\x92\xef\xf1\xd1\x1a2e\x89\
\x12\x82{4\x82\xb1%o\xd9\xe5\xb5\x01\xd6\xd9\x16\x1f\
\xe7\xeb\xef\xd7\x7f35#N7\xa2\xb1AB<\xa0\
\x83\xbd\x8dG\xb8)\xf9\xbd\xf5\x82\xa4\x06\x18Z<V\
\x9c\xe0!\xabk\xed\x89\x0a\xdd\xc5#\xb2\xce\x82\xb9\x92\
\xbcm\x99\x0f6t\x97'\x01\xc9\xcd\xbf\x93\x83\x9d\x8c\
\xdb\xaf\x89\xbc=\x7f _\x82L\x22\xf8\xe2\x82\xa1H\
+\xe2\xa1\xe3\x15\xb5\xdf-\x08\xf5\xbf9\xd3\x8d>\x0c\
\x17m\xfe\xf3\x89\xe9\xd0\xc2E\x99\xf7\xca\x1f\xc9\x17h\
]fj\x1d|\x9cC\xafs\x89\xaeH\x94\xcc-t\
\xbb6\x0cY\xa2\xc8\xc5\x1amJ\x9e|\x80\x94F*\
\x11=\x0c\xb0\xd3r\xd3[eA}\x0a\x05\xf5\x17\x80\
\xae\x9e\x87\xf6\xc6\x85e\xa3P(\x0f\xd6g\x9d\xcc\xfd\
4\xcdo\xf8({04\x87\xa4dG\x0d\xa1aI\
\x90\xcbE9\xca\x17\xdd\xfe\xfa\xf05\xb2,\x92\xfdC\
P]\xde\xd3;J/c4\xee\x04\xb9\xbc :\xe0\
\xc2\xca\x87s\x8b\xb4\xcd\x92U\x82\x06\x9c\xa8eR\xbb\
p\xec\xab.\x04}dg\xe4\x0c\xa8;}\x83\x9e\x05\
-_},\xacjX#^\xeb\xb0\xfb\xc5\x8a@\xaa\
\x8d\xca\x93\x94\xdc),3\xee\xc33\xa9\xd1\xfb\x81\x96\
/o\xca\xc07j\x85\x96B-\x885\xd5\x14wz\
\xcaa\x0a\x15\x18}\xbe\x06\xa1\xd6-=\x8e\x0f\x08X\
U\xf3\xe7\xcf\xaf\xb95\x90\xe7\x1b\x1b\x1b\xc4\xde\x0a\xb1\
}\xcc\xcc\xcc\x02\xfe\xef\x1b\xf3\xf5\xf8P1\xbeA0\
@S\xe9[\x17\xdd\xdd\x19\x15\xdb\x87\x91c%\xe2\x9b\
\xc4\x18\xd7\x03;W\xfbm\xb7\xbb\x87\xc6E\xc9\xad5\
0\xc1]\x1fV]\xc5\x1fD{KZ\xcb\x977\x88\
\xfe+\x82\xc7\x0d\xc7C\x09m\xfd\x8d\xff\x89\xbe\x10\x8a\
\xea\xa4\xcaRW>\xa0\xbd\xbb[J\xfd>O\xc2\x19\
3\xba5]cW\x93\xb9\xaf\xa5\xa5\x95\xb0\xd7\x1dY\
N?\x12'\xe2?@\x0cn\x01\x16*\xd9\xbd:\x84\
\xab\xab\xc57\x030\xae$,9o\xc9f\x05\xbf\x86\
\x19\xbd\x12\xbf&n\xf96\x93\xf4\x9d\xe85j\xc4.\
g\x0c\xaaF7O\x9a\x81\x15\x94\xdcd\x86\xa1i\x88\
\xbbm\x08\x0d\x19\xfd\x93\xe1\xa4\x89\xfd=\xf3\xeb\xeb;\
\xa1\xed\x8d\xbfk\x1d\x866\xed\xdd\xaa\xfaU\xe9)^\
\xbf#\x10\xb4c\xaf\xf8\xe9T\x0eC\xd3]\xfaRQ\
\xfeuw\xaf\xd9\xdb\xc8\x9d\x90=mF\x14[\xbd\x04\
I\xdd\xa7\xec\x89\xd76W\x18V\x9b_>0\xee\xa4\
\x8dR'\xf37c\xc0\xc6\xa4\xb8\xf3t\xd9)\xcbO\
K\xbe,\xdft\xe9i\x80\x8dL\x8d\x1e\xc0\xe3\xbb\xbc\
\xef1\xb6\xe9\xc3\xbd\x8a\x9d&'`\xbd\xde\xde\x16\xa0\
\x0b\x92\xb5u\xdd\xb2\xc9\xcd\x9e\xaa_%\x10\xca\x10\x10\
\x03\x04\x02\xb1\xb0\x19\x0e\xba+\x1afR\xfa\x9c\x8b^\
\x84e\xbb(\xff\xd6\xc7 \x8du\xb7\xd1\x89\xc7\xe9P\
\x07\xa1\x8c\xb1\x1e\x81\xb8\xfc\x97\xed\xaf\x06xT\x0e\xe8\
\x92\xaf\x86k\xde\x87\xa7\xaa2\x13\xdb\xf4\xd2\x5cO\x04\
\xac\xe6\xbc\x09\xd9\xdc\xd7\xe3\x85\xe3\xbd\xd1\xe9p\x97b\
Q\x86\xbeS\xab\x06\xc2f\xff\xb5\x13\xd9m\x5c\xb2\x1d\
\xe2U&\xfd\xbc\xf7 \xefx5\xbdO\xf3\xe32\xb2\
<z\xdf\x97\xab\xe9go6Y!\xbb\x9cJDg\
*\xea\xfc\xd0\x86MR\xf8\x0b9{\xc3\x89\x01AH\
\x05\xac\xdcr\x12g\xa7>\xb5s??(j\xa4\xd2\
\xb2;\xe8\xa5\x09f ~\xe9\xec\xc8\x9e\xa39\x8a\xb2\
SSu~\xeb\x8f\xab&K\x14\x96\xb3\x1f\x92\x8e;\
\x0e\xf3\xf9\xcd&Hi\x01\x9a\x8eqm\x8e\xa9l\xa7\
\xe8\xca3t\xaao2F\xcb\xb7|\x91\xd8\xa5\x15m\
\x0c\xe2nt\xab \xc5B\xbe\x5c^T\xe0\x0d3W\
\xd7\xe0\x1b\xcay$x7\x944afn\xa8\xdbH\
\x1f\x9cF\x10<]M\xdax\xe7\x97\x9f\xa8!\xb9\xf5\
P\xc6\x7f\xe5\xe6^\x14\x9d\x8f\xbfB\xf8$7\x9d\x03\
=\x863\x05\x83\x19Zx8.\xde\x98UJl\xb4\
\xb0^\x98\x82\x89\xcc\xe5R\xfc\x22W2\x83\xde\x91\xd9\
b\xd9\xee\x8aB\xc6\x92\xe8\x14f\xaa\xddMk\x85\xc5\
\xc9\xad5k\x9a<\xc6\xb3\xa8\x22W.\xa0\x05\x0a?\
\xe2\xed\xfa\xa6vh\xb3rf\x162\xcc*\x1bh\x86\
\xd6>ZN\xf1\x91E\x8c\xc4\xec\x0f\x11\x85\xea6[\
b\xe7\xe2#\xd5:,\xa2>\x8e%\x09\xdf\x0c,\xef\
\xfc\x1ekq#\x9a\xe4\xc9\xa9\x08\xd1\x1e\x98\x95\xfd\xa4\
\xae\xc2,\xae9u\xfd\x04\xffL\x18&\xe4;\xb1\xf2\
\xe7B\xfbm\xab(\x89\x97'\x9b\x97\x02\xa6A\xe8\xfb\
\xceVK-;e\x14\xd0)K:\xbaH\xd2@\xcf\
E\xfa\xbf\x8fy\x14\xcf`.\xdb\x85\x00\x89\xa7\x8av\
\xde\x81\xad\xb3\xd0\x7f\xe7\xddk_\xf3\xc3J$\xb1\x0e\
{J\x03\xb3C0c9\xe7\xa1\x0b:\xf6;\x11\x92\
<\x11\xba\x86N\x93\x87\xb5\xf2:Y\xc2K7LT\
y\xb0\x97\x8d\x9d\x22[\xbb\x19u\xa2\x0a\x0a\x0af\xfd\
+\xf3\xdf\xc8C\xd1\x0cW\xdeSut\x05\xecW\xe1\
\xeag\xbf=+Onc|\x8c5\x0d\xf9I:\xf5\
\xf8I&+\xc2\x1e@{?\x98\xd5\x9eP}\x15\xf6\
V\xf0\xf67\x89\xb2i\xfah\xbf\x0d\x89\xe9\xc0\xae\x0f\
\x9c\x9aS\x86v\xfb\xe4N\x96\x8a\xd5@\xae\xd1\x15\xba\
\x88\xcf\xebc\x99q\xdd\xdb6\x0c\x96[-_\x1f\xc7\
I\x10w\xf3|\x84\x04K?\xbc\xa0x\x17\x8a\x99\xda\
\x11\xbc\x17\x89\x03\xb2~\xea\x97k\xbd\xeb\x9f=\x8d\x99\
\xda\x199\x88\x8au\xd1{p~\xed\xae\xaa\xff3\xd5\
\xf8\xed\xe6\xca\x13\xfd/\xf7kO\xfcjw\xb6\xa3\xa7\
v\x12+B\x84\xc4\xc9\x8f*\x87\x85\xae\x91\xb7gS\
\xea\xad(\xd0=\x98\xd6\xaa\x8a\x0b\xfdE\xff\xb3\x8b\xfe\
\xd9\xeat\x97\xefS\xdc\xc2\xc1|\xb5'\x17\x0f\x85\xae\
\xbf\x9f\xe6%]-<\xceAK\xe0\x02oB\x9c\x0e\
\xa7W\xeb8\x15\xcf\xf4\xd6/\xc7\x1cQDUh\xd1\
0\xb8\x82\x1et\xaa\xa3\xdd\xf0(ohKS\x88$\
\xa9\xb7w\xcf\xf5\xbbqPdW|\xfc\xe2\xaf\xaf\xb6\
{&Fk\x8fK\xd7\x15\x8dkO\xb6\xab\x04\xca\x80\
\xa8\x8e0\xed\xd2u\x8c\xe8\xe0Ie\xff\xac\xd0\xc6\x87\
\xe4\xee\xba\x81Y\x8c\xea\xd4<\x9d\xd9\xafA>\xf2\x9f\
*\xd8\xce>\x1f\xf97f\xcb\x97\xc6\xaa\xbd\xd6\xea\xf7\
\xe9\xc3\xc6\x15\x0dkO\xfe\xb7c\xb6T\x15o\x0e7\
3KV\x09\x98^\xa6T\x90P=\xc1+\xe0\xf5\x9a\
\xaa\xd6\xf4n\xa1{\xf0\x90* \x07zw/\x13\xa7\
O\xdd\xb3\xb2\xb2\xd6\x07P\x04\xe9\xb9o\xdf\xbeM\xc1\
\xcb\xfd\x9b\xf5\xaf\x07f\xd5\xbf\xee\xef\x810\xc7,\xfc\
\xfa\xb4\xe7)\xbb\xd8\xd4q\xfa\x0b\xfb\x07d\xf3[-\
\x88\xb2V\xa8\xf2\xde*\xb2^\xf7\x85\xc7\xa8jG\x98\
.\xed\x93\x0e\x9c\xcc\x9dh\xbe\xb8\xa9\xa8\xa9\xf9\xb4\xf1\
\xde0\xab\x81S!O\x0b\xf5\xf4D\xe4\xae\x15~>\
\x1d\x0fGs\xbf\xcf\xe6\x90x\xc0\xfa\x95\xda\xc7PY\
Y\x0c\x1f\xb9\xcf\x01\xf8\xa9w\xeb\x96\x01x\x8e\xc3u\
7\xa6TmI\x04sl8\x93\xe5$\xce\x96\xda\xe0\
\xf7\xf8\x01\xd9N\xff\x87\xb3S=d\xb0\x92;\xb3\x18\
\xadiP\x88\xc9\x91\xd5\xd6Nuh\xb2\xeaT\xe8G\
C\xfe\xe3\xdf\xab\x10~\xe6B\x83R\x06\xd3\xcbh\xe4\
md\xd5\x09(\xee:\x1e\xddGV\xe2\x16\x1fim\
\xdehu\x9a\xee\x92\x9cv\xb5\xa0\xc6:'\x16,\x91\
\xe4\xaaP\xbeL*\xe9+K\x9e\x16\x17\xfa\xdf\x9d\x08\
\xd7*\x5cc\x05\x91\xb25\x17\xf6\xa6\xc1\xf2\xaa,\xa7\
\x16\x0aJ\xd9\x0d\x93%\x8b\x08\x9f\x96o\xd9\xcd#H\
HL\xac<b\xe8\xd4\xb5\xaf\xda2z\xe7\x01\x16%\
\x92\x0c\xa8L\xa1\xda\x14\x14\xe9q^;\x1a\x0d\xb1t\
^\x8e\x04\xcf\xd1\x92\xda`\x1a(s\xca0\x8d\x8c)\
7\x17\xb3\xb7\x99Q\xae\x11\x9ee\x17\x0a\x04\x09\x88\x04\
\x18\xe9W\x9f\xdff,\x06B\xa1>m\x15H \xfc\
\xbag8\xee\x1e\xa6\xb9\x0a\xabD\xd1\xb3\xf7\xa7\x9f$\
\xdd\xcdw\x0c\x8f\x1d\x0fb\xe9\xb8\x0aWt\xa1\xc9\x82\
\xc6=\xc6v\x16\x967\x82$J\xd6\x03\xa9Yg\xe5\
\x1a\xce+\x0cD\x9a\xear\xac\x9e\x0e\x90Xa\x08\x98\
7WT\xf5\x973]\xf6\x8e\xab\xde{\xf5.\x8c\x86\
\x86\x8e\xfe\xacn\x04~\x8e\xfe7\xdf\xa56\xff\xb3\x12\
\xc4\xa5\x18\xfc])\xd4=\xab1\xdc\xa0\xba\xc2\xa0T\
\x9cr\xf9\x94S1\xf8\xb3\xb9Cm\x8ad\xbdW\xbc\
\xa4R1U^K\x09C;\xc7\x17_\xbf\xd3\xda\xcf\
7\xdex\x84\xfc,\x84\x1e1@;\xc2\x02\xf0\x1e\xf7\
\xbb\xf2P\x08?d\x980\xbf\xd0bI\xb88\x97\xc8\
\x8c\xf1\xa9\xc3Y\xf1_\x04y\xef4\x98\x95\xd99k\
mm\xcc\x070\xcc\x05\xec\xf4%\xe2`\x18\x9cj\x88\
\x1f\xc5\xf7\xd1\xb5j\xbb\xbd1\xdf\x82\x0a)\xb25\xa5\
\xd5\x82g\xc7\x17\xc6\x16\x18\xcd\xdb\x19\xa5\x81\x7f\xcb\xd9\
\x0f\xc7\xa5\xc8Zk\xbf\xc9F\x865\xe4\x8e\x9d\xfe6\
\x0f\xef\x80\x026\x0c\x1dFp+\xfc\xa6v\xfe\xc5\xa1\
W\x99\x0f\x1c\x1c\xdaP\xbfg\xba\x9e\x01s\xda\xb0\xff\
\xd7\x22S\x80\x90\xdal\x1e\x16\xff(Y#>;\x16\
\xa6\xb4\xc2\xb5\xd8\xa2q9D`\xb4GxVX\x1d\
\xac\xdcu\xd3 \x05+:w=}ttT\x81k\
)\xed\x16\x97\x97\x97wn\xfa+\x02`7\xd5\x02V\
\xcc\x5ciDn^\xb0\xa0\x891>A\x1aXn\xc0\
\xad\xbe\x8a\xb3\xc8jS\xcd\xb4\x90\xbd\x02t\xf0\xd1b\
dU\xac\x0aWH\xf2k\xdc\xeb\xa9\x82\xf7\x11\x0a\x9a\
\x94\x15\xfa\xd6\xbc\xb2\x1c\x86)\xaf6q\xc6d\xc4u\
[X\x04L\xdbF\xce !mc>\xb9?\x0f\x0c\
\x0e\x22\xf1\x8e$\xfc\xab\x904\xc2\xcf\xd4\x19\xd3RE\
\xf3\x9dW\x1e\xde\xd6/\xcb8\x97[\xc1w\xf6\xe3\x15\
\x85\x97\x95\xb7\x05o}\x1b\xaaA\xf8\xf4\x09Y\xc7\xcf\
\xc4Z\x86\xe0\xe7\x96\xcb\xb9U\xb8\x9f\xf4\xc1XH|\
\x5cw\xe4\xef\xfe\x0a}\x11\x7f9\xca\x9e\xf7[<\xd5\
1\xba\x0c19\x05\xb6{\xfe\x99\xa3\x93\xa4!X\x88\
\x97\x05\xef\x9a<\x5cn\xbcu\x80\xfdXGV\x1f\xcc\
\x12\x93\xd2YaT.k\x81\xd1\xf8Ow\xd2\xc9\x87\
7\xe1\xcaa\xf9\xd7\xbb/\x0e)\xdd\xb8C\xd5]_\
\x0b^<\x09\x8d\xe3\x84<\xc4\xf8\xd8\xe58r\x1d\xe8\
\xc6k\x1c\xdc\xcb<\xd6\x1f\xc2\xda\x22\x83{\xbb\xe62\
\x1aPx6\x1e\xbe\x22\x83\xf1z\x86\xba\x0f\xe0\x19\x5c\
\x84Hi\xa6!\x22\xd2\x9a\xbe\xeet\xffE\xddL\xba\
23\xb4\x1d\xf5\xa2N\x1a-}a\xe5\x01\xde\x82Z\
d\x89\xd0\xeb!\xbdWF0]\x0f\xd2\xa1\xbdns\
\xba\xd1S\x0d\xf8\xa0\xe5\x8a9\xd6\xef\xe19\x88\xc4\xee\
\xf4U=\xc6\xbf@0~\xe3\x19\x7f.\x8f:\x06>\
\xfd\xeePK@\xe5\xb5\xb0\x17]\xa6\x8856\x95\xbd\
a2\x90\xf6\xa2\xc8\xda\xd15O\x80\x8f9\x07\xcc\xff\
\x82\x19\x17\x17#\x5cg\xd2\x02CN\xbe\xcf\xe2\xe3\xac\
_SU\x12\x93NJ\xfd.Ye\xaeF\x10[f\
E\xfb\xd8d6\x81N P\x99\x92\x92G\xb0\xee\xf3\
j\x88ca\xe7\xf9\xe1\xe1iSI\xa4A\xf9\xea\xda\
.^<\xe2\x197\x1am\x9c_oQ\x90\x17\x91\x90\
h\x10\xad=i82\x15\x93\x02\x9f_OV\xe1\x0a\
b\xcc\xf1\x91,\xd3\xe55\xfbq\x1d\xe0\xec\x8e'i\
\xe63\xb8\xb3\xa0yB\x93\xe7|0v\xce\x0d\x8c\xb6\
\xe3\x5c.8\xa4\x18\xb3/\xe0\xd3\x86'\xd0\x0bG\xed\
\x00\xf5LC\x99\xde\xfa\xf9\xfd\x82v\x1d\xe0\x1b'\xc6\
h\xf3\xd80\xde\xb3O\xf9,\x02\x8c5\xa9\xc6\xac\x05\
\xb1t\x1a(\xe6\xe3)9\xc5~\xa2\x07\xb8#\xb9\x08\
\x05m\xefP\xb0\xb9R\xa9^\xda}\x05\x9a\x16W\xe8\
\xa0~\xa8\x98\xd9\xc2\xfe\xf7\xd88\xe4\x93y;p\xb7\
\xe3\xc5\xc4\xd9\x99t{B;\x1e\x90\xfd6\x01F)\
Im\xc6\x1aw\xaa\x9479G\x18\xab\xe3\xf8\xc0v\
\x05]6\xb7\xb8\x90 >miJT\x8e\xbf%F\
\xa2K\xfa\x9e\xbc&\x80\xf6\xd5\x0e\xd1,\xd4\xd7md\
\x88\x109\x0d\x8aV\xc1\x18\xb9>/cnS\xc1'\
'\xa9N\xb0\xae\x1a\xe7\xa5\xff\xda\xe7l\x9a\x1c\xc9\xad\
\xdd\xdc\x04\xd9\x8b\xf2t\x9e\xa9-\xff\x22&\xeb\x10\x97\
\x96~\x17(\x1ac\xf0\x1b\xdf\x90&\xec\xce\xe4\xc4\x0a\
~z\xf0&+4\x10\xaf\xb6\xfe|\xae\xbd\x95\xd8:\
\x940\xf2\xd9o,\x83]\x07\x16\x84\xfdU\x97\x95n\
\x16Awfi7|:\x91\xd6\xbd\xe0\xd55W\xc7\
\xf3-\x08\x09\xfc\x91\x12d(*\x9f\x10:y`\xe5\
.\xce4\xd1\x1ekZZ(\x13\xe86\x88\x99H\xd3\
\x7f\xf5\xf30fc\xd3\xb2\x92y:\x95\x88\xfd\xd0\x80\
6r\xe8G\x1a\xb5ikfbs9\xfd>\xff\xe4\
\x03\x89\xd5\xaa\xfe\xd9\xf6W\x83\xe0\xc8!{\xcb\xb8\xf6\
\xd8F^rx\xfbI\xefW\x94S\x1f\x0d\xb5|S\
\xa0\xef\x09i{\xacq\xa9N\xe5\xfb\xdc\xbf\x04\xd4\x85\
\x81O\xb5\x13D\xf6gK\xdf\x0c\xe6\xc5Yr\x03c\
d\xed\x1c#\x137Rd4\x84s\x87\xcb\xef\xe5\xd5\
\x03\xc7\xf9\xa0>\x9b\x03\xf2A\x08\x86\x85\xf7Rd\xa9\
:C|\x92e\x02DM,\xf2M\x0ab\x8aJ,\
h\xc7\x08\xee\xe7\x12v\x0b\xd2:m\x97\xb5\x88\xe7\xa5\
n\x0b\xdfZ\x93\xc2\xd7~\xa4\xd9\xa8\x0a\xce\xe0#\xe4\
p\x85\xdd\x88\x1c\xc1\xde\x9f?/\xe0\xd0\xd2[\xd4r\
\xa2\x99\xc3\xcf\xff\xa7\x97\xa5\xb9\xca\x0f\x96C\x96\x81E\
=d\x15;yp&b\xba\x00\x91\x175\xbc>7\
T\xe1\x8e\x0a\x07r\xbb\xa5'\x89\x89vbb\xa2N\
\xb5V~%\xc3\xd69\xc9B\xf6\xdd\xa08\x81\xcb\xef\
\x96GT\x0b\xc5\x83\xf5Nh\xb4\xcdb\x88\xed0\xa1\
\xa9d\x94\xc1o\xee>\xb9\xae\xaf\x972\x7f\x83\x9b\x8d\
\x1e\xa94\xbdfnX\xa9M\x10\x9b \x12>\xdc\x1a\
f\xd2kq\xe8\xa4|\x97[iT\x8er@A}\
\xcc\xcb'\xf9\x99EK3Jx\x17)N\x5c\xe6\xea\
\xef\x0fI\x89i\x03\xf1\xd1\xbd^]\xb6\xcf\xeeq\xfa\
\x7f\x9aq)\xcav*5\xac~\x943\x12\x09\x97\xcb\
.\x03\x87[\x08Gk\xd1S\x8e\x88\x13$\xf7\x07P\
z\xa3\xba\xf1\xc0\x0a\x9f\xb5~\xdfn\x9f\x5c\xb0\x11\x96\
g:\xf7\xad9\x04}\xa6csly\xfa\xb4\x88\xbc\
\x0bX+\x0a\xb8q\x87G\x22=]\xea\x0d\xaa\xb8\xd9\
\xde\x0b+\xa1\xdb1\xd0\x02Ka\xa5\x22\xf3\xdf\x0e\x19\
\xff\xf0\x85O\xb4_\xd3\xa8\xb8\xf6\xfe\xb1\x15\x1b\x22\xd1\
\xe3\x17\x10\xa0\xa3\xcfQ))\x14\x88\xfe\xf3p\x8d\xd8\
>\x03X][\xd3\xb5c\xd7z\x16\x03\xd6\xce\xaew\
\xf6\xd9\xacfz\xfab{\x96\x91#[\xeb\x19\x89X\
\xfe\xf9\xf9\xf9\x84h\xbcHy\x84z\xa2)E\xaa\x9b\
\x0a\xa1\xc86>IQG\x9f\xeaA\x9b\xbf\xd8\xa1\x11\
OlgS\xca\xc0\x5c\xbd\xfavS/\xee\xd9\xbd \
\xff\xf0\xdf\xbc4\xc9O\x8fU|\xc6l\x14{|\x9c\
\xc7\xf4R\x05\x86\x88\xfc\xbc\xa4\xecB\xe2mf\xde6\
<E>\xbc\xc3\xf1a\x91S\xcc\xafmT\x9a\x022\
@\xad\xed@\x97g \x9f\xcc\x95m\xbb8\xca[#\
\xa26\xb0\xe7o\xb4\x8f\x9f\xf9\xd3u\x94\xa1;\x10{\
\x87iu\xad.N\xb7\xd4Rxx\x8c9?27\
\xb4c\xae\xa4\x8a\x9d\xbd\xae\x06\x989\x06\x88\x98\x7f\x04\
\xa3\xdeeW\x06[\x16\xdf\x94\x85K\xb8\x0f?\x14\x93\
O-\xa2\xb4a\x1a\xe2\xef\xd0\xba\x8bw\x19b\x06\x8d\
t\xa0\xbf_\xac\x8f\xc1\xe2\xc2\xfc\xf6\x97`\x05EG\
\xb8\xe3\xb3{\xb6\xf6\x8f\x8d\xaaAb\x1a\x00\xd7\x1b\xb5\
\x03\x22\x19\xae\xe7\x1cZA\x83+\x9ee\xf7\x8c\xd2=\
+a\x82Bd\xc9N\xac\x9a\xa0\x5c\x11\xcf\x97\xdc+\
\x81\xd9\xbc\x99\x1a\xa0\x85\xab\xee\x08\xe1\xa9\xc2\x87\xf7'\
[\x9c\xa0\xc7)\xde\xceD\xa2S\x1e\xd7\x0b\x0bG\x00\
\xdd\xadh\x14C\xc5\xce\xd1\xa1\x07\xf8\xbej.\xd5G\
\xc3\xb2<\xf0b\xb4\xb8f\xd4\xdb\xee\xcdh\x15\x8e\xd4\
W\xdd\xef\xb8\xe1\xb0\xf2tB\xee\x11\xf1\xbe'\xa0W\
 \xbd\xa1\xaf5^\xd2\xbdp\x09S\xaf\xa3\xec\xcd\x0e\
\xad[\xf7\xf2\xef\x91,\xfb\x5c\x04\xc4p\x03#\x0e\xd4\
9\x06\xf2\xbcY\x8eHD\x10\x00\xe8\x0bd2\xa3\xd8\
\x00\xae0\x92\xc72\xa1/m\x94\xfeC\x8ebs\xf9\
'\x8d\xe5\x02\xc6\x85\xebe\x85\x94n\xb1y\xcd::\
\xf1\xa6k\x80\xc0\xd4\xd0\xc3\xf3\x02y`]@\xa9\xfe\
\xe1k[\xc4\xe7\x14Zr\xc0\xfaDfG\xbf\x13\xf9\
\xde\x8d\xaa\x83\xf6Uj\xac\xc1\xdf\xfc\xbc\xb1\x95\x0em\
\x00Z\xba\x85\x9f\x85S\xec\xffN\xc7\xae vN\x0b\
2\xc3\xff(\xfe\x06\x0b:\x22\x81\x1fFg\xd3\x0c\x11\
\xf7t\xccTKw4\x1f\x09\x92\xf4\x0b\xbe\xb5\x17\x03\
\xf3\xf1\x0ae\xfb\xae\xed\xca3\x22I\x07f\x1f\xda>\
+\xc3D\xd9W~b\xa5\x8f4\xba\xcfe'\xb6A\
\xe0\x1f?\xef\x92}\xfa\x9e\xc4\x1e\xce]\x97\xae\x97\xbe\
\xc9C\xc5\xa0-)JG)h/*&\x91\xca\xd6\
\x95\xdf\x98\xb5L\xccZ\x1d\xd9\x97LM\x98z>\xd5\
\x9f\xcb\x04\x81(\x8a%]I/\xb3Z\x94i\xdc\x9d\
p\xf9x\xac\xf5\xbf\x82M\x83\x8d\xf0\xcbm\xa1do\
.;F\xb1J\x98\xc0\xa4R~f\xaa\x06\xc8d\xc6\
M\xa8\xc1\xb3\xf9\x1f\xfa\x06\xe5+P\x09X\xce\x13\x97\
W.L\x10\xc57\xf2\xbbX\xb1\xf5\xdc\x98\xd4\xbbb\
F \xf8G{\x09w\xcfg<\xce7\x03\xdc\x03\x99\
\xbe\x8frJ\x8d\xe0\xfa\xbc\x92%\xdbB]\xd9\xd0\xca\
\xa9\xfd\xfa\xfb\xdf\xde\xa8\x99o\x1b\xd1\xd58 \x81Y\
\x01\xe3\x06{\x8f}\xebl\xd1X\xfb\x10\xba\x1a\x9f\xb2\
\xe5\xcbL\xde\xae<\xea\xf5\xdb\xe9\x10\xec\xb6\xff#\xf8\
m\x0f\xb0e6\xc3a<\x0f\xf6&\xb2T\xed\xb1\x9f\
\xf8N\xbe\xb2\xdb\xcd\x97\xb5\xda\xae6\xf6rc\xc7Z\
\xb9\xd0\xfbc\x80Y\xe5\x14g\xf7'\x1c\xe2-J^\
DD\x04\xf9$X\xf3^\xccb/\xfbE\x0e\x9e\xf3\
\x0c\x1a\xcfn\xb6\xc1\xca\xb3\xf1M(\xf8\xaf6C\x0c\
}+\x22\xa8\x99a\xf9$\x0f\xcfx\xc3\xfbg^\x0d\
\x0aG\x10j )u@%\x18\x1c\x05\xbbF}\xbe\
P\x8f\xcb\xd3\xbb\xa7T\xa0\x02>\x99_\xc2a_`\
\xe5\xb9\x07\xf7\x13W\xcc\xb6A=W\xe3|q\x06!\
\xfbN{\xbf\x145\x90\xa0\x9eOf\x10\x1a\xb5\x93\xf4\
\xa1\x95n\x0d@J\xe6\x86cR\xf4i\x8c}\xdb\xa4\
S\xe2\x0bZl\xa91\xb7\xc6\xfc\xe0Cw\xd8\xe6Z\
\xd6J\x22\x92\xdb\xdd\x87\xf5\xe6\x03\xf3\xd1\x89{\xbdY\
A\x0c\xf7v\xcb\xf5\x18G\x01km\xdd/z\xe0\x08\
FK\x94\xab\xd8l/3\xa4\x89\xd4ZU\xca+\xab\
\xa9\xa9I\x8f\xd9\xc8\x86\x16t,\xf36\xa5\xab\xc9\xbb\
gU123\xe3\xfc\xbd\xd2l\x1aYf\xb1\x9aH\
\x1fk\x99\xf2\x891\xf5\x0e\xd7B\x0b\xc3\xa3t{I\
\xda\xac&\xf2\x0c\x84\xf1\xb1\xcd\xde+r\xb0=\x1d\xf6\
\x01\x03#\xa34\xeb\xb7\xb5\xe2\x97\x91\x87\xeajj:\
~\xa6o\x94\x1bXf\x15\x09@$\xc53s^\xef\
\x11'\x80h\xca\x809\x00$\x7fsfr\x1a\x03\xe5\
\xfew\xc7)A\xfa6\xd2-h\x9f&\x11\xcf\xb2Y\
\xf0\xb7\xcb\xa3\xdb\x10)\xb24Q*\xf1\xe6\xd8W\x12\
9\xbc\xda\x86\xe7\xbe\x0a\x99\xcb\xb3\xaca\x01Z\xab_\
\x82es\x0aQ1\xcaS\xdb\x8a\xf8\x841[\xf2\x5c\
\x80\xddD\xf8%\xe4%s]\x98\x87\xc7~\xef\xc6\xc6\
\x06\x02\xfd\x19\x15\xfb-\xad\xff)\xdaG\xb8\xab\x82\xdb\
\xb2\xce|\x1f\xc5\xd7J\x94\x9c\xd9\xfe\xed\x0b\xfd\xba\xcb\
\x9b\x0f\x9e\x95N\xb6\xcc\x19\x00\xd8`\xeeFU\xdf[\
\x02i/@\x90\x09\xdf\xa8\xa7t!X\x7f\xe8\xe5\xfd\
i\xf1\xbd\xfe\x02?P\xbd7ob0\x17Tx^\
!\xc3\xdfz\x02!\x1e\xb5\xe7\x0e#\xb6&T\xa2 \
\xf9\xe2\xeeP%lZ{\xa2A\xc0\x16\xb1&oV\
j\xf8Cn\xf8>\x18\xbdbVy\xf8\xbe\xe1c\xbb\
-w\x1d\xcf\x81\x98&P\xee\xe8H\x05\xb1\xac\xc9\x07\
}8\x14DY\x1f~\xbbx;\xe1\xbb\xf5\xdb\xc3\xff\
\x01$\x07\x8f\xbe\xa9T\xf0\x19(\xbc9\xe3\xee\xb5\xf4\
\x8b\x19\xb9\xc9\x92\x1b\x13]\xee[_{\xb8\xb9BZ\
\xcd\xe2\x073\xfao\xd9:\xe5\x19\x95\x1a[\x99u_\
\xb8\x004@Ub\xb0\xac]\x97,\x97\xe2\x99#(\
\xac\xf9\xb3\xd3\xe43\xcd\xdfe\x0a\x88\xa5\xc9\x1fN\xda\
\x9f\xe2\xa8K*\xde\xe7Z\xfc8\xef\xa4}\xc7\x03\xe7\
=\xddz\xf7\xdf\xb92\x8f6\xa3\xcbg\x87\xd0\xe3\xab\
w\xd3\xf1\xcf\x5c\x81j\xfb\xed^/u\x04L\xd7~\
^\xe6yy\xc7`Q\xdc\x05E\xa5N\xe8\x1dC\xc4\
\xb5\xb5\x0b\xf1\xe7z\xda\xa8\xdd\x5cY\xcfe\x1c\x8f\xb3\
\xa2\xe2\xf3jE\xca\x854\xa33\xd7\xc6_\x8e\xe0\x1f\
\xbf\xfb\x90z+\xf8=\xb9\xc5W\xd33\xff\xe1\xae.\
\xf1\x87R)\xb2\xf3t\x12\xf7\xb6\xbb=\xc1\x19dh\
\x80\xa9\xfa\xa41'X\xd16\xdf\x8ap\xdd\x98\xbf\xde\
\xe9E\xce\x83\xb2E\xaf\xad7\xcb!x\xdeTi\xbf\
M\x9f\xd0_\xec\xfb\x88\xa9\xfabIM+\x87]\x03\
\xed\x0e\xfca\xb7\xe7\x9c\x89N\xb0$\x001\x0a\x91}\
\x8d\xd0x\xb1\xd3ti\xe0\xf6\x13\x03\x1e\xd7m\xff\x81\
\xfdW\xfbJ\x8b\xebn\x9d\xb5w\x13\xc08A\x1e\xe2\
z\xabE\x0d\xaa\x9e\xa3\x07\xebgI\x7f\xd9\xbbQ\x84\
\xdc\xe4\x9a7\xba\x85\xf4bRc\xce\xbeB\x0b\xe6\xcf\
\xcd\xc9V\x19\x09B\xb3\x1crE\xb5\x81\x00\xe8\xa0\xfd\
\xf0\xb5a\xb4\xb0\xc5\x91\xa7lA\x9fG[\xe8b\x7f\
J\x92\xe8\x99X\xba\xd9q\xfeC\x5c\xfeOM\xfe\xfa\
\xcd'j\xc3\xd8\x8e\xcf~7\x10\xb4G\xf0\x0f\x8fk\
\x0f\x16\xfa\xae\xb4M\x94\xbd\xddI\xfc\x9a\xb6\x83i\xa6\
\x16\x0d\x90\x88\xd8\x89\xdc\x1b\xf5N\x84\xe7\xc1`\xb0\xab\
\x9a\xd2\xee\x9a]]\xee\xf8m]\xc2\xa3pCS\xa3\
\xd2;i\xcc\x93\xf5\xaagB\xb5\xdf\xaf\x0d\xc1D\xe6\
:W7\xf1\xf1\xf1\x8e\xb5\xdd\xbaE\xd2$\xe4\xbb\x83\
k\x87\xef\xdcR2_\x81\xb2P(\x14\xc1\xf8\xb3\xd2\
[6l\xa7\x0b\xb9~Wa\xfc\xa6A\xa6\x9c\xab\xee\
\x02\xc7\x9b\xbfdC:>\x18\x9a\xad\x98M\x0aH\x96\
a\x02#\xc6\xdcnEh\x22n\xc2\xd8\xda\x0e\xbbP\
nd\xc2\xe3\xcfRSS\xc5L\xa78\x0e\xe3\xd5\xe1\
h.\xaco[\xb6F\xa1\xbeb.{f\xc7\xd1\xae\
\xbeH !\x5c\xd7\x98ir\xa8\x16aQ\xfaL\xbf\
\xeay\xb5u\xca\x18\x8b\xac$\x01@\xd4,\xae=&\
~\xb0\x1d\x01$9\xb2\x06\xad\x92w\xd1\x9c\xbf\x17\xd9\
(\x22I]\xa8\xfd\xb7\xb6Sv\xad\x94\xef\x9f\xe3<\
+\xa7\xce\xa7A\x85\xa2zU\x93\x82\xec\xa9W>\xf8\
\xdc\x0f\x82\xe7\xcc\x1a\x11C\x13i\x8e\x09\xd2\x0bo\x83\
\x85pMx\x8e\x84\x1a\x92\xefI(~\x96n\xb3\x5c\
/pp\xee\xfcv=5p\xbf<\xf4y\xd5\xe4(\
\xfd\x02\xcd\xbf\x9e\xde\x85\xaf\xe2\x0e\x22K\xafFWD\
\xadf\xf8\x0e\x89\xf4J\x0d\xef0r%}z\xb8\xca\
\xfb\xfa\xe8O\x98\xc5\xd4>\x7fz\x9fa{(y\xac\
\xc2\x83\xa7\xcddd\x8b\x1f\xa1\x85\x9e|8\xff\xa0G\
\xfa+\xddRd\x8eC\xf5N\xea\xcf\xc4\x92*\x8b\xa7\
\xf6\xe1\xb7\x0a\x03K\x0d\xca\x0be\x8c\x97\xd8Q\xc4\x03\
\x8f\xdbc\xebyu\xbf\xff\xea:e8p\x11B\x14\
\xfe\xfc`\xd7_\xe7\xba\x10\xd4.e\xa4{WI!\
/O\xe2\xc3{{\xf1B\x92\x5c\x02\xf9\xb4\xb151\
s\xa2e\xf5\xa4I\xc2\x15\xcf\x00\x82\x88\xcb?\xecr\
\x85\x1a\xb4\xd0\xdb\xe5xjI\xb6#\x909\xf4\xce\x85\
\xc83\xff\xfd\xed|j\x09\xaa\xd71\x029|\xf5,\
\xc2{\xa8\xcf\x1b3\xc8U<\x01\xf7\x1a\x80\xf5\x0a\xb3\
\xedL\xee\xa71\xa9\xc6\xec\xef\xc1D3\x9d\x98\xfe\x22\
\x11\x98rBm]\xdd1dJ\xd0\xb1\x84Rij\
|\xa4\xb0\x0d\xd7Mq\x8e&\xb2=\xfb=\xa2\x80~\
u\xdbz\xa7\xdc5'm\x93yx\x84eo\xdb\x92\
\xad\xb6\x98\x1c~+Z\xd4zgwE$}\x10\xda\
\xb6\xc2\xff\x8d\xc6}\xd7\xf6\xed\xaa,r\xec\xb4\xe2\x92\
\xeaH\x8a mh\x85X\xc2\xd31{@\x19z|\
{\xd7;\xcd/\xb8P\xe0\xc9\x93\x0e\x0bk.\xbf\x93\
\xcd\x8d\x1b\xcd@\x85t\x89L\xee_\xb7\x7f\x8c\xdc\xd6\
+\x83x\xe3\xfe\x90\x02\x84r\xb9\x9a\xc8\xed\xf6\xaa\xc7\
c4]U/\x0eM\x19.\xd6,!\xc6\xa5\xa1\xf7\
\xedw\xbck*\x9b\xe3{\xc5\x89\xba\x8c\xb9\x9c\xc5\xcc\
q\xb0R\xe5\xbb\xa6\xad\x18\xb1\xb3\xecx;YSm\
G\x0e\x8d\x0euU\xf9\xdd\x1d\xbe\xc9\xa4\xd8\x97\x97\x8b\
\xd1\xd1\xde\x02\x8e>\xfd\x1a\xa0\x97\x129^\xaaGI\
\x1e`\xdf6\xbf\x0f\x06C\xca,Q\xff\xc4\xf6\xe0\xd3\
09G\xdcF\x00\x05\x17\xd6~g$\x81\xb7\xf0\xe2\
\x1eaR\x10^\xf2\xf6\x09\xc6\xe7\x1e\xff\xca\x1c\xefS\
~\xe1W\xae\xb1\x08\xdf\x8a\x01K\x94V\x82\xb9\x9f\xce\
\xee\xdc\x1a?I\xb1\xc0f\x03\x5c\x88\xc2\xee\x87\x03%\
\xd4g\xc8\x80\x94\x84\xdcNT}ky\x11\xab\x89\xba\
\x0f\x0fl\xb7\xe4\xe5j\xecS.\x09:*\xedn\x8c\
\x0aW\xf6\x00\xdfbl\xf6q,\xd0\xf7b\xac\xc5=\
:~\x02\xe7\x05\xd6{\x94\x1e\xedeH\x09\xbf\xdc\x99\
n\xde=B\x8f\xf9\x80\x80\xac`\xa0\xa0\xaaG\xaf\x0c\
\xad\x96\x94{\xa9#\xad\x0b\xa8\x92\x0d\xd6\xf37#\x1e\
\x97Z\xf2c\xcaT\xa3\xba|Xth\xba\xce\xce\xce\
J\x92?\xfdR\xd0(%\xe0\xe1^\xc2\x1f:A\x9d\
:4\xf0\xb5\x00\xe2\xd8\x0a]+\xa4\x01\xe1S\xfb\xf6\
\xb5\x80\xe8#b\x9f*\xe3K\x10*M\xa4\x88\xbd\x82\
\x5c\xe96/G\xdd<\x83g60w\x02\xd0\xb5\xcb\
\xb1\xb7\xd472\x19x^\x8c;w\xb1\xaeQ\x11\xa4\
\x1b\xecHi\x03\x03Ok\x7f\xc0\xe50\x89\x1f\xd2\x98\
Ua\xd6\xc5\x98\x0f\x13\x91\xf1\xfd B\x19z\xa5\xdb\
\x0f\xa89\x99\xe6\xc3\x95\x9a\x8d\x04\xa5e\x18\xf4J\x17\
U\x0f\x1f\xa3\x80\xd8U\xe2|\xf2\x7fc\x1c\xd9\x90y\
\xa2\xe4\x84\x84/\x94\xe3\xca\x99xK\xc5q\xc8d\xe1\
%T\xdf\xc2\xc1\x82\x06\xf2a\x5c?\xc1\xffzcY\
\x9e\x22\xed\xc7\x1d(\xab\xac\x08G\xe3\xdd\x18\xcab~\
\xd6x\x85\xcd\xe3e\x0ca\x16\xaf\x88\xf6?\x9d[\xd4\
\xdbU\x18\x5cO\x0e\x80h\x001\xb5\xb0\xc72Ix\
\x80E\xdf\xfe\x84\xa1\x17\xe5\x08b\xbfS\xbd\x0b\xe8\xf3\
a\x81\x1e\xdf\x15\x83\xbc\xd8\xf7mA\xf4\x04\x80\xfa\xf5\
E\x1d\xe0\x91UKze\x99\x94\xaf\x85\xd5\x07\x0c!\
\xdf\x16\xa5\xe0\xe3\xe3\xed*g\x1fqRi\x9b<\x1c\
W\xdf\x13\x102X\xd6\xa1\x80\xffE&\x8e|u\x18\
\xfa\xa3\xa1\x10\xf58\x17>\xd6\x8c\xba\x87\xe4\xf2\x02\x00\
x\xa1\x9b\x8f\xecN\xeb?C\xc7F,|\x06\xa8\x9a\
\x10\x84\xeb\xa9D\x0b<\x034$%\xff\xb3\xbf\xb0\xd2\
#\x026?Vt\x8d\xc9\xdc\xafI\x17\x05tWg\
\xd3\xbfn\xeb\x85_\xc7\x81\xbf\xcf\xff*~\xe7%\x07\
\x94l\xe1\xad\x9c\xd8\x8eu\x19pa-\xed\xf9\xc9\x13\
\xc29bv\x0fV\x8a\xef\x8a\xe4\x00\x85\xc6\xc1g\x91\
\xa3O\xf8\x09\x0d\xde\xa5fs\x7f+\xb7,\x83\xc8<\
\xd2\xfe\xe7\x96\xa4Q\x1b\x10\x9f:\xbdz\x18\xab|\xe3\
\xc8v\xa2\xda\x121\xa6\xa6\xed\x93\xfb]\x00X\x8e\xed\
,\xca\x89.[\x812\xa4J\xef\xb1V-IYZ\
\xf1\xc0s\x13\xd5\x12\x13\xe66e\xee\x14\xd6~\xa7\xca\
\x09\x7f_R\x8d\xd7\xb4\xb1sC\x84\x94\xb7\x03\xf5\x15\
\xdf:r\xed\xed\xdcb\x96F\x94t\x7f\xba\x93\x03\x93\
N>\xc5\xc9\xcd\x22w\xbev\xf8C\xcb\x0c\xcd\xf0T\
]e\xb5\xcf\xa9~3\xf8`\xec\xed\x85 \x01\x00G\
o\x0b\x89~\x97\xd4\x85\xa6C#\xc3\xdf\xcc.\x085\
!\x96\xec/D\x09\xb6\x9c$\xf2\xc2\xf7x\xbdap\
&\xef\x14w\xab\xa8=^\xa6\xc4\xbe/8\x13\x9d\x22\
!\x1a\x00\x10\x1e\xcf\x8d\x19\x1e\xc1\xdb\x9c\xff\xf6\xe3\xd5\
x-\xefb\x9c\x94\xa5\x84\x02\x86\xa0\x0d\x85\xcf\xf7\xa9\
N\x14\xd8H\xbb\xfd,\xd0\xf9\x86\xbc\xb6\xce\x10\x89\x85\
\x9b\xc5\xc0\x99j\xe3\x1f\x8d\xe4\x00P\x94\xfd\xcc\x81@\
\x81\xe5\xf2$\x00S\xc3WO[\xe3~\xda\x95u\xd3\
P>^\xd2\x84XI?\xc2\xaf\x008\xb4=T\x92\
\xf1\xe2p\x9a\xeaR\x22\x9e\xdf\xa7m\x9ajm\xe0\xbb\
\x95\xd6\xa4\x13\xf65\xebP\xf9\xc6%\x11\xa0\x84x(\
\x18\x1a\x97\x18\xac\xf6\x86\xbc<\x94\x9e\x94\xa3\xa7\xbf\xf8\
_\xcf\xad\x90\x93\xd1\x1b{\x12\x0e\x02\xeb\xc0\xc0@\x89\
N\x93\xb3]\xca\xf3 \xfcC\x8e=\xff\xb0\xd3\x92]\
\x0bb\x9dB\xec\xf1#S>r\xc5\xb6\xecx\x8bm\
\xa1\xe6\x9b\xc7\x9c\xd7nJh\x89\xac\xbcX\xe3\x0dx\
{\xbeZ\x0di\x1c\xa8\xeb*^n\x85bjPe\
\xe1\x1a\x00\xa0\x17Z4\x17\xb5\xf6\xd7h\xeb\x8d$n\
\x1b\xbeI\xef\x01\xf6|@v=\xbf|\xd8\xf9\xa89\
\xe8\xb4\xaej\xc94.\x1c\x8aW+5d\xb2\x0cZ\
V||&\x96\xe2\x9e\xbbS^d\xb8\xf5\xe6\x90\xf3\
,g\xcev\xf1\xef\xb3g\xcfZ-\xd0u\x86\x84\x99\
\x00\xbc\xa0\x91\xb0y|\x1c\xcb%\x0ay\x1b\xf1\xda\xba\
\xc5\xdc)\x00\x7f\xed\x04\xc2\xda\x9clv\x22e\x8b\xfd\
v\xbcXuyID\x09\x00\xf5L\x1a!\x89\xad<\
\x9a\xe5\x90\x14\xc8I/(\xde\xc9_U\xf9,\x8bc\
No\xceU\xf1\xfa_\xc9\x00\x86\x9e(E\xe1\x80\x1f\
\xd3\x88m\xd7\x9f\x1eA\xde:G\x86.=\xd8\xe8\xbd\
\xd6\xa1\xc4\x0b&\x8cG\xe9\x8a\xc0\xc96G\xf29)\
t\x98\xb7\xe8}\xe9V6\xd3^o\x05i\x03\xe9\xeb\
\xb6A\xb1t\x0bW\xe4)M\x9b\xd5\xdb\xc8\x05KV\
\xf1O-\xff\x9d\xf4\x9cK\x91\xed\xf0\xf8w\xfe\xb8\x1f\
\x10\xb6\xf2nP\x10#\xe2\xd3\xa3t\x0a \xfc\x5c\xda\
\x8eY;v\xb1\xbb\x8cm\x85\xf6\xdba\x9c\xdd<\xb3\
\x5cz\xaf\xbeu\xc8sG\xbd\xf9\xf6]\xfbm\xff\xef\
\xc4\xdf\x93\x1d\xa6c\xd5\xcc\x19\xda \xff\x81\x1abz\
wD\xfe\xba\x8e\xdb\x10\xce\x8e\xd9\xb2'J\xe06\x17\
\xbfd\x99s\xd2\x8d9\xe1\x01\x0c]>'3#\x0d\
\xbe\x5cT\x96(a\xe8\x0e\xd1\x9a\xcfM+P/K\
\x1f\xe4\xc0\xd4\xbc\xb0\x99\xe1\x81g\x1a\x22BmNA\
gF\xb4O\x1c\x09\x06\x02<\xc0WipN\xa5\xe0\
\xbb3\x80hPs\xd7\x05\xbf\xc7S\x8fp\xfa\x07\xdd\
v5\xf5\xb8\xe8\x97TJ\xb7#\x0c\xad\xf7\xa4\x02\xe6\
\xa9\x8a\xf8\xd3C\x80\x8cc\xffT\x07|\xc4\xe8I\x87\
\xae\x04\x00cK\xeb;\x8f_\xd8\xfe\xfd\x06\x1d\x85<\
d\x91P\xcb>^U\xc6\x10\xf0K\xf2\xa7\x0fv\xec\
\xef\xef\xe3\x8cDR_UZL\xd7\xf8\xa1\x1ff\x9c\
\x13\x87\xe5\xdb<\x05x\xff\xb0\x06\xf9\xb1\x90\xecm\xe6\
\xa4 l\xc3\xe9^B\xe0\xfb:wT\xb5.\x85\xe3\
\x881\xf7\xd8Lf\x1a\x15%sF\x08\xd5o<>\
\x90\xec\xf9\x8c\xd4\xfaS$\xa7?r\x9eb\x89J\x19\
m\x14\x94<\xe8\xcf~\xe4|\xa7\xa5\x0a\xfd\xe1\xc7\x89\
\xf1\xe8\x93\x8e0\x9f\x01\x92K\x87\xb7P\x89i\xc8\xbf\
*\xdd\x12\xc4{\xf6z\xe6\x07[W\xb90\x17\xd7\xa9\
\xd8r\xbc\xe6_\x96\xc7\x1d/\xd5\xd4v\xfc\xf0\xf9\xc9\
\x04\xfe\x16\xd7\x07t\x92\x19q\xdd\xdb<\xcc{\x0f\xae\
\x0e^\x972\xccu\x14\x9a\xcc\xad\xcb\xec\xac\xa8\xfcR\
\x94]\x96\x81+S?\x19\x9f\xf9\xb9z\xfa\xf8uH\
\xb3\xfe\xdf\xb7\xa9\x7f\xb5\xb7\xde\x8c\x85\xef\x05\x0c\xbc\xbb\
\x09\xd8\x1a\x89\xdc\xbc\xebz\xe3\xf2\xef[\xb5\xebtF\
P\xdf\x94%o\xd7\x18\xa17u\x14\x86\x10\xe8\xdf\x22\
^\x16\x01\xed\xc8\x14\xb3\x05\xfb\xc964Z\xa0[X\
^]\xfa\xe5\xdd\x87\xdf\xd1\xae\xc83\xe9=\x8f$\x06\
\xa4N\xee\x9cOZ\x09\x94U\x8d\x9f\x18\xff\x7f\xfc,\
\xd2y\x19\xc6X\xbc\xab\x9b\xf0\x89,\xe3\xdf\x9f?\x1a\
OtT\xabT\xac#\xfe\x0f\x181D\x0e\
\x00\x00?X\
\x00\
\x02\x8d\xc9x\xda\xed]\x07\x5c\x13I\x17\xdf$t\xd0\
\xd0QPA\x04\xc5^N\x85\xb3\x81\x1dD\xb1\xb7\xb3\
a/X\xb0\xeb\x89\x10\xf4\xee\xec\x05OQ\xcf^\xc1\
\x8e\x1d+\xf1\xc3\xaewv\xc5J\xc4^\x89\x05\x88\x10\
\xd8o7y\xab{{\xbb\xc9\xa6A\x02;?\x9f;\
Kfg\xde\xfc\xdf\xec\xec\x947\xef!\x08\x0f\xb1F\
\xec\xed\x11\xec\xea\x85\x8c0C\x90x\x04A\xca\x94Q\
\xde\xcf\xb5F\x90\x02\xeco^^\xca\xfbD,\xdd\x1f\
\xa5\x11\xa4N\x1d\xb8\xf7E\x90Z\x9e\x08\x12\x14\xa4\xbc\
\xf7k\x81 w[!Hp0<\xdf\x0d{\xfe\x0f\
\x04\x09\x0f\x87\xf4\xcb\xb1\xe7\x1f\x22\x88H\x04\xe9\xadx\
H\xadH\x1e\x82\x07\xfc~\xa2\x0b\x82\xf4\x98\xc6G\xfc\
\xb0{\xac(\xec/\xca\xbf+\x02\xc6\x87\x93\xad\x92\xc8\
aVC\x1f\xad\x88\xe6YK\x8c\xeacT\x97&}\
]\xf8\xcd\x92!\xbfF\x18m\xc0h\x1dF\xb14\xbf\
\xc7\xc2o\x1b -\xf97[\x8c\x8ec\xf4\x0c\xa3\xcd\
*\x9e\xdf\x0ci\x8e\xc33\xc4o\xe51z\x8aQ:\
\x8b\xe7\xd3!my\xd2o\xfe\x18}\xc6H\xc2\xe2y\
\x09\xa4\xf5'\xfd6\x19\xa3\x1b\x18\x1d\x844\xb3i\x9e\
\x9f\x0d\xbf\x1d\x84\xb4\x93I\xbf\xad\xc1h\x0aFB\x8c\
\xdab\xd4\x9c\xe6\xf9\xe6\xf0\x9b\x10\xd2\xae\xa1<?Y\
\x03\xd9O\xa6<?\x05x\xe3Q\xdb\x07M\x1b\xe1A\
\xda)\xa4\xbf\xd5\xc6\xe8\x1f\x8c\x02X<\x1f\x00ik\
S\xf2\x8c\xc1\xe84F>*\xf8\xf6\x8141T^\
1*\x85\xd1r\x8c\xcea\xd4\x15p\x22~\x13\xc2\xdf\
\xceA\x9aR\x0c\xf9[c4\x1c\xa3\xb3\x18\xa5`\xb4\
\x1e(\x05\xfe6\x1c\xd2\xa8z\x87pr\xc5(\x14\xa3\
q@\xa1\xf07\x84\x0e\x1f<\x08x<\xd6\xef-\x9e\
\x96\x08\x22\x1e\xa26\xf0DJ\x22\x07\xfc9\xb1\x00Q\
\xf43XW\x87\xd4!\xf73\xd6\xf4\xfd\x0c50\xf5\
)\x9a\xa6\xd1\xa4/\xd3$}\xc7\x8a\xae\xea\xd2[a\
\xe4\x8b\xd1\x5c\x8c\xbcU\xe4\xef\x0di|\xe1\x19Z~\
H\x7f\x17`\x14\x8e\xd16\x8c\x86`\x94\x85Q;\x15\
\xf9\xb7\x834C\xe0\x99p\xc8\x83\xe9=\xea\x06\xe9\xf1\
\xbeh$F\x9fX\xe4\xff\x09\xd2J\xe0\xd9n\x0c\xf9\
\xdb`t\x02#\x14\xa3GZ\xe4\xff\x08\x9e=\x01y\
Q\xd3\xe2\xfd\xee\x13=\xe4\xff\x84\xe8\xc3)\xd8T\xc4\
(C\x0f\xf9g@^\xd46\x83\xe3\x96\xab\x87\xfcs\
\xc92 \xd1Z\x8c\xbe`\xf4\x02\xbeU#\xe1{\xa3\
.\xff\xcf\x906\x1d\x9e\xfd\x02yQ\xfb\xc8+\x18%\
C?<\x1e\xa3\xde\x18}\xc0\xa8\xb5\x8a\xfc[C\x9a\
\xde\xf0L\x00\xe4q\x85\xd2\x97\x96\x05\xb9\xac#\xfd\xcd\
\x01\xa3\x8epe\xca\xff_i\x80\xd6A^e\xd5\xe4\
\xafm\xff@\x97?^\x97\xcb0\xbe\xb0d\xd3_1\
\x94e\x09y\x5c\xa6\xf9\xd6\xac\xc2\xe85F~:\xe4\
\xef\x07y\xac\xa2\xa9W\x08F9\x18\xcdb\xdb\xe7\xd2\
\xe04\x0b\xf2\x08\xa1\xc9\x1f\x7f\xa7\x930zG\x1d\xa7\
\xb0\xcc\xbb9<\x9bD\xf4\x0f4\xefp=h\xc7\xf7\
\xa8c\x0a\xe2\xfb\xc7\xf0\xbd\x0c\x80g\xd2!\x0fU\xe3\
\x90\xf6\x18\xbd\x84\xfe\xb0?\x99\x17\x86:\xf7\x87\xb4/\
\xe1Yu\xdf\x00\x9c\x82\xe0\x1d\xf9\x86\xd1Q\x8c\xfa\x81\
\xec\x9c\x81\xfc\xe0oG!\xcd\x15xF%\xa6\x942\
<0\x12a\xf4\x10#\x19Fo\x01\x83{\x10\x97\xc1\
o\x22H\xab\xedw\x18\xefk\xbb\xc3wp3\xd0\x5c\
\xf8[yM\xbe\xf1\xfa\x98\xb7h\x1at\xcdS\xd6\xc4\
\x13\x117\x11(H\xd4\x84\xf7\x9d\x90&\x08#\xf1P\
\x91\x82\x10\x14\xbb\x8f\xc6\xc6\x5c\xd8\x08\x0b'1\x22@\
$\x88%\x22E\x84\x88\x0c\xf1\xc4~F\x15\xe30|\
\xf4\x15D\x1e\x87\xd9\xb3\x1b\x87\x19K\xd0\x14[}\xc8\
\x97!\x0fK6\xfd7Sz\x1d\xde\x11|lh\x0f\
\xdf\x16\x9cJ\xb3(\xbf4)\xbd=u|\xc9\xb2\x0f\
\xb0\x87\xf9X\x02\xf4\x81\xcf`\x0c\xe0\xc9\xa2|OH\
\xfb\x0c\x9eM\x80\xbc\xecY~W\xed\x80wb\xcc\xd4\
\x0c\xfa\xc9\x0c\x0d\xca\xcf\x80g\x9a\x91\xc6n\xeb o\
u\xe5\x0f\xc2(\x8f4&\xd4\xb5|bl\x9a\x07y\
\xab*\x9f<V\xd6w\xf9(\x8c!\xacU\x94_\x0e\
\xa3\xc7\x06,\xff1\x94\xc1\x84}\x05\xf8\xd6\x1a\xaa\xfc\
t(\x83\xe9;^\x0b\xa37\x06,\xff\x0d\x94\xc1T\
\xfeTRZC\x94\x8fB\x19L\xf3\xb4\x93\x90&\x93\
\x84\x97\xae\xe5\xa7S\xf2<\xc90\x8f\xf3\x85~\xe3=\
F}1\xda\x07\xeb:M!\xbf\xe7\x1a\x94\xff\x1c\x9e\
i\x0ay\xec\x83<\xdfC\x19\xbe4\xe5\x07\xc1\xd8\xe6\
&F\x8e\xc0\xa3\x1f\xb4W|\x9d\xe7<F.,\xca\
w\x81\xb4\xe7\xe0Y?\xc8\xcb\x11\xf2\x96\x11c2\xca\
s\x9d\x01\x9fT\xcaZ$N\x95\x80\xd8~\x7f\xfe\x95\
\x9e\xb4&\x9a\x0aet\xd6\xb0|\x9d\xbe\xbf4\xe5w\
\xa2)\xbf\x19`s\x0b\xc6\xb2Z\x8f\xcd\x18xr\x86\
\xbceP\x165M%h7x;\xfd\xc9\x00\xe5\xe3\
yJ\xe1\xbbX\x89\xa6|\xfc;}\x04\xf0\x99\xa2\xeb\
\xf8\x94F\x1eS \xef#\xc4\x98\x80&\xdd\x08Hs\
\x8d2\x8f\xd5\xb5\xec\xb2\x90'\x0ae0\xf5\x7f\x1e\xb0\
\x96\x8d\xd2\xad\x99\xeb0\x86\x8b\x85<o\x90\xe7,\x0c\
\xe9\xc3a-%\x13\xe6\x22\x88\x0e\xf3^\x04\xf2\xc8\x84\
<\xc3Y\xcc\xf3p\xd9\xac\x04~\xf1\xb9a\x17\x1d\xde\
\xbf.\x90\x07\x0ayZ\xb1\x5c\xd7\xc0\xfb\xb0=\xf0\x1c\
\xdegN\x22\xc6\x9e,\xa94<\xf3\x1e\xf2\xd8C\xf4\
\x9d\x1a\x8cA\xdd`\xad<\x1f\xa3\x02\x8c\x8ea\x14F\
Y\x87\xa7\x92\x10\xd2\x1c\x83g\xf2!\x0f7-\xc7\xe0\
x\x9f\x15I\x1aC\xca\xa0_\xff\x1d\xa3\x1e\xd0\x8f\x07\
A\xfcw\xf8MF\x1a\xbbFR\xfbR-\xdboM\
\x8c\x96\xc17\x95\xfc-\xff\x06D\xfe\x9b\x04\xd2\xd6\xd4\
\xf3<\x88\x07\xfb%x\x1b^\x8d\xd1)\x8c\xae\x02\x9d\
\x82\xbf\x85C\x1a\x9e>\xe6\xd8j\xbe)\xd60\xa7\xb0\
\xa7\xee\xa1\xe8\xa3\x5c]\xd7\x16L%\xa0X(\xb0\x94\
\xc4H-%B\x89\xa5\xc4Rl)\x11PId)\
\xe1\xa9$\x14URL\x01O\x14(\xe7\x89<e<\
\x91P\xcaS<\x8f \x02\x09\x82XJ\x11D(C\
\x10O9\x82\x04\xa2x\xb1b\x01^4\xea\x07{E\
\xe1\xe4u\x0a\x1f\xd3Z\xa7\xe0\x82a\xd6b\xf4\x99O\
a\xae\xed\xe9;\x1fu\xa1\x8c\x8d%S\x19\xf8\xf7\xbe\
%\x90\x95\x0e\xfc\xd3\xe6C&\x9c\x07=bM\xac\x9d\
\xf5\x81}\xa7/\x10\xd7\x96\x7f\xba|,\x0d\xb0VX\
\x13\xd6\xb0\xb7\xc2x'\x86\xf4]\x8e\xd5\x81\xffXR\
>1\x90\xf7V(\xab\xa6\x1e\xda'\x0fp!\xe6\xea\
\xcf`\xee:\x93T\xaeH\x87\xfcE\xa4|fB\xde\
\xcfHk\x1c}\xc8c\x06-\xb0\xef@\x1ak\x12c\
 C\xf3O\x1e\x8b\xbd\x07\x1e\xb4\x99'\xe0\xf3\x91\xbf\
i\xc6p\x85\xc9?\x0a<xh\xc1\xff\x18J>E\
\xc5?N\xa35\xe4\x9f<\xe76\x06\xfe\x0f\x11\xfd\x12\
\xcb\xbc\xf1yu\x9a\x11\xf1\x7f\x9fX7`\x99wE\
\xd0\x9d3\x16\xfe\x9f\x12:\x1a,\xf3-O\xb3\xbeZ\
\x94\xfc?!\xef\x9d\xb2\xc8\xd7\xc7\x08\xf1\xf7\xd1\x80\xff\
\x08\x98\xe7\x1b\x0b\xff\x05\xc0\x13\x9b5\x0e[\xca^\x8f\
1\xf0O\xe8Y\xd9\xb2X'\xaaG\xf9\xe6\x1a\x0b\xff\
\xef\xe9t5h\xf2\x1cFz\x06_\x17\xdcMjK\
t\xfc\xc7\xe8\xc0\x7f\x8c\x0a\xfe\x0b\xa0\xec\x1b\xa44\xc3\
X\xf0\xbf\x8a\x94\xfeOX\x07\x99\x09{l\xf7\xa1\x8c\
h\x03\xe0\x1f\x0dy\xdf\x87\xb2fB\xd9\x7f\x92\xd2\xac\
R\xc3\xbf\x15\xecE\xa2\xd45a\xd8\xbfi\x02\xdf\xc1\
\xc9\xa44St\xe0\x7f\x0a)\x9f\xc9\x90w\x13b?\
\x89\xb2\xf6M\xec\x93Z\xa9\xe0\xdf\x1e\xd6\xbd\x885\xb8\
P\x86y\x8c7I\xe7\xd7[\x07\xfei\xf3\xa1P(\
i-\xf0*\xb1\xdf\xceb\xdc\x90\x03\xf3:&\xfdc\
\x01YwT\x87\xf9/m>\xa4\xfb\x96\xc0\x0b\x0a\xbc\
\x95\xd5\x96\xff\xc2\x5c\x7f`\xe0\x1f\xd7\x95*\xa3\xa6\xfd\
\x5c\xa1k?E\xb8NCn?W\xd4\xb4\x1fK\xd0\
\xd7$\xde\x97QF\xc0\xff(\x12?\xc9L\xe3hR\
\xfa\xe5\xa4\xf4\xab\x8bb\xed\x96\xd2\xa6\xd6\x90\xf8Y\xce\
\xa2\xff\x0f'}\xaf\xae\x91\xf7W\x8a\x80\x7f\x17\xd2\xfe\
^\x01y\x9fK\xc53\xd5`/\x9e\xd8W\xe9\x5c\x98\
2\xa0`\xdf\x99\xb4o\xf3\x02xS\xc7\xbf9F;\
H2\xdbG\xde\x87(D\xfe\xad\xa1l\x82\x8f\x1d\xc0\
\x1b\x9b1h'R\x9f\x95\x05gZ\x0c.\x03\x0a\xf6\
]\xa1l\xa2/\xef\xa4\xc1\xf8\xdf\x0e\xe6\xcc(\xe9\xbb\
W\xc1\x90u\xa0\xf0^\x814\x0e \xe6\xefv\x1a\xee\
\xd3\xb6\x00]x\x22\x8f\x8d\xe4<\x0c\xb8\x87e\x07e\
\x11\xe5~\x00^4\xdd'\xe5\xc3\xfa$\xd1\x17\xc91\
ZD\xd5\x7f\xd63\xef6P\x86\x9c\xd4\xe7\xc4\x02/\
\xda\xec\xd3;\xc0\x18\x1c%\xd5a1\xdd\x9e\xb7\x1e\xc6\
\x0f\xa5!o9\xa9\xbc\xdd\x94\xb3\x0a\xda\xe4\xed\x85\xd1\
\x19R\x9e\xf8\xdew\x22\xa1\xeb\xa4\x07=\x06BG+\
\x11\xf2&\xca9\x03e\xebc\x0d\xdd\x0f\xce\xe3\x91\xe7\
s\xb7@w\xcbN\x83\xb1\x18][\xef\x0by\x91\xf3\
>M>7\xa1']\xf0\xf2\xa0\xf3J\xc6H\x06}\
CG\xaa\x1e\xac\x1a\xb2\x87g\x0e\x91\xbeO\x84l\x13\
\xa8z\xf2z|\xbf\xf06:\x9d\xa2\x0bI\xf4\xcf\xe7\
a>\xdb\x0a\xe4.\x84\xb9\x92\x15\xc4\xbd\xe0\xb7\x18H\
\x9bC\xc9\xe3\x0d\xe4]Z\xdf}\x1c\x0d~\x8d\xe1\xdb\
\x98M\xb3N\x90\x0d\xfb\x1d\x97@'\xf1$\xc4\xd3U\
\xa4\xdf\x07y\x1al/\x92\xe1\xac\x08\xde\x06\xf6\xaaX\
oQE\xef\xe1\xd9\x8etgR\x0aq\xff\xd4\x0a\xce\
{\xe3\xfa\xa7\x87\xe1\xdc\x9a\x14\xf4\xa2\xf2\x81r\xe1o\
\x8f \xcdTx\xc6\xaa(t,T\xbc\x97\x96\xf0\xee\
\xf9\xc3\xbeOO\xa0\x0e\xf0\xb7\xf2*\xce\xb5\x1b\xd5~\
\xbc\xa9\xea\xb3\x14\x17\xfd\x1b.\xb0\x0b\x0ae!\x94t\
\x95\x06\xca\x85\xf8U\xe2)\xb3\xc4\xae\x05\x88\xa7\x0c\x89\
A\x109~\x0dD\xf0sP\xf8Q\xa8\xefW)~\
\x15\xb2\xbfJ\xf0\xab\xe5\x7f\xafb\xfc*\xd0\xe0\xea\xe5\
)3\xc3\xafu\x02\xe5v\xf85\x10E\xe5\xe4\xab'\
\x8a\xca\xc8W!\x8aJIW\x89%\x8aJ\xf0\xf2\x05\
(*\xc6\xaf<\x14\x15Y\xe2|b((\xf8\x0d\x94\
\xe3W\x8ci)^O9~2?\x10\xc7\x03\x0b1\
\xca\xa3b\xf8\x7f\xf8\xb11\x1e~\x15#\x88@\x81\x1b\
\x82\xe0\xb8\xa1\xb8R\x96\x02W\x82\xa4\xc2\x7f\xe1\x0cW\
\x5cO+\x08\xc1\xcf\x9c\x91\xf4\xb4\x828=-.p\
\x81\x0b\xa6\xf3]7\xf6q\x03\x85\x1f3 C\xd5_\
\xef\xf9\xebQ\x16\xcda\xad!\x91l\x17@\x8fe\xd2\
\xe6_Xm\x82\xa1,s\xd2Y\xa5\xcb\xa49\xdce\
\xe2L\x94\x9e\xcae\xcc\x9f\xbcv\x5cHz\xf4\x16p\
\x86b\x11\xd8\x17q\x81}Y\x09E\x9f\xc0K\x8f\xf5\
\xf7\xa2\xc9\xdf\x13\xca^\x0b\xbc\x04\x01o\x86\xec\x7f\xbc\
\xa0<)I\xef\xb2\x02\xcd9\xd8t\x03\xd4?\x9d\xe6\
\x5cl\x05\x92^&\xce\xd3_\x94=r}\xd6\xbd\x0a\
F\xff\xa3\xacU\xa4\x1bA\xfd\xd3)<\xfd\x0fx\xd5\
\xe7Y\x16\xfc,\xe8~\x9a\xb5\x1ac\xac?\x0a\xbc:\
\xeaq\x8dt*\x83\xde\x96\xb1\xd6\xbf\x80|nZ\xc7\
}\x80J`?\x055\xa1\xfa\xa3\xc0\xb3\x8f\x1e\xea?\
V\xc5Z\xa51\xd7_#\xfdb\x86r-`-\xd6\
T\xeb\xbf\x87\x18\x1fhY\xae+\xcd\x1e\x8c)\xd5\xff\
\x16awQO\xe3\x0eS\xab\xbf\xd6\xe30\x92\x1e\xdb\
S\x13\xae\xffS&\xbb\x8e,\xfb\xbe\xf2${}\xa6\
X\xffGl\xf4\xcb\xd5\xd4\xff\x81\x09\xd7\xff\x81\xa6\xf5\
\xa7\x8c{\xfa\x92l=\x9ab\xfds\xa1\x0e\xda\xe8\x11\
X\x83\xadb\xd4\x84\xeb\x8fB\x1d\xac\xb5\xa8\x7f]\xb0\
\x9fg\xea\xf5\x7fK\xb6\xe7\xadA\xfd'\xb0\xd8\xab6\
\x85\xfa\xa3P\x17Mt\xa4\xe8\xc6}\x0f\xc1\xc6\xaa\xb1\
\xd7\xff3\xcd|e/ymD\x8b~?\x0ftD\
\xc7\x91\xecB\x11\xe3\x8b\xa2\xae?y|\x96\x09<\x86\
\x93l\xc2\xb1\xfe\x0e\x90\xea\xdf\x0c\xce\x1e\x93u`j\
\x90\xf4\xae\x8f\xc1z\xcb\x13\x06>\x0ac\xfd\x8b(\xf7\
\x09\xf0r\x8c\xa4\x97^\x83\xa2\x0b\xf4\x85\xb0\xa1\xc4\xb2\
\xfe\xfd(\xfaP\xf8YS'\x8a~\x96?\xe8~\xda\
\x02\xb6t\xf2\xd1W\xfd\xe9\xdaWy(\xbb\x13\xf0B\
\xd67s\xa2\x9c\xd1\xcd\x87:\xb1\xad\xff4\x9a\xf5\x14\
\x0b\x15k\xce\xb8\xbeK<\xb4\xb9<\x88[\xe9\xb1\xfe\
\x8c\xf93\x90\x05\xcdz\xd54\x0d\xea\xff;\xe5\xd9u\
,u\xdf:\x03\xd9\x1b`\xfd\x956\x7f5\xf6\x9d\xc9\
u\xf8]\x83\xfa\xaf\xa6<\xbbF\x1b\xfb\xf3E\xb1\xff\
\xc5p>\x01\x85\xb5a\xbd\xd7_\x15\x8f\x86\xdewR\
\x93\x96Z\xffU\xfah\xff&\xb4\x1fKm\xff\xb35\
\xa8\xffd\x9a1\xb4\x85\xb1\xd7\x9f\xd2\xffQ\xe7.\x93\
5\xa8\xff/\x94\xef\xdf5}\xda8,\x84\xfa;\x93\
\xce\xf7\x10\xdf\xbf_4\xa8\x7f#\xf0W\xc0\xea\x8c\xae\
\x11\xd6\xbf>\xe5\x8c\xc6'\xb2\xcf!\x16\xcf\xe3\xe7\x15\
\xefP\xf6\x13\x86\x98\x90~\xe5P\xca~\xcd\x1d\xb2}\
H\x16y\x98\x81\x1f\x12\xf2\xfb\xb3\x93\xcd\x1c\xc2H\xde\
\xfd\x9d\x14\xde\xb7\x91\xf5&X\xe6\x13N\xe9\x03\xde\x90\
\xdf\x01c\xc2\x80\x22\xfbz\x94\xb1\x7f\xbe\xaa\xf3}*\
\xf2\xf2\xa6Y\xfb\x5c\xa8\xa9\xdd\x9fB\xae?\x0fx\xa4\
\xae\x81zkQ\x7f<\xaf8J^\xf8^{\x1d#\
\xd6?\xaaC\xd2\x07 (N\x07[M\xfe4k`\
\x9bU\xf9@*\xc2\xba[\x01o\xd4\xb5/\x7f\x1d\xd6\
\xbf\x05`\x9b\x93z\xa6&\xbc\xa8\xf5\xd0h\xc6\xc3\xe1\
4gw\x96\xd1\xf9\x91\xd20o?\x9a=\x80t\x1a\
\x1f~EY\xf7F4\xeb`\x0ft9+F\xf3=\
\x95Q\xf2\xbfH>w\x5c\x84g\x5c\xaa\x01/(\xe5\
\xfc\xdaP=\x9e\x83\xb4\x02\xbd'\xea\xba\xea\xb9\xc2\xc4\
\x80\xa1\xee\xe7h\xf8Z\xab\x8f>\x8aRV9\xb0\x9b\
K\x87A\x1dCc@S\xf7:\x0cu?E\xf8l\
0\x80\x0eXM\x8a\xdd\x1b\x82\xee\xc2y5~!\xac\
\x7f\xf0\xa1\xac\xbb4|\xdc\xa0\xdaW4\x00\xf6\x8d(\
s\x03\x82>\x82\xdf,W\x03\xda1q\x852>\xd2\
\x94\x7f\x87\xda'\x1b\xb0\xed\xd5\x87\xb3\xa2tzWg\
\xc1\x86\xba\x8d\x1e\xfd\x11\xd8@\x9eg\x19\xf4\xd0\xce\x03\
O\x85y\xce\xd3\x07\xf4k\xe8\xf8\xc1\xed#\x1c\x80\xb5\
JG\x1d\xce\xf19B\x1e\x07H6\x17\xa8x\xef\xa1\
\xf3\x99ZH\xfd\xaf\x03\x9c\xe3\xff\xc0\xb0\xef\x86\x8fG\
.\x80\xcd\xa9\xa6\xd0~\xcdT\xd4\xd7\x0c\xd24\x85g\
.\xd0\x8ci\xc8\xf6\x0fb\xa9\xe7\xf0\x8b\xc0\xd60\xde\
\x1f\xb5\x81\xb3\xe9r\x15{\x90\x9f\xc0\x9f\x08>7\x9d\
\x03zu\x83\x81\xc6\xc2\xdfvB\x9aO*\xf2\x91C\
Ym\x0c\xd1\xdf\xea\x80\x83\x13\xd8\x16\xbd\xc9\xf0N\xe8\
J\x05\x90\xf7\x18\xca^\x94\xb1\x9d\xd1-\x0f\xf2<\xcb\
\xf0\xcejJY\x90\xd7X:?{F8\x07%\xf7\
\x0dmA7\xff2\xbc\xaf\xf9,\xea\x9b\x0fi/\xc3\
\xb3m\xe9\xdeq\x13;\xe3\xec\x08\xfed\xfa\xc2\xf7{\
\x1d\xf4\xe9\x87\x81\x0e\xc0\xdffA\x9a\x9fT}7L\
h\x0f\x82\x89x\xb0NG&^q<#^\xdc\xce\
\xf1s\x81\x0b\x5c(>\x01U\x1b\x10\xc5\xbf\xefW\x09\
~\xb5DQ1~\x15\xa0\xff2E\x80Q\x81\xf2\x1a\
C\x5c\xe5\xcak\xa0\xa6W\x99\xf2\xeaI\x5c\xa5\xca\xab\
\x90\xe9*Q^-Y_\x85\xf8\x15\xf7\xa2\x13\x8b\xa2\
\xb1\xf8\x15\xaf#q\x95X\xe2v\x1c\xfeuU\xb8\xbf\
\x11\x7f\xbfJy\xf8\x15\xf7\x9a\x03W%FB\x19\x12\
\x83\xa2\x0a\xe3\x16\xb8\xc1\x08\x851\x0b\x14\x95\xe1~t\
p\x03\x11x\xfdp\x03\x11H`\x01\x8e\x9d\x18KL\
`'\xc2\x7f\xc3\x8dE\xe0<\xf2\xf0\xdf\x10\xdc\xf2\x03\
n\xf7\x01\xb7\xfc\x80=\x8b\x05!\x9e'\x82\xbb\xe4A\
\x95\x06#\xf0\xb2qC\x11\x0a\xc1 \x0a^\x15\x06\x22\
\xc8\xc6 T\x06\xdcND0FK\x11\x92\x9d\x88\xce\
\x9c\x9d\x08.p\x81\x0b\x5c(i\xa10\xe7$\xc5\xc0\
\x8e\x99-\xf8\xe0\xb1-\x04|\x0cZ\x96\x01\xe4W\x1b\
\xd65\x1e\xc1\xb5\xb6\x01\xf1a,\xcb\xc8\xec\x10\x9a\x91\
\xf4\x0a6P\xd6\xbd6\x10{\xf5z\xe6CeY\xaa\
\xd6\xe3\x0b\x09\x1b[X\xcb^\x08:\xba.pf\x99\
\xea\xe7\xe9\x08[_K\x1a\xf2b\xc9P\x969\xf0\xb2\
\x0axkC\xe7g\xdb\xc0\xd8\xf8\x83\x0d\xd3/$\xfd\
#/\xe0\xed0\x85\xe7\xc3\x06\xc4\x87\xae,s\xe0\xe5\
\x19\xe9\x8c\xc9^C\xee\xc3\xd1\xf8J~B\xa3\x97\xe2\
iD\xf8x\xd2\xe8\xa5<\xa6\xfa\x886\x006\xcd\xc1\
7:j\x82\xf8\xa0\xc0{s\x03\xe90T\x00\xbb\xc1\
\xa8\x09\xe3\x83B\x1d\xf4b;\x9f\x82\xcfl5\xe7=\
M\x05\x9f\x7f\x9dy\xd0\x13>\x95\x19\xfc\xc7\x99*>\
O\xa0N\xfa\xc2g,\x8b\xf3\xc2\xa6\x84O\x81>|\
\xe5\x90\xec\xb4\xed,f\xf8\x10\xfeK\xcc\xf4\x80\x0f\xf5\
\xccJq\xc1\xe7\xba\xae\xb6\x00\x19\xce@\x17\x17|t\
>+\xce\xd2V\x8d\xa9\xe2\xa3\x95\x0d\x1b\x9a\xbeY\x9d\
-#S\xc5GB\xf6g\xa2\x03>n\x0cz\x9d\xa6\
\x8e\xcf\x1d\xa8\x9b\xae:\xf0\xb5I\xfe\xbf\x8a\x13>/\
\xa8\xebEZ\xe2\x13\xcb\xd2^\x8a\xa9\xe1\x83B\xddt\
\xc1\xa7\x0c|\x07\x8b+>\xd7\x09\xff\x91Z\xe2\x13\xa6\
B\xcf\xb58\xe0\x93\x03u\xd4\xe6\x0c\x1a\x8f\xe2\xfb\xb1\
8\xe2C\xf8\x90d}NO\x85\xad\x13b-\xee\xb3\
\x09\xe3\xf3\x99b\x7f\xe7?6h4\xc0\xa7!\xcdy\
\x89\xddp\x9e\xfb\x9d\x09\xe2\xf3\x0ex\xdfMs\xfe\xa4\
\xa1\x16\xf8\x0c\xa1\xd1\xd7&\xeceu\x00=\x5c\xe2\xf7\
\x0c#\x5c\x7f\xce \xcd\xd5/\x03\xcft\xf6\xcb\xfeu\
\x86_\x03|\x16\xd2\xf4e\xc1\xa4\xdf\xf1=\xb9\xe1p\
\x0e\x03\xe7\xcb\xdd\x88\xf6/\xdc\x81\xa7=\xc0\xa3\x07\x89\
\xef`\x9ao\xceB\x0d\xf11\xa3\xf8T%\xd6n\xab\
0\xd8$r \xf9\x95\xdeNyn\xbb\x01\xf7\xbf\x98\
\xca\x12\x00Ot\xb6\x9d\xaa\xd0\xac\xa1\xb3^\xeb \x9d\
[:MsF\xcd\x85\xc5\xdewc\xf0\xeb\xfc\x19\xae\
\x8d\x0d\xb8\x9f\xc2X\x96\x0ar\xa19\x0bx\x9a8\xf7\
\xc5\xb2l{\x9a\xb3\xab\xf8Y\x87R,m\x0d\xe1\xed\
;\x00\xae\x86\xdeob]\x16\xfcV\x0a\xeaB=3\
l\xaf\x01>\xee$\xbf\xe9\xda\xe0c\x94\xfa\x1b*\xf0\
I#\xf05\x14>\xa6\x10T\xe0s\x8f\xb0\xe3b\xa8\
\xf7\xcb\xc4\xf19O\xf8)\xd5\xa0\x7f\xa6\x9e\xe9\xbeI\
>\xc3k\xa2\xd8\x10g\x85o\xd2\x9c\x0d\xd7\xa4\x7f\xa6\
\xfbv\xbe\xc4\xa8j1\xc0\xa7*\xd4E\xab1\x08)\
\x9f94\xe3\xc3\xd0b\x80O(\xcd\xf8p\x8e\x16\xe3\
\xe7~4\xe7\xfe\xa2L\xf1\x8c\x13\xe5\xdb\x16Csn\
\xb1\x9f\x16\xf8\xd4\xa1\xb1\xb1sD\x13\x9b\xd5F\x88\x8f\
5\xcd\x9c\xe4-\xd9N\x86\x06y\xe1>\xaaSi|\
R\xd77\xe13\x91\xf5i|u\xa7B]\xb5\xf1\xf7\
.2\x94\xeeC\x11\xe1C\xa7\x83\x22\xd2\xb4>\x14\x9b\
\x1d\x1fh\xc6R\x15M\x01#\x0a6\x15\x81w\xaa-\
\x84F:\xac?\xe3\xefk\x12\x0d\xe6Q&\x88O\x14\
M=\x92\xb4\xe9O)\xf9v\xa7\xb1\x01%16{\
pj\xeaP\x87f\x0fX\x06u\xd3\xd5N\x16>\xee\
>J\x83}\xa21\xe9\xac\xab\xc0\xc6\x16x\xa5\xf2\x7f\
\x94\x98S\xe8\xc1\x8eO0\xc9w A\xdf0\x8a4\
\x01\x9b\x0e\x91\xc0+\x99w)e-T\xd7\xb2\xf05\
\xcb\x95\x0c>,\xda\x1b\x0bF4\xd8\xb4g\xf0\x15\xb2\
\x92\xec\x9fSO\xe5y\xd3\xec\xf7\x10\xfe)Z\x18\xa1\
]\xc2\x16\x0c\xfe\xf3\xfe&\xdb\xe5\xd4\xb3\x8eo{\xb0\
YlT\x18i\x80\xcd{j{\xd7s\xf9<\xf0\x93\
\x91\xc3\x80Q\xb0\x11\x9c\x99\x09f\xc0&\x07x\xe7\x19\
x=\x13\xdfW\x99\xc7`\xb3\xe6\x15F#\xe9|0\
\x14\x02.VP\xf6+\x06\xdb9\xf3\x88}\xa6B8\
\xa3R\x1a|Q\xd0a\x94\x0d~\x04*\x16\xa2_\x84\
\x8aPf6\x036\xf1\xe4oy!\x9dq\xc2\xe7t\
\x8bi\xc6\x8ed\xdd\x91\x01T\xbe\xf4\xa0\x8fD\x95\xd3\
\x00\x15:82\xe0QXDv\xd4\xac\xc0_k&\
\x03\x7f\xf8\xb8\xe3\x10\xec\xed\xdai\xe9\x0f\x83\x8e\xec \
\xcfC4c\x1b\xb2O\xa1\xa9Ea\xf3\x98\xc6\xce\x1c\
>N\xbf\xafB\x87\xe4+\xf8\x01\x1a\x0c\xef\x82@\x0b\
\x9bC\x02xv0\xe4\xf5UEy\xf7\x81'\xbe\x11\
\xf9\xa4\xaf\x09\xba\x11\xdf\xd4\xd8\xd0\xc3\xbf-[0\x1a\
\x86\xd1\xcf\xb0\x97d\x07\xfb\xbb| 3\xf8\x9b;\xa4\
\x19\x06\xcf<Tc\xeb\xef\x1b\xf0P\xd3H\xed\xd4\xd9\
\x81.\xc4m\x96v\xf7\xa4\xb0\xe6p\x06\xa3]`O\
\x7f\x1b\xc4\xcf\xc0oR\x96v\xffnC\xd9v\xc64\
\xe7Q\xf1=\xf9\x0d\xce\xec\xa1\x06\xa6\xc7PV\xc5Y\
F|\x0e\x9e\x01'?Xw\xf9G\xc5wN\x1b\x92\
A\x9eQT[\xde&\xb6&E\xd6\x83\xed\x0cg\x8a\
o1\xe8\xe8\xa9\xa3\xcf\xf0\xec*\xc8\xab\x8c\xa9\xda\x8d\
Sc\x1f\x10\xdf\xe7\x0e\x04{\x9f\xab`\x1d\xe6\x0a\xd8\
u\x7f\x08\xf4\x00\xfev\x14\xd2\x8c\x81g\xca\xaa\xb2'\
h\x8a\x81\xc5w\xdb\x0at\x99<\xc0\xfew9\x88;\
\xa8\xf1\x15W\xec\xec\x0c\xeajs\x91\xb3\xbd\xc8\x05.\
p\x81\x0b\x5c \xc2\x0fs\x98\xda\xc4\xc5\x9e\xa8L\xf0\
\xdf8n\x1c\x12'<.Q\xc4-\x15q\xb1\x22.\
P\xc4E\x8a8\xef?qD\x11\xc7\xafH\x01\xc4c\
\x0c\x14\x97C<\x90\x12\x97A\xdc\x93e\x5c\x0aq\xa1\
>\xe3\x96\x0a<%\xff\x8d+\xd0\xffo\x5ca\xbf\x13\
\x15\xab\x8c+\xeci\xa2\xa2\xff\xc4\x95RE\xa8q\x85\
\xcdO\xdc\xe8\xe7\x7f\xe2\x81\xa8\xc2\x08\xa8\x027O\x85\
mN%\x86\xb8\x91Q\xa9\x22^\xa00\xda)\x01\xcc\
q&\xc4\x8a8\xaa0\xea)B@\xeexQD\x1b\
\x08D\xe5\x10\x17c\x19I\xa1\x9d\xe0FCE\xd0~\
0\x80\x9a\xe0\xc6B\x95m\x0c\x0f\xca6\xa6\xb0\x1d\x8a\
=\x8f(\x0d\xb5\x22\x88\xc2\xfe\xa8\xc2\x00)qQ\x1a\
\x1e%\xda*ntT\x08q\x99\x22\x1bh\xdb\xe4\xff\
%\x8a*\xe8\xf8\x8e\xe0vH\xc31\xc2K\xffn\x87\
t)g\x87\x94\x0b\x5c\xe0\x02\x17\xb8\xc0\x05.p\x81\
\x0b%#\x18\xdb\xda$\xb7~\x5ctu.I\xeb\xd5\
\x94:\xe1:\xdb\xdd@o'\x1e\xe2\xd6E\xa8\x97V\
\xe4\xfc\x14b\xbb\xe2\x83\xdeK\x16\xc5\x17\xddT\xb2\xbe\
G!\xf2\xc8\x8a\x1fc\x7f/X\xf8E#\x9fm\xbe\
\xcd\xa0?\xe1^\x04\xf8\xb3\xe2G\x9d\x1f7#\xc4\xbe\
\x0c\xd8&\x9a\x03\xe4L\xd2\xfdHg\xb0\xa1S\xb1\x08\
\xf0g\xc3\x8f3\xa9\x1ea\xc6\xa4\x1b\xc0\xe0\xcbx4\
\xd8l\xc9!\xd9\x97\xa9H\xaa\xef\x13\x06\x9b\xb5E\x85\
\xbf:~*\x92\xec\xd1\xe4@\xddF\xd3\xd9\xfb(b\
\xec\xf1\xf3\x87\xc7it\xd8\x9e\x14\x03\xfc\x9f\xd0\xe8\xfa\
\xe16p\xea\x15\x85\x0c\x18\xf4\xda\xd3T\xd8c.n\
\xf8\x93m{\x14\xf5\xb9\x82\x06\xa03\x84\x96@\xfcQ\
\xa8{\x83\x22\xd2\xf1.Gc\x0b\xa9\xa4\xe1O\xd8H\
*W\x182\xa0\xe8t\xcfe\xa1[X\x12\xf0G\x01\
\x0bA!\x9e\x01\x09`8\xafSR\xf1\x7f\x05\x98\x14\
\xc6\xb9)3\xd0\x0dE9\xfc\xffE\xab\xc8\xbe\x9f\x0c\
\xc8w5\x16v\xc7K\x22\xfe\x12C\xdaQ\x22\xf1=\
\x9c\xe5\xb9\x8c\x92\x86?>/\x18h\xe03\x92\xf87\
f\xbd\x06\xba\xfd%\x09\x7f\x9c\xd6\x19\xe2;L9{\
y\x96\xc3\x9f\x91\xcejbsH\x0b\x9e=\x19\xcep\
s\xf8\xff8k\xefi@\xfc+j`\x7f\xbc$\xe2\
o\x90\xb5\x5c\x8a\xbf\xb0\x0c\x0e\x7fF\xca\xd0\x87\xff1\
\xae\xfd\x1bm\xfb\xaf\xa0f\xbd\xad\xa4\xe3\xff\x80\xec\xc3\
\xd1\x00<;\xaa\xf0u\xc9\xe1\xaf\xc4\xc6\xd1\x80~X\
\x03i\xec\x0er\xf8\xff\xdbna\xa0\x81\xec\xc2\x084\
\xf0\x1bSR\xf1'\xfc\xce\x08\x0c\x80\xbf\x9f\x16\xbc\x94\
D\xfc\x9f\x90m\x1b\xe8\xb1\xef\x89\xd0`\xdd\xa7$\xe3\
_\x00X\xe9\xd3O0\xae\x13\xb6_\x0b\xdb\x0e%\x11\
\x7f\x14\xb0\xb2\xd6#\xfe\xb5X\xf8*\xe4\xf0\xff\xb7\x0f\
\xc4Zz\xb2\xe1\xa9\xe9\x9a3\x87\xbf\x12\xab\xe1\xba\xf4\
A,\xd7\x9c\xef\xd1\xf8\x03)I\xf8_\xa4\xb1\x9dM\
\xd0z]\xc6A\x14\xbfHW\x19\xca\x98\x07\xdf\xfa\x94\
\x12\x88\x7f\x0a\xd4}\x1e\xc3\xefW\xc9zr:\xf0\xd9\
\x90\xc1\xf6+n\x93\xad\x0b\xa4\xa9\x84\xd1&\x1a;\x91\
\xc5\x11\xffl\xa8k%H\xd3\x85\xc16\xde{M\xfc\
\x07\xaa\xe0\xf3\x17\x8c\xf2\x18\xf6\xfckQ\xecm\xe3i\
O\x90\xe4\xf5\xb4\x18\xe0\xff\x94\x84\xe7\x09\xa8\xa3-e\
lB\xa7\x0b\x92\x07iu\xc5\x7f&\xc3\xfbu\x85\xa4\
\xdbL\xa6R\xa0\x8b\x81\x8f\x81\xa7\x91\xd6CLQ\xff\
\xd9\x11\xea\x10\x01u*ES_g\xc0\x82\x0e\xa3\x99\
z\xc0?\x9e!\xefD\xb2-p\x96\xfe\xf5\xae\xea\xbb\
\x9f4\xc0w\xed*K\x7f\x86d\x1b\xef\x89\x0c\x18\xc5\
\xeb\x88?n\xf7\xf8\x00C\xdeK\xb5\xb0\x01\xd6\x9b\xe2\
#\xea%\xfc\xad\xa8\xf4W\xd5\xf2\xc3\x92\x962`t\
@[\x1f\xa5*|\xb5\x124\x89\x0df4g\x90\x9a\
b4\x0b\xa8ia\xdb\x9a\xd5'?\xa4t\x93\x180\
:\xac#\xfeNp\xe6\x80.\xef\x09Z\xfa\x16*6\
\xe7\x1fIi'0`t\x99\xf01\xad%\x8f\xb8\xdd\
\xc9\xbb\xba\xe2\xcf\xa6\xce\x85\x1d\xf4\xc1\x0f\x0b\xfc\xef\xb2\
\xf5oih\xfc\x8bc`\x81\xff\x1d\x1d\xf1\xd7K\xff\
S\x82\xf1?\xc7\xd6?0C\xdeV\xba~\x7fK\x08\
\xfe\x86\xfa\xfe\xe2~\xc4\xf7\xb2\x19\x7f\x96`\xecU\x8d\
?\xf7\x12\xbe\xd8u\xc8?N]\xde%\x1c\x7fUm\
4N\x0f\xf3\xdf\xa9\x86X\xdf+F\xf8;\xabX\x1f\
\x9e\xaa\x07\xfc\xbb2\xac\xef\xbd\xc3\xe8'\x0e\x7f\xc5\xf9\
\xc7w\x0c\xeb\xc3]\xf5\x80\x7fm\x8c^3\xac\xef\x0d\
(\x89\xdf\x00J\xdf?\x94\xc1_\xd4k\xc0NW\xfc\
\x1d`\x1cE\xf7~\xad)L\xdb%F\x88?\x1f0\
`\x1a{:\xe8\x01\x7f\xdc\xfe\xc7\x9f*\xe6\x17\x15J\
0\xfe\x15\x00\x03:l\xfe\xd4\xc5\xa7\x1d\xe5\x1d\xeb\xca\
\xe0\x87%\x17\xa3\xf0\x92\xd4\x07Qp\x09\x07\x0c\xe8\xfc\
\xcct\xd5\xa3\x1f\xd3\xf2*\xe4|\xc0X\xfd\xe1\x1a\x18\
{[\x15k\xf3w\x003}\xe9\xff\xf0U\xe8~~\
\xd2\x87\xcfZ\x13\xc4?\x18\xea\xce\xa4\x03\xaa\x97\xef\x22\
\xa9\xbc\x964\xbe\x8e\x09\xdae\xcav\xd3\xb4\xc0\xde\x1a\
\xeaL\x87\x85\x14\xb0\xd2\xb7\xfe\xad\xad\x8a\xb5 \xbc\x1d\
t,A\xf8wT\xd1\xf6\x0f\x93\xfbc=\x97\xfb\x0b\
\x83\x8f]\x9c\xc4\x18\xb9\x15G\x19P0p\x83\xba\xa2\
\x0c\xbe|\x7f1\xa0\x9fc\x07\xd0\xc1@\x19\xfc\xc1\xc6\
\x14\xa5\xef\xcaB\xc0\x9e\x0fu\xccg\xc0\xe0\x84.c\
~\x96<tP\xf1\xee\xbd\xc1\xa8Uq\xb1cJ\xb3\
/\xd6\x0a\xea\xc8\xd4\x07w0D\xbdi\xfc\xc2mT\
\xa1\x13\x89\xeb\xc2T1u\x19\xd0`_E\x85\x9e\x0f\
\x0a\x98\x18\xcc\xa7/\x85\x97\xbaj|\x88\xee&\x9fC\
35\x19\xd0`\xef\x08uR\xe5\xeb\xb4n!\xfb\xe1\
\x1e\xc1\xe0\x17\x9c\xb0\x05\xb2\x9a\xdc\x17\x9a\x8a\x0ch\xb0\
w\x80\xba0\xf9'\xce\x06,\x0a\xd3\xfe\x18N6j\
l\xa1\xe4\x9b\x9a\x0cT`\x9f\xaf\xa2\x9e\xeb\x01\x8b\xa2\
\xb0\xc1\xe7\xadbm\xd4\xa4d\xa0%\xf6\xe7\x00\x83\xa2\
\xd2\x1f\xc3\xc9_\xcd\x99x\x9c\xff\xb5\xe0\xbb\xd5T|\
@{\x00\xcf\xf9j\xce\xba\xfb\x1b\x89\x0d\xd6\xf6\x0c{\
4d:Ng3\xb6(\xe5\xc0\xa0{U\x0fxU\
U\x97\xd7Pgc\xb1A\xcc\x83}\xa0\x8fj\xf8\xbe\
\x07\xf3C\x0b#\xd4\x7f\xb3\x00\xde\xee\xa9\xa9\xc3G\xa8\
+\xcf\xc8lp\xe3s\xc3a,d\xf0\x19\xf45\x8a\
\xc4/=C\x9b\xaf\x08<}f\x81\xfd0c\x9a\xe3\
\xd3\xc8\xa0\x1fK\xfb\x88\xd70\x1aD\xf7m6\xf0\xfc\
\x91\xfa\x8d\x1d\x04\xbc\xb0\xb1o\xd8\xcf\x18\xd7W\x18l\
r\xdfeQ'\x5cG\xe0\x08\xd8\xd6\xb7\xd3\xb7\x1cT\
\xe0n\x07e\x1ea\xd0\xed\xa0\xd3\xa3\x0d\x9eeZ~\
0\xea`\x94\xcc\xf2\xbc\xec\x1783\xde\x0b\xfc\x08h\
\xa5\x9b\xccB\xa7\xdc\x15\xca\xd8\x0fe\xb2\xe1-\x19\xea\
b\xf4s\x18\x9a\xfa\xba\xb3\xecW\xc9\xfb\xa6\x97\xe0,\
D\x00\xa1\xbb\xaa#\xd9C^\xb3 o\x19K^\x88\
\xef\x94\xbb)\xcd\xe1U\x8c+njx\x86\xfc=\xd8\
s\x9c\x0fg\x82\xea@\xfb\xb5\x22\x9fk\xa6\x9c\x13\xb7\
\x824u\xe0\x99\xf9\x90\xc7{\x0d\xcb\xbei,\xe34\
=\xf6\xbb>\xd0\x9e>\xcc\xd2\xfc<\x7f\x1e\x8c\xb9\xf1\
\xef\xe4Q\x8c\xb6`\xb4\x88B[\xe0\xb7k\x906O\
\x8br>\x00\x8f>\xc5\xc1\x1f\x18\xc3Y\xc1\x96\xa07\
\x90\xa5\x05>\x86\xa2,\xe0\xa9%\xdd\x99\xceb\xb4\x7f\
DPi\xf0u\x86\xb7\xd7\xafE\x88\xfbW\xe0\xa1\x1b\
\xf0Tl\xfd\x102\xc8\x01\xb7\xd5\x1b\x8a\xd1f\x8c\x9e\
\x17\x22\xee\xcf\xa1\xccP\xb2\xbd\xe0\xe2\xaeC\xa3b\x8c\
b\x01\xba\xaa\x91\xa0?\xf0J\xcd\xda\x97\xa6\x94\x0fy\
\x1e\x862j\xd3}[K\x92\x1e\xa5\x0aY\xd8\xc0^\
\x12\xbe\xc6\xf2\x17F\x17\xa0\xbdf\xb3\xb4AT\x00i\
\x9f\xc3\xb3\x7fA^u\xa9\xeb\xf4%\xf9\xfc\x0e\xcb9\
\x13\x1f\xd6\x08p\x9f\x0fm1\x1a\x02\xf6\x18\xe2A\xef\
\x98L\xf1\xf0\xdb\x10H[\x0d\x9e5\x19_\x8eF.\
\x0b\xba5W2\x95(\xbf\xb2F(\x0f\x0eo.p\
\x81\x0b\x5c\xe0\x02\x17\xb8\xc0\x05.pAM@\x0d\x13\
\xc4\x81(*\x17(\xe3\x22O\x14\x95\xf1\x94qD\x88\
\xa2Re\xa1\x12e\xdcR\xf1ge\x1c\xff\xa1\x80\x88\
\xc7`9\x10q,7\x19\x11\xf7T\xfc/\xa4\xfb_\
B\xc4-\xff\x1d\x17\x13q\x01\xbb\xb8\x88\x88\xf3\x0c\x13\
G\x888\xc2\x18/\xf8\x11\x8fa\x8a\xcb\x7f\xc4\x03\x0d\
\x13\x8fQ\xc6\x0b\x14q\xa5\x1c\x95q\xa5|\x95q\xa5\
dU\xc6\x03\x95q9\xdb\xb8\xa72.S\x15\x17*\
\xe3R$\xb0@\xd9\x88p\x99\xc7\x90\xe3(\x02-P\
\x8ccK\x8eCk\x14!JR4A\x85\x8cb\x94\
,+\xe2\x81Jvx\xf83\x9e\xcab\x05\xd0l\xa1\
\xe1J\x94\x85).Re\x01b%b<e\xf6B\
E\xbb\x8dQ\xb4jOE{\x0e$\xfe'\xb7s\x94\
h!\xca\xa7\x14R\xe6)sC,%\x882g\x89\
\xf2\x85\xb5T\x96\xae\x08B%W\x8a\xe0\xa9\xe4\x5c\x11\
\x94\xd0\x93_p1\x1e\x15\x10\xc8\x10\xd9(xA\x08\
\xe4Qr\x7f \xf9\x9eD\x91k\x8c\x81\xfa\x09\xd4\x0f\
+S\x84\x17\xcc\xc3\xffyA\xaf\xc4C\x9cl\x11\x05\
q\x81\x0b\x5c\xe0\x02\x17\xb8\xc0\x05.p\x81\x0b\x5c\xe0\
\x02\x17\xb8\xc0\x05.p\x81\x0b\x5c\xe0Ba\x06S\xd7\
;\xe2\xf4\xa6\x0c\x8f\x9d\x09\xd9y\xe0\xda\x80\xf6\xd8\xe1\
vy\xbac\x14\x0d\xd4\xdd\x98\xed\x0e\x99:\xffF\x86\
\x9f/\xd8\xa0\xcc\xa2\x9cc\xda\x05\xbf\x19\xbb\xfcM\x8e\
\x7f#\xea\x1fq\x9f&+U\x9c\x81XI\xf8=1\
R\xf9k\xc4\x7fq\xff>h\xa1S\xee\x89Q\x9a\x0a\
\xfc\xd2 \x8d\xb1\xca_#\xfe\x8b\xf3X\x81\xa1.f\
\x18y\x81\x8d\x88_1\x1aG\xb1\x13RI\x8d\xfd\xc1\
\xc7$\xff\xc0\xc6XW\x8d\xf8\x87\xba\x8f\x03,\xc2\x00\
\x1b3Sn\x03*\xce!6\x02\xfb\xdd\xb7Igs\
\x9fP\xf0\xf0f\x81\x9f\xb7\x11\xcb_#\xfe\xa1\xeeO\
Hg\x86o\x03F\x8d\x98\xceQ\x9a\xa0\xeck\xc0w\
\xef%\x0b<J\x9a\xfc\x99\xd2\xbf\x84s\x87ULx\
\xfdC\x00\xe7\xb0o\xe8\x01\x8f\x92&\x7f\x82.b\x14\
B\xb5\x8bb\x02\xb2\xc7mM\x8cbx\xe79\xf9\xb3\
O\x8f\xc2\xf9\xfaQT\xfb\x1dF,{\x1eK{}\
\x9c\xfc\xd9\xc9\x9fl\x1f\x907\xcb\xf8m\xd4\xb5fi\
'\x90\x93?{\xf9\x13v\x0a[\x1b\xdbX\x80\xc6\x96\
\xfd%\x0d\xec\x87p\xf2g/\x7f\x14\xb0\xadb\xa46\
B\xad\xd4\xac}q\xf2\xd7]\xfe\xc4\x1a\xa2\xd5,\xe3\
\xb3\xf3\xdcA\x0b\x1bt\x9c\xfc5\x97\xff\x07C\xf9c\
\xd1A\xf6\xb8\x8d\xb3$-\xecGq\xf2\xd7\x5c\xfe(\
`]\xda\x88\xec\x8c\x87\xa9\xf0\x9d\xc4\xc9_\xff\xf2\xff\
\x04\x98\x1b\x83\xfc\xf1u\xcauZ\xda\x8f\xe3\xe4\xaf\x9d\
\xfcQ\xc0\xdc\xd2\x08\xe4_\x1d\xa3tN\xfe\x85.\xff\
\x87d{\xbaEX\xe7_4\xb0}\xcd\xc9_\x7f\xf2\
\xcf\x06\xbd\xa2\xa2\xf4\x91\xc2\x03\x1b\xd1('\xffB\x97\
?\x0a\xd8\xf3\x0a\x1b\x0f\x8aM\xd3\x03\x9c\xfc\x8bL\xfe\
\x07\xc8\xb6_\x8b\xa0\xbe\xb8?\xad\xeb\x9c\xfc\x8bL\xfe\
\xd7\xc9\xfe\xd7\x8a\xa0\xbe\x95t\xe4\x9f\x93\xbf\xee\xf8U\
\xe2\xe4\xcf\xc9\xbf\x88\xe4\x8f\xcf\xfd28\xf9\x17\x99\xfc\
3@\x06E%\x7f\x1f\x92\xfe\x1a'\xff\xc2\x97\xff\x93\
\xa2X\x03\xd0s\xff\xc5\xc9_O\xf8\x15A}=Y\
\xf8\x15\xe5\xe4o8\xf9\xdf+\x8a\xf3\x10$\xfeKa\
t\x8c\x93\x7f\x91\xc9\xff\x18\xc8\xa0\xa8|TWUs\
\xde\x85\x93\xbfa\xe5\x9f\x062(*?\xc7\x93u\xf4\
'\xc5\xc9_7\xf9\xe7\x83\x0c\x0aE\xfe\x14\xd9\x97\xc5\
\xe8\x9c\x8e\xfe\xc38\xf9\xeb&\x7f\x14dP\xb60\xda\
\x00E\xfe\xbd`\x0f\x8a\x93\x7f\xd1\xca?\x1bdQ\x98\
\xf2\xb7\xc6(A\x0f\xfe\x039\xf9\xeb.\x7f\x14da\
mH\x5c(\xef\xbe.:\x1f\x9c\xfc\xf5/\xfft\xf2\
:\xa0!\xb0\xa1\xc8\x7f\x98\x96~\xa09\xf9\x1bF\xfe\
y \x93\xc2\x90?\xde\xcf\xec\xd0\x93\xffXN\xfe\xfa\
\x91?\x0a2\xb1.\x04\xf9\xeb\xab\xef\xe7\xe4\xaf_\xf9\
\xa7\x1bj/\x88\xd2\xf7\xab\xd3\xf7+\xd0`M\x80\x93\
?{\xf9\xe7\xab\xf1\x13-\x03\xd9\xe8\xfd\x1b@\xd1\xf7\
[\xc8\xc2\x07\xfb\x9f\x18\xbd\xe3\xe4\xaf7\xf9\xbf\x03L\
\x9f\xabI\xb7\xd0\x10\xfa\x80$~\xed1:\xa5\x86\x87\
d\x8c\x9c\xe1\xcc\xfaGN\xfe:\xcb\xff#`\xe9\x0c\
\xd8\xaaJ{\x0add(\xf9\xd7\xc2\xe8\x99\x1a\x1eb\
H6 \x86\xa9\x19+p\xf2W\x9d>\x1d0$l\
?\xc4\xa8\xc1\xfe\x19\xc8\xc8P\xf2\xef\xa2f\xcd\x0f\xff\
\xad3\xe5{\x11\x04z\xaa2N\xfe\xac\xeb+\x03\xcc\
\x82(6\x1f:\xb3\xc0\xbf\x8b\x01\xe5?\x8d\xc5\xb7\xbf\
6\x83=\xd4a\xb0_\xf9\x9a4\x8e\x91p\xf6\xbf\xbe\
\xdb\xca(\x00l\x8e\x01V\x8e48\xd6f1\x06\x98\
\xa6O|(\xb6\xfbV\xab)\x1b\xb7W\xe4\xa2\xc2\x96\
\xa1\x10\xa3\x00\x8c\x221Z\x03T\xa6\x04\xdb\xff+C\
\xc2!\x12\xb0\x11\xaa\xc0\xcf\x050V%\x83\xd5d\x1b\
\x82z^\xf79\xa8\xa6\xec-Lv\xeb\x18lAZ\
Q\xfa\xb7\x92f\xff\x93\x07\x18\x98\xb1\xc4\xcc\x020V\
%\x83\x83\xfa\x5c\x07\x22\x95\xed\xca\xa2\xed\xcd\xa2\x9b\x7f\
j`\xeb\x14\xe7{\x93\x8a\xfc7\x19z\x9fC\x0f\xef\
\x08k\xfe\xd9\xda}\xa5\xfc}\x16\x8b>\xd8\xd5\x00\xf2\
W\xd7\xb7\xe5C\x1f\xa6q\xb946\x84\x92)k\x1d\
\x05\xf07\xa3\xb1}S\xd8\xfc\x93\x9e\x8bT\xb3\xbe\xa6\
\xd7o$el\xf3H\xcd\xd83L\x0f\xf2G\xc0\x0e\
\xee\x14\x8c\xf6\x00M\x81\xbf\x99\x8a\xfd\x7f\xbd\xf3O\xb1\
\xb5\xa1j\x0e\xf0H\x9fcd\x0d\xc6\x9e\xb8\x8d\xfb\xf6\
\xda\x96\xcb\xd0\x07ZQm\x1d\x99\x98\xff\x0f\xbd\xf1O\
z\xb6=\xc5\xb7\x80\xca9\x98\x1e\xeb\x15\xaa\xa6\xdcl\
]\xe4\xaf\xc98\xc1X\x83!\xf9\xa7\xc8?[\xcd{\
\x18j\x00\xf9w`\xb1\xf6\xd0~\x16\xe7\xdb\xc4\xd0m\
\xab=\x0b9t\xe0\xe4\xcf\xc9\xdf\xd4\xfa\x7f.\xe8E\
\xfe\x9f1jkj\xe3?.\xe8m\xfc\x87\xaf'\xfb\
\x99\xd2\xfc\x8f\x0bz\x9d\xff=6\xd0\xfc\xaf\x22\xd8\x1c\
\xd3\xfb\xfa\x0f\x17\xf4\xba\xfe\xf3\x10d\xa5o\xf9\xe3\xbe\
\x8aR\xd4\xac=\xce\xe1\xfc\x1b\x1a|^9G\x8d\x0c\
R\xc8>\xb5\xf4\xbc\xb6\xad\xce\xc6\xef.\xf2z\x07\x17\
\xf4.\x7f+\xc0X\x9dm`C\xec\xff\xf01ZZ\
\x98{\x0f\x5c\xf8\x8f\x0c\xd8\xec\xc1-\x05Y\x19B\x07\
 R\x8d\x0e\xea\x1b\x8c\xfc9\xf9\x1bL\xfe\xfe\x80\xb1\
*\xdd\xebH\x03\xea\xff\xe0\xbe\xa8\xbe\xa8(\xff\x1bF\
}\xb91\x80\xc1\xbe\xfd\xea\xce]}\x01\x19\x19J\xfe\
\xbej\xe6\x00\x84\x7f\x0a\x01'\x7f\xbdc\xcfF\xff\xea\
!\xd9\xc7\xb4\x01x\xb0ea\xef\x15\xf7Q\xe3\xc6\xc9\
_\xef\xd8\xbb\xb1\xf0\xadt\x00dd(\xf9\xe3$R\
\xc3\x83\x14\xa36\xdc7@\xef\xb8\xb7\x01lUa/\
2\xf0\xf9\x1f\xb6|,\xd7\xa7\x0e\x22'\x7f\x05\x96\xcb\
\x8b\xf2\xbd\xa3\xf4C\x17X\xd8%\xaa\xc2\xf5\x01z{\
\xe7\xaa\xb0\xb0\xb3u\xc1\x90\xdf]\x8a\xce\xea\x5c\x16\xe7\
\xd1#8\xf9\xebM\xfe\x11,\xec-\xcc5\xa4/\x00\
\x1a\x1f\x9f\xea\xce\xf6\x15\x9a]\xa2b.{6v\xb6\
>R}\x83\x1a\x98/|}\xf9\xb8\x1a\x9e\xf0\xb5\x80\
\xe1\x9c\xfcu\x96\xffp\xc0R\x15\xd6\xc7\xf5\xb9\xe6\xaf\
G\xbe\xb8>\xc0\xf0\xef~\xa1\xbdg\x14\xde\xf0s,\
7Y\xf06\xdeT\xf47\x8dL\xf6\x08`\xa7\xee\x1d\
\xbbI9STX<\xf2a\xbeY\xc0b.P\x93\
\x93\xbf\xc6\xf2\xaf\xc9b\xcc_\x002\xe0\xcf*\x1a\xfb\
\xaf~,\xed\x7f\xaf\xc7\xc8\x8ek\x03\xacq\xb5\x03\xcc\
\xd8\xd8\xff\xf6+l\x5c)s\xc1\x19,\xe6&\xf8\xbe\
D8\xf7\x1d`\xdd\xef\x87\xab\xd9g#\xe6\xd83\x8a\
\xd8\xff\x1b\xe1\x03\xec<\x8b\xb6z\x8bl\x9b\x82k\x03\
\x8c\xb2\xaf\x05X\xa9\xc3\xf3<\xd9\xf7W\x11\xfa\x80\xc4\
i\x00F_Y\xf0|\x88:\x1f(\xc9m\x80F\xf6\
e\x01#u8~\x05\xcc\x8d\xc5\xffwi\x16zI\
8\xc91ZF\xde\xa3*\xa9m\x80F\xf6\xb6\x80\x8d\
\x9c\x05\x8e\xbb\x8a\xda\xff;M\x1d\x02X\xda2\xc3\xdb\
\xeeX:\x9b\x07%X\xf6f\x80\x09\x9b>\xf41`\
]\xe4\xb8Q\xea\x80\x8fCF\xb2\xac\xc3GX\xd36\
/im\x80F\xf6\xe6\x80\xc5G\x96\xef\xceH\x8a\xcd\
\x14c\xaa\x8f-\xcbyK\x89l\x03:\xca\x9e\x98G\
\xdb\x1a\x1bV4{\x95\x97\xb86\xa0w\xd9_2\x11\
\xfb'8\xb5b\xa1'Hm\x03\xc5v<\xc0\xf0\xbd\
\xd7D\xf6\x0f\x01S\xa3\xc5\x87\xa6\x8e\xfd1\xfa\xc0\xb2\
~\x1f\xc0\x8f\x91\xb0\xb8\xb5\x01\x06\x1bx\x935\xc4\xa6\
\xbf)\xe0B\xd3\xbf\xb1\x1d\xd3\x126/WQ\xf72\
L\xb5\x1d0\xd8\xfe\xf0\x84:\xcaXbB\xcc\x95\xcc\
M\x05\x0b\x9a\xf1`\x9c\x06\xbeB\x0a`/;\x80:\
\xc65\xa56@#w\x1e\xd4\xe98\x8b\xfd2\xf2\xfa\
n\x9c1\x8e\xf74\xac\xbb\x03\xe8.\xe6j\xe8\x17b\
$\xdd:\x91\x09\xda\xff\xb1\x85\xbah\xe2\xe7!\x170\
s0\xc5w@E\x1b\xd0\xc4g\xd0W\x98\xef\xd44\
v;P*l=\xd5\x84:|\x9d\xa5\x99/\x1f\x93\
\x95\xbd\x0aLp{\xc6\xf3Y\xe8\x8e\xd3\xe9\x0f\x8c\xa7\
\xdb70\xb2\xf5/\xea:\xfex-|\xe3J\x01#\
\xc7\xe20\x0e\xa6\xc1\xc5\x12\xa3\xd1\x1a\xcc{\xc8zD\
\xa9\x18u\xa7\xae{\x17\x05F*\xe4^\x1axLe\
\xa1\xb7C7\x0f\x1e\x0d\x18\x15\x9b9\x10\xc3\xba\x07>\
\x9fy\xa0\x85\x8f\xa3O\x18\xed\xc3\xa8\xa3\xaavP\x08\
\xfa\xcftr\xef\x08\xbc}\xd2\xa2^\x0f\x00\x93b\xb9\
\x0e\xc6\x80Y Fb-}]\xe1\x18\xef\xc7h\x10\
\xec\x81\xf3\x0c\xd1\x16\xd4\xc8\x9c\x07e\x0f\x02^>i\
Y\x171`\x81\x14\xe75P\x06\x0c}\xb5\x18\x1fQ\
\xd7\x0c.\xc1\xd9\x87\xa6jl\xe7\xb3\xb5\xaf\xad\x8e\x84\
P\xd6\x5c([\xa6%\xef\xc4\xf8\xd6\xb7\xb8\xcb^M\
;\xd0f~\xc4d{\xe2\x18\xf8\xc8\xc1\xed\xdf\x95\xd3\
\xc4\xd6\xba\x1a\x9b\xf4\xe5 \xcf\x18(\xe3\x8d\x1e\xfc\x1e\
\x8e,\xa9z\x10*\xd6Gv\xe9\xd0\x17P\xc7\xd17\
0\xda\x0b2\xeb\x0a\xb63\xbc\xa1\xcf\xb6\x01\xb9\x92\xc9\
\x06~\xf3\x86\xb4]\xe1\xd9\xbd\x90\x97T\x0f|}\x85\
:\x9a\xf4\xfa\x96\x01\xbf\x07\xf88j \xe8\xb4\x17\xe8\
\x01o\x82r\xe0\x9d\xc5\xdf\xbb\xeb\xa0cu\x00|e\
\x1c\x84\xf8!\xf8\xed1\xa4\xcd\xd1c\xf9\x05P\xa7\x81\
L\xe3\xd6\x92\x1a\x18\xda\x01\xbe\xcf\xf9\x1b\x0b_G\xa6\
@\xcf\xa1.U8\xb9k\xd4\x06\xf0=\xd2F\xb0_\
\xf2\xd2\x04\xe5\xfe\x12xo\xc4\xe4\xdf\x87\x0b\xac\xda\x81\
\x05\xa9\x1dH\xf4\xfc]\xd07\x15\x00\x8f\x84\xdc-8\
\xb9\xebm\xcem\x01\xeb\xe9\xd1\x18]Vc\x03\xb7\xb0\
)\x1bx\x8a\x06\x1e-L\xcdw\x85\x09\xb5\x03\x9c\xdc\
1\xea\x01\xf6\xb0n\x17Q[\xc8\x86\xb2W\x03/\xee\
\xa6\xe8\xb3\xc4\xc4\xdb\x81\x19\xf8U\xea\x01v\xe7.\xc2\
\xd8=\xcf\x00\xf2\xce\x83\xbc/BY=\xa0l3N\
\xeeF\xd3\x16\x5ca\xee>\x14\xa3%\x18\x1d\x813\x92\
\xcfa\xee\x9d\xc3r\xae\xf8\x15\x9e\xb9\x07y,\x81<\
\xfd\xa1\x0cN\xe6\xc6\xdd\x16\x885%\xfc\x1cm\x05\xf0\
]\xd1\x0e\xd6t\xa6\xc3\x99\xe9\x18\xb8\x92\xe3\xd3!M\
;x\xa6\x02\xe4\xc13U\x9fT\x5c[0\x1cq\xa1\
d\xb5\x07.p\x81\x0b\x5c\xe0\x02\x17\xb8\xc0\x05.p\
\x81\x0b\x5c\xe0\x02\x17\xb8\xc0\x05.p\x81\x0b\x5c0\xa5\
\x80\x9a@\x90X\xfe\xf8\x1f\x0fb\xc1\x8f\xff\xf1 \xe2\
\xfd\xf8\x9f\xe6^\x8c(\xef\x11\xe5\x03\x05\x08q\x8f\xc4\
\xe0W\xf9\x8f\xfb@\xfc*\xfdq/T\x94\xfb\xe3\xde\
\x92\xee^\xfc\xe3^\x00W\x1e\xf9\x8a\xfc\xb8Gh\xee\
\x0b\xc8\xf71\xff\xbd\x97\x93\xef\x03u\xbf\x97\x91\xef=\
\x8d\xef^J\xbe\x17\xfe\xf7^B\xbe\xb7T\x7f/&\
\xdf\x0b4\xbf\x17\x91\xefy\xfa\xbfG\xc8\xf7\x08\xcd=\
OD\xdcc1\xec^\xf0\xa3}\x8b\xe9\xef\xbf\xbf\x1f\
p\xff\xfd\xfd\x81\xfb\xef\xc1 \xf7\xbc\x1f\xf7\x22\x16\xf7\
\x22\xf2=O\xf97\x22 \xac\xeec\x88\xdb\x02\xba{\
\xb1\xf2\xadV\xbe\xe9\x02\xba{O\xe2^\x86\xdfK\xc8\
\xf7\x8a\xf6$$\xee\xa5\xca\xfb\xef\xfd\x90\x22*%\xdf\
+\xda\xab\xe0\x07\x1cB<\x93\x1f\xfd\x12\xb4\xf7\xef\xec\
\xe3\xf7r\x84`\xb8\x80x_\x03\x09\xf6\xf0X\x01B\
0$#\xfa\x07!\xc1\x8e\xe2I\x84`@\xa2\xcc\x99\
\xe8\xe7~\xf4{<\xa2x\x1e\xf4WD\xf1\x02x,\
\x10\x8a\xb3\x84l=\xa18!\xdc\x13\xfd\x9e\x10\xfeN\
\xb4OOx\x8e\xe8\xb7\x02\xa1\x1a\xc4{\x1d\x03\xe5\x10\
\xef\x15\xc1\x07\xf6\xcb\xf7n\x0e\xde8x\xdb\xa0@e\
\x10~\xaf\xb72x~\xc7E\x19\x02\xbf\xe3\xf8\xefo\
\x99Hy\xcb\xfb!\x17E\xb0\xfc!Gr\xf6\xdf3\
\x0c\xfc\xd1\xae(\x9fF\xc9\xbf\x1e\x87\x07\x02QrC\
&7k\x05\xcb\x9e\xa8I\x84y\x9d\xc2\xda\x96\xb2q\
\xb7\xc1*T*$\xb8U\x17\xac\x228t\x88\x95\x05\
v\xe9;!q\x18~7nBX7\xde\xb5\xcdS\
\xffB\x10\x97\x9a!\xad\x9aw\x9b\xf6\xe0\xc3\xe3\x01\x0b\
]\xefM\xbf\xf0\xa9vL\x14/t\xd0\xe8\x81Au\
\xdd\xcc\xfb\x8cz\x91\xb8bT\x8d\xe4D\xf7v\xa3C\
[\xf1\x16z\xd7\xf0u\x93U^\xd1\xf7\xd9\x91\xce\x9b\
\x8f\xc4\xbbW\x1dS\xa9\xf7\xa8\xdc\x8e\x93\xfbl\xec\xbc\
\xc6\xf6\xa0\xdbb\x1b7\x8f \x87\xb8\xc1\x8d{\xcd\x1f\
b\x7fv\xd4\xad\x1e\xed\x86N\x19\x97dk[\xcf~\
\xff\xfb\xd6\xbc\x9c\x8c\xd5\xd3\x7fn\x9cw\xfaD\xe6\x89\
\x89\x05\x7f_\xcd\xac\xb4G44\xe7\xf1\xfd\xe9\xd7\xbe\
\x5c\x9d\xf8\xcf\xda\x89\x16\xad4\x09>ICw\x08\x83\
\xfe7-\xea\xe1\xd1S\xa7\x9fX\xbe:\xbd\x22\xb7\xe7\
2d9\xe2>\xea7$\xddjw\xdf\x8c%\xc7\x04\
}+\xbc\xb4]\xe1\xf5W\x88\xf5F\x9e\xabuv=\
q&\xaf#\xafOl\xc7\xf9K\xea\x86\xd7N\xda.\
\xcb\xf1\x8b\xe7\x1d\x159\x89\xdb\x7f\xca\x1c*6\x974\
IZ\xdb\xda\xf1\xb7e-\x0a\x96#\xf5\x0e\x05\x89\xc7\
\x9d\xe5\xef\xb3\xfb\xda\xfdj)\xe9\x9c\xa4\x8d\xc2\x91\x16\
\xc9\xff<2\xab{%\xffl\xe4\x12^Hs\xeb\x8a\
\x81\xed\x90\xd5e\xec\xbfz\x88\x0e\x8b\xd7gd\xceH\
B\x968\xbc\xdeR\xcd)\xd5.\xd21\xb9\x8b|\xfa\
\x16Y^\xb9v\x16\xd3;\xf1\x83\x13;^_\xc2[\
\xb3\xcaC\x1a\xb1 \xc5\xff\x86K\x0d^\xb2\xf5S\xc7\
x\x9f_\x97\xdb\xdd\xec\xcc\x9f;:vcz\xa9\xf7\
\xc8\x11\xc1\xbb\xae\x9e\xc3\xbdn\x89{K\xec\x22m|\
g?_\x8ex\xbf\x9ev]\xb8y\xc8R\x9e\xafH\
\x94kV0X\xdc\xec\xb8\xc7\xd7\xd9\xc9\x97\xc2\xf9\xc9\
\xaf\x0b\x12\x1c\x9b\x07\xb4C\xd6gY\xe7v\x17\x1f\x14\
\xbfJ\x92\xc4\xd4\xc8\xaa;\xec\xa3w\xbc\xd9\x13\xf3'\
g?\xd6\xf9\xeaWV\xb6\xcdL\x12\xb2A<@8\
Z\xd0\xdf\xac\x99pw\xd8\xcc\x85\xa5&zL\xf3\x90\
\xd5\x8a,\xbd\xcb\xf1\xd7\xe5V\xf2N\xfc\xc4\x1d\x1d%\
\xe3x\xfd\x91\xd3\x0b\xb3\xbeL<\xd1\xef^\xfd\x9f\xd2\
d\xe2\x9c\xd8-\xe2\xady\x1b\xda\x99e\xf9\xf1j\xdc\
\xe0\xc7\xc6l\x94\x9d\x90\xf9[/\xdc\xd2J\xb2\xc8Q\
<\xd7Y\xd6\xbb\x93\xb7\xb4\x95u\xb8\xd9\x0aIOI\
\xc2=\x7f\x07?k\xbb\x8e\xd6\xe1V+\xc4\x03~_\
\xf42\xc5ft\xd8\xcc\xd1|\xb1\xb3\xb4\xc3\xfb\x8f\xcd\
3\xf7\xc6:\x9e\xc9X\x8e\xb8v\xb2\x96\xdfI\x1bq\
\xbaM\xd6\x97\xe7O\x1aL\xc3\xf2\xdb\xd8*\xc9\xdeW\
\xc4\xabv&\xa5\xec\x89\x8c\xcc\xd4j\xc8\xa5{5z\
XG9\xed\xb2C|c\x9b/G\xaa\xfd\xd2\xe5\xe3\
\x80\xf3w\xdf\xce\xae\xe9\xd9lI\xcd{\xfd\x9a=\xcf\
IO\x8d\xf7\x08\xec./?\xfaZ\xec\xa2\x1d1\xfb\
\x1d\x12\xfb\xd41\xf3E\xda\xfa\xca\xa6\xf2j\xff\x19s\
l\xc0\xde\xe4\xc6\xb1+N\xfdt.}\xdcx4\xbf\
\xe6\xca7\x8b7\xf7\x9dbw\xe4\x9e\xd8}tf\xec\
\xfe\x8c\xa8\xf7\xbe\xe8\x8a\xf9C\x8fJ\xec#\x8f\xcb\xb7\
.\x13\xcfl\x87\x5c\xb5\x95g\x89\x9bK|?\xaf\xd9\
\x15(x\xf4\xbc\xc0e\xa6\xabm\xb6\xc7\xd7\xde\x13\x07\
4\x18\x9d\xea9\xe1\xc4\xfe\x09\xfbf\x9d\xea\xb5\xad[\
\x0f;\xe1\xb2\xf4\xe7\x09#%V\x91e\x86\xb7\xd9\xe4\
\x18\xeb\x18\x94\xb2\xab\xe0\xde\xfc\xc0\x89\x9d\xfb?\xed8\
p\xc1\xd0Z\xe1!\x1b3]\x9aN\xda\xd2\xdf\xeb\xe7\
\x85\x03\xcf\xa4\xb8\xf4y\x7fh\x8d\xbc\xdao\xb7\xc4\x11\
\x89\xee\xaf\xdf\x8c\xe6\xbf\xbeu/\xa6\xb4\xacmx\xbf\
\xb7\x83\x07\x17t\xb9\xef1\xe4\xe4\xae\x7f\xbcO\x94}\
q\xe4\xf97w\xa9\xa5Xx=-\xc8\xdf)h{\
%\xf9\xc7\xb59\xfe\xaf\x0f6\xab\xf0y\x5c\xa2`Y\
\xf3c\xe8\x99\x9e\x17\x07/\xfa\xed\xa3\xb3s\xa3\x95H\
\xb5R_\xa7K\x1ao-\xff\xb4\xf6\xca\x94\xf5g\xf6\
\xe6\xee\xf9%\xaba\xf8\x8a\xe7SvWKk\xfb\xe0\
\xc5\x8d\xae\xe2\xea\xe2\xfd\x9f\x9d:\x04\xa6oy\xdb\x8d\
\x1f\xe9>x\xfa\x8c\xcc\x06\x928\xb39\x07$6\xfe\
#\x06\xb4,\xd7\xa9\xec\xf3\xa4\x09\x9f\xab5\xfc\xf8S\
\xf3\x1b\xbe#\x1e\x1e\x1b\x10\x5c\xc51h\xdb\xa7\xa6\xb3\
\xcc\x0b\x9ae\xac\x94\x1f\x14\xf7\x99\x14\xb5(\xcf{F\
\x95&\x1d\xfe\xca\x19\xca\x0f5\xeby\xa5\xe3\x94\xa7\xf9\
#fb\xec\xa7\xa3\xa5{\xe4^xnQ\xd0g\xc4\
J\x8fp\xc9\xc7\x90\x8e\x7f\xd6r(\x97z\xdcl]\
Y\xb7\x11\x93\xf9\x177\xa6\x04\xd6\x91>|\x92\xd4\xe6\
\xce\xab\xbd\xedw\xb6\xba\xbec|\xec\xdd\xca\xa2v\xb3\
\x1f,\xe9`6o\xfa\x82\xcc\xfa\x0d\x05\x1db\x03g\
\xf1\xe6I\x86f\xfc\xf3w\xf2\x1f\x1d\xcc\x1a\xf7\x8f\xde\
\xbc'\xb3Ou\xa7\xa0\x0cI\xed{\x89\x11w{\x97\
\x12\x0c\x1b~\xfe\xd1\x8cMN!\x1b'[\x8bG\x06\
\xecO\xf8\x1a6\xb8y\xe0\xe2\x86\x09\xd2\xed\xd7*\xd7\
\xb0L\xcaipwF\xa3\xe16\xe3\x1f>\xb9\xe6\xb2\
C(\xae\x92\xb0\x7fw\xea\x93C\xb3\x7fK9<\xc9\
C\xe6 M\x10\xe7$\xfd\xee\x1f\x94\xe7\x1ej\xe3\x19\
#+-\x0c<~P\xfej\xf2\xe8\xd3gc\x06\x1d\
\xb4\xf3\xe7\x09\xcd\xe4\x9f\x06\x8b3\xc3\x9f\xb5\xc9D\x8e\
zFO\xaa\x82%\x0a{{+\xa3CD5Q;\
\xa9\xe7\x99v\xe8\xf5C\xcf\xebo>\x1bzx\xc9\xe0\
;\xcf\x1b\x8c\xb86\xe3\xd1|\xb3\xa5^\xb2\x06+\xea\
o\xfa\xad\xeb\xb1>+\xcd\xdc\xd3\xcd\x83\xed\xe5\xf7D\
\xe9\x82\x82\xf9\x8b;\xb8_j\xbd\xadO\xa4@VQ\
j\xbb\xbb\xaf\xf0\xd8\xd4T\xa7\xb4\x80V\x11\xc7\x05\x8b\
\xf6\x22\x8ef)\xf1\x7f\x0e\xab|c\xc2\xc7\xbb\xdd\xf8\
\x8b\xf6 k\xfd\x0b\x1c\xfeg\x89\xd6\x97\xfa\xf7\xba\x84\
f\xbe\xa8\xb2F~\xfeh\xebm\xee2d\xc6z\xc9\
\x98\xf7\xa3\xca\x8fB\x92w\x9bE\xb7H\xad\x1e\xdb\xa6\
\x07\xb2\xa2uS\xac\xa5\xaf\xfe\xe3\xe6\xbc\xbc3c\x96\
\x86\x17\x5c\xf0\x10\xf7\x1c)\xf5\xde|\xbe;2s{\
\xce\xe9\x16\xc9}\x9a',\xb8\x17\xd89z\xf3\xbcq\
\x13zv\xdb\x19\x8bZD/\xf6\x15]\x10\xe4_\xbc\
\x10\x8b\x9e\x19\x1bz\xf3l\xbb\x8d\x9d\xad7v\xfc\x03\
\xad2\xdac\xa7\xfd\xe2\xc1\xf7\xf3\x03/w\xf4\x93}\
\xb9\x97\x10*\xad\xb4\xbbo\x8c\xb7x\xc9\x0cd\xc6\xfb\
<\xe7\xf8H\xf7\x95f=\xb67\x13\xf9\xfeZa\xcd\
k\xa7\xcd''\x0e\x8fi\x10\xbd4a\xc1\xe5\x9c]\
\xc9\xe1}S\xef:\xca\xdd\x06\x0e\xfb=~p\xa7+\
\x91\xae\xf6\x0dZ\x0f>\x8f\xac\xdd\x85\x0e\x1b\x1d\xdba\
\xee%\xcf\xb7\x99G\xdb\x9f\x1d\x1f[u\xf4\xd3\x9b\xce\
\xf5\x13\x1e\xd7\xdfl\xdb\xe9\xd8\xe3\x9c\x1c\xf18sY\
]\x9b\x02\xd7\xb7?\xd5\xaa\xd3z\xd5\xf0\xa6M\xcc\xa2\
\xfe\xf8\xe3o\x87\x8b\xcdx\xdd\x5cs\xcaU\xbe:\xac\
\x02\xf6\xe3\x82Uf\xcd\x16,\xf2_\xcb\x1b\xf6\xd7R\
\xb3\x03a\xc8\x8a\xcf\x1f\x96\xec?\xd7\xf4tUYc\
\xafA\x8e\xd3\xf8k\xe6H\x9d.\xc6t\x8aL\x1b~\
n[v\x13\xd7\xad\xf8\x0f[??\xf9g\xf5\xdf\xaf\
\xee\x87\x9eM\x9f26\xe4\xc0\x1e\xa4\xda\xec\xe8gi\
7;np\x96\x97w\xde\xe1X&\xb5\xc2\x9fS\xf8\
\xc9q\x13]\x96\x0e\xe5'^\xfd:\xa3\x94l\xcc\xb5\
\xc0\x16g\xd2\x07\xc6-\x13\xb7LK\xbe#\x8cm|\
\xacr\xec\xa3\x13\xc8\xb5\x81W\x9a\xcc\xec\x22\x0d\xdd\xfd\
Q\xdclw\xa9\xe1\xd5O\xd8\x88\x8f\xe5f\xf2\x0b\xcc\
S~\xcaw\x96\xdft\xda\xe48\x0d\xe9\xb3Y>Q\
2\xbb\xdc.\xd1n\xc7\xa0\x17\xf1\xe9\x03\xf8)O?\
\xbd\xd87h\xaa\x03\x96\xe0'/\xeb\xf7g\xd3\xdb\xfd\
\xefN\x9a|\x85\xff%\xe9\xdd\xf0\xbd\xfdD\xb3e\xfd\
n5]\xb0\xc7\xa9\xa7\x14\xcb\xfb\xb8`\xc0\x96\xcf\xd2\
\xf8\xbf\xa68\xbct\x9d2\xe6~7d\xc5M\xb4\xbb\
|\xef\x8bf\x8b?H&Z:\xcb\xeb\x0d\xd8\xe6\x98\
l%\xaf&}W!\xe6\xacS\xda\xce3\xbb\x8f\xf3\
{\xfb\x88.'\xa2\x03\x04)o>\xbdX2\xf0\xda\
\xec\x14k\x9b\xe8\xb2WC\xf8SESc\x07\x9c\x19\
\x96\xf3\xad\xce\x1f\x1f\x864i\xdef\xaa\xf9\x84w\xfc\
\xf7\xa9\x16\x03\xa3\xaaz~\x99\xe4\xe2,?\x10\x90\xb0\
\xa8\xef\xb6\xcfk\x83\x84\xcd\x96\xa0'~9\xec\xb3\x0f\
\x97\x91\xabd\xb2\xbc\xe6\xbd\x936Q\xe5eU\xfdd\
C\xa7\x85\xf9b-\xd5\xca\xe3R\xce\x0d\xdf\x99\xc84\
\xc7\x00\xeb\xbe\xd76\xd9\x5c\xdc\xc1\x9f\xc6\x8b\x09\x8d\xba\
\xd2<\xe5\xfc\x9ek\xf1\xef\xcb\xa5fn\x94\x0c\xdb\xbd\
gx\xc5\x91\xfc\xc4\xf69M%\x9f\xb6U\x99/\x0c\
\xea\x19S\xb6\xdf\xb6\xbf\xdbK\x0eU\x11\x96\xee\xd4\xf7\
}n\x13\xef\xa6;\xcbU\x13\xddIKL\xd97\xa7\
Y|\xc7w#\xdf\xb7Y\xb4\xcc2\xe1\xc3\xd5.\xd3\
\xad\xdaw\xe8\x93\xd4\xd0\xf3sY\x8b\x96!\xf1\xc8\xda\
\xab\xaf&\x86\x0f\xf9\xc7c\x9bd\xe5\xf1\xb5\x0d\xeb\xbf\
\xfa_\xc6\x99f\xf3y\x99\xcb\xbb\x07\xbd\xb5\x09w\x91\
z\x17TxS?6\xbdK\x87\xb3\x0dbS\xb2_\
\x9c\xf8P;d\x99\x99d\xc8\xc9\x84\x05B\xcfn\xb9\
\xa1\xf6\xbc\x13\xfcS\xd9\x1bv\xda\x04\xf7\xe6\xc9\xae\x8a\
\x8ev~S\x9b\x97\xf5\xc6\xe6Q\xb6\xf4\xc0\xa5]\xa2\
\xd7\xd6^\xd7\xef\xa0c\xb0tM\x9cz\xad\xf9Rq\
\xa4\xcb\xd2\x9d\xfc2\xa9\x03^\xae\xb1(\xbd\xe9\xe6\x00\
\xfe\xaeI\xe6\xa5\x07\x8e\xd9\xb7\xf7\x80\x8dUV\xb9T\
\xf3\xd6\x1d\x90\xb0?\x1e\x9a\x8d\xfe\xf2\xf5\xc0\x9c\xaa\xeb\
\xef\xee\x92\xac\xbc\xbe\xb6\xe1\x14\xf7\x88\x19\xcdFoI\
\xfb\x5ck\x0a\xfe\xb4\xac^\xf4vy\xd8\xa0<\xf3\xf9\
[\xeb,>|\xe6\xf8\xdd\xc1u\x1d\xfa\xcd7\x93\x96\
)\xd8\xde\x22\xfb\x09\xd2/\xdf\xd75a\xcf\xb7\x93\xc8\
)\xd1\xb96\xddn8\x8a\xba>x\x9fzmwJ\
\x88d\xc4\xeegne%~\xd1;E5\x9d\x9d2\
\x06M\x11\x0c\xea\x89\xec\xda\x9f\xb0#w\xe3\xae\x14\x1f\
\xa7D\x1bY\xb9\xb8\x04\xcb\xb6!HX\x9b\x19\xdbe\
\x89\xa1=c.\xcd\xdbWm\xa3\x9b\xe7\xfe\x9d\xa24\
\x17\xd1>\xbb\x04,\x99\xdbF\x1bi\xef\x8aB\xdfa\
\xfc^\xc2\xf7\xd9\xd2Fn7\xee\x0c\xf8<\xd19b\
\xcd\xe4\x0f\xe7\xd3\xb7\x07,\xb0Y\x8f\xac\xed2\xacq\
t\x85\xcc\x06\xb1{\x0b\x96\xcdk\xe7R\xe7\xe9S_\
\xff\x81\xfb\x1d\xb7y\xd8\x1f\xe4\xa75\xcf\xbf\x1fvt\
\xff\xdf\xee\xad'|\xad\x95u\xcfj!\xf6C\xeb\xdd\
f\x92]rt\xfc\xa7M\xbbR\x86\xa4\x8e\x5cp*\
\xbbw\xd7Cc\x83\xae\x9b\xd9o\x94\xe7\xc4\x0dl\xdd\
\xe2S\xf7Mm\xdeY\x9c\xdd\x89D-G\xdd\xaa\xe6\
\xf6:\x9e\x1b:vm\xc3\x9f\x9b\xe7\x9f\x11\x8fx,\
*c\x1d.\x88\xbe\x8cZ\xcb\x17\x1e\x98\xff\xdb\xed\x13\
\x9d\xee\x1c\xf2X\xb0n\xe3 \x1f\xd1\xe1sm\xcb\xff\
$^mu\xa1ZFj\xd9\xdd\x7f\xdf\xdd\x1f\x9f;\
\xfe`b\xb8\xb5\xf8\xcd\x89\xf7\x9b\xa2+\x9f0[k\
\xbe\x02]V;a\xcc\xfas\x0fF\x97\xf7HJ\xb3\
nT\xda~\x97m\xa7{!\xf2\xd1\xa7\xbd\x1cS\xeb\
\xdf\x1d\xf6nT\x94\xdb\xc6\x95\xe7F\x1dw\xccm5\
w\xda\xcb-\x7f\xe7&\xaewsn\xc4\xdb\xbd-:\
p\xfb\xca\x0e\xdd\x0bB?\xaem\xf8\xeb\xb2\xdc\x90\xf0\
\x9a\xb1\x17x-\xaa\x88N\xdd\xbe\x16\x9e\xd99%\xd0\
\xd7\xf1\xe1\xa2\x8c-\x8bK\xf5\xb23w\xf2\xe1\x05\xcc\
vm\xd60\xffdP\xbeC\xf7\xb8\xb4\xbd\x92\xe1\xe5\
\xc2]~\xf3\xb0\xb2\xeb\xcd[\xc8\xeb\xd3\xf4\xe4\xe2)\
y+\xb6\x7f\xae[:i\x85\xa8\xb1\xc5\x9c\xf6\x88\x90\
\xd7\xf1N\xd4\xa2\xea\xe2y\xa2\x0b~\x19\xeb^\x8d\x17\
%$\xf5\xb2\xf1\x1e\xc2O\xee\x19u{\xfc\xec\xdc|\
\xbf\xb8nc;\xa5\xe4\xe7\xce\xdd\x12\xdb\xa22\xe2\xb9\
\xfa\x9d\xd9qs\xbf\xbf_l\x99\x95\xd59D\xe8\x5c\
\x8f'{}b\xc4\x8b\x0d\xf5\xd7-\xc9\xe7E-\xdc\
\x96\xe5R\x8f\x17\x95\xf1\xb4\xc1\xb0 \x81\xe8f\x93\xb0\
5Y\xe3-\xaf\xb4\xad\x91\xf5\xa2)/\xe0h\xf5\xb7\
\xd9}jm\xe1\x05\x8d<\xed\xd4\xab\xcf\xdeg\x15~\
;\xe6Rf'_\xda\xf9\xc8#\xdeX\xf3F\xcd\xe2\
z\x8d\x1d8\xe6\xd8\xe2\xf0\xa3\xfc\x96\xbe\x88\xa7\xc0\xed\
J\xec\xd0\xd8\xc5\x1d}\xe2\x87\xde^r\x10\xffc\xba\
\xc5\xeegM\x22\xb1\xf7o\xde\xd9\xc8\xf2\x11W&\xd7\
\xff\xdc0\xbc\xdf_\xfc\x1ac\xea\xcc>\xfc\xa2\xc6\x8b\
\xb5H\xfc\xec\x8fH\xf0\xc4\x9f\xc7\xf8?\x0c\xb0\x9d\x1c\
~\xa6\x9dk\xdcb\x9b\x09\xd5\xebt\xe3[5\x8a\xe9\
\xbdup\x0f~D\x8b\x93\x91\x89f\xf6\x93\xcc\xff\x0c\
\xbe0\xda\xe7\xfaid\x93cP\xd2\xeaP\xef\xf2w\
\x12\xa7#\xde7\x91v\x88w\xf9\xedf^7\x07~\
\x8flr\x14\xb9~\x9a+s\xf1\xd9\xde\xc2\x17\xf9\xfb\
\x99\xdb\xa7*i\xbf\xceZ\x11[:\xb9\xef\xa5{;\
/\x05\xa5\x8e\xbd\xb81\xcbv\xe0$\x99<\xafW\xe7\
\xb4\x9e\x89f\xd7w\xee\xff\xbd]\xaa\x87\xa0\xe1\xc0\x9f\
\x0e^6\xf3\x9f\xfdA>\xc1zU\xd5\x94\xd3\xbf\x97\
\xaak\xbd.\xc6\xabS\xfb\xdf\xdb!\xcd\xbe\x1ei\xde\
\xee[\x9b\x1e\xee\xe9\xb5$C\xc3=\x92N\x7f\xde\x16\
c\xb6VP\x9a\x9701 \xbb\xe1\x88\xcf\xdfr\x92\
\x9b\xf6\xaf\xf3\xf3\x80\x1d\x7f\xee\xab\x92X\xfft\xbe8\
 i\xcd\xb7EK2&\x9eX\xb0\xef~\xa0\xa4\xc1\
\x10\xb3\x9a?\xa3\xcd\xa7f\xed\xa9>\x84\x9f\xd8x\xd4\
\xea[\xf3\xff\x97/v\x08\x7fl?\xe0\xc4^\xd9\x83\
\xfc\x96Q{\xec\x12.\xbdJ\xbf\x90=\xed\xcc\xc7\x9d\
xy\x0d\xbf\xb6\xff\xa5\xe1\xcf=\x17\xd7\xae\x13\xf5\xac\
\xfa\x8aER\xdb\x15\xf7\x96U<\xfc^~o\xcc\x95\
f\x0d]?T\xef\xc6\x97\x1e\xde6\xb5\xf4\xcc\x84\xe1\
e\xf6|Zq\xd7%\xbdzV\xfd|y\xde\x88\xd4\
fG\x5c3\xab\x0fq\xdb\xf8\xb1\x89h\xe3\x92V\xee\
7\xdbH\x1648\x8d.8\x17q\xf1\xe6\xa1\xa7\xf2\
\xbc\xd7\x97-\xd6t}\x96_K\x8cM4\xba\xc7\xf7\
\x9d\x9cW\xf3\x85\xe4\xd2\xbc\xe3[\x8e\xa5.\x17\x09\xfa\
\xa7|\x0c\xab\x11q1/,\xf4\xe3\xacu\xa8\xfb\x98\
A~\xff\xbc\xcb+s\xb5\x7f\x8f\x9ci\x16\xd6\xf7\x03\
f\x0e\xd9\xd3=4\xff|\xb3q\xd22\xf1\xf3.$\
\xcd\xb8\x18!Z#N\xe1\xa7\xf4\x95l{;z\xec\
\xe6E\x9d\xdf\xdaN/\x08,%\xaf%\xf5\xba{\xad\
Y\xec\xe1\x87\xef\x02\xbeXo\xec!\xady\xacT\xe3\
\xbf\xba\xf2\x02\xc2\x90\xf4\x8d\xfd\xad\x8f\xb8\xc9\x1a\xff\xf1\
\x1e\xb5\xb3\xca\xed\x90\xf6aS\xf9^\x0d\xfb\x7f,w\
\xcbE\x92\xde+\x80\x17<c\xa6\xbb\xcc)\xbc\xe5\xa7\
\xccq\xe13\xb3m\xc5e%\xce+.\xb5\xae\xd3\xa5\
\x9et\xff\x8a\x9e\xd7\xdb>\xff\xbd=rTt\xa2\xc1\
\x80\xc1\x0b+^\xa8Z\xed\x0cZ&Ih\x9b\xfb\xe1\
k\xca8;i\x0c/&f\xa4\xc5\xd1R\xcb\xdd\xfe\
\xb8\x86\xccHz\x1e\xe9\x1aj\xe1$n]f\xe4\xac\
\x1b\x13\xde\xaeD\xa7Z\xcb\xe6\x9e\x5cj-\xbe\x10\xbb\
R\x10+\xf8)\xdcWzO`\x19+\x10\xc7\x8bR\
\xd6LJ\xfd\xb5\x86\xc3\xfb3\x0f\xee\x04D\x96YU\
a\xc2\xf1\xfdKxA\x9en7c[<1\x97v\
>\xfeuX\xe7,\x8fC\xe3\x9b\x1du\xaf\xfee\x80\
e\x81\x9dy\x8a\xec\xa8yD\x9f}\x83\xc7\x8ciP\
\xe3A\xad\x99v\x88\xc5\x09s\xab\xa7m\x13\x877=\
y\xfed\xf3\xe5\x97C\x06X\xca\x05=>\xe7\x95\x89\
t\xe8}\xb1\xd6\xee\x88\x9fy\xf2\x8a\x91cbG\x89\
\xdb\xce\xf8\xea\xd0R`\xbe\x03Y\xeb\xf4t\xf0\x00\xd1\
\xa9G\x9e[\xdf\x1c\x0d\x18RNfc\x13=o\xb8\
\xcb\xdd\x97\xe7\xf77\xb4\xba\x1a\xb1\xc6#1\x10I{\
h\xe9u{\xf3\xf6\xeb\x0bb\xff\x19|\xf4\xc1\xdb^\
}\xa2\xec~)w \xe2yO\xe7O[N\x22Y\
}\xa2\x0e\x1d\x91%>\xab\x1c\x9b\xcd\xf3\xfb=\x0ci\
\x16\x1d[\xaa\xd7\x86+\x0d.g\xd8\xc7-\xb5\xa8\xd9\
\xec\xc1\xa2\xae\xc7j\xc5-\xb1}=\x0b\xebo\xcaJ\
f\x0a\xf7\x1d\x9c\x9d7\xbb\xaaM\xf4\xa5\x0e\x0d\xac\x17\
\x0e\x1csdo\x8e\xf5\xc9\xc3\xfd\x93\xcc$_{G\
\xbf|\xbar\x9a\xe3\x9aC\x9f|\x9d\xe5\xcb\x12\xeaY\
GYG\xec\xeax7\xeaT\xd9\x1aSf\x8d\x1d\xe5\
8x\xfd\xaf\xbd\xcf\xdf>V\xfe\x00V\xcb/\xe5\xb0\
\x1c\xee5\x1a\xddv\xb3g't\xe4\xe93y\xa8\xfd\
\xf0\xb6^\x9e)\x17g\x8b\x17l\x1dp\xdf\xf7\xc0\xaa\
E\xbd\xfa\xccLz\xf9\xce,\x13m\xb9\xd6L\x12Q\
.hk\xe8\xac\x1c\xb4b$_\xda\xa4\xb4\xd7M\x97\
\xce\xb9\xa8\xfd\xb8\xae\xd7s\x92\xbaw\xf7>\x90\x1c\xda\
\xeb\xaa\x99[u^\xfb\xc1\xa1\xd5[\x0f\x19\x9f\x90\xb4\
\xca\xba\xd6\xcb#\x92\xe1\x9d\xfc\x83\x86\xd4\xfd\xa9\xd7\xee\
V\x0eMx\x013W\x1dL\xf4\xf0:\xb0*\x14\xbb\
\x9f\x9e\x18r\xd5&\xe81\x12w\xaeuu\xb4b\xc1\
\x9f\xb1\xb7K\xd9\x97\xad1\xea\x9b0\xceQt\x9c\xe7\
\xddr\xde/\x05-\xe5\x8a\x04g6\xc7\xa3K_>\
\xdd\x98\xc9?\xea$\xef\x1b\xb7\xf6\xf1\xf9A\x95v\x8e\
\xb0\x16W\x1d\x19\xdd7j\xee\xc5\x99\xa7\x92\xe7~\x0b\
\xfe\xe2\xec\x12\xb4\xac}\x95e\xc7|V\x8c\xbf\x8d}\
\xac\x8fX\x87\xd7\xcb\xae]}\xd9\x8e\x90\x1a\x957\xf7\
\xcf\xaf\xd8\xc1\x1c\xc9\x16\xfd\xbee^\xf4\x91\xe0\xb1\x8b\
\xbb4\x99\xe4s\xa4\x9b5\x22\xc9kU\xe1\x93\xf3\xa5\
\xeb\xf5]mCZuD\xc2\xe6M\xb4\x0eX\xf9\xd6\
\xcd\xed\xd2\xd9\x9f\xe7\x1f\xab\xbb\xffJLp\x1f\xdeU\
$\xddW:[\xd8\xaa^\xc3\x05\xe7\x82\x0e\xdc\xdf\x1f\
\xe2(\xfa\xf3\xcd\x13\x8b'\xed\xb3\xae,\xf0\xc9\xae\xec\
*\x08\xd9[\xb0\xf4\x08\x1f9\xf1\xc1!\xeaY\xcb\xb8\
\xf6\xeb\xaa|\xda\x9a|\x1b\xcb\xbb\xeb\x0ea\x90O\xdc\
\xf31\x81\x93\xf9i\xc1\xf9\xaf\x12\xe6\xd5\xbf\xd3\xdf1\
s\xd2:\xecc\xb2\xb5\xa0\xe0\x8dw\x87\xc3\x7f\x04\x5c\
{Y\xc6o2\x1f\x91\xf9d\xf1\xe6\xfa,;\xf9\xe1\
\xd5R\xa4\x95\x8f\x83/\x12W:t\x1d\xb2le\x90\
\xf7<\xdfE\xb1\xb7\xad%\xf7.Jz\xcc\x0d\xf6\xde\
\xf0\xbfA^\xab\xb1\xdbJ\xf5]z\x1d\x8fp]\x10\
;\xa4K\x15\xd1\x00\xfeTG\xcf\xd9\xc1\xd5\xa6&\x95\
\x09\xae<\x99\xdf+^\xf6j\xc1\xd6\xf8\xfa\x16]\xaa\
 \x0e!\xc1\xd6A[S'\x04#?\x97\x9b\x1dl\
s\xe9a\xf4[A\xf2\xe2xA\xe8\xd4u\x17\x149\
\x85[$/\x95\x95i\xd5\xe5XP\xc6\xf0\xa1\x95C\
\x91\x7fJ\xfbU\xef\xb2\x1e\x89\xfb\xadG\xd0\xf1\xc7\x22\
\xaf\x99\xe6H\xd9!\xcd\xe3\xcc\x0e$FO\x0cF^\
\xc5\xae\xd9!l\xe1s`\xcd\x90:\x05+Z\xf2/\
f\xb4\x9a\xdbjJ\xac]\xad\xa8\x9f}\xb0f\x99\x7f\
\xdb\xb2\xa2\xe3\xfd\xb2\xf5^\xe7V\xee\x80\xfc#\xb9p\
mB@Y\xef\xb8\xbe\xbc\xb0\xe6\x0fxA\x17\xb7\xf0\
\x91iK2\xde\xf8y\x97\x8ftJ\x8e\xcb\xf5\xf2\xda\
`\xb6\xf4\xeb\xb7\x11\xdeq\xa7b\xbb\xf3.\xbdX\x86\
\x88\xc3\xe6Wp\xad6\xc6\x7f\xd1\xe1\xac\x1a>\x1d\x91\
_{%Nj\x7fsNl\x0f\xdf\x8eH\xe9\xa65\
\xba=\xa8\xf5-5h\xd7\x81`$\xacr\xd4.\x99\
\xfd\xc8-\xfd\xf3\xfey\xfaV\xb8\xda\x07i\xbb\xbab\
w\xf3\xe0\x87C\xee\x1f9\x18\x82\xec\xe4o}q\xe0\
Dn\xcb6\xd6\xe2\xba\xb6\xe5ZL5\xdb\xdat\xfb\
\xfe\x86\xeb\xee\xdc\xf1\xac\x17\x8a\x84\x0dkR\xaa\x5c\xd8\
\xcc&\xde\xeb\xcb\x9d\x7f0\xa9G\xcf\x98\x8b5x\xdd\
\x16\x0a09\xb5\xd8\xba\xbd\xea\xee\x9a\xc3\xab\x9e\xc0\x1a\
\xce\xc5\x10\x89\xcbm\x97\xa5/\xff:\xff@\xea\xf3|\
j\xd6\x1c;\xa7\xa0su%\xc1og\xdb\xf7\xde\x5c\
\xa9\x97\xc7?=\xe2\xad7.\xab*\x14\x5c\xe8\xea\xf9\
\xe7\xc5\xb9\x8b\x9f-\x1c\xfcbZ\xd6\x9c\xf6N\xc8\xd5\
\x9f\x07\xde\x12\x87:\xcf\xf6\xf3.\x15\xe9\x1eq\xf0\xd6\
\xd2q\xd2\x96\xe7\xad\x91\x97k\x93#\xc4\x11\xe76x\
\xff\xbc\xe6V\x8f\x89\xa5\xa3/6\xe1\x89O\xf6\x99]\
{\x93\x8f\xd7\xb7\xe3\x7ft\xdd\xf3\xb2\x82\xfc\xba\xc8\xac\
\xd3\xf8r\xbe\xbcK]\xcb\xca\x17\xb9\xef\x1b\xd5\x8a\x9f\
8\xe4\xe63q\xf3\xfam\x83>\xd7\xfd\xfd\xf0\xa5\xfe\
R\x7f\xac\xb2\xa5B\x90:\x99\xbfU\x10\xac\xaf\xfc\xa5\
O\x8d\x9b\xd6_\x1e\x0c\xea:\xcb\xd3}9\x12\xfed\
\xde:~\xff\xf3Sz^\x1a\xbb\xf8\xf0\xa1'\xf5\xa5\
n\xe2\xccg\xdd\xb6t\xb0\x89\x16\xad\xd8!\x0c\xef\xf6\
\xc2::\xea\xe1Q\xde^\xfe\x00\xf30\xfe>\xfe\x9a\
\xae\x9e\x1b&\xfd\xcf\xb9a\xea\xbe\xb8\x9e3{n\xa9\
\x86\xac\x9c\xf8\xbf\xe1\xfb\xabI\xca\xd6\xa8\xd4q{\xb3\
\x86#\xf7\x84\xec^\xd4\xb4\xa5-\x96\xf5Z<\xeb\x0d\
f\x05\xe5\xa6\xb9\xfa\xf2?\xed\xb2\x93\x0f\xdf\xdf\xf0n\
D\x9f\x0e\xa5\xa3G\x84\xbbm\xdcy\xd3W\x947/\
\xbc\x5c\x9a\xa5b\x9d(/j\xc6\x16\xa7\x8d\xd3\xea&\
\x96j/\x18\xbe\xbf\x8a\xac=\xe2\xf6\x18\x1d\xfd\xabd\
\xa5\xfb\x06\xa4\xddL\xc73\xad%\xe3bc,\x1a\xf2\
f\x88J\x9d\xdb\x10!\x1a*\x9e#~|\xfbB\xad\
K\x8f\xce=@\xc4U\xc45G7y\xd3\xee\xd3+\
\xdfj\x1e\xd3\x8e\xf8JC\xf7\x84 \xbe9\xa5\xaa-\
;c']\x90!\xa8QuyJN\xbfC\x8f\x92\
\xafl\x8f}%r9\x97\x92\x89\xac\xdc5\xe0\xf6\x91\
\x8dS\x0f\xd7\xe2%\xe7\xfa\x08^\x7f\xb1\xa8=\xa8\xf7\
\xa2\x96\x89_N\x0dj\xb1\x1e=!F\xb3\xf3\x964\
\xb4<\xb5\xeb\x8e\xb5\xf8\xf0Y\xff\xaf\xa5\xb3\xb2#7\
T\xed\xdf2\xber\xda\xb7\xccv\xa2\xdamf\x87\xdb\
\x9eh\x7f\xeaB\xc0\xa93\xaf]\xe6<J\xf8\xe2\xb9\
\xcaQ\x9c\xb1\xf8\xc0\xa1\xc9\x96]\xcf\xe5\xb4k\xda\x08\
\xe5\xedID\x1d?|\xfd4'S*\xdd\xd2\x98\xb7\
W\xe0\xc9k\x1c{\xa7et^\x03\xc9;q\xc7\xe6\
/^vy-\xbf\xb0\xc9&<\xe0\x82H`w\xb4\
\xfa\x8d7\x19\x11\x87;]\xf2\x5c\x87\x06\xd5ow\xca\
\xea\xd5G^\xda\x90\xcd\x82\xb4\xe7\x9b\xf7\x88Oe|\
\xb9\x12k\x9b\xb65n\xfc\xda>\x0b\x8e\xe7\xde\xde\xf2\
\xc53\xdeQ\xbc\xb4Z\xa9\xf1v\xd3\x12?\xfb\xde\x1b\
\xdff\xf7\x1d\xa9\xfc\xe67aK\xeb\xf0V+\xfe\x08\
X\xe2\xde\xbfW#\xd4[\x93p\xb3\x0e*\xb4M\x9b\
\xf9\xb1rP\xc4\xaf\xf8\x82qH\xeb\xb0V{[\x84\
\xcf\xfa?BmE!\
"

qt_resource_name = b"\
\x00\x0c\
\x0a\xa4\x1a\x1f\
\x00l\
\x00i\x00s\x00t\x00e\x00n\x00e\x00r\x00.\x00i\x00c\x00o\
\x00\x11\
\x0a\xe5n\x1f\
\x00l\
\x00i\x00s\x00t\x00e\x00n\x00e\x00r\x00_\x00b\x00l\x00u\x00e\x00.\x00i\x00c\x00o\
\
"

qt_resource_struct = b"\
\x00\x00\x00\x00\x00\x02\x00\x00\x00\x02\x00\x00\x00\x01\
\x00\x00\x00\x00\x00\x00\x00\x00\
\x00\x00\x00\x00\x00\x01\x00\x00\x00\x01\x00\x00\x00\x00\
\x00\x00\x01\x98d\xdf\x9ev\
\x00\x00\x00\x1e\x00\x01\x00\x00\x00\x01\x00\x00~\x92\
\x00\x00\x01\x98d\xd8\xcb\xaa\
"

def qInitResources():
    QtCore.qRegisterResourceData(0x03, qt_resource_struct, qt_resource_name, qt_resource_data)

def qCleanupResources():
    QtCore.qUnregisterResourceData(0x03, qt_resource_struct, qt_resource_name, qt_resource_data)

qInitResources()
